calculation_month,snop_month,parent_code,parent_description,qty,source
2025-04,2025-05,702082,PCNO 20ml FT BOT NEW,5.0,tm
2025-04,2025-06,702082,PCNO 20ml FT BOT NEW,6.0,tm
2025-05,2025-06,702082,PCNO 20ml FT BOT NEW,6.0,tm
2025-04,2025-07,702082,PCNO 20ml FT BOT NEW,5.0,tm
2025-05,2025-07,702082,PCNO 20ml FT BOT NEW,5.0,tm
2025-06,2025-07,702082,PCNO 20ml FT BOT NEW,5.0,tm
2025-04,2025-08,702082,PCNO 20ml FT BOT NEW,5.0,tm
2025-05,2025-08,702082,PCNO 20ml FT BOT NEW,5.0,tm
2025-06,2025-08,702082,PCNO 20ml FT BOT NEW,5.0,tm
2025-07,2025-08,702082,PCNO 20ml FT BOT NEW,5.0,tm
2025-04,2025-09,702082,PCNO 20ml FT BOT NEW,5.0,tm
2025-05,2025-09,702082,PCNO 20ml FT BOT NEW,5.0,tm
2025-06,2025-09,702082,PCNO 20ml FT BOT NEW,5.0,tm
2025-07,2025-09,702082,PCNO 20ml FT BOT NEW,5.0,tm
2025-08,2025-09,702082,PCNO 20ml FT BOT NEW,5.0,tm
2025-05,2025-10,702082,PCNO 20ml FT BOT NEW,5.0,tm
2025-06,2025-10,702082,PCNO 20ml FT BOT NEW,5.0,tm
2025-07,2025-10,702082,PCNO 20ml FT BOT NEW,5.0,tm
2025-08,2025-10,702082,PCNO 20ml FT BOT NEW,5.0,tm
2025-09,2025-10,702082,PCNO 20ml FT BOT NEW,5.0,tm
2025-06,2025-11,702082,PCNO 20ml FT BOT NEW,5.0,tm
2025-07,2025-11,702082,PCNO 20ml FT BOT NEW,5.0,tm
2025-08,2025-11,702082,PCNO 20ml FT BOT NEW,5.0,tm
2025-09,2025-11,702082,PCNO 20ml FT BOT NEW,5.0,tm
2025-10,2025-11,702082,PCNO 20ml FT BOT NEW,5.0,tm
2025-07,2025-12,702082,PCNO 20ml FT BOT NEW,5.0,tm
2025-08,2025-12,702082,PCNO 20ml FT BOT NEW,5.0,tm
2025-09,2025-12,702082,PCNO 20ml FT BOT NEW,5.0,tm
2025-10,2025-12,702082,PCNO 20ml FT BOT NEW,5.0,tm
2025-11,2025-12,702082,PCNO 20ml FT BOT NEW,5.0,tm
2025-08,2026-01,702082,PCNO 20ml FT BOT NEW,5.0,tm
2025-09,2026-01,702082,PCNO 20ml FT BOT NEW,5.0,tm
2025-10,2026-01,702082,PCNO 20ml FT BOT NEW,5.0,tm
2025-11,2026-01,702082,PCNO 20ml FT BOT NEW,5.0,tm
2025-12,2026-01,702082,PCNO 20ml FT BOT NEW,5.0,tm
2025-09,2026-02,702082,PCNO 20ml FT BOT NEW,5.0,tm
2025-10,2026-02,702082,PCNO 20ml FT BOT NEW,5.0,tm
2025-11,2026-02,702082,PCNO 20ml FT BOT NEW,5.0,tm
2025-12,2026-02,702082,PCNO 20ml FT BOT NEW,5.0,tm
2026-01,2026-02,702082,PCNO 20ml FT BOT NEW,5.0,tm
2025-10,2026-03,702082,PCNO 20ml FT BOT NEW,5.0,tm
2025-11,2026-03,702082,PCNO 20ml FT BOT NEW,5.0,tm
2025-12,2026-03,702082,PCNO 20ml FT BOT NEW,5.0,tm
2026-01,2026-03,702082,PCNO 20ml FT BOT NEW,5.0,tm
2026-02,2026-03,702082,PCNO 20ml FT BOT NEW,5.0,tm
2025-11,2026-04,702082,PCNO 20ml FT BOT NEW,5.0,tm
2025-12,2026-04,702082,PCNO 20ml FT BOT NEW,5.0,tm
2026-01,2026-04,702082,PCNO 20ml FT BOT NEW,5.5,tm
2026-02,2026-04,702082,PCNO 20ml FT BOT NEW,5.5,tm
2026-03,2026-04,702082,PCNO 20ml FT BOT NEW,3.912694,ml
2026-03,2026-04,702082,PCNO 20ml FT BOT NEW,5.0,tm
2025-12,2026-05,702082,PCNO 20ml FT BOT NEW,6.0,tm
2026-01,2026-05,702082,PCNO 20ml FT BOT NEW,6.0,tm
2026-02,2026-05,702082,PCNO 20ml FT BOT NEW,6.0,tm
2026-03,2026-05,702082,PCNO 20ml FT BOT NEW,3.912694,ml
2026-03,2026-05,702082,PCNO 20ml FT BOT NEW,5.0,tm
2026-04,2026-05,702082,PCNO 20ml FT BOT NEW,3.513943333,ml
2026-04,2026-05,702082,PCNO 20ml FT BOT NEW,6.0,tm
2026-01,2026-06,702082,PCNO 20ml FT BOT NEW,8.5,tm
2026-02,2026-06,702082,PCNO 20ml FT BOT NEW,8.5,tm
2026-03,2026-06,702082,PCNO 20ml FT BOT NEW,3.912694,ml
2026-03,2026-06,702082,PCNO 20ml FT BOT NEW,7.0,tm
2026-04,2026-06,702082,PCNO 20ml FT BOT NEW,3.513943333,ml
2026-04,2026-06,702082,PCNO 20ml FT BOT NEW,6.0,tm
2026-05,2026-06,702082,PCNO 20ml FT BOT NEW,3.513251333,ml
2026-05,2026-06,702082,PCNO 20ml FT BOT NEW,6.0,tm
2026-02,2026-07,702082,PCNO 20ml FT BOT NEW,6.0,tm
2026-03,2026-07,702082,PCNO 20ml FT BOT NEW,3.912694,ml
2026-03,2026-07,702082,PCNO 20ml FT BOT NEW,5.0,tm
2026-04,2026-07,702082,PCNO 20ml FT BOT NEW,3.513943333,ml
2026-04,2026-07,702082,PCNO 20ml FT BOT NEW,5.0,tm
2026-05,2026-07,702082,PCNO 20ml FT BOT NEW,3.513251333,ml
2026-05,2026-07,702082,PCNO 20ml FT BOT NEW,5.5,tm
2026-06,2026-07,702082,PCNO 20ml FT BOT NEW,3.843717333,ml
2026-06,2026-07,702082,PCNO 20ml FT BOT NEW,5.5,tm
2026-03,2026-08,702082,PCNO 20ml FT BOT NEW,3.912694,ml
2026-03,2026-08,702082,PCNO 20ml FT BOT NEW,5.0,tm
2026-04,2026-08,702082,PCNO 20ml FT BOT NEW,3.513943333,ml
2026-04,2026-08,702082,PCNO 20ml FT BOT NEW,5.0,tm
2026-05,2026-08,702082,PCNO 20ml FT BOT NEW,3.513251333,ml
2026-05,2026-08,702082,PCNO 20ml FT BOT NEW,6.0,tm
2026-06,2026-08,702082,PCNO 20ml FT BOT NEW,3.843717333,ml
2026-06,2026-08,702082,PCNO 20ml FT BOT NEW,6.0,tm
2026-07,2026-08,702082,PCNO 20ml FT BOT NEW,3.245373353,ml
2026-07,2026-08,702082,PCNO 20ml FT BOT NEW,6.0,tm
2026-04,2026-09,702082,PCNO 20ml FT BOT NEW,3.513943333,ml
2026-04,2026-09,702082,PCNO 20ml FT BOT NEW,8.0,tm
2026-05,2026-09,702082,PCNO 20ml FT BOT NEW,3.513251333,ml
2026-05,2026-09,702082,PCNO 20ml FT BOT NEW,7.5,tm
2026-06,2026-09,702082,PCNO 20ml FT BOT NEW,3.843717333,ml
2026-06,2026-09,702082,PCNO 20ml FT BOT NEW,7.5,tm
2026-07,2026-09,702082,PCNO 20ml FT BOT NEW,3.572119218,ml
2026-07,2026-09,702082,PCNO 20ml FT BOT NEW,7.5,tm
2026-05,2026-10,702082,PCNO 20ml FT BOT NEW,3.513251333,ml
2026-05,2026-10,702082,PCNO 20ml FT BOT NEW,5.5,tm
2026-06,2026-10,702082,PCNO 20ml FT BOT NEW,3.843717333,ml
2026-06,2026-10,702082,PCNO 20ml FT BOT NEW,5.5,tm
2026-07,2026-10,702082,PCNO 20ml FT BOT NEW,7.076034094,ml
2026-07,2026-10,702082,PCNO 20ml FT BOT NEW,5.5,tm
2026-06,2026-11,702082,PCNO 20ml FT BOT NEW,3.843717333,ml
2026-06,2026-11,702082,PCNO 20ml FT BOT NEW,6.0,tm
2026-07,2026-11,702082,PCNO 20ml FT BOT NEW,7.320800141,ml
2026-07,2026-11,702082,PCNO 20ml FT BOT NEW,6.0,tm
2026-07,2026-12,702082,PCNO 20ml FT BOT NEW,7.441367435,ml
2026-07,2026-12,702082,PCNO 20ml FT BOT NEW,7.5,tm
2025-04,2025-05,703584,PCNO ADV 300ml FT,0.000549667,ml
2025-04,2025-05,703584,PCNO ADV 300ml FT,2.992055925,tm
2025-04,2025-06,703584,PCNO ADV 300ml FT,0.000549667,ml
2025-04,2025-06,703584,PCNO ADV 300ml FT,1.496027962,tm
2025-05,2025-06,703584,PCNO ADV 300ml FT,0.0,ml
2025-05,2025-06,703584,PCNO ADV 300ml FT,1.496027962,tm
2025-04,2025-07,703584,PCNO ADV 300ml FT,0.000549667,ml
2025-04,2025-07,703584,PCNO ADV 300ml FT,1.496027962,tm
2025-05,2025-07,703584,PCNO ADV 300ml FT,0.0,ml
2025-05,2025-07,703584,PCNO ADV 300ml FT,1.496027962,tm
2025-06,2025-07,703584,PCNO ADV 300ml FT,0.0,ml
2025-06,2025-07,703584,PCNO ADV 300ml FT,1.496027962,tm
2025-04,2025-08,703584,PCNO ADV 300ml FT,0.000549667,ml
2025-04,2025-08,703584,PCNO ADV 300ml FT,1.496027962,tm
2025-05,2025-08,703584,PCNO ADV 300ml FT,0.0,ml
2025-05,2025-08,703584,PCNO ADV 300ml FT,1.496027962,tm
2025-06,2025-08,703584,PCNO ADV 300ml FT,0.0,ml
2025-06,2025-08,703584,PCNO ADV 300ml FT,1.496027962,tm
2025-07,2025-08,703584,PCNO ADV 300ml FT,0.0,ml
2025-07,2025-08,703584,PCNO ADV 300ml FT,1.496027962,tm
2025-04,2025-09,703584,PCNO ADV 300ml FT,0.000549667,ml
2025-04,2025-09,703584,PCNO ADV 300ml FT,2.244041943,tm
2025-05,2025-09,703584,PCNO ADV 300ml FT,0.0,ml
2025-05,2025-09,703584,PCNO ADV 300ml FT,2.244041943,tm
2025-06,2025-09,703584,PCNO ADV 300ml FT,0.0,ml
2025-06,2025-09,703584,PCNO ADV 300ml FT,2.244041943,tm
2025-07,2025-09,703584,PCNO ADV 300ml FT,0.0,ml
2025-07,2025-09,703584,PCNO ADV 300ml FT,2.244041943,tm
2025-08,2025-09,703584,PCNO ADV 300ml FT,0.0,ml
2025-08,2025-09,703584,PCNO ADV 300ml FT,2.244041943,tm
2025-05,2025-10,703584,PCNO ADV 300ml FT,0.0,ml
2025-05,2025-10,703584,PCNO ADV 300ml FT,2.244041943,tm
2025-06,2025-10,703584,PCNO ADV 300ml FT,0.0,ml
2025-06,2025-10,703584,PCNO ADV 300ml FT,2.244041943,tm
2025-07,2025-10,703584,PCNO ADV 300ml FT,0.0,ml
2025-07,2025-10,703584,PCNO ADV 300ml FT,2.244041943,tm
2025-08,2025-10,703584,PCNO ADV 300ml FT,0.0,ml
2025-08,2025-10,703584,PCNO ADV 300ml FT,2.244041943,tm
2025-09,2025-10,703584,PCNO ADV 300ml FT,0.0,ml
2025-09,2025-10,703584,PCNO ADV 300ml FT,2.244041943,tm
2025-06,2025-11,703584,PCNO ADV 300ml FT,0.0,ml
2025-06,2025-11,703584,PCNO ADV 300ml FT,1.496027962,tm
2025-07,2025-11,703584,PCNO ADV 300ml FT,0.0,ml
2025-07,2025-11,703584,PCNO ADV 300ml FT,1.496027962,tm
2025-08,2025-11,703584,PCNO ADV 300ml FT,0.0,ml
2025-08,2025-11,703584,PCNO ADV 300ml FT,1.496027962,tm
2025-09,2025-11,703584,PCNO ADV 300ml FT,0.0,ml
2025-09,2025-11,703584,PCNO ADV 300ml FT,2.2,tm
2025-10,2025-11,703584,PCNO ADV 300ml FT,0.0,ml
2025-10,2025-11,703584,PCNO ADV 300ml FT,2.2,tm
2025-07,2025-12,703584,PCNO ADV 300ml FT,0.0,ml
2025-07,2025-12,703584,PCNO ADV 300ml FT,1.496027962,tm
2025-08,2025-12,703584,PCNO ADV 300ml FT,0.0,ml
2025-08,2025-12,703584,PCNO ADV 300ml FT,1.496027962,tm
2025-09,2025-12,703584,PCNO ADV 300ml FT,0.0,ml
2025-09,2025-12,703584,PCNO ADV 300ml FT,2.2,tm
2025-10,2025-12,703584,PCNO ADV 300ml FT,0.0,ml
2025-10,2025-12,703584,PCNO ADV 300ml FT,2.2,tm
2025-11,2025-12,703584,PCNO ADV 300ml FT,0.000274667,ml
2025-11,2025-12,703584,PCNO ADV 300ml FT,2.2,tm
2025-08,2026-01,703584,PCNO ADV 300ml FT,0.0,ml
2025-08,2026-01,703584,PCNO ADV 300ml FT,1.496027962,tm
2025-09,2026-01,703584,PCNO ADV 300ml FT,0.0,ml
2025-09,2026-01,703584,PCNO ADV 300ml FT,1.496027962,tm
2025-10,2026-01,703584,PCNO ADV 300ml FT,0.0,ml
2025-10,2026-01,703584,PCNO ADV 300ml FT,1.496027962,tm
2025-11,2026-01,703584,PCNO ADV 300ml FT,0.000274667,ml
2025-11,2026-01,703584,PCNO ADV 300ml FT,1.496027962,tm
2025-12,2026-01,703584,PCNO ADV 300ml FT,0.000274667,ml
2025-12,2026-01,703584,PCNO ADV 300ml FT,1.496027962,tm
2025-09,2026-02,703584,PCNO ADV 300ml FT,0.0,ml
2025-09,2026-02,703584,PCNO ADV 300ml FT,1.496027962,tm
2025-10,2026-02,703584,PCNO ADV 300ml FT,0.0,ml
2025-10,2026-02,703584,PCNO ADV 300ml FT,1.496027962,tm
2025-11,2026-02,703584,PCNO ADV 300ml FT,0.000274667,ml
2025-11,2026-02,703584,PCNO ADV 300ml FT,1.496027962,tm
2025-12,2026-02,703584,PCNO ADV 300ml FT,0.000274667,ml
2025-12,2026-02,703584,PCNO ADV 300ml FT,1.496027962,tm
2026-01,2026-02,703584,PCNO ADV 300ml FT,1.496027962,tm
2025-10,2026-03,703584,PCNO ADV 300ml FT,0.0,ml
2025-10,2026-03,703584,PCNO ADV 300ml FT,1.496027962,tm
2025-11,2026-03,703584,PCNO ADV 300ml FT,0.000274667,ml
2025-11,2026-03,703584,PCNO ADV 300ml FT,2.244041943,tm
2025-12,2026-03,703584,PCNO ADV 300ml FT,0.000274667,ml
2025-12,2026-03,703584,PCNO ADV 300ml FT,2.244041943,tm
2026-01,2026-03,703584,PCNO ADV 300ml FT,2.244041943,tm
2026-02,2026-03,703584,PCNO ADV 300ml FT,0.0,ml
2026-02,2026-03,703584,PCNO ADV 300ml FT,2.244041943,tm
2025-11,2026-04,703584,PCNO ADV 300ml FT,0.000274667,ml
2025-11,2026-04,703584,PCNO ADV 300ml FT,2.0,tm
2025-12,2026-04,703584,PCNO ADV 300ml FT,0.000274667,ml
2025-12,2026-04,703584,PCNO ADV 300ml FT,2.3,tm
2026-01,2026-04,703584,PCNO ADV 300ml FT,2.8,tm
2026-02,2026-04,703584,PCNO ADV 300ml FT,0.0,ml
2026-02,2026-04,703584,PCNO ADV 300ml FT,2.3,tm
2026-03,2026-04,703584,PCNO ADV 300ml FT,0.0,ml
2026-03,2026-04,703584,PCNO ADV 300ml FT,2.3,tm
2025-12,2026-05,703584,PCNO ADV 300ml FT,0.000274667,ml
2025-12,2026-05,703584,PCNO ADV 300ml FT,3.0,tm
2026-01,2026-05,703584,PCNO ADV 300ml FT,3.6,tm
2026-02,2026-05,703584,PCNO ADV 300ml FT,0.0,ml
2026-02,2026-05,703584,PCNO ADV 300ml FT,4.5,tm
2026-03,2026-05,703584,PCNO ADV 300ml FT,0.0,ml
2026-03,2026-05,703584,PCNO ADV 300ml FT,2.95,tm
2026-04,2026-05,703584,PCNO ADV 300ml FT,3.128796021,ml
2026-04,2026-05,703584,PCNO ADV 300ml FT,2.95,tm
2026-01,2026-06,703584,PCNO ADV 300ml FT,2.8,tm
2026-02,2026-06,703584,PCNO ADV 300ml FT,0.0,ml
2026-02,2026-06,703584,PCNO ADV 300ml FT,2.2,tm
2026-03,2026-06,703584,PCNO ADV 300ml FT,0.0,ml
2026-03,2026-06,703584,PCNO ADV 300ml FT,2.2,tm
2026-04,2026-06,703584,PCNO ADV 300ml FT,1.923433183,ml
2026-04,2026-06,703584,PCNO ADV 300ml FT,2.2,tm
2026-05,2026-06,703584,PCNO ADV 300ml FT,0.0,ml
2026-05,2026-06,703584,PCNO ADV 300ml FT,2.2,tm
2026-02,2026-07,703584,PCNO ADV 300ml FT,0.0,ml
2026-02,2026-07,703584,PCNO ADV 300ml FT,2.244041943,tm
2026-03,2026-07,703584,PCNO ADV 300ml FT,0.0,ml
2026-03,2026-07,703584,PCNO ADV 300ml FT,2.2,tm
2026-04,2026-07,703584,PCNO ADV 300ml FT,2.10882608,ml
2026-04,2026-07,703584,PCNO ADV 300ml FT,2.2,tm
2026-05,2026-07,703584,PCNO ADV 300ml FT,0.0,ml
2026-05,2026-07,703584,PCNO ADV 300ml FT,2.2,tm
2026-06,2026-07,703584,PCNO ADV 300ml FT,0.0,ml
2026-06,2026-07,703584,PCNO ADV 300ml FT,2.0,tm
2026-03,2026-08,703584,PCNO ADV 300ml FT,0.0,ml
2026-03,2026-08,703584,PCNO ADV 300ml FT,2.95,tm
2026-04,2026-08,703584,PCNO ADV 300ml FT,1.999259684,ml
2026-04,2026-08,703584,PCNO ADV 300ml FT,2.95,tm
2026-05,2026-08,703584,PCNO ADV 300ml FT,0.0,ml
2026-05,2026-08,703584,PCNO ADV 300ml FT,2.95,tm
2026-06,2026-08,703584,PCNO ADV 300ml FT,0.0,ml
2026-06,2026-08,703584,PCNO ADV 300ml FT,2.8,tm
2026-07,2026-08,703584,PCNO ADV 300ml FT,0.0,ml
2026-07,2026-08,703584,PCNO ADV 300ml FT,2.8,tm
2026-04,2026-09,703584,PCNO ADV 300ml FT,2.581213349,ml
2026-04,2026-09,703584,PCNO ADV 300ml FT,2.2,tm
2026-05,2026-09,703584,PCNO ADV 300ml FT,0.0,ml
2026-05,2026-09,703584,PCNO ADV 300ml FT,2.2,tm
2026-06,2026-09,703584,PCNO ADV 300ml FT,0.0,ml
2026-06,2026-09,703584,PCNO ADV 300ml FT,2.2,tm
2026-07,2026-09,703584,PCNO ADV 300ml FT,0.0,ml
2026-07,2026-09,703584,PCNO ADV 300ml FT,2.2,tm
2026-05,2026-10,703584,PCNO ADV 300ml FT,0.0,ml
2026-05,2026-10,703584,PCNO ADV 300ml FT,2.2,tm
2026-06,2026-10,703584,PCNO ADV 300ml FT,0.0,ml
2026-06,2026-10,703584,PCNO ADV 300ml FT,2.2,tm
2026-07,2026-10,703584,PCNO ADV 300ml FT,0.0,ml
2026-07,2026-10,703584,PCNO ADV 300ml FT,2.2,tm
2026-06,2026-11,703584,PCNO ADV 300ml FT,0.0,ml
2026-06,2026-11,703584,PCNO ADV 300ml FT,2.2,tm
2026-07,2026-11,703584,PCNO ADV 300ml FT,0.0,ml
2026-07,2026-11,703584,PCNO ADV 300ml FT,2.2,tm
2026-07,2026-12,703584,PCNO ADV 300ml FT,0.0,ml
2026-07,2026-12,703584,PCNO ADV 300ml FT,2.2,tm
2025-04,2025-05,706059,PCNO 100ml FT BOT NEW PB,228.1400526,ml
2025-04,2025-05,706059,PCNO 100ml FT BOT NEW PB,190.241342151,tm
2025-04,2025-06,706059,PCNO 100ml FT BOT NEW PB,355.7410081,ml
2025-04,2025-06,706059,PCNO 100ml FT BOT NEW PB,340.241342151,tm
2025-05,2025-06,706059,PCNO 100ml FT BOT NEW PB,320.5585824,ml
2025-05,2025-06,706059,PCNO 100ml FT BOT NEW PB,335.241342151,tm
2025-04,2025-07,706059,PCNO 100ml FT BOT NEW PB,177.9238431,ml
2025-04,2025-07,706059,PCNO 100ml FT BOT NEW PB,220.238948783,tm
2025-05,2025-07,706059,PCNO 100ml FT BOT NEW PB,170.794652,ml
2025-05,2025-07,706059,PCNO 100ml FT BOT NEW PB,220.238948783,tm
2025-06,2025-07,706059,PCNO 100ml FT BOT NEW PB,183.9827228,ml
2025-06,2025-07,706059,PCNO 100ml FT BOT NEW PB,220.239,tm
2025-04,2025-08,706059,PCNO 100ml FT BOT NEW PB,243.8258888,ml
2025-04,2025-08,706059,PCNO 100ml FT BOT NEW PB,360.239444537,tm
2025-05,2025-08,706059,PCNO 100ml FT BOT NEW PB,260.6452507,ml
2025-05,2025-08,706059,PCNO 100ml FT BOT NEW PB,360.239444537,tm
2025-06,2025-08,706059,PCNO 100ml FT BOT NEW PB,282.8282421,ml
2025-06,2025-08,706059,PCNO 100ml FT BOT NEW PB,361.13,tm
2025-07,2025-08,706059,PCNO 100ml FT BOT NEW PB,231.4536159,ml
2025-07,2025-08,706059,PCNO 100ml FT BOT NEW PB,351.1431,tm
2025-04,2025-09,706059,PCNO 100ml FT BOT NEW PB,256.7711746,ml
2025-04,2025-09,706059,PCNO 100ml FT BOT NEW PB,190.695622379,tm
2025-05,2025-09,706059,PCNO 100ml FT BOT NEW PB,238.7117806,ml
2025-05,2025-09,706059,PCNO 100ml FT BOT NEW PB,191.981773698,tm
2025-06,2025-09,706059,PCNO 100ml FT BOT NEW PB,245.2182324,ml
2025-06,2025-09,706059,PCNO 100ml FT BOT NEW PB,192.6518,tm
2025-07,2025-09,706059,PCNO 100ml FT BOT NEW PB,155.8378658,ml
2025-07,2025-09,706059,PCNO 100ml FT BOT NEW PB,282.7459,tm
2025-08,2025-09,706059,PCNO 100ml FT BOT NEW PB,226.1664515,ml
2025-08,2025-09,706059,PCNO 100ml FT BOT NEW PB,292.652,tm
2025-05,2025-10,706059,PCNO 100ml FT BOT NEW PB,256.167001,ml
2025-05,2025-10,706059,PCNO 100ml FT BOT NEW PB,331.981773698,tm
2025-06,2025-10,706059,PCNO 100ml FT BOT NEW PB,258.2849438,ml
2025-06,2025-10,706059,PCNO 100ml FT BOT NEW PB,332.4248,tm
2025-07,2025-10,706059,PCNO 100ml FT BOT NEW PB,219.643511,ml
2025-07,2025-10,706059,PCNO 100ml FT BOT NEW PB,302.4139,tm
2025-08,2025-10,706059,PCNO 100ml FT BOT NEW PB,257.0027746,ml
2025-08,2025-10,706059,PCNO 100ml FT BOT NEW PB,302.426,tm
2025-09,2025-10,706059,PCNO 100ml FT BOT NEW PB,268.1474541,ml
2025-09,2025-10,706059,PCNO 100ml FT BOT NEW PB,273.058,tm
2025-06,2025-11,706059,PCNO 100ml FT BOT NEW PB,161.1682582,ml
2025-06,2025-11,706059,PCNO 100ml FT BOT NEW PB,182.0704,tm
2025-07,2025-11,706059,PCNO 100ml FT BOT NEW PB,158.4970129,ml
2025-07,2025-11,706059,PCNO 100ml FT BOT NEW PB,222.2819,tm
2025-08,2025-11,706059,PCNO 100ml FT BOT NEW PB,136.7025641,ml
2025-08,2025-11,706059,PCNO 100ml FT BOT NEW PB,222.07,tm
2025-09,2025-11,706059,PCNO 100ml FT BOT NEW PB,141.695939,ml
2025-09,2025-11,706059,PCNO 100ml FT BOT NEW PB,202.67,tm
2025-10,2025-11,706059,PCNO 100ml FT BOT NEW PB,139.1454264,ml
2025-10,2025-11,706059,PCNO 100ml FT BOT NEW PB,202.768,tm
2025-07,2025-12,706059,PCNO 100ml FT BOT NEW PB,221.8289854,ml
2025-07,2025-12,706059,PCNO 100ml FT BOT NEW PB,341.46,tm
2025-08,2025-12,706059,PCNO 100ml FT BOT NEW PB,310.0033018,ml
2025-08,2025-12,706059,PCNO 100ml FT BOT NEW PB,341.34,tm
2025-09,2025-12,706059,PCNO 100ml FT BOT NEW PB,310.7938232,ml
2025-09,2025-12,706059,PCNO 100ml FT BOT NEW PB,341.54,tm
2025-10,2025-12,706059,PCNO 100ml FT BOT NEW PB,300.1087075,ml
2025-10,2025-12,706059,PCNO 100ml FT BOT NEW PB,342.0178,tm
2025-11,2025-12,706059,PCNO 100ml FT BOT NEW PB,297.0822268,ml
2025-11,2025-12,706059,PCNO 100ml FT BOT NEW PB,342.351707153,tm
2025-08,2026-01,706059,PCNO 100ml FT BOT NEW PB,146.0116113,ml
2025-08,2026-01,706059,PCNO 100ml FT BOT NEW PB,190.834,tm
2025-09,2026-01,706059,PCNO 100ml FT BOT NEW PB,156.461039,ml
2025-09,2026-01,706059,PCNO 100ml FT BOT NEW PB,190.644,tm
2025-10,2026-01,706059,PCNO 100ml FT BOT NEW PB,173.4591727,ml
2025-10,2026-01,706059,PCNO 100ml FT BOT NEW PB,190.8322,tm
2025-11,2026-01,706059,PCNO 100ml FT BOT NEW PB,155.6399213,ml
2025-11,2026-01,706059,PCNO 100ml FT BOT NEW PB,201.00821335999998,tm
2025-12,2026-01,706059,PCNO 100ml FT BOT NEW PB,147.9836227,ml
2025-12,2026-01,706059,PCNO 100ml FT BOT NEW PB,201.278,tm
2025-09,2026-02,706059,PCNO 100ml FT BOT NEW PB,278.0563305,ml
2025-09,2026-02,706059,PCNO 100ml FT BOT NEW PB,280.0,tm
2025-10,2026-02,706059,PCNO 100ml FT BOT NEW PB,227.2593146,ml
2025-10,2026-02,706059,PCNO 100ml FT BOT NEW PB,280.228,tm
2025-11,2026-02,706059,PCNO 100ml FT BOT NEW PB,250.1026315,ml
2025-11,2026-02,706059,PCNO 100ml FT BOT NEW PB,280.557699655,tm
2025-12,2026-02,706059,PCNO 100ml FT BOT NEW PB,262.4562102,ml
2025-12,2026-02,706059,PCNO 100ml FT BOT NEW PB,280.583844655,tm
2026-01,2026-02,706059,PCNO 100ml FT BOT NEW PB,261.5190667,ml
2026-01,2026-02,706059,PCNO 100ml FT BOT NEW PB,280.557699655,tm
2025-10,2026-03,706059,PCNO 100ml FT BOT NEW PB,235.0284659,ml
2025-10,2026-03,706059,PCNO 100ml FT BOT NEW PB,220.342,tm
2025-11,2026-03,706059,PCNO 100ml FT BOT NEW PB,229.8098649,ml
2025-11,2026-03,706059,PCNO 100ml FT BOT NEW PB,290.478028276,tm
2025-12,2026-03,706059,PCNO 100ml FT BOT NEW PB,192.7331795,ml
2025-12,2026-03,706059,PCNO 100ml FT BOT NEW PB,290.478028276,tm
2026-01,2026-03,706059,PCNO 100ml FT BOT NEW PB,225.198004,ml
2026-01,2026-03,706059,PCNO 100ml FT BOT NEW PB,290.478028276,tm
2026-02,2026-03,706059,PCNO 100ml FT BOT NEW PB,199.1027375,ml
2026-02,2026-03,706059,PCNO 100ml FT BOT NEW PB,320.488288276,tm
2025-11,2026-04,706059,PCNO 100ml FT BOT NEW PB,324.4299825,ml
2025-11,2026-04,706059,PCNO 100ml FT BOT NEW PB,220.171,tm
2025-12,2026-04,706059,PCNO 100ml FT BOT NEW PB,346.9554378,ml
2025-12,2026-04,706059,PCNO 100ml FT BOT NEW PB,260.0,tm
2026-01,2026-04,706059,PCNO 100ml FT BOT NEW PB,306.1913883,ml
2026-01,2026-04,706059,PCNO 100ml FT BOT NEW PB,280.013499719,tm
2026-02,2026-04,706059,PCNO 100ml FT BOT NEW PB,291.287185,ml
2026-02,2026-04,706059,PCNO 100ml FT BOT NEW PB,280.136134595,tm
2026-03,2026-04,706059,PCNO 100ml FT BOT NEW PB,289.0221457,ml
2026-03,2026-04,706059,PCNO 100ml FT BOT NEW PB,220.10794735,tm
2025-12,2026-05,706059,PCNO 100ml FT BOT NEW PB,200.9360354,ml
2025-12,2026-05,706059,PCNO 100ml FT BOT NEW PB,395.0,tm
2026-01,2026-05,706059,PCNO 100ml FT BOT NEW PB,204.2915711,ml
2026-01,2026-05,706059,PCNO 100ml FT BOT NEW PB,400.013499719,tm
2026-02,2026-05,706059,PCNO 100ml FT BOT NEW PB,196.0655005,ml
2026-02,2026-05,706059,PCNO 100ml FT BOT NEW PB,400.131840922,tm
2026-03,2026-05,706059,PCNO 100ml FT BOT NEW PB,175.9403112,ml
2026-03,2026-05,706059,PCNO 100ml FT BOT NEW PB,370.12410495,tm
2026-04,2026-05,706059,PCNO 100ml FT BOT NEW PB,289.1124065,ml
2026-04,2026-05,706059,PCNO 100ml FT BOT NEW PB,360.12262795,tm
2026-01,2026-06,706059,PCNO 100ml FT BOT NEW PB,271.918009,ml
2026-01,2026-06,706059,PCNO 100ml FT BOT NEW PB,300.013499719,tm
2026-02,2026-06,706059,PCNO 100ml FT BOT NEW PB,267.3572546,ml
2026-02,2026-06,706059,PCNO 100ml FT BOT NEW PB,300.147431913,tm
2026-03,2026-06,706059,PCNO 100ml FT BOT NEW PB,264.7255062,ml
2026-03,2026-06,706059,PCNO 100ml FT BOT NEW PB,360.12711455,tm
2026-04,2026-06,706059,PCNO 100ml FT BOT NEW PB,188.7067716,ml
2026-04,2026-06,706059,PCNO 100ml FT BOT NEW PB,230.12696755000002,tm
2026-05,2026-06,706059,PCNO 100ml FT BOT NEW PB,163.5894096,ml
2026-05,2026-06,706059,PCNO 100ml FT BOT NEW PB,225.147992197,tm
2026-02,2026-07,706059,PCNO 100ml FT BOT NEW PB,199.74472,ml
2026-02,2026-07,706059,PCNO 100ml FT BOT NEW PB,260.173330636,tm
2026-03,2026-07,706059,PCNO 100ml FT BOT NEW PB,179.2758435,ml
2026-03,2026-07,706059,PCNO 100ml FT BOT NEW PB,190.14329115,tm
2026-04,2026-07,706059,PCNO 100ml FT BOT NEW PB,196.3393067,ml
2026-04,2026-07,706059,PCNO 100ml FT BOT NEW PB,200.14314415,tm
2026-05,2026-07,706059,PCNO 100ml FT BOT NEW PB,242.2063828,ml
2026-05,2026-07,706059,PCNO 100ml FT BOT NEW PB,275.147992197,tm
2026-06,2026-07,706059,PCNO 100ml FT BOT NEW PB,241.10400189,ml
2026-06,2026-07,706059,PCNO 100ml FT BOT NEW PB,270.147929697,tm
2026-03,2026-08,706059,PCNO 100ml FT BOT NEW PB,281.3168814,ml
2026-03,2026-08,706059,PCNO 100ml FT BOT NEW PB,340.52203049999997,tm
2026-04,2026-08,706059,PCNO 100ml FT BOT NEW PB,343.8011686,ml
2026-04,2026-08,706059,PCNO 100ml FT BOT NEW PB,330.424742366,tm
2026-05,2026-08,706059,PCNO 100ml FT BOT NEW PB,214.7342493,ml
2026-05,2026-08,706059,PCNO 100ml FT BOT NEW PB,225.665,tm
2026-06,2026-08,706059,PCNO 100ml FT BOT NEW PB,190.63768212,ml
2026-06,2026-08,706059,PCNO 100ml FT BOT NEW PB,225.6684875,tm
2026-07,2026-08,706059,PCNO 100ml FT BOT NEW PB,213.25872996,ml
2026-07,2026-08,706059,PCNO 100ml FT BOT NEW PB,290.66735,tm
2026-04,2026-09,706059,PCNO 100ml FT BOT NEW PB,282.9906873,ml
2026-04,2026-09,706059,PCNO 100ml FT BOT NEW PB,312.152483402,tm
2026-05,2026-09,706059,PCNO 100ml FT BOT NEW PB,270.4647038,ml
2026-05,2026-09,706059,PCNO 100ml FT BOT NEW PB,352.150696402,tm
2026-06,2026-09,706059,PCNO 100ml FT BOT NEW PB,226.4201733,ml
2026-06,2026-09,706059,PCNO 100ml FT BOT NEW PB,352.150696402,tm
2026-07,2026-09,706059,PCNO 100ml FT BOT NEW PB,286.929165769,ml
2026-07,2026-09,706059,PCNO 100ml FT BOT NEW PB,352.153046402,tm
2026-05,2026-10,706059,PCNO 100ml FT BOT NEW PB,200.6676626,ml
2026-05,2026-10,706059,PCNO 100ml FT BOT NEW PB,221.790624618,tm
2026-06,2026-10,706059,PCNO 100ml FT BOT NEW PB,159.687612276,ml
2026-06,2026-10,706059,PCNO 100ml FT BOT NEW PB,221.790624618,tm
2026-07,2026-10,706059,PCNO 100ml FT BOT NEW PB,202.750946888,ml
2026-07,2026-10,706059,PCNO 100ml FT BOT NEW PB,221.790624618,tm
2026-06,2026-11,706059,PCNO 100ml FT BOT NEW PB,218.41228008,ml
2026-06,2026-11,706059,PCNO 100ml FT BOT NEW PB,331.790624618,tm
2026-07,2026-11,706059,PCNO 100ml FT BOT NEW PB,239.294176206,ml
2026-07,2026-11,706059,PCNO 100ml FT BOT NEW PB,331.790624618,tm
2026-07,2026-12,706059,PCNO 100ml FT BOT NEW PB,211.019647924,ml
2026-07,2026-12,706059,PCNO 100ml FT BOT NEW PB,221.969541066,tm
2025-04,2025-05,706088,PCNO 200ml FT BOT- (PB),897.7274581,ml
2025-04,2025-05,706088,PCNO 200ml FT BOT- (PB),1000.0,tm
2025-04,2025-06,706088,PCNO 200ml FT BOT- (PB),732.6359853,ml
2025-04,2025-06,706088,PCNO 200ml FT BOT- (PB),790.0,tm
2025-05,2025-06,706088,PCNO 200ml FT BOT- (PB),822.3268376,ml
2025-05,2025-06,706088,PCNO 200ml FT BOT- (PB),790.0,tm
2025-04,2025-07,706088,PCNO 200ml FT BOT- (PB),602.4613122,ml
2025-04,2025-07,706088,PCNO 200ml FT BOT- (PB),660.0,tm
2025-05,2025-07,706088,PCNO 200ml FT BOT- (PB),621.9723911,ml
2025-05,2025-07,706088,PCNO 200ml FT BOT- (PB),700.0,tm
2025-06,2025-07,706088,PCNO 200ml FT BOT- (PB),628.5581177,ml
2025-06,2025-07,706088,PCNO 200ml FT BOT- (PB),750.0,tm
2025-04,2025-08,706088,PCNO 200ml FT BOT- (PB),910.9534237,ml
2025-04,2025-08,706088,PCNO 200ml FT BOT- (PB),875.0,tm
2025-05,2025-08,706088,PCNO 200ml FT BOT- (PB),822.967763,ml
2025-05,2025-08,706088,PCNO 200ml FT BOT- (PB),830.0,tm
2025-06,2025-08,706088,PCNO 200ml FT BOT- (PB),501.9362151,ml
2025-06,2025-08,706088,PCNO 200ml FT BOT- (PB),830.0,tm
2025-07,2025-08,706088,PCNO 200ml FT BOT- (PB),683.9227697,ml
2025-07,2025-08,706088,PCNO 200ml FT BOT- (PB),799.998,tm
2025-04,2025-09,706088,PCNO 200ml FT BOT- (PB),669.3272953,ml
2025-04,2025-09,706088,PCNO 200ml FT BOT- (PB),780.0,tm
2025-05,2025-09,706088,PCNO 200ml FT BOT- (PB),638.7543868,ml
2025-05,2025-09,706088,PCNO 200ml FT BOT- (PB),875.0,tm
2025-06,2025-09,706088,PCNO 200ml FT BOT- (PB),782.7793156,ml
2025-06,2025-09,706088,PCNO 200ml FT BOT- (PB),875.0,tm
2025-07,2025-09,706088,PCNO 200ml FT BOT- (PB),746.4738715,ml
2025-07,2025-09,706088,PCNO 200ml FT BOT- (PB),920.0,tm
2025-08,2025-09,706088,PCNO 200ml FT BOT- (PB),803.0916326,ml
2025-08,2025-09,706088,PCNO 200ml FT BOT- (PB),947.0,tm
2025-05,2025-10,706088,PCNO 200ml FT BOT- (PB),469.2042932,ml
2025-05,2025-10,706088,PCNO 200ml FT BOT- (PB),575.0,tm
2025-06,2025-10,706088,PCNO 200ml FT BOT- (PB),524.1535405,ml
2025-06,2025-10,706088,PCNO 200ml FT BOT- (PB),575.0,tm
2025-07,2025-10,706088,PCNO 200ml FT BOT- (PB),462.658088,ml
2025-07,2025-10,706088,PCNO 200ml FT BOT- (PB),575.0,tm
2025-08,2025-10,706088,PCNO 200ml FT BOT- (PB),468.8177424,ml
2025-08,2025-10,706088,PCNO 200ml FT BOT- (PB),575.0,tm
2025-09,2025-10,706088,PCNO 200ml FT BOT- (PB),611.1437501,ml
2025-09,2025-10,706088,PCNO 200ml FT BOT- (PB),475.048792,tm
2025-06,2025-11,706088,PCNO 200ml FT BOT- (PB),698.1834324,ml
2025-06,2025-11,706088,PCNO 200ml FT BOT- (PB),775.0,tm
2025-07,2025-11,706088,PCNO 200ml FT BOT- (PB),670.1897902,ml
2025-07,2025-11,706088,PCNO 200ml FT BOT- (PB),750.0,tm
2025-08,2025-11,706088,PCNO 200ml FT BOT- (PB),633.2842634,ml
2025-08,2025-11,706088,PCNO 200ml FT BOT- (PB),750.0,tm
2025-09,2025-11,706088,PCNO 200ml FT BOT- (PB),543.3769935,ml
2025-09,2025-11,706088,PCNO 200ml FT BOT- (PB),675.0536712,tm
2025-10,2025-11,706088,PCNO 200ml FT BOT- (PB),624.6822159,ml
2025-10,2025-11,706088,PCNO 200ml FT BOT- (PB),700.0536712,tm
2025-07,2025-12,706088,PCNO 200ml FT BOT- (PB),667.0377623,ml
2025-07,2025-12,706088,PCNO 200ml FT BOT- (PB),775.0,tm
2025-08,2025-12,706088,PCNO 200ml FT BOT- (PB),758.3672209,ml
2025-08,2025-12,706088,PCNO 200ml FT BOT- (PB),775.0,tm
2025-09,2025-12,706088,PCNO 200ml FT BOT- (PB),764.7860713,ml
2025-09,2025-12,706088,PCNO 200ml FT BOT- (PB),815.04830408,tm
2025-10,2025-12,706088,PCNO 200ml FT BOT- (PB),650.7085125,ml
2025-10,2025-12,706088,PCNO 200ml FT BOT- (PB),815.04830408,tm
2025-11,2025-12,706088,PCNO 200ml FT BOT- (PB),691.0078114,ml
2025-11,2025-12,706088,PCNO 200ml FT BOT- (PB),814.99830408,tm
2025-08,2026-01,706088,PCNO 200ml FT BOT- (PB),588.6034418,ml
2025-08,2026-01,706088,PCNO 200ml FT BOT- (PB),590.0,tm
2025-09,2026-01,706088,PCNO 200ml FT BOT- (PB),481.7422117,ml
2025-09,2026-01,706088,PCNO 200ml FT BOT- (PB),590.028982448,tm
2025-10,2026-01,706088,PCNO 200ml FT BOT- (PB),337.442704,ml
2025-10,2026-01,706088,PCNO 200ml FT BOT- (PB),590.028982448,tm
2025-11,2026-01,706088,PCNO 200ml FT BOT- (PB),411.4350822,ml
2025-11,2026-01,706088,PCNO 200ml FT BOT- (PB),699.998982448,tm
2025-12,2026-01,706088,PCNO 200ml FT BOT- (PB),449.7740291,ml
2025-12,2026-01,706088,PCNO 200ml FT BOT- (PB),699.998982448,tm
2025-09,2026-02,706088,PCNO 200ml FT BOT- (PB),645.5350381,ml
2025-09,2026-02,706088,PCNO 200ml FT BOT- (PB),660.028982448,tm
2025-10,2026-02,706088,PCNO 200ml FT BOT- (PB),566.5569601,ml
2025-10,2026-02,706088,PCNO 200ml FT BOT- (PB),660.028982448,tm
2025-11,2026-02,706088,PCNO 200ml FT BOT- (PB),580.3473555,ml
2025-11,2026-02,706088,PCNO 200ml FT BOT- (PB),709.998982448,tm
2025-12,2026-02,706088,PCNO 200ml FT BOT- (PB),620.310486,ml
2025-12,2026-02,706088,PCNO 200ml FT BOT- (PB),709.998982448,tm
2026-01,2026-02,706088,PCNO 200ml FT BOT- (PB),515.0406275,ml
2026-01,2026-02,706088,PCNO 200ml FT BOT- (PB),709.998982448,tm
2025-10,2026-03,706088,PCNO 200ml FT BOT- (PB),768.9735287,ml
2025-10,2026-03,706088,PCNO 200ml FT BOT- (PB),940.028982448,tm
2025-11,2026-03,706088,PCNO 200ml FT BOT- (PB),764.5155214,ml
2025-11,2026-03,706088,PCNO 200ml FT BOT- (PB),899.998982448,tm
2025-12,2026-03,706088,PCNO 200ml FT BOT- (PB),701.8619898,ml
2025-12,2026-03,706088,PCNO 200ml FT BOT- (PB),899.998982448,tm
2026-01,2026-03,706088,PCNO 200ml FT BOT- (PB),697.3644836,ml
2026-01,2026-03,706088,PCNO 200ml FT BOT- (PB),899.998982448,tm
2026-02,2026-03,706088,PCNO 200ml FT BOT- (PB),902.5577762,ml
2026-02,2026-03,706088,PCNO 200ml FT BOT- (PB),970.0,tm
2025-11,2026-04,706088,PCNO 200ml FT BOT- (PB),686.2228867,ml
2025-11,2026-04,706088,PCNO 200ml FT BOT- (PB),749.998982448,tm
2025-12,2026-04,706088,PCNO 200ml FT BOT- (PB),656.1929385,ml
2025-12,2026-04,706088,PCNO 200ml FT BOT- (PB),719.998982448,tm
2026-01,2026-04,706088,PCNO 200ml FT BOT- (PB),720.1954619,ml
2026-01,2026-04,706088,PCNO 200ml FT BOT- (PB),779.998982448,tm
2026-02,2026-04,706088,PCNO 200ml FT BOT- (PB),696.6469079,ml
2026-02,2026-04,706088,PCNO 200ml FT BOT- (PB),780.0,tm
2026-03,2026-04,706088,PCNO 200ml FT BOT- (PB),630.2328207,ml
2026-03,2026-04,706088,PCNO 200ml FT BOT- (PB),740.0,tm
2025-12,2026-05,706088,PCNO 200ml FT BOT- (PB),786.5457036,ml
2025-12,2026-05,706088,PCNO 200ml FT BOT- (PB),939.998982448,tm
2026-01,2026-05,706088,PCNO 200ml FT BOT- (PB),763.2762823,ml
2026-01,2026-05,706088,PCNO 200ml FT BOT- (PB),999.998982448,tm
2026-02,2026-05,706088,PCNO 200ml FT BOT- (PB),727.6331797,ml
2026-02,2026-05,706088,PCNO 200ml FT BOT- (PB),1000.0,tm
2026-03,2026-05,706088,PCNO 200ml FT BOT- (PB),647.3150822,ml
2026-03,2026-05,706088,PCNO 200ml FT BOT- (PB),940.0,tm
2026-04,2026-05,706088,PCNO 200ml FT BOT- (PB),709.8508625,ml
2026-04,2026-05,706088,PCNO 200ml FT BOT- (PB),940.0,tm
2026-01,2026-06,706088,PCNO 200ml FT BOT- (PB),710.6894348,ml
2026-01,2026-06,706088,PCNO 200ml FT BOT- (PB),849.998982448,tm
2026-02,2026-06,706088,PCNO 200ml FT BOT- (PB),511.9432645,ml
2026-02,2026-06,706088,PCNO 200ml FT BOT- (PB),850.0,tm
2026-03,2026-06,706088,PCNO 200ml FT BOT- (PB),473.7531305,ml
2026-03,2026-06,706088,PCNO 200ml FT BOT- (PB),830.0,tm
2026-04,2026-06,706088,PCNO 200ml FT BOT- (PB),633.8690865,ml
2026-04,2026-06,706088,PCNO 200ml FT BOT- (PB),820.0,tm
2026-05,2026-06,706088,PCNO 200ml FT BOT- (PB),622.1881618,ml
2026-05,2026-06,706088,PCNO 200ml FT BOT- (PB),820.0,tm
2026-02,2026-07,706088,PCNO 200ml FT BOT- (PB),631.7346023,ml
2026-02,2026-07,706088,PCNO 200ml FT BOT- (PB),520.0,tm
2026-03,2026-07,706088,PCNO 200ml FT BOT- (PB),560.3638468,ml
2026-03,2026-07,706088,PCNO 200ml FT BOT- (PB),450.0,tm
2026-04,2026-07,706088,PCNO 200ml FT BOT- (PB),577.487085,ml
2026-04,2026-07,706088,PCNO 200ml FT BOT- (PB),450.0,tm
2026-05,2026-07,706088,PCNO 200ml FT BOT- (PB),529.7712388,ml
2026-05,2026-07,706088,PCNO 200ml FT BOT- (PB),480.0,tm
2026-06,2026-07,706088,PCNO 200ml FT BOT- (PB),585.396495593,ml
2026-06,2026-07,706088,PCNO 200ml FT BOT- (PB),570.0,tm
2026-03,2026-08,706088,PCNO 200ml FT BOT- (PB),568.2214237,ml
2026-03,2026-08,706088,PCNO 200ml FT BOT- (PB),850.0,tm
2026-04,2026-08,706088,PCNO 200ml FT BOT- (PB),790.7864888,ml
2026-04,2026-08,706088,PCNO 200ml FT BOT- (PB),850.0,tm
2026-05,2026-08,706088,PCNO 200ml FT BOT- (PB),603.6923602,ml
2026-05,2026-08,706088,PCNO 200ml FT BOT- (PB),830.0,tm
2026-06,2026-08,706088,PCNO 200ml FT BOT- (PB),722.237987098,ml
2026-06,2026-08,706088,PCNO 200ml FT BOT- (PB),865.0,tm
2026-07,2026-08,706088,PCNO 200ml FT BOT- (PB),704.51555677,ml
2026-07,2026-08,706088,PCNO 200ml FT BOT- (PB),809.309592003,tm
2026-04,2026-09,706088,PCNO 200ml FT BOT- (PB),696.6667635,ml
2026-04,2026-09,706088,PCNO 200ml FT BOT- (PB),730.0,tm
2026-05,2026-09,706088,PCNO 200ml FT BOT- (PB),598.0390628,ml
2026-05,2026-09,706088,PCNO 200ml FT BOT- (PB),700.0,tm
2026-06,2026-09,706088,PCNO 200ml FT BOT- (PB),660.550120399,ml
2026-06,2026-09,706088,PCNO 200ml FT BOT- (PB),730.0,tm
2026-07,2026-09,706088,PCNO 200ml FT BOT- (PB),634.109461518,ml
2026-07,2026-09,706088,PCNO 200ml FT BOT- (PB),728.4308552949999,tm
2026-05,2026-10,706088,PCNO 200ml FT BOT- (PB),522.6781083,ml
2026-05,2026-10,706088,PCNO 200ml FT BOT- (PB),530.0,tm
2026-06,2026-10,706088,PCNO 200ml FT BOT- (PB),526.249371074,ml
2026-06,2026-10,706088,PCNO 200ml FT BOT- (PB),530.0,tm
2026-07,2026-10,706088,PCNO 200ml FT BOT- (PB),538.405689197,ml
2026-07,2026-10,706088,PCNO 200ml FT BOT- (PB),618.491507347,tm
2026-06,2026-11,706088,PCNO 200ml FT BOT- (PB),627.737409271,ml
2026-06,2026-11,706088,PCNO 200ml FT BOT- (PB),750.0,tm
2026-07,2026-11,706088,PCNO 200ml FT BOT- (PB),678.67402373,ml
2026-07,2026-11,706088,PCNO 200ml FT BOT- (PB),779.624228266,tm
2026-07,2026-12,706088,PCNO 200ml FT BOT- (PB),558.13769492,ml
2026-07,2026-12,706088,PCNO 200ml FT BOT- (PB),641.158574593,tm
2025-04,2025-05,706090,PCNO 500ml FT BOT - (PB),239.6021413,ml
2025-04,2025-05,706090,PCNO 500ml FT BOT - (PB),300.8172,tm
2025-04,2025-06,706090,PCNO 500ml FT BOT - (PB),183.1726577,ml
2025-04,2025-06,706090,PCNO 500ml FT BOT - (PB),210.7302,tm
2025-05,2025-06,706090,PCNO 500ml FT BOT - (PB),206.1406673,ml
2025-05,2025-06,706090,PCNO 500ml FT BOT - (PB),210.7302,tm
2025-04,2025-07,706090,PCNO 500ml FT BOT - (PB),178.0687076,ml
2025-04,2025-07,706090,PCNO 500ml FT BOT - (PB),225.7737,tm
2025-05,2025-07,706090,PCNO 500ml FT BOT - (PB),213.9087457,ml
2025-05,2025-07,706090,PCNO 500ml FT BOT - (PB),225.7737,tm
2025-06,2025-07,706090,PCNO 500ml FT BOT - (PB),194.3303479,ml
2025-06,2025-07,706090,PCNO 500ml FT BOT - (PB),225.7737,tm
2025-04,2025-08,706090,PCNO 500ml FT BOT - (PB),165.1551064,ml
2025-04,2025-08,706090,PCNO 500ml FT BOT - (PB),210.741075,tm
2025-05,2025-08,706090,PCNO 500ml FT BOT - (PB),183.8909999,ml
2025-05,2025-08,706090,PCNO 500ml FT BOT - (PB),210.741075,tm
2025-06,2025-08,706090,PCNO 500ml FT BOT - (PB),188.6254689,ml
2025-06,2025-08,706090,PCNO 500ml FT BOT - (PB),210.741075,tm
2025-07,2025-08,706090,PCNO 500ml FT BOT - (PB),186.4034365,ml
2025-07,2025-08,706090,PCNO 500ml FT BOT - (PB),275.741075,tm
2025-04,2025-09,706090,PCNO 500ml FT BOT - (PB),149.8817401,ml
2025-04,2025-09,706090,PCNO 500ml FT BOT - (PB),230.83741475,tm
2025-05,2025-09,706090,PCNO 500ml FT BOT - (PB),201.0736748,ml
2025-05,2025-09,706090,PCNO 500ml FT BOT - (PB),230.83741475,tm
2025-06,2025-09,706090,PCNO 500ml FT BOT - (PB),195.2221753,ml
2025-06,2025-09,706090,PCNO 500ml FT BOT - (PB),230.79295025,tm
2025-07,2025-09,706090,PCNO 500ml FT BOT - (PB),209.8069658,ml
2025-07,2025-09,706090,PCNO 500ml FT BOT - (PB),230.79295025,tm
2025-08,2025-09,706090,PCNO 500ml FT BOT - (PB),188.580871,ml
2025-08,2025-09,706090,PCNO 500ml FT BOT - (PB),230.79295025,tm
2025-05,2025-10,706090,PCNO 500ml FT BOT - (PB),201.0736748,ml
2025-05,2025-10,706090,PCNO 500ml FT BOT - (PB),215.741075,tm
2025-06,2025-10,706090,PCNO 500ml FT BOT - (PB),188.9429181,ml
2025-06,2025-10,706090,PCNO 500ml FT BOT - (PB),215.9515403,tm
2025-07,2025-10,706090,PCNO 500ml FT BOT - (PB),204.3502352,ml
2025-07,2025-10,706090,PCNO 500ml FT BOT - (PB),215.9515403,tm
2025-08,2025-10,706090,PCNO 500ml FT BOT - (PB),173.0219707,ml
2025-08,2025-10,706090,PCNO 500ml FT BOT - (PB),215.9515403,tm
2025-09,2025-10,706090,PCNO 500ml FT BOT - (PB),184.2707271,ml
2025-09,2025-10,706090,PCNO 500ml FT BOT - (PB),180.9977643,tm
2025-06,2025-11,706090,PCNO 500ml FT BOT - (PB),164.0937519,ml
2025-06,2025-11,706090,PCNO 500ml FT BOT - (PB),206.04669433,tm
2025-07,2025-11,706090,PCNO 500ml FT BOT - (PB),203.3753063,ml
2025-07,2025-11,706090,PCNO 500ml FT BOT - (PB),206.04669433,tm
2025-08,2025-11,706090,PCNO 500ml FT BOT - (PB),177.3196818,ml
2025-08,2025-11,706090,PCNO 500ml FT BOT - (PB),206.04669433,tm
2025-09,2025-11,706090,PCNO 500ml FT BOT - (PB),181.5813135,ml
2025-09,2025-11,706090,PCNO 500ml FT BOT - (PB),236.04669433,tm
2025-10,2025-11,706090,PCNO 500ml FT BOT - (PB),215.1835681,ml
2025-10,2025-11,706090,PCNO 500ml FT BOT - (PB),261.10401573,tm
2025-07,2025-12,706090,PCNO 500ml FT BOT - (PB),206.981739,ml
2025-07,2025-12,706090,PCNO 500ml FT BOT - (PB),230.9515403,tm
2025-08,2025-12,706090,PCNO 500ml FT BOT - (PB),186.1052593,ml
2025-08,2025-12,706090,PCNO 500ml FT BOT - (PB),230.9515403,tm
2025-09,2025-12,706090,PCNO 500ml FT BOT - (PB),185.7436384,ml
2025-09,2025-12,706090,PCNO 500ml FT BOT - (PB),200.98778665700002,tm
2025-10,2025-12,706090,PCNO 500ml FT BOT - (PB),181.2414076,ml
2025-10,2025-12,706090,PCNO 500ml FT BOT - (PB),200.98778665700002,tm
2025-11,2025-12,706090,PCNO 500ml FT BOT - (PB),178.060365,ml
2025-11,2025-12,706090,PCNO 500ml FT BOT - (PB),211.029736657,tm
2025-08,2026-01,706090,PCNO 500ml FT BOT - (PB),189.6834076,ml
2025-08,2026-01,706090,PCNO 500ml FT BOT - (PB),180.9515403,tm
2025-09,2026-01,706090,PCNO 500ml FT BOT - (PB),152.5607326,ml
2025-09,2026-01,706090,PCNO 500ml FT BOT - (PB),180.592671994,tm
2025-10,2026-01,706090,PCNO 500ml FT BOT - (PB),154.6444865,ml
2025-10,2026-01,706090,PCNO 500ml FT BOT - (PB),180.592671994,tm
2025-11,2026-01,706090,PCNO 500ml FT BOT - (PB),156.3771493,ml
2025-11,2026-01,706090,PCNO 500ml FT BOT - (PB),190.562671994,tm
2025-12,2026-01,706090,PCNO 500ml FT BOT - (PB),132.7918542,ml
2025-12,2026-01,706090,PCNO 500ml FT BOT - (PB),190.562671994,tm
2025-09,2026-02,706090,PCNO 500ml FT BOT - (PB),181.5868422,ml
2025-09,2026-02,706090,PCNO 500ml FT BOT - (PB),210.490933305,tm
2025-10,2026-02,706090,PCNO 500ml FT BOT - (PB),154.8016198,ml
2025-10,2026-02,706090,PCNO 500ml FT BOT - (PB),210.490933305,tm
2025-11,2026-02,706090,PCNO 500ml FT BOT - (PB),170.7325247,ml
2025-11,2026-02,706090,PCNO 500ml FT BOT - (PB),210.460933305,tm
2025-12,2026-02,706090,PCNO 500ml FT BOT - (PB),157.896329,ml
2025-12,2026-02,706090,PCNO 500ml FT BOT - (PB),210.460933305,tm
2026-01,2026-02,706090,PCNO 500ml FT BOT - (PB),130.6948382,ml
2026-01,2026-02,706090,PCNO 500ml FT BOT - (PB),210.460933305,tm
2025-10,2026-03,706090,PCNO 500ml FT BOT - (PB),183.0436689,ml
2025-10,2026-03,706090,PCNO 500ml FT BOT - (PB),240.490933305,tm
2025-11,2026-03,706090,PCNO 500ml FT BOT - (PB),173.7826663,ml
2025-11,2026-03,706090,PCNO 500ml FT BOT - (PB),300.460933305,tm
2025-12,2026-03,706090,PCNO 500ml FT BOT - (PB),183.1391945,ml
2025-12,2026-03,706090,PCNO 500ml FT BOT - (PB),285.310933305,tm
2026-01,2026-03,706090,PCNO 500ml FT BOT - (PB),281.2266828,ml
2026-01,2026-03,706090,PCNO 500ml FT BOT - (PB),285.310933305,tm
2026-02,2026-03,706090,PCNO 500ml FT BOT - (PB),307.0532762,ml
2026-02,2026-03,706090,PCNO 500ml FT BOT - (PB),287.09000000000003,tm
2025-11,2026-04,706090,PCNO 500ml FT BOT - (PB),180.4873632,ml
2025-11,2026-04,706090,PCNO 500ml FT BOT - (PB),210.460933305,tm
2025-12,2026-04,706090,PCNO 500ml FT BOT - (PB),180.4256709,ml
2025-12,2026-04,706090,PCNO 500ml FT BOT - (PB),220.460933305,tm
2026-01,2026-04,706090,PCNO 500ml FT BOT - (PB),178.2189449,ml
2026-01,2026-04,706090,PCNO 500ml FT BOT - (PB),242.997457056,tm
2026-02,2026-04,706090,PCNO 500ml FT BOT - (PB),188.7371982,ml
2026-02,2026-04,706090,PCNO 500ml FT BOT - (PB),220.0,tm
2026-03,2026-04,706090,PCNO 500ml FT BOT - (PB),175.6520957,ml
2026-03,2026-04,706090,PCNO 500ml FT BOT - (PB),190.0,tm
2025-12,2026-05,706090,PCNO 500ml FT BOT - (PB),201.6904204,ml
2025-12,2026-05,706090,PCNO 500ml FT BOT - (PB),230.12,tm
2026-01,2026-05,706090,PCNO 500ml FT BOT - (PB),210.3866932,ml
2026-01,2026-05,706090,PCNO 500ml FT BOT - (PB),244.22,tm
2026-02,2026-05,706090,PCNO 500ml FT BOT - (PB),202.7190532,ml
2026-02,2026-05,706090,PCNO 500ml FT BOT - (PB),234.2,tm
2026-03,2026-05,706090,PCNO 500ml FT BOT - (PB),173.0905133,ml
2026-03,2026-05,706090,PCNO 500ml FT BOT - (PB),250.0,tm
2026-04,2026-05,706090,PCNO 500ml FT BOT - (PB),211.3749206,ml
2026-04,2026-05,706090,PCNO 500ml FT BOT - (PB),250.0,tm
2026-01,2026-06,706090,PCNO 500ml FT BOT - (PB),176.5966512,ml
2026-01,2026-06,706090,PCNO 500ml FT BOT - (PB),247.0,tm
2026-02,2026-06,706090,PCNO 500ml FT BOT - (PB),165.5461557,ml
2026-02,2026-06,706090,PCNO 500ml FT BOT - (PB),240.0,tm
2026-03,2026-06,706090,PCNO 500ml FT BOT - (PB),174.8433393,ml
2026-03,2026-06,706090,PCNO 500ml FT BOT - (PB),220.0,tm
2026-04,2026-06,706090,PCNO 500ml FT BOT - (PB),175.5035013,ml
2026-04,2026-06,706090,PCNO 500ml FT BOT - (PB),220.0,tm
2026-05,2026-06,706090,PCNO 500ml FT BOT - (PB),172.3453489,ml
2026-05,2026-06,706090,PCNO 500ml FT BOT - (PB),225.0,tm
2026-02,2026-07,706090,PCNO 500ml FT BOT - (PB),163.4275564,ml
2026-02,2026-07,706090,PCNO 500ml FT BOT - (PB),150.0,tm
2026-03,2026-07,706090,PCNO 500ml FT BOT - (PB),147.2258909,ml
2026-03,2026-07,706090,PCNO 500ml FT BOT - (PB),145.0,tm
2026-04,2026-07,706090,PCNO 500ml FT BOT - (PB),150.87046,ml
2026-04,2026-07,706090,PCNO 500ml FT BOT - (PB),140.0,tm
2026-05,2026-07,706090,PCNO 500ml FT BOT - (PB),135.4806158,ml
2026-05,2026-07,706090,PCNO 500ml FT BOT - (PB),135.0,tm
2026-06,2026-07,706090,PCNO 500ml FT BOT - (PB),136.803155083,ml
2026-06,2026-07,706090,PCNO 500ml FT BOT - (PB),135.0,tm
2026-03,2026-08,706090,PCNO 500ml FT BOT - (PB),175.6214474,ml
2026-03,2026-08,706090,PCNO 500ml FT BOT - (PB),180.0,tm
2026-04,2026-08,706090,PCNO 500ml FT BOT - (PB),186.6341485,ml
2026-04,2026-08,706090,PCNO 500ml FT BOT - (PB),175.0,tm
2026-05,2026-08,706090,PCNO 500ml FT BOT - (PB),146.0649723,ml
2026-05,2026-08,706090,PCNO 500ml FT BOT - (PB),175.0,tm
2026-06,2026-08,706090,PCNO 500ml FT BOT - (PB),163.484593407,ml
2026-06,2026-08,706090,PCNO 500ml FT BOT - (PB),175.0,tm
2026-07,2026-08,706090,PCNO 500ml FT BOT - (PB),146.438515349,ml
2026-07,2026-08,706090,PCNO 500ml FT BOT - (PB),167.71743494999998,tm
2026-04,2026-09,706090,PCNO 500ml FT BOT - (PB),181.281855,ml
2026-04,2026-09,706090,PCNO 500ml FT BOT - (PB),240.0,tm
2026-05,2026-09,706090,PCNO 500ml FT BOT - (PB),161.7358335,ml
2026-05,2026-09,706090,PCNO 500ml FT BOT - (PB),175.0,tm
2026-06,2026-09,706090,PCNO 500ml FT BOT - (PB),156.628615894,ml
2026-06,2026-09,706090,PCNO 500ml FT BOT - (PB),175.0,tm
2026-07,2026-09,706090,PCNO 500ml FT BOT - (PB),140.571093677,ml
2026-07,2026-09,706090,PCNO 500ml FT BOT - (PB),160.997420681,tm
2026-05,2026-10,706090,PCNO 500ml FT BOT - (PB),135.5478731,ml
2026-05,2026-10,706090,PCNO 500ml FT BOT - (PB),165.0,tm
2026-06,2026-10,706090,PCNO 500ml FT BOT - (PB),145.180771613,ml
2026-06,2026-10,706090,PCNO 500ml FT BOT - (PB),165.0,tm
2026-07,2026-10,706090,PCNO 500ml FT BOT - (PB),133.251977726,ml
2026-07,2026-10,706090,PCNO 500ml FT BOT - (PB),152.614767044,tm
2026-06,2026-11,706090,PCNO 500ml FT BOT - (PB),144.193600853,ml
2026-06,2026-11,706090,PCNO 500ml FT BOT - (PB),160.0,tm
2026-07,2026-11,706090,PCNO 500ml FT BOT - (PB),140.536059742,ml
2026-07,2026-11,706090,PCNO 500ml FT BOT - (PB),160.957295981,tm
2026-07,2026-12,706090,PCNO 500ml FT BOT - (PB),155.302264975,ml
2026-07,2026-12,706090,PCNO 500ml FT BOT - (PB),177.869172338,tm
2025-04,2025-05,707066,SAFF ACTIVE 5 LTR JAR BD,1.890116769,ml
2025-04,2025-05,707066,SAFF ACTIVE 5 LTR JAR BD,10.080717847,tm
2025-04,2025-06,707066,SAFF ACTIVE 5 LTR JAR BD,1.635894474,ml
2025-04,2025-06,707066,SAFF ACTIVE 5 LTR JAR BD,9.962468957,tm
2025-05,2025-06,707066,SAFF ACTIVE 5 LTR JAR BD,1.5738,ml
2025-05,2025-06,707066,SAFF ACTIVE 5 LTR JAR BD,9.962468957,tm
2025-04,2025-07,707066,SAFF ACTIVE 5 LTR JAR BD,1.621174576,ml
2025-04,2025-07,707066,SAFF ACTIVE 5 LTR JAR BD,10.055280586,tm
2025-05,2025-07,707066,SAFF ACTIVE 5 LTR JAR BD,1.5738,ml
2025-05,2025-07,707066,SAFF ACTIVE 5 LTR JAR BD,10.055280586,tm
2025-06,2025-07,707066,SAFF ACTIVE 5 LTR JAR BD,1.2515,ml
2025-06,2025-07,707066,SAFF ACTIVE 5 LTR JAR BD,10.055280586,tm
2025-04,2025-08,707066,SAFF ACTIVE 5 LTR JAR BD,1.629469474,ml
2025-04,2025-08,707066,SAFF ACTIVE 5 LTR JAR BD,8.463904903,tm
2025-05,2025-08,707066,SAFF ACTIVE 5 LTR JAR BD,1.448755691,ml
2025-05,2025-08,707066,SAFF ACTIVE 5 LTR JAR BD,8.463904903,tm
2025-06,2025-08,707066,SAFF ACTIVE 5 LTR JAR BD,1.27225,ml
2025-06,2025-08,707066,SAFF ACTIVE 5 LTR JAR BD,8.463904903,tm
2025-07,2025-08,707066,SAFF ACTIVE 5 LTR JAR BD,0.8511,ml
2025-07,2025-08,707066,SAFF ACTIVE 5 LTR JAR BD,8.463904903,tm
2025-04,2025-09,707066,SAFF ACTIVE 5 LTR JAR BD,1.470499895,ml
2025-04,2025-09,707066,SAFF ACTIVE 5 LTR JAR BD,9.641237598,tm
2025-05,2025-09,707066,SAFF ACTIVE 5 LTR JAR BD,1.375159459,ml
2025-05,2025-09,707066,SAFF ACTIVE 5 LTR JAR BD,9.641237598,tm
2025-06,2025-09,707066,SAFF ACTIVE 5 LTR JAR BD,1.27225,ml
2025-06,2025-09,707066,SAFF ACTIVE 5 LTR JAR BD,9.641237598,tm
2025-07,2025-09,707066,SAFF ACTIVE 5 LTR JAR BD,0.722344037,ml
2025-07,2025-09,707066,SAFF ACTIVE 5 LTR JAR BD,9.641237598,tm
2025-08,2025-09,707066,SAFF ACTIVE 5 LTR JAR BD,1.066507931,ml
2025-08,2025-09,707066,SAFF ACTIVE 5 LTR JAR BD,9.641237598,tm
2025-05,2025-10,707066,SAFF ACTIVE 5 LTR JAR BD,1.089459714,ml
2025-05,2025-10,707066,SAFF ACTIVE 5 LTR JAR BD,8.0,tm
2025-06,2025-10,707066,SAFF ACTIVE 5 LTR JAR BD,1.2252,ml
2025-06,2025-10,707066,SAFF ACTIVE 5 LTR JAR BD,7.999760824,tm
2025-07,2025-10,707066,SAFF ACTIVE 5 LTR JAR BD,0.495234982,ml
2025-07,2025-10,707066,SAFF ACTIVE 5 LTR JAR BD,7.999760824,tm
2025-08,2025-10,707066,SAFF ACTIVE 5 LTR JAR BD,0.895,ml
2025-08,2025-10,707066,SAFF ACTIVE 5 LTR JAR BD,7.999760824,tm
2025-09,2025-10,707066,SAFF ACTIVE 5 LTR JAR BD,0.860266667,ml
2025-09,2025-10,707066,SAFF ACTIVE 5 LTR JAR BD,7.999760824,tm
2025-06,2025-11,707066,SAFF ACTIVE 5 LTR JAR BD,1.27225,ml
2025-06,2025-11,707066,SAFF ACTIVE 5 LTR JAR BD,7.723167132,tm
2025-07,2025-11,707066,SAFF ACTIVE 5 LTR JAR BD,0.596634915,ml
2025-07,2025-11,707066,SAFF ACTIVE 5 LTR JAR BD,7.723167132,tm
2025-08,2025-11,707066,SAFF ACTIVE 5 LTR JAR BD,0.855481575,ml
2025-08,2025-11,707066,SAFF ACTIVE 5 LTR JAR BD,7.723167132,tm
2025-09,2025-11,707066,SAFF ACTIVE 5 LTR JAR BD,0.8511,ml
2025-09,2025-11,707066,SAFF ACTIVE 5 LTR JAR BD,7.723167132,tm
2025-10,2025-11,707066,SAFF ACTIVE 5 LTR JAR BD,0.829026301,ml
2025-10,2025-11,707066,SAFF ACTIVE 5 LTR JAR BD,7.723167132,tm
2025-07,2025-12,707066,SAFF ACTIVE 5 LTR JAR BD,0.84307503,ml
2025-07,2025-12,707066,SAFF ACTIVE 5 LTR JAR BD,9.0,tm
2025-08,2025-12,707066,SAFF ACTIVE 5 LTR JAR BD,1.130677144,ml
2025-08,2025-12,707066,SAFF ACTIVE 5 LTR JAR BD,9.0,tm
2025-09,2025-12,707066,SAFF ACTIVE 5 LTR JAR BD,1.128626089,ml
2025-09,2025-12,707066,SAFF ACTIVE 5 LTR JAR BD,8.973202269,tm
2025-10,2025-12,707066,SAFF ACTIVE 5 LTR JAR BD,0.985251599,ml
2025-10,2025-12,707066,SAFF ACTIVE 5 LTR JAR BD,8.973202269,tm
2025-11,2025-12,707066,SAFF ACTIVE 5 LTR JAR BD,1.161908504,ml
2025-11,2025-12,707066,SAFF ACTIVE 5 LTR JAR BD,8.973202269,tm
2025-08,2026-01,707066,SAFF ACTIVE 5 LTR JAR BD,1.0357,ml
2025-08,2026-01,707066,SAFF ACTIVE 5 LTR JAR BD,7.5,tm
2025-09,2026-01,707066,SAFF ACTIVE 5 LTR JAR BD,0.861333333,ml
2025-09,2026-01,707066,SAFF ACTIVE 5 LTR JAR BD,7.506192768,tm
2025-10,2026-01,707066,SAFF ACTIVE 5 LTR JAR BD,0.81934829,ml
2025-10,2026-01,707066,SAFF ACTIVE 5 LTR JAR BD,7.506192768,tm
2025-11,2026-01,707066,SAFF ACTIVE 5 LTR JAR BD,0.6964,ml
2025-11,2026-01,707066,SAFF ACTIVE 5 LTR JAR BD,7.506192768,tm
2025-12,2026-01,707066,SAFF ACTIVE 5 LTR JAR BD,0.909764582,ml
2025-12,2026-01,707066,SAFF ACTIVE 5 LTR JAR BD,7.506192768,tm
2025-09,2026-02,707066,SAFF ACTIVE 5 LTR JAR BD,0.849766667,ml
2025-09,2026-02,707066,SAFF ACTIVE 5 LTR JAR BD,8.712418874,tm
2025-10,2026-02,707066,SAFF ACTIVE 5 LTR JAR BD,0.8081,ml
2025-10,2026-02,707066,SAFF ACTIVE 5 LTR JAR BD,8.712418874,tm
2025-11,2026-02,707066,SAFF ACTIVE 5 LTR JAR BD,0.7115,ml
2025-11,2026-02,707066,SAFF ACTIVE 5 LTR JAR BD,8.712418874,tm
2025-12,2026-02,707066,SAFF ACTIVE 5 LTR JAR BD,0.66638,ml
2025-12,2026-02,707066,SAFF ACTIVE 5 LTR JAR BD,8.712418874,tm
2026-01,2026-02,707066,SAFF ACTIVE 5 LTR JAR BD,0.553,ml
2026-01,2026-02,707066,SAFF ACTIVE 5 LTR JAR BD,13.029244704,tm
2025-10,2026-03,707066,SAFF ACTIVE 5 LTR JAR BD,0.151031724,ml
2025-10,2026-03,707066,SAFF ACTIVE 5 LTR JAR BD,10.54723079,tm
2025-11,2026-03,707066,SAFF ACTIVE 5 LTR JAR BD,0.6964,ml
2025-11,2026-03,707066,SAFF ACTIVE 5 LTR JAR BD,10.54723079,tm
2025-12,2026-03,707066,SAFF ACTIVE 5 LTR JAR BD,0.209252315,ml
2025-12,2026-03,707066,SAFF ACTIVE 5 LTR JAR BD,10.54723079,tm
2026-01,2026-03,707066,SAFF ACTIVE 5 LTR JAR BD,0.556,ml
2026-01,2026-03,707066,SAFF ACTIVE 5 LTR JAR BD,15.414500195,tm
2026-02,2026-03,707066,SAFF ACTIVE 5 LTR JAR BD,0.621,ml
2026-02,2026-03,707066,SAFF ACTIVE 5 LTR JAR BD,13.711400027,tm
2025-11,2026-04,707066,SAFF ACTIVE 5 LTR JAR BD,0.326972148,ml
2025-11,2026-04,707066,SAFF ACTIVE 5 LTR JAR BD,11.233100168,tm
2025-12,2026-04,707066,SAFF ACTIVE 5 LTR JAR BD,0.423416738,ml
2025-12,2026-04,707066,SAFF ACTIVE 5 LTR JAR BD,21.4,tm
2026-01,2026-04,707066,SAFF ACTIVE 5 LTR JAR BD,0.556,ml
2026-01,2026-04,707066,SAFF ACTIVE 5 LTR JAR BD,23.114600168,tm
2026-02,2026-04,707066,SAFF ACTIVE 5 LTR JAR BD,0.269752867,ml
2026-02,2026-04,707066,SAFF ACTIVE 5 LTR JAR BD,23.0,tm
2026-03,2026-04,707066,SAFF ACTIVE 5 LTR JAR BD,0.613965476,ml
2026-03,2026-04,707066,SAFF ACTIVE 5 LTR JAR BD,23.0,tm
2025-12,2026-05,707066,SAFF ACTIVE 5 LTR JAR BD,0.332625727,ml
2025-12,2026-05,707066,SAFF ACTIVE 5 LTR JAR BD,11.233100168,tm
2026-01,2026-05,707066,SAFF ACTIVE 5 LTR JAR BD,0.556,ml
2026-01,2026-05,707066,SAFF ACTIVE 5 LTR JAR BD,11.702100168,tm
2026-02,2026-05,707066,SAFF ACTIVE 5 LTR JAR BD,0.21078718,ml
2026-02,2026-05,707066,SAFF ACTIVE 5 LTR JAR BD,12.01207092,tm
2026-03,2026-05,707066,SAFF ACTIVE 5 LTR JAR BD,0.603444643,ml
2026-03,2026-05,707066,SAFF ACTIVE 5 LTR JAR BD,12.01207092,tm
2026-04,2026-05,707066,SAFF ACTIVE 5 LTR JAR BD,12.49429286,ml
2026-04,2026-05,707066,SAFF ACTIVE 5 LTR JAR BD,12.01207092,tm
2026-01,2026-06,707066,SAFF ACTIVE 5 LTR JAR BD,0.563,ml
2026-01,2026-06,707066,SAFF ACTIVE 5 LTR JAR BD,11.939900168,tm
2026-02,2026-06,707066,SAFF ACTIVE 5 LTR JAR BD,0.5885,ml
2026-02,2026-06,707066,SAFF ACTIVE 5 LTR JAR BD,12.0206898,tm
2026-03,2026-06,707066,SAFF ACTIVE 5 LTR JAR BD,0.603444643,ml
2026-03,2026-06,707066,SAFF ACTIVE 5 LTR JAR BD,12.0206898,tm
2026-04,2026-06,707066,SAFF ACTIVE 5 LTR JAR BD,9.171821222,ml
2026-04,2026-06,707066,SAFF ACTIVE 5 LTR JAR BD,12.0206898,tm
2026-05,2026-06,707066,SAFF ACTIVE 5 LTR JAR BD,0.571844643,ml
2026-05,2026-06,707066,SAFF ACTIVE 5 LTR JAR BD,12.0206898,tm
2026-02,2026-07,707066,SAFF ACTIVE 5 LTR JAR BD,0.089956107,ml
2026-02,2026-07,707066,SAFF ACTIVE 5 LTR JAR BD,13.691344182,tm
2026-03,2026-07,707066,SAFF ACTIVE 5 LTR JAR BD,0.603444643,ml
2026-03,2026-07,707066,SAFF ACTIVE 5 LTR JAR BD,13.691344182,tm
2026-04,2026-07,707066,SAFF ACTIVE 5 LTR JAR BD,10.55471375,ml
2026-04,2026-07,707066,SAFF ACTIVE 5 LTR JAR BD,13.691344182,tm
2026-05,2026-07,707066,SAFF ACTIVE 5 LTR JAR BD,0.630716409,ml
2026-05,2026-07,707066,SAFF ACTIVE 5 LTR JAR BD,13.691344182,tm
2026-06,2026-07,707066,SAFF ACTIVE 5 LTR JAR BD,0.43888,ml
2026-06,2026-07,707066,SAFF ACTIVE 5 LTR JAR BD,13.691344182,tm
2026-03,2026-08,707066,SAFF ACTIVE 5 LTR JAR BD,0.603444643,ml
2026-03,2026-08,707066,SAFF ACTIVE 5 LTR JAR BD,13.691344182,tm
2026-04,2026-08,707066,SAFF ACTIVE 5 LTR JAR BD,9.274515694,ml
2026-04,2026-08,707066,SAFF ACTIVE 5 LTR JAR BD,11.924544223,tm
2026-05,2026-08,707066,SAFF ACTIVE 5 LTR JAR BD,0.60747299,ml
2026-05,2026-08,707066,SAFF ACTIVE 5 LTR JAR BD,11.924544223,tm
2026-06,2026-08,707066,SAFF ACTIVE 5 LTR JAR BD,0.43888,ml
2026-06,2026-08,707066,SAFF ACTIVE 5 LTR JAR BD,11.924544223,tm
2026-07,2026-08,707066,SAFF ACTIVE 5 LTR JAR BD,0.3901666667,ml
2026-07,2026-08,707066,SAFF ACTIVE 5 LTR JAR BD,11.924544223,tm
2026-04,2026-09,707066,SAFF ACTIVE 5 LTR JAR BD,9.881352633,ml
2026-04,2026-09,707066,SAFF ACTIVE 5 LTR JAR BD,19.304671365,tm
2026-05,2026-09,707066,SAFF ACTIVE 5 LTR JAR BD,0.562898214,ml
2026-05,2026-09,707066,SAFF ACTIVE 5 LTR JAR BD,19.304671365,tm
2026-06,2026-09,707066,SAFF ACTIVE 5 LTR JAR BD,0.43888,ml
2026-06,2026-09,707066,SAFF ACTIVE 5 LTR JAR BD,19.304671365,tm
2026-07,2026-09,707066,SAFF ACTIVE 5 LTR JAR BD,0.2658224534,ml
2026-07,2026-09,707066,SAFF ACTIVE 5 LTR JAR BD,19.304671365,tm
2026-05,2026-10,707066,SAFF ACTIVE 5 LTR JAR BD,0.522251786,ml
2026-05,2026-10,707066,SAFF ACTIVE 5 LTR JAR BD,4.665250397,tm
2026-06,2026-10,707066,SAFF ACTIVE 5 LTR JAR BD,0.43336,ml
2026-06,2026-10,707066,SAFF ACTIVE 5 LTR JAR BD,4.665250397,tm
2026-07,2026-10,707066,SAFF ACTIVE 5 LTR JAR BD,0.3302494388,ml
2026-07,2026-10,707066,SAFF ACTIVE 5 LTR JAR BD,4.665250397,tm
2026-06,2026-11,707066,SAFF ACTIVE 5 LTR JAR BD,0.48294,ml
2026-06,2026-11,707066,SAFF ACTIVE 5 LTR JAR BD,7.07,tm
2026-07,2026-11,707066,SAFF ACTIVE 5 LTR JAR BD,0.4276666667,ml
2026-07,2026-11,707066,SAFF ACTIVE 5 LTR JAR BD,7.066425264,tm
2026-07,2026-12,707066,SAFF ACTIVE 5 LTR JAR BD,0.3901666667,ml
2026-07,2026-12,707066,SAFF ACTIVE 5 LTR JAR BD,11.291601723,tm
2025-04,2025-05,707719,PCNO 50ml FT BOT(324) NEW PB,55.19647485,ml
2025-04,2025-05,707719,PCNO 50ml FT BOT(324) NEW PB,95.213134399,tm
2025-04,2025-06,707719,PCNO 50ml FT BOT(324) NEW PB,41.20509126,ml
2025-04,2025-06,707719,PCNO 50ml FT BOT(324) NEW PB,54.975039161,tm
2025-05,2025-06,707719,PCNO 50ml FT BOT(324) NEW PB,44.66084385,ml
2025-05,2025-06,707719,PCNO 50ml FT BOT(324) NEW PB,42.213134399,tm
2025-04,2025-07,707719,PCNO 50ml FT BOT(324) NEW PB,62.33025525,ml
2025-04,2025-07,707719,PCNO 50ml FT BOT(324) NEW PB,95.211020764,tm
2025-05,2025-07,707719,PCNO 50ml FT BOT(324) NEW PB,68.78312903,ml
2025-05,2025-07,707719,PCNO 50ml FT BOT(324) NEW PB,95.211020764,tm
2025-06,2025-07,707719,PCNO 50ml FT BOT(324) NEW PB,65.2245588,ml
2025-06,2025-07,707719,PCNO 50ml FT BOT(324) NEW PB,95.2096,tm
2025-04,2025-08,707719,PCNO 50ml FT BOT(324) NEW PB,35.34055466,ml
2025-04,2025-08,707719,PCNO 50ml FT BOT(324) NEW PB,55.211458575,tm
2025-05,2025-08,707719,PCNO 50ml FT BOT(324) NEW PB,37.09519272,ml
2025-05,2025-08,707719,PCNO 50ml FT BOT(324) NEW PB,55.211458575,tm
2025-06,2025-08,707719,PCNO 50ml FT BOT(324) NEW PB,40.9146471,ml
2025-06,2025-08,707719,PCNO 50ml FT BOT(324) NEW PB,55.9168,tm
2025-07,2025-08,707719,PCNO 50ml FT BOT(324) NEW PB,39.64645189,ml
2025-07,2025-08,707719,PCNO 50ml FT BOT(324) NEW PB,55.93456,tm
2025-04,2025-09,707719,PCNO 50ml FT BOT(324) NEW PB,65.14150752,ml
2025-04,2025-09,707719,PCNO 50ml FT BOT(324) NEW PB,90.841731863,tm
2025-05,2025-09,707719,PCNO 50ml FT BOT(324) NEW PB,64.92069588,ml
2025-05,2025-09,707719,PCNO 50ml FT BOT(324) NEW PB,96.750146605,tm
2025-06,2025-09,707719,PCNO 50ml FT BOT(324) NEW PB,73.94794028,ml
2025-06,2025-09,707719,PCNO 50ml FT BOT(324) NEW PB,97.1168,tm
2025-07,2025-09,707719,PCNO 50ml FT BOT(324) NEW PB,74.8312126,ml
2025-07,2025-09,707719,PCNO 50ml FT BOT(324) NEW PB,87.25244,tm
2025-08,2025-09,707719,PCNO 50ml FT BOT(324) NEW PB,65.81903682,ml
2025-08,2025-09,707719,PCNO 50ml FT BOT(324) NEW PB,77.1184,tm
2025-05,2025-10,707719,PCNO 50ml FT BOT(324) NEW PB,42.07129292,ml
2025-05,2025-10,707719,PCNO 50ml FT BOT(324) NEW PB,56.750146605,tm
2025-06,2025-10,707719,PCNO 50ml FT BOT(324) NEW PB,46.62946283,ml
2025-06,2025-10,707719,PCNO 50ml FT BOT(324) NEW PB,56.592,tm
2025-07,2025-10,707719,PCNO 50ml FT BOT(324) NEW PB,43.20175565,ml
2025-07,2025-10,707719,PCNO 50ml FT BOT(324) NEW PB,56.98044,tm
2025-08,2025-10,707719,PCNO 50ml FT BOT(324) NEW PB,40.25564079,ml
2025-08,2025-10,707719,PCNO 50ml FT BOT(324) NEW PB,56.5904,tm
2025-09,2025-10,707719,PCNO 50ml FT BOT(324) NEW PB,49.65804011,ml
2025-09,2025-10,707719,PCNO 50ml FT BOT(324) NEW PB,57.449600000000004,tm
2025-06,2025-11,707719,PCNO 50ml FT BOT(324) NEW PB,61.50801989,ml
2025-06,2025-11,707719,PCNO 50ml FT BOT(324) NEW PB,91.5392,tm
2025-07,2025-11,707719,PCNO 50ml FT BOT(324) NEW PB,72.40090571,ml
2025-07,2025-11,707719,PCNO 50ml FT BOT(324) NEW PB,91.87324,tm
2025-08,2025-11,707719,PCNO 50ml FT BOT(324) NEW PB,66.42905078,ml
2025-08,2025-11,707719,PCNO 50ml FT BOT(324) NEW PB,91.5392,tm
2025-09,2025-11,707719,PCNO 50ml FT BOT(324) NEW PB,65.4844985,ml
2025-09,2025-11,707719,PCNO 50ml FT BOT(324) NEW PB,91.70610526300001,tm
2025-10,2025-11,707719,PCNO 50ml FT BOT(324) NEW PB,63.09554787,ml
2025-10,2025-11,707719,PCNO 50ml FT BOT(324) NEW PB,92.496124947,tm
2025-07,2025-12,707719,PCNO 50ml FT BOT(324) NEW PB,33.37708619,ml
2025-07,2025-12,707719,PCNO 50ml FT BOT(324) NEW PB,56.02012,tm
2025-08,2025-12,707719,PCNO 50ml FT BOT(324) NEW PB,27.18417717,ml
2025-08,2025-12,707719,PCNO 50ml FT BOT(324) NEW PB,56.1184,tm
2025-09,2025-12,707719,PCNO 50ml FT BOT(324) NEW PB,32.52095879,ml
2025-09,2025-12,707719,PCNO 50ml FT BOT(324) NEW PB,61.3584,tm
2025-10,2025-12,707719,PCNO 50ml FT BOT(324) NEW PB,34.3505904,ml
2025-10,2025-12,707719,PCNO 50ml FT BOT(324) NEW PB,61.46916,tm
2025-11,2025-12,707719,PCNO 50ml FT BOT(324) NEW PB,34.62194325,ml
2025-11,2025-12,707719,PCNO 50ml FT BOT(324) NEW PB,66.36243900000001,tm
2025-08,2026-01,707719,PCNO 50ml FT BOT(324) NEW PB,73.1448969,ml
2025-08,2026-01,707719,PCNO 50ml FT BOT(324) NEW PB,85.76,tm
2025-09,2026-01,707719,PCNO 50ml FT BOT(324) NEW PB,73.39010729,ml
2025-09,2026-01,707719,PCNO 50ml FT BOT(324) NEW PB,85.76,tm
2025-10,2026-01,707719,PCNO 50ml FT BOT(324) NEW PB,70.91643112,ml
2025-10,2026-01,707719,PCNO 50ml FT BOT(324) NEW PB,85.71808,tm
2025-11,2026-01,707719,PCNO 50ml FT BOT(324) NEW PB,70.51012686,ml
2025-11,2026-01,707719,PCNO 50ml FT BOT(324) NEW PB,85.78092104,tm
2025-12,2026-01,707719,PCNO 50ml FT BOT(324) NEW PB,84.05424369,ml
2025-12,2026-01,707719,PCNO 50ml FT BOT(324) NEW PB,86.945607663,tm
2025-09,2026-02,707719,PCNO 50ml FT BOT(324) NEW PB,49.9588223,ml
2025-09,2026-02,707719,PCNO 50ml FT BOT(324) NEW PB,55.0,tm
2025-10,2026-02,707719,PCNO 50ml FT BOT(324) NEW PB,32.09786256,ml
2025-10,2026-02,707719,PCNO 50ml FT BOT(324) NEW PB,55.1716,tm
2025-11,2026-02,707719,PCNO 50ml FT BOT(324) NEW PB,35.35974718,ml
2025-11,2026-02,707719,PCNO 50ml FT BOT(324) NEW PB,50.396886711,tm
2025-12,2026-02,707719,PCNO 50ml FT BOT(324) NEW PB,32.93897659,ml
2025-12,2026-02,707719,PCNO 50ml FT BOT(324) NEW PB,50.396886711,tm
2026-01,2026-02,707719,PCNO 50ml FT BOT(324) NEW PB,33.93247687,ml
2026-01,2026-02,707719,PCNO 50ml FT BOT(324) NEW PB,50.555876185,tm
2025-10,2026-03,707719,PCNO 50ml FT BOT(324) NEW PB,58.95789598,ml
2025-10,2026-03,707719,PCNO 50ml FT BOT(324) NEW PB,95.264,tm
2025-11,2026-03,707719,PCNO 50ml FT BOT(324) NEW PB,61.4729717,ml
2025-11,2026-03,707719,PCNO 50ml FT BOT(324) NEW PB,106.508609662,tm
2025-12,2026-03,707719,PCNO 50ml FT BOT(324) NEW PB,60.14144042,ml
2025-12,2026-03,707719,PCNO 50ml FT BOT(324) NEW PB,105.487978083,tm
2026-01,2026-03,707719,PCNO 50ml FT BOT(324) NEW PB,58.48872593,ml
2026-01,2026-03,707719,PCNO 50ml FT BOT(324) NEW PB,105.487978083,tm
2026-02,2026-03,707719,PCNO 50ml FT BOT(324) NEW PB,63.57827548,ml
2026-02,2026-03,707719,PCNO 50ml FT BOT(324) NEW PB,103.243023662,tm
2025-11,2026-04,707719,PCNO 50ml FT BOT(324) NEW PB,35.57288302,ml
2025-11,2026-04,707719,PCNO 50ml FT BOT(324) NEW PB,55.130603606,tm
2025-12,2026-04,707719,PCNO 50ml FT BOT(324) NEW PB,27.79166667,ml
2025-12,2026-04,707719,PCNO 50ml FT BOT(324) NEW PB,75.0,tm
2026-01,2026-04,707719,PCNO 50ml FT BOT(324) NEW PB,30.91055827,ml
2026-01,2026-04,707719,PCNO 50ml FT BOT(324) NEW PB,80.0,tm
2026-02,2026-04,707719,PCNO 50ml FT BOT(324) NEW PB,22.02951106,ml
2026-02,2026-04,707719,PCNO 50ml FT BOT(324) NEW PB,80.08519972,tm
2026-03,2026-04,707719,PCNO 50ml FT BOT(324) NEW PB,29.90140796,ml
2026-03,2026-04,707719,PCNO 50ml FT BOT(324) NEW PB,74.97617779400001,tm
2025-12,2026-05,707719,PCNO 50ml FT BOT(324) NEW PB,69.26713327,ml
2025-12,2026-05,707719,PCNO 50ml FT BOT(324) NEW PB,65.461052632,tm
2026-01,2026-05,707719,PCNO 50ml FT BOT(324) NEW PB,64.61720833,ml
2026-01,2026-05,707719,PCNO 50ml FT BOT(324) NEW PB,70.77768421100001,tm
2026-02,2026-05,707719,PCNO 50ml FT BOT(324) NEW PB,63.10440331,ml
2026-02,2026-05,707719,PCNO 50ml FT BOT(324) NEW PB,100.86019674,tm
2026-03,2026-05,707719,PCNO 50ml FT BOT(324) NEW PB,71.86652424,ml
2026-03,2026-05,707719,PCNO 50ml FT BOT(324) NEW PB,45.07571304,tm
2026-04,2026-05,707719,PCNO 50ml FT BOT(324) NEW PB,58.78805385,ml
2026-04,2026-05,707719,PCNO 50ml FT BOT(324) NEW PB,76.436220945,tm
2026-01,2026-06,707719,PCNO 50ml FT BOT(324) NEW PB,36.6007312,ml
2026-01,2026-06,707719,PCNO 50ml FT BOT(324) NEW PB,85.0,tm
2026-02,2026-06,707719,PCNO 50ml FT BOT(324) NEW PB,33.21409594,ml
2026-02,2026-06,707719,PCNO 50ml FT BOT(324) NEW PB,55.092270137,tm
2026-03,2026-06,707719,PCNO 50ml FT BOT(324) NEW PB,31.43061891,ml
2026-03,2026-06,707719,PCNO 50ml FT BOT(324) NEW PB,80.06865632,tm
2026-04,2026-06,707719,PCNO 50ml FT BOT(324) NEW PB,49.70452253,ml
2026-04,2026-06,707719,PCNO 50ml FT BOT(324) NEW PB,68.06832211999999,tm
2026-05,2026-06,707719,PCNO 50ml FT BOT(324) NEW PB,52.58328366,ml
2026-05,2026-06,707719,PCNO 50ml FT BOT(324) NEW PB,72.284537895,tm
2026-02,2026-07,707719,PCNO 50ml FT BOT(324) NEW PB,57.42624247,ml
2026-02,2026-07,707719,PCNO 50ml FT BOT(324) NEW PB,45.108478831,tm
2026-03,2026-07,707719,PCNO 50ml FT BOT(324) NEW PB,68.50663327,ml
2026-03,2026-07,707719,PCNO 50ml FT BOT(324) NEW PB,42.12086298,tm
2026-04,2026-07,707719,PCNO 50ml FT BOT(324) NEW PB,46.11211811,ml
2026-04,2026-07,707719,PCNO 50ml FT BOT(324) NEW PB,40.12052878,tm
2026-05,2026-07,707719,PCNO 50ml FT BOT(324) NEW PB,40.25750423,ml
2026-05,2026-07,707719,PCNO 50ml FT BOT(324) NEW PB,45.10938,tm
2026-06,2026-07,707719,PCNO 50ml FT BOT(324) NEW PB,59.838524737,ml
2026-06,2026-07,707719,PCNO 50ml FT BOT(324) NEW PB,35.190424105,tm
2026-03,2026-08,707719,PCNO 50ml FT BOT(324) NEW PB,31.30629132,ml
2026-03,2026-08,707719,PCNO 50ml FT BOT(324) NEW PB,65.3218904,tm
2026-04,2026-08,707719,PCNO 50ml FT BOT(324) NEW PB,48.8812601,ml
2026-04,2026-08,707719,PCNO 50ml FT BOT(324) NEW PB,62.244499536000006,tm
2026-05,2026-08,707719,PCNO 50ml FT BOT(324) NEW PB,48.56052183,ml
2026-05,2026-08,707719,PCNO 50ml FT BOT(324) NEW PB,75.528,tm
2026-06,2026-08,707719,PCNO 50ml FT BOT(324) NEW PB,56.282600409,ml
2026-06,2026-08,707719,PCNO 50ml FT BOT(324) NEW PB,70.531982,tm
2026-07,2026-08,707719,PCNO 50ml FT BOT(324) NEW PB,62.215533713,ml
2026-07,2026-08,707719,PCNO 50ml FT BOT(324) NEW PB,69.28604856999999,tm
2026-04,2026-09,707719,PCNO 50ml FT BOT(324) NEW PB,46.08872889,ml
2026-04,2026-09,707719,PCNO 50ml FT BOT(324) NEW PB,51.623813061,tm
2026-05,2026-09,707719,PCNO 50ml FT BOT(324) NEW PB,44.16214475,ml
2026-05,2026-09,707719,PCNO 50ml FT BOT(324) NEW PB,49.622007061,tm
2026-06,2026-09,707719,PCNO 50ml FT BOT(324) NEW PB,68.547334136,ml
2026-06,2026-09,707719,PCNO 50ml FT BOT(324) NEW PB,49.622007061,tm
2026-07,2026-09,707719,PCNO 50ml FT BOT(324) NEW PB,53.055922182,ml
2026-07,2026-09,707719,PCNO 50ml FT BOT(324) NEW PB,60.2214042,tm
2026-05,2026-10,707719,PCNO 50ml FT BOT(324) NEW PB,58.67685647,ml
2026-05,2026-10,707719,PCNO 50ml FT BOT(324) NEW PB,68.202989885,tm
2026-06,2026-10,707719,PCNO 50ml FT BOT(324) NEW PB,55.518534894,ml
2026-06,2026-10,707719,PCNO 50ml FT BOT(324) NEW PB,68.202989885,tm
2026-07,2026-10,707719,PCNO 50ml FT BOT(324) NEW PB,57.928914932,ml
2026-07,2026-10,707719,PCNO 50ml FT BOT(324) NEW PB,65.18179809499999,tm
2026-06,2026-11,707719,PCNO 50ml FT BOT(324) NEW PB,44.218872626,ml
2026-06,2026-11,707719,PCNO 50ml FT BOT(324) NEW PB,49.202989885,tm
2026-07,2026-11,707719,PCNO 50ml FT BOT(324) NEW PB,41.014149219,ml
2026-07,2026-11,707719,PCNO 50ml FT BOT(324) NEW PB,46.500513407,tm
2026-07,2026-12,707719,PCNO 50ml FT BOT(324) NEW PB,47.404794365,ml
2026-07,2026-12,707719,PCNO 50ml FT BOT(324) NEW PB,52.922613227,tm
2025-04,2025-05,707789,NIHAR SHANTI BDM AMLA 300ML,1.008338393,ml
2025-04,2025-05,707789,NIHAR SHANTI BDM AMLA 300ML,2.491769426,tm
2025-04,2025-06,707789,NIHAR SHANTI BDM AMLA 300ML,0.618203522,ml
2025-04,2025-06,707789,NIHAR SHANTI BDM AMLA 300ML,2.004919366,tm
2025-05,2025-06,707789,NIHAR SHANTI BDM AMLA 300ML,0.740466063,ml
2025-05,2025-06,707789,NIHAR SHANTI BDM AMLA 300ML,2.004919366,tm
2025-04,2025-07,707789,NIHAR SHANTI BDM AMLA 300ML,0.513813091,ml
2025-04,2025-07,707789,NIHAR SHANTI BDM AMLA 300ML,1.862117743,tm
2025-05,2025-07,707789,NIHAR SHANTI BDM AMLA 300ML,0.635288666,ml
2025-05,2025-07,707789,NIHAR SHANTI BDM AMLA 300ML,1.862117743,tm
2025-06,2025-07,707789,NIHAR SHANTI BDM AMLA 300ML,0.723287637,ml
2025-06,2025-07,707789,NIHAR SHANTI BDM AMLA 300ML,0.889670649,tm
2025-04,2025-08,707789,NIHAR SHANTI BDM AMLA 300ML,1.244119235,ml
2025-04,2025-08,707789,NIHAR SHANTI BDM AMLA 300ML,2.589148313,tm
2025-05,2025-08,707789,NIHAR SHANTI BDM AMLA 300ML,1.2980964,ml
2025-05,2025-08,707789,NIHAR SHANTI BDM AMLA 300ML,2.589148313,tm
2025-06,2025-08,707789,NIHAR SHANTI BDM AMLA 300ML,1.379402714,ml
2025-06,2025-08,707789,NIHAR SHANTI BDM AMLA 300ML,1.696716557,tm
2025-07,2025-08,707789,NIHAR SHANTI BDM AMLA 300ML,1.414867072,ml
2025-07,2025-08,707789,NIHAR SHANTI BDM AMLA 300ML,1.740339034,tm
2025-04,2025-09,707789,NIHAR SHANTI BDM AMLA 300ML,1.24793444,ml
2025-04,2025-09,707789,NIHAR SHANTI BDM AMLA 300ML,1.820737995,tm
2025-05,2025-09,707789,NIHAR SHANTI BDM AMLA 300ML,1.5852234,ml
2025-05,2025-09,707789,NIHAR SHANTI BDM AMLA 300ML,1.820737995,tm
2025-06,2025-09,707789,NIHAR SHANTI BDM AMLA 300ML,1.447980114,ml
2025-06,2025-09,707789,NIHAR SHANTI BDM AMLA 300ML,1.781069306,tm
2025-07,2025-09,707789,NIHAR SHANTI BDM AMLA 300ML,1.34739491,ml
2025-07,2025-09,707789,NIHAR SHANTI BDM AMLA 300ML,1.657345769,tm
2025-08,2025-09,707789,NIHAR SHANTI BDM AMLA 300ML,1.923063144,ml
2025-08,2025-09,707789,NIHAR SHANTI BDM AMLA 300ML,1.824937995,tm
2025-05,2025-10,707789,NIHAR SHANTI BDM AMLA 300ML,1.320182,ml
2025-05,2025-10,707789,NIHAR SHANTI BDM AMLA 300ML,1.7042,tm
2025-06,2025-10,707789,NIHAR SHANTI BDM AMLA 300ML,1.4715504,ml
2025-06,2025-10,707789,NIHAR SHANTI BDM AMLA 300ML,1.810061632,tm
2025-07,2025-10,707789,NIHAR SHANTI BDM AMLA 300ML,1.356835815,ml
2025-07,2025-10,707789,NIHAR SHANTI BDM AMLA 300ML,1.668958434,tm
2025-08,2025-10,707789,NIHAR SHANTI BDM AMLA 300ML,1.862625783,ml
2025-08,2025-10,707789,NIHAR SHANTI BDM AMLA 300ML,1.6784706,tm
2025-09,2025-10,707789,NIHAR SHANTI BDM AMLA 300ML,1.834569646,ml
2025-09,2025-10,707789,NIHAR SHANTI BDM AMLA 300ML,1.6742706,tm
2025-06,2025-11,707789,NIHAR SHANTI BDM AMLA 300ML,1.4715504,ml
2025-06,2025-11,707789,NIHAR SHANTI BDM AMLA 300ML,1.810061632,tm
2025-07,2025-11,707789,NIHAR SHANTI BDM AMLA 300ML,1.543961907,ml
2025-07,2025-11,707789,NIHAR SHANTI BDM AMLA 300ML,1.899130475,tm
2025-08,2025-11,707789,NIHAR SHANTI BDM AMLA 300ML,1.613090416,ml
2025-08,2025-11,707789,NIHAR SHANTI BDM AMLA 300ML,2.09802948,tm
2025-09,2025-11,707789,NIHAR SHANTI BDM AMLA 300ML,1.573784454,ml
2025-09,2025-11,707789,NIHAR SHANTI BDM AMLA 300ML,1.69382948,tm
2025-10,2025-11,707789,NIHAR SHANTI BDM AMLA 300ML,1.473622994,ml
2025-10,2025-11,707789,NIHAR SHANTI BDM AMLA 300ML,1.812611,tm
2025-07,2025-12,707789,NIHAR SHANTI BDM AMLA 300ML,1.413296148,ml
2025-07,2025-12,707789,NIHAR SHANTI BDM AMLA 300ML,1.73840674,tm
2025-08,2025-12,707789,NIHAR SHANTI BDM AMLA 300ML,1.249110324,ml
2025-08,2025-12,707789,NIHAR SHANTI BDM AMLA 300ML,1.9042,tm
2025-09,2025-12,707789,NIHAR SHANTI BDM AMLA 300ML,1.567766572,ml
2025-09,2025-12,707789,NIHAR SHANTI BDM AMLA 300ML,1.869535721,tm
2025-10,2025-12,707789,NIHAR SHANTI BDM AMLA 300ML,1.396972601,ml
2025-10,2025-12,707789,NIHAR SHANTI BDM AMLA 300ML,1.71832817,tm
2025-11,2025-12,707789,NIHAR SHANTI BDM AMLA 300ML,1.232446811,ml
2025-11,2025-12,707789,NIHAR SHANTI BDM AMLA 300ML,1.51595534,tm
2025-08,2026-01,707789,NIHAR SHANTI BDM AMLA 300ML,2.042701809,ml
2025-08,2026-01,707789,NIHAR SHANTI BDM AMLA 300ML,2.0042,tm
2025-09,2026-01,707789,NIHAR SHANTI BDM AMLA 300ML,1.653143569,ml
2025-09,2026-01,707789,NIHAR SHANTI BDM AMLA 300ML,1.980384234,tm
2025-10,2026-01,707789,NIHAR SHANTI BDM AMLA 300ML,1.553673883,ml
2025-10,2026-01,707789,NIHAR SHANTI BDM AMLA 300ML,1.911076566,tm
2025-11,2026-01,707789,NIHAR SHANTI BDM AMLA 300ML,1.285128353,ml
2025-11,2026-01,707789,NIHAR SHANTI BDM AMLA 300ML,1.580755592,tm
2025-12,2026-01,707789,NIHAR SHANTI BDM AMLA 300ML,1.215105142,ml
2025-12,2026-01,707789,NIHAR SHANTI BDM AMLA 300ML,1.494624444,tm
2025-09,2026-02,707789,NIHAR SHANTI BDM AMLA 300ML,1.325960831,ml
2025-09,2026-02,707789,NIHAR SHANTI BDM AMLA 300ML,1.884225058,tm
2025-10,2026-02,707789,NIHAR SHANTI BDM AMLA 300ML,1.566260552,ml
2025-10,2026-02,707789,NIHAR SHANTI BDM AMLA 300ML,1.926558636,tm
2025-11,2026-02,707789,NIHAR SHANTI BDM AMLA 300ML,1.287802601,ml
2025-11,2026-02,707789,NIHAR SHANTI BDM AMLA 300ML,1.584045017,tm
2025-12,2026-02,707789,NIHAR SHANTI BDM AMLA 300ML,1.475971047,ml
2025-12,2026-02,707789,NIHAR SHANTI BDM AMLA 300ML,1.815499193,tm
2026-01,2026-02,707789,NIHAR SHANTI BDM AMLA 300ML,1.541954108,ml
2026-01,2026-02,707789,NIHAR SHANTI BDM AMLA 300ML,1.887467618,tm
2025-10,2026-03,707789,NIHAR SHANTI BDM AMLA 300ML,1.576138457,ml
2025-10,2026-03,707789,NIHAR SHANTI BDM AMLA 300ML,1.938708826,tm
2025-11,2026-03,707789,NIHAR SHANTI BDM AMLA 300ML,1.279078689,ml
2025-11,2026-03,707789,NIHAR SHANTI BDM AMLA 300ML,1.573314281,tm
2025-12,2026-03,707789,NIHAR SHANTI BDM AMLA 300ML,1.304194079,ml
2025-12,2026-03,707789,NIHAR SHANTI BDM AMLA 300ML,1.604207144,tm
2026-01,2026-03,707789,NIHAR SHANTI BDM AMLA 300ML,1.208531673,ml
2026-01,2026-03,707789,NIHAR SHANTI BDM AMLA 300ML,2.435227455,tm
2026-02,2026-03,707789,NIHAR SHANTI BDM AMLA 300ML,1.530954891,ml
2026-02,2026-03,707789,NIHAR SHANTI BDM AMLA 300ML,1.883131363,tm
2025-11,2026-04,707789,NIHAR SHANTI BDM AMLA 300ML,0.558990106,ml
2025-11,2026-04,707789,NIHAR SHANTI BDM AMLA 300ML,0.687578587,tm
2025-12,2026-04,707789,NIHAR SHANTI BDM AMLA 300ML,0.791542759,ml
2025-12,2026-04,707789,NIHAR SHANTI BDM AMLA 300ML,0.973626985,tm
2026-01,2026-04,707789,NIHAR SHANTI BDM AMLA 300ML,1.241398178,ml
2026-01,2026-04,707789,NIHAR SHANTI BDM AMLA 300ML,1.526965854,tm
2026-02,2026-04,707789,NIHAR SHANTI BDM AMLA 300ML,0.876006332,ml
2026-02,2026-04,707789,NIHAR SHANTI BDM AMLA 300ML,1.077520315,tm
2026-03,2026-04,707789,NIHAR SHANTI BDM AMLA 300ML,1.09311,ml
2026-03,2026-04,707789,NIHAR SHANTI BDM AMLA 300ML,1.145703133,tm
2025-12,2026-05,707789,NIHAR SHANTI BDM AMLA 300ML,1.281368309,ml
2025-12,2026-05,707789,NIHAR SHANTI BDM AMLA 300ML,1.576130599,tm
2026-01,2026-05,707789,NIHAR SHANTI BDM AMLA 300ML,1.208739079,ml
2026-01,2026-05,707789,NIHAR SHANTI BDM AMLA 300ML,1.486793949,tm
2026-02,2026-05,707789,NIHAR SHANTI BDM AMLA 300ML,1.076993474,ml
2026-02,2026-05,707789,NIHAR SHANTI BDM AMLA 300ML,1.324741964,tm
2026-03,2026-05,707789,NIHAR SHANTI BDM AMLA 300ML,1.208028703,ml
2026-03,2026-05,707789,NIHAR SHANTI BDM AMLA 300ML,1.266150954,tm
2026-04,2026-05,707789,NIHAR SHANTI BDM AMLA 300ML,1.245122885,ml
2026-04,2026-05,707789,NIHAR SHANTI BDM AMLA 300ML,1.30502986,tm
2026-01,2026-06,707789,NIHAR SHANTI BDM AMLA 300ML,1.208809193,ml
2026-01,2026-06,707789,NIHAR SHANTI BDM AMLA 300ML,1.486880192,tm
2026-02,2026-06,707789,NIHAR SHANTI BDM AMLA 300ML,1.076852369,ml
2026-02,2026-06,707789,NIHAR SHANTI BDM AMLA 300ML,1.324568399,tm
2026-03,2026-06,707789,NIHAR SHANTI BDM AMLA 300ML,1.173553727,ml
2026-03,2026-06,707789,NIHAR SHANTI BDM AMLA 300ML,1.230017273,tm
2026-04,2026-06,707789,NIHAR SHANTI BDM AMLA 300ML,1.21032704,ml
2026-04,2026-06,707789,NIHAR SHANTI BDM AMLA 300ML,1.268559872,tm
2026-05,2026-06,707789,NIHAR SHANTI BDM AMLA 300ML,1.148295027,ml
2026-05,2026-06,707789,NIHAR SHANTI BDM AMLA 300ML,1.203543294,tm
2026-02,2026-07,707789,NIHAR SHANTI BDM AMLA 300ML,1.076581065,ml
2026-02,2026-07,707789,NIHAR SHANTI BDM AMLA 300ML,1.324234684,tm
2026-03,2026-07,707789,NIHAR SHANTI BDM AMLA 300ML,1.162061187,ml
2026-03,2026-07,707789,NIHAR SHANTI BDM AMLA 300ML,1.217971789,tm
2026-04,2026-07,707789,NIHAR SHANTI BDM AMLA 300ML,1.22314304,ml
2026-04,2026-07,707789,NIHAR SHANTI BDM AMLA 300ML,1.281992492,tm
2026-05,2026-07,707789,NIHAR SHANTI BDM AMLA 300ML,1.100691056,ml
2026-05,2026-07,707789,NIHAR SHANTI BDM AMLA 300ML,1.153648938,tm
2026-06,2026-07,707789,NIHAR SHANTI BDM AMLA 300ML,1.225491018,ml
2026-06,2026-07,707789,NIHAR SHANTI BDM AMLA 300ML,1.284453439,tm
2026-03,2026-08,707789,NIHAR SHANTI BDM AMLA 300ML,1.07667,ml
2026-03,2026-08,707789,NIHAR SHANTI BDM AMLA 300ML,1.12847215,tm
2026-04,2026-08,707789,NIHAR SHANTI BDM AMLA 300ML,1.085217186,ml
2026-04,2026-08,707789,NIHAR SHANTI BDM AMLA 300ML,1.137430569,tm
2026-05,2026-08,707789,NIHAR SHANTI BDM AMLA 300ML,1.127121443,ml
2026-05,2026-08,707789,NIHAR SHANTI BDM AMLA 300ML,1.181350978,tm
2026-06,2026-08,707789,NIHAR SHANTI BDM AMLA 300ML,1.115136865,ml
2026-06,2026-08,707789,NIHAR SHANTI BDM AMLA 300ML,1.168789783,tm
2026-07,2026-08,707789,NIHAR SHANTI BDM AMLA 300ML,0.934043252,ml
2026-07,2026-08,707789,NIHAR SHANTI BDM AMLA 300ML,0.978983158,tm
2026-04,2026-09,707789,NIHAR SHANTI BDM AMLA 300ML,1.225008,ml
2026-04,2026-09,707789,NIHAR SHANTI BDM AMLA 300ML,1.283947181,tm
2026-05,2026-09,707789,NIHAR SHANTI BDM AMLA 300ML,0.942825271,ml
2026-05,2026-09,707789,NIHAR SHANTI BDM AMLA 300ML,0.988187709,tm
2026-06,2026-09,707789,NIHAR SHANTI BDM AMLA 300ML,1.115136865,ml
2026-06,2026-09,707789,NIHAR SHANTI BDM AMLA 300ML,1.168789783,tm
2026-07,2026-09,707789,NIHAR SHANTI BDM AMLA 300ML,0.9665299552,ml
2026-07,2026-09,707789,NIHAR SHANTI BDM AMLA 300ML,1.013032904,tm
2026-05,2026-10,707789,NIHAR SHANTI BDM AMLA 300ML,1.066346246,ml
2026-05,2026-10,707789,NIHAR SHANTI BDM AMLA 300ML,1.117651686,tm
2026-06,2026-10,707789,NIHAR SHANTI BDM AMLA 300ML,1.057077475,ml
2026-06,2026-10,707789,NIHAR SHANTI BDM AMLA 300ML,1.107936964,tm
2026-07,2026-10,707789,NIHAR SHANTI BDM AMLA 300ML,0.7324423046,ml
2026-07,2026-10,707789,NIHAR SHANTI BDM AMLA 300ML,0.767682523,tm
2026-06,2026-11,707789,NIHAR SHANTI BDM AMLA 300ML,1.115136865,ml
2026-06,2026-11,707789,NIHAR SHANTI BDM AMLA 300ML,1.168789783,tm
2026-07,2026-11,707789,NIHAR SHANTI BDM AMLA 300ML,0.8459188,ml
2026-07,2026-11,707789,NIHAR SHANTI BDM AMLA 300ML,0.886618747,tm
2026-07,2026-12,707789,NIHAR SHANTI BDM AMLA 300ML,0.9665299552,ml
2026-07,2026-12,707789,NIHAR SHANTI BDM AMLA 300ML,1.013032904,tm
2025-04,2025-05,707905,PCNO 350ml FT BOT - (PB),83.22524359,ml
2025-04,2025-05,707905,PCNO 350ml FT BOT - (PB),100.0,tm
2025-04,2025-06,707905,PCNO 350ml FT BOT - (PB),86.96102152,ml
2025-04,2025-06,707905,PCNO 350ml FT BOT - (PB),85.0,tm
2025-05,2025-06,707905,PCNO 350ml FT BOT - (PB),84.46658571,ml
2025-05,2025-06,707905,PCNO 350ml FT BOT - (PB),100.0,tm
2025-04,2025-07,707905,PCNO 350ml FT BOT - (PB),78.86531071,ml
2025-04,2025-07,707905,PCNO 350ml FT BOT - (PB),105.0,tm
2025-05,2025-07,707905,PCNO 350ml FT BOT - (PB),92.24802427,ml
2025-05,2025-07,707905,PCNO 350ml FT BOT - (PB),105.0,tm
2025-06,2025-07,707905,PCNO 350ml FT BOT - (PB),95.0984925,ml
2025-06,2025-07,707905,PCNO 350ml FT BOT - (PB),105.0,tm
2025-04,2025-08,707905,PCNO 350ml FT BOT - (PB),88.4972185,ml
2025-04,2025-08,707905,PCNO 350ml FT BOT - (PB),90.0,tm
2025-05,2025-08,707905,PCNO 350ml FT BOT - (PB),82.64398329,ml
2025-05,2025-08,707905,PCNO 350ml FT BOT - (PB),90.0,tm
2025-06,2025-08,707905,PCNO 350ml FT BOT - (PB),75.68802331,ml
2025-06,2025-08,707905,PCNO 350ml FT BOT - (PB),90.0,tm
2025-07,2025-08,707905,PCNO 350ml FT BOT - (PB),77.13990781,ml
2025-07,2025-08,707905,PCNO 350ml FT BOT - (PB),90.0,tm
2025-04,2025-09,707905,PCNO 350ml FT BOT - (PB),96.12545989,ml
2025-04,2025-09,707905,PCNO 350ml FT BOT - (PB),105.0,tm
2025-05,2025-09,707905,PCNO 350ml FT BOT - (PB),93.51911791,ml
2025-05,2025-09,707905,PCNO 350ml FT BOT - (PB),105.0,tm
2025-06,2025-09,707905,PCNO 350ml FT BOT - (PB),94.2230198,ml
2025-06,2025-09,707905,PCNO 350ml FT BOT - (PB),105.0,tm
2025-07,2025-09,707905,PCNO 350ml FT BOT - (PB),90.80123979,ml
2025-07,2025-09,707905,PCNO 350ml FT BOT - (PB),115.0,tm
2025-08,2025-09,707905,PCNO 350ml FT BOT - (PB),91.32883347,ml
2025-08,2025-09,707905,PCNO 350ml FT BOT - (PB),115.0,tm
2025-05,2025-10,707905,PCNO 350ml FT BOT - (PB),82.95610055,ml
2025-05,2025-10,707905,PCNO 350ml FT BOT - (PB),115.0,tm
2025-06,2025-10,707905,PCNO 350ml FT BOT - (PB),92.26330575,ml
2025-06,2025-10,707905,PCNO 350ml FT BOT - (PB),115.0,tm
2025-07,2025-10,707905,PCNO 350ml FT BOT - (PB),104.2419192,ml
2025-07,2025-10,707905,PCNO 350ml FT BOT - (PB),115.0,tm
2025-08,2025-10,707905,PCNO 350ml FT BOT - (PB),93.80480805,ml
2025-08,2025-10,707905,PCNO 350ml FT BOT - (PB),115.0,tm
2025-09,2025-10,707905,PCNO 350ml FT BOT - (PB),86.28011352,ml
2025-09,2025-10,707905,PCNO 350ml FT BOT - (PB),100.0,tm
2025-06,2025-11,707905,PCNO 350ml FT BOT - (PB),75.65973916,ml
2025-06,2025-11,707905,PCNO 350ml FT BOT - (PB),85.0,tm
2025-07,2025-11,707905,PCNO 350ml FT BOT - (PB),84.59905578,ml
2025-07,2025-11,707905,PCNO 350ml FT BOT - (PB),85.0,tm
2025-08,2025-11,707905,PCNO 350ml FT BOT - (PB),88.17546232,ml
2025-08,2025-11,707905,PCNO 350ml FT BOT - (PB),85.0,tm
2025-09,2025-11,707905,PCNO 350ml FT BOT - (PB),74.32447332,ml
2025-09,2025-11,707905,PCNO 350ml FT BOT - (PB),90.0,tm
2025-10,2025-11,707905,PCNO 350ml FT BOT - (PB),77.39287836,ml
2025-10,2025-11,707905,PCNO 350ml FT BOT - (PB),90.0,tm
2025-07,2025-12,707905,PCNO 350ml FT BOT - (PB),91.18244179,ml
2025-07,2025-12,707905,PCNO 350ml FT BOT - (PB),120.0,tm
2025-08,2025-12,707905,PCNO 350ml FT BOT - (PB),89.58267249,ml
2025-08,2025-12,707905,PCNO 350ml FT BOT - (PB),120.0,tm
2025-09,2025-12,707905,PCNO 350ml FT BOT - (PB),90.28157816,ml
2025-09,2025-12,707905,PCNO 350ml FT BOT - (PB),110.0,tm
2025-10,2025-12,707905,PCNO 350ml FT BOT - (PB),87.15435127,ml
2025-10,2025-12,707905,PCNO 350ml FT BOT - (PB),110.0,tm
2025-11,2025-12,707905,PCNO 350ml FT BOT - (PB),87.2219365,ml
2025-11,2025-12,707905,PCNO 350ml FT BOT - (PB),110.0,tm
2025-08,2026-01,707905,PCNO 350ml FT BOT - (PB),72.4218954,ml
2025-08,2026-01,707905,PCNO 350ml FT BOT - (PB),85.0,tm
2025-09,2026-01,707905,PCNO 350ml FT BOT - (PB),73.98494316,ml
2025-09,2026-01,707905,PCNO 350ml FT BOT - (PB),85.0,tm
2025-10,2026-01,707905,PCNO 350ml FT BOT - (PB),60.29281919,ml
2025-10,2026-01,707905,PCNO 350ml FT BOT - (PB),85.0,tm
2025-11,2026-01,707905,PCNO 350ml FT BOT - (PB),65.9858131,ml
2025-11,2026-01,707905,PCNO 350ml FT BOT - (PB),100.0,tm
2025-12,2026-01,707905,PCNO 350ml FT BOT - (PB),66.52630961,ml
2025-12,2026-01,707905,PCNO 350ml FT BOT - (PB),100.0,tm
2025-09,2026-02,707905,PCNO 350ml FT BOT - (PB),89.26308926,ml
2025-09,2026-02,707905,PCNO 350ml FT BOT - (PB),105.0,tm
2025-10,2026-02,707905,PCNO 350ml FT BOT - (PB),82.49937755,ml
2025-10,2026-02,707905,PCNO 350ml FT BOT - (PB),105.0,tm
2025-11,2026-02,707905,PCNO 350ml FT BOT - (PB),81.51191854,ml
2025-11,2026-02,707905,PCNO 350ml FT BOT - (PB),105.0,tm
2025-12,2026-02,707905,PCNO 350ml FT BOT - (PB),88.60093815,ml
2025-12,2026-02,707905,PCNO 350ml FT BOT - (PB),105.0,tm
2026-01,2026-02,707905,PCNO 350ml FT BOT - (PB),85.27283076,ml
2026-01,2026-02,707905,PCNO 350ml FT BOT - (PB),105.0,tm
2025-10,2026-03,707905,PCNO 350ml FT BOT - (PB),85.43581792,ml
2025-10,2026-03,707905,PCNO 350ml FT BOT - (PB),115.0,tm
2025-11,2026-03,707905,PCNO 350ml FT BOT - (PB),82.99378572,ml
2025-11,2026-03,707905,PCNO 350ml FT BOT - (PB),115.0,tm
2025-12,2026-03,707905,PCNO 350ml FT BOT - (PB),91.04796934,ml
2025-12,2026-03,707905,PCNO 350ml FT BOT - (PB),115.0,tm
2026-01,2026-03,707905,PCNO 350ml FT BOT - (PB),97.44139994,ml
2026-01,2026-03,707905,PCNO 350ml FT BOT - (PB),115.0,tm
2026-02,2026-03,707905,PCNO 350ml FT BOT - (PB),80.78626339,ml
2026-02,2026-03,707905,PCNO 350ml FT BOT - (PB),110.5,tm
2025-11,2026-04,707905,PCNO 350ml FT BOT - (PB),83.00312988,ml
2025-11,2026-04,707905,PCNO 350ml FT BOT - (PB),105.0,tm
2025-12,2026-04,707905,PCNO 350ml FT BOT - (PB),78.81037467,ml
2025-12,2026-04,707905,PCNO 350ml FT BOT - (PB),120.0,tm
2026-01,2026-04,707905,PCNO 350ml FT BOT - (PB),87.25875706,ml
2026-01,2026-04,707905,PCNO 350ml FT BOT - (PB),120.0,tm
2026-02,2026-04,707905,PCNO 350ml FT BOT - (PB),78.42505603,ml
2026-02,2026-04,707905,PCNO 350ml FT BOT - (PB),135.0,tm
2026-03,2026-04,707905,PCNO 350ml FT BOT - (PB),52.73342875,ml
2026-03,2026-04,707905,PCNO 350ml FT BOT - (PB),120.0,tm
2025-12,2026-05,707905,PCNO 350ml FT BOT - (PB),90.0998357,ml
2025-12,2026-05,707905,PCNO 350ml FT BOT - (PB),100.0,tm
2026-01,2026-05,707905,PCNO 350ml FT BOT - (PB),89.69101482,ml
2026-01,2026-05,707905,PCNO 350ml FT BOT - (PB),110.0,tm
2026-02,2026-05,707905,PCNO 350ml FT BOT - (PB),78.71575025,ml
2026-02,2026-05,707905,PCNO 350ml FT BOT - (PB),110.0,tm
2026-03,2026-05,707905,PCNO 350ml FT BOT - (PB),60.91882546,ml
2026-03,2026-05,707905,PCNO 350ml FT BOT - (PB),100.0,tm
2026-04,2026-05,707905,PCNO 350ml FT BOT - (PB),96.80584683,ml
2026-04,2026-05,707905,PCNO 350ml FT BOT - (PB),100.0,tm
2026-01,2026-06,707905,PCNO 350ml FT BOT - (PB),78.17725525,ml
2026-01,2026-06,707905,PCNO 350ml FT BOT - (PB),105.0,tm
2026-02,2026-06,707905,PCNO 350ml FT BOT - (PB),76.5094609,ml
2026-02,2026-06,707905,PCNO 350ml FT BOT - (PB),105.0,tm
2026-03,2026-06,707905,PCNO 350ml FT BOT - (PB),54.00139303,ml
2026-03,2026-06,707905,PCNO 350ml FT BOT - (PB),100.0,tm
2026-04,2026-06,707905,PCNO 350ml FT BOT - (PB),96.25861347,ml
2026-04,2026-06,707905,PCNO 350ml FT BOT - (PB),100.0,tm
2026-05,2026-06,707905,PCNO 350ml FT BOT - (PB),90.1114155,ml
2026-05,2026-06,707905,PCNO 350ml FT BOT - (PB),100.0,tm
2026-02,2026-07,707905,PCNO 350ml FT BOT - (PB),75.22666518,ml
2026-02,2026-07,707905,PCNO 350ml FT BOT - (PB),80.0,tm
2026-03,2026-07,707905,PCNO 350ml FT BOT - (PB),56.4516011,ml
2026-03,2026-07,707905,PCNO 350ml FT BOT - (PB),74.0,tm
2026-04,2026-07,707905,PCNO 350ml FT BOT - (PB),79.51465215,ml
2026-04,2026-07,707905,PCNO 350ml FT BOT - (PB),74.0,tm
2026-05,2026-07,707905,PCNO 350ml FT BOT - (PB),71.3970247,ml
2026-05,2026-07,707905,PCNO 350ml FT BOT - (PB),75.0,tm
2026-06,2026-07,707905,PCNO 350ml FT BOT - (PB),78.160255105,ml
2026-06,2026-07,707905,PCNO 350ml FT BOT - (PB),65.0,tm
2026-03,2026-08,707905,PCNO 350ml FT BOT - (PB),50.82497107,ml
2026-03,2026-08,707905,PCNO 350ml FT BOT - (PB),80.0,tm
2026-04,2026-08,707905,PCNO 350ml FT BOT - (PB),79.97631306,ml
2026-04,2026-08,707905,PCNO 350ml FT BOT - (PB),80.0,tm
2026-05,2026-08,707905,PCNO 350ml FT BOT - (PB),73.92858045,ml
2026-05,2026-08,707905,PCNO 350ml FT BOT - (PB),85.0,tm
2026-06,2026-08,707905,PCNO 350ml FT BOT - (PB),71.292364245,ml
2026-06,2026-08,707905,PCNO 350ml FT BOT - (PB),80.0,tm
2026-07,2026-08,707905,PCNO 350ml FT BOT - (PB),76.286755493,ml
2026-07,2026-08,707905,PCNO 350ml FT BOT - (PB),87.912238393,tm
2026-04,2026-09,707905,PCNO 350ml FT BOT - (PB),85.4194363,ml
2026-04,2026-09,707905,PCNO 350ml FT BOT - (PB),100.0,tm
2026-05,2026-09,707905,PCNO 350ml FT BOT - (PB),70.75520099,ml
2026-05,2026-09,707905,PCNO 350ml FT BOT - (PB),100.0,tm
2026-06,2026-09,707905,PCNO 350ml FT BOT - (PB),76.587114929,ml
2026-06,2026-09,707905,PCNO 350ml FT BOT - (PB),100.0,tm
2026-07,2026-09,707905,PCNO 350ml FT BOT - (PB),77.72645823,ml
2026-07,2026-09,707905,PCNO 350ml FT BOT - (PB),89.571340151,tm
2026-05,2026-10,707905,PCNO 350ml FT BOT - (PB),71.3970247,ml
2026-05,2026-10,707905,PCNO 350ml FT BOT - (PB),95.0,tm
2026-06,2026-10,707905,PCNO 350ml FT BOT - (PB),82.256916568,ml
2026-06,2026-10,707905,PCNO 350ml FT BOT - (PB),95.0,tm
2026-07,2026-10,707905,PCNO 350ml FT BOT - (PB),77.312061568,ml
2026-07,2026-10,707905,PCNO 350ml FT BOT - (PB),89.093792799,tm
2026-06,2026-11,707905,PCNO 350ml FT BOT - (PB),78.428827457,ml
2026-06,2026-11,707905,PCNO 350ml FT BOT - (PB),80.0,tm
2026-07,2026-11,707905,PCNO 350ml FT BOT - (PB),73.762711775,ml
2026-07,2026-11,707905,PCNO 350ml FT BOT - (PB),85.00355088,tm
2026-07,2026-12,707905,PCNO 350ml FT BOT - (PB),65.036419987,ml
2026-07,2026-12,707905,PCNO 350ml FT BOT - (PB),74.947442988,tm
2025-04,2025-05,707936,NIHAR SHANTI BDM AMLA 200ML-N,0.825887735,ml
2025-04,2025-05,707936,NIHAR SHANTI BDM AMLA 200ML-N,2.451532565,tm
2025-04,2025-06,707936,NIHAR SHANTI BDM AMLA 200ML-N,0.364304507,ml
2025-04,2025-06,707936,NIHAR SHANTI BDM AMLA 200ML-N,1.972544114,tm
2025-05,2025-06,707936,NIHAR SHANTI BDM AMLA 200ML-N,0.8253,ml
2025-05,2025-06,707936,NIHAR SHANTI BDM AMLA 200ML-N,1.972544114,tm
2025-04,2025-07,707936,NIHAR SHANTI BDM AMLA 200ML-N,0.291329647,ml
2025-04,2025-07,707936,NIHAR SHANTI BDM AMLA 200ML-N,1.832048438,tm
2025-05,2025-07,707936,NIHAR SHANTI BDM AMLA 200ML-N,0.169371826,ml
2025-05,2025-07,707936,NIHAR SHANTI BDM AMLA 200ML-N,1.832048438,tm
2025-06,2025-07,707936,NIHAR SHANTI BDM AMLA 200ML-N,0.283839181,ml
2025-06,2025-07,707936,NIHAR SHANTI BDM AMLA 200ML-N,0.355367143,tm
2025-04,2025-08,707936,NIHAR SHANTI BDM AMLA 200ML-N,0.88803411,ml
2025-04,2025-08,707936,NIHAR SHANTI BDM AMLA 200ML-N,2.547338986,tm
2025-05,2025-08,707936,NIHAR SHANTI BDM AMLA 200ML-N,1.009249401,ml
2025-05,2025-08,707936,NIHAR SHANTI BDM AMLA 200ML-N,2.547338986,tm
2025-06,2025-08,707936,NIHAR SHANTI BDM AMLA 200ML-N,1.059621844,ml
2025-06,2025-08,707936,NIHAR SHANTI BDM AMLA 200ML-N,1.32664837,tm
2025-07,2025-08,707936,NIHAR SHANTI BDM AMLA 200ML-N,1.23570622,ml
2025-07,2025-08,707936,NIHAR SHANTI BDM AMLA 200ML-N,1.547106312,tm
2025-04,2025-09,707936,NIHAR SHANTI BDM AMLA 200ML-N,0.878333741,ml
2025-04,2025-09,707936,NIHAR SHANTI BDM AMLA 200ML-N,1.791336887,tm
2025-05,2025-09,707936,NIHAR SHANTI BDM AMLA 200ML-N,1.267859184,ml
2025-05,2025-09,707936,NIHAR SHANTI BDM AMLA 200ML-N,1.791336887,tm
2025-06,2025-09,707936,NIHAR SHANTI BDM AMLA 200ML-N,1.059621844,ml
2025-06,2025-09,707936,NIHAR SHANTI BDM AMLA 200ML-N,1.32664837,tm
2025-07,2025-09,707936,NIHAR SHANTI BDM AMLA 200ML-N,1.129631953,ml
2025-07,2025-09,707936,NIHAR SHANTI BDM AMLA 200ML-N,1.414301147,tm
2025-08,2025-09,707936,NIHAR SHANTI BDM AMLA 200ML-N,1.190836422,ml
2025-08,2025-09,707936,NIHAR SHANTI BDM AMLA 200ML-N,1.490929247,tm
2025-05,2025-10,707936,NIHAR SHANTI BDM AMLA 200ML-N,1.267059499,ml
2025-05,2025-10,707936,NIHAR SHANTI BDM AMLA 200ML-N,1.6028,tm
2025-06,2025-10,707936,NIHAR SHANTI BDM AMLA 200ML-N,1.075911289,ml
2025-06,2025-10,707936,NIHAR SHANTI BDM AMLA 200ML-N,1.347042784,tm
2025-07,2025-10,707936,NIHAR SHANTI BDM AMLA 200ML-N,1.171100061,ml
2025-07,2025-10,707936,NIHAR SHANTI BDM AMLA 200ML-N,1.46621929,tm
2025-08,2025-10,707936,NIHAR SHANTI BDM AMLA 200ML-N,1.223619273,ml
2025-08,2025-10,707936,NIHAR SHANTI BDM AMLA 200ML-N,1.531973434,tm
2025-09,2025-10,707936,NIHAR SHANTI BDM AMLA 200ML-N,1.504524035,ml
2025-09,2025-10,707936,NIHAR SHANTI BDM AMLA 200ML-N,1.883666679,tm
2025-06,2025-11,707936,NIHAR SHANTI BDM AMLA 200ML-N,1.059621844,ml
2025-06,2025-11,707936,NIHAR SHANTI BDM AMLA 200ML-N,1.32664837,tm
2025-07,2025-11,707936,NIHAR SHANTI BDM AMLA 200ML-N,1.178208254,ml
2025-07,2025-11,707936,NIHAR SHANTI BDM AMLA 200ML-N,1.475118759,tm
2025-08,2025-11,707936,NIHAR SHANTI BDM AMLA 200ML-N,1.178081043,ml
2025-08,2025-11,707936,NIHAR SHANTI BDM AMLA 200ML-N,1.474959491,tm
2025-09,2025-11,707936,NIHAR SHANTI BDM AMLA 200ML-N,1.117528172,ml
2025-09,2025-11,707936,NIHAR SHANTI BDM AMLA 200ML-N,1.399147192,tm
2025-10,2025-11,707936,NIHAR SHANTI BDM AMLA 200ML-N,1.147227524,ml
2025-10,2025-11,707936,NIHAR SHANTI BDM AMLA 200ML-N,1.436330833,tm
2025-07,2025-12,707936,NIHAR SHANTI BDM AMLA 200ML-N,1.248693852,ml
2025-07,2025-12,707936,NIHAR SHANTI BDM AMLA 200ML-N,1.563366849,tm
2025-08,2025-12,707936,NIHAR SHANTI BDM AMLA 200ML-N,1.267244437,ml
2025-08,2025-12,707936,NIHAR SHANTI BDM AMLA 200ML-N,1.586592214,tm
2025-09,2025-12,707936,NIHAR SHANTI BDM AMLA 200ML-N,1.238589068,ml
2025-09,2025-12,707936,NIHAR SHANTI BDM AMLA 200ML-N,1.550715642,tm
2025-10,2025-12,707936,NIHAR SHANTI BDM AMLA 200ML-N,1.212631216,ml
2025-10,2025-12,707936,NIHAR SHANTI BDM AMLA 200ML-N,1.518216366,tm
2025-11,2025-12,707936,NIHAR SHANTI BDM AMLA 200ML-N,1.094157395,ml
2025-11,2025-12,707936,NIHAR SHANTI BDM AMLA 200ML-N,1.36988694,tm
2025-08,2026-01,707936,NIHAR SHANTI BDM AMLA 200ML-N,1.19312838,ml
2025-08,2026-01,707936,NIHAR SHANTI BDM AMLA 200ML-N,1.493798783,tm
2025-09,2026-01,707936,NIHAR SHANTI BDM AMLA 200ML-N,1.449435959,ml
2025-09,2026-01,707936,NIHAR SHANTI BDM AMLA 200ML-N,1.814696312,tm
2025-10,2026-01,707936,NIHAR SHANTI BDM AMLA 200ML-N,1.111727376,ml
2025-10,2026-01,707936,NIHAR SHANTI BDM AMLA 200ML-N,1.391884585,tm
2025-11,2026-01,707936,NIHAR SHANTI BDM AMLA 200ML-N,1.14244609,ml
2025-11,2026-01,707936,NIHAR SHANTI BDM AMLA 200ML-N,1.430344468,tm
2025-12,2026-01,707936,NIHAR SHANTI BDM AMLA 200ML-N,0.90414236,ml
2025-12,2026-01,707936,NIHAR SHANTI BDM AMLA 200ML-N,1.131987789,tm
2025-09,2026-02,707936,NIHAR SHANTI BDM AMLA 200ML-N,1.215615834,ml
2025-09,2026-02,707936,NIHAR SHANTI BDM AMLA 200ML-N,1.521953114,tm
2025-10,2026-02,707936,NIHAR SHANTI BDM AMLA 200ML-N,1.162953369,ml
2025-10,2026-02,707936,NIHAR SHANTI BDM AMLA 200ML-N,1.456019617,tm
2025-11,2026-02,707936,NIHAR SHANTI BDM AMLA 200ML-N,1.525739535,ml
2025-11,2026-02,707936,NIHAR SHANTI BDM AMLA 200ML-N,1.91022852,tm
2025-12,2026-02,707936,NIHAR SHANTI BDM AMLA 200ML-N,0.882046877,ml
2025-12,2026-02,707936,NIHAR SHANTI BDM AMLA 200ML-N,1.104324206,tm
2026-01,2026-02,707936,NIHAR SHANTI BDM AMLA 200ML-N,1.018240429,ml
2026-01,2026-02,707936,NIHAR SHANTI BDM AMLA 200ML-N,1.827175444,tm
2025-10,2026-03,707936,NIHAR SHANTI BDM AMLA 200ML-N,1.122645391,ml
2025-10,2026-03,707936,NIHAR SHANTI BDM AMLA 200ML-N,1.40555396,tm
2025-11,2026-03,707936,NIHAR SHANTI BDM AMLA 200ML-N,1.497688524,ml
2025-11,2026-03,707936,NIHAR SHANTI BDM AMLA 200ML-N,1.875108607,tm
2025-12,2026-03,707936,NIHAR SHANTI BDM AMLA 200ML-N,0.943425636,ml
2025-12,2026-03,707936,NIHAR SHANTI BDM AMLA 200ML-N,1.181170518,tm
2026-01,2026-03,707936,NIHAR SHANTI BDM AMLA 200ML-N,0.993265072,ml
2026-01,2026-03,707936,NIHAR SHANTI BDM AMLA 200ML-N,2.395903628,tm
2026-02,2026-03,707936,NIHAR SHANTI BDM AMLA 200ML-N,0.986557321,ml
2026-02,2026-03,707936,NIHAR SHANTI BDM AMLA 200ML-N,1.235171462,tm
2025-11,2026-04,707936,NIHAR SHANTI BDM AMLA 200ML-N,0.8127,ml
2025-11,2026-04,707936,NIHAR SHANTI BDM AMLA 200ML-N,1.017501797,tm
2025-12,2026-04,707936,NIHAR SHANTI BDM AMLA 200ML-N,0.771345935,ml
2025-12,2026-04,707936,NIHAR SHANTI BDM AMLA 200ML-N,0.965726437,tm
2026-01,2026-04,707936,NIHAR SHANTI BDM AMLA 200ML-N,0.7392886,ml
2026-01,2026-04,707936,NIHAR SHANTI BDM AMLA 200ML-N,0.925590598,tm
2026-02,2026-04,707936,NIHAR SHANTI BDM AMLA 200ML-N,0.9478,ml
2026-02,2026-04,707936,NIHAR SHANTI BDM AMLA 200ML-N,1.186647229,tm
2026-03,2026-04,707936,NIHAR SHANTI BDM AMLA 200ML-N,0.886507961,ml
2026-03,2026-04,707936,NIHAR SHANTI BDM AMLA 200ML-N,0.92313817,tm
2025-12,2026-05,707936,NIHAR SHANTI BDM AMLA 200ML-N,0.959013318,ml
2025-12,2026-05,707936,NIHAR SHANTI BDM AMLA 200ML-N,1.200686323,tm
2026-01,2026-05,707936,NIHAR SHANTI BDM AMLA 200ML-N,1.016041838,ml
2026-01,2026-05,707936,NIHAR SHANTI BDM AMLA 200ML-N,1.272086128,tm
2026-02,2026-05,707936,NIHAR SHANTI BDM AMLA 200ML-N,0.979646337,ml
2026-02,2026-05,707936,NIHAR SHANTI BDM AMLA 200ML-N,1.226518898,tm
2026-03,2026-05,707936,NIHAR SHANTI BDM AMLA 200ML-N,1.002247316,ml
2026-03,2026-05,707936,NIHAR SHANTI BDM AMLA 200ML-N,1.043659836,tm
2026-04,2026-05,707936,NIHAR SHANTI BDM AMLA 200ML-N,1.088307138,ml
2026-04,2026-05,707936,NIHAR SHANTI BDM AMLA 200ML-N,1.133275621,tm
2026-01,2026-06,707936,NIHAR SHANTI BDM AMLA 200ML-N,0.969232807,ml
2026-01,2026-06,707936,NIHAR SHANTI BDM AMLA 200ML-N,1.21348114,tm
2026-02,2026-06,707936,NIHAR SHANTI BDM AMLA 200ML-N,0.979807843,ml
2026-02,2026-06,707936,NIHAR SHANTI BDM AMLA 200ML-N,1.226721104,tm
2026-03,2026-06,707936,NIHAR SHANTI BDM AMLA 200ML-N,1.032415821,ml
2026-03,2026-06,707936,NIHAR SHANTI BDM AMLA 200ML-N,1.075074893,tm
2026-04,2026-06,707936,NIHAR SHANTI BDM AMLA 200ML-N,0.988828808,ml
2026-04,2026-06,707936,NIHAR SHANTI BDM AMLA 200ML-N,1.02968688,tm
2026-05,2026-06,707936,NIHAR SHANTI BDM AMLA 200ML-N,0.997872568,ml
2026-05,2026-06,707936,NIHAR SHANTI BDM AMLA 200ML-N,1.039104324,tm
2026-02,2026-07,707936,NIHAR SHANTI BDM AMLA 200ML-N,0.979849908,ml
2026-02,2026-07,707936,NIHAR SHANTI BDM AMLA 200ML-N,1.226773769,tm
2026-03,2026-07,707936,NIHAR SHANTI BDM AMLA 200ML-N,1.051176112,ml
2026-03,2026-07,707936,NIHAR SHANTI BDM AMLA 200ML-N,1.094610354,tm
2026-04,2026-07,707936,NIHAR SHANTI BDM AMLA 200ML-N,0.988828808,ml
2026-04,2026-07,707936,NIHAR SHANTI BDM AMLA 200ML-N,1.02968688,tm
2026-05,2026-07,707936,NIHAR SHANTI BDM AMLA 200ML-N,1.254098208,ml
2026-05,2026-07,707936,NIHAR SHANTI BDM AMLA 200ML-N,1.305917122,tm
2026-06,2026-07,707936,NIHAR SHANTI BDM AMLA 200ML-N,0.964159189,ml
2026-06,2026-07,707936,NIHAR SHANTI BDM AMLA 200ML-N,1.00399792,tm
2026-03,2026-08,707936,NIHAR SHANTI BDM AMLA 200ML-N,0.901524029,ml
2026-03,2026-08,707936,NIHAR SHANTI BDM AMLA 200ML-N,0.938774697,tm
2026-04,2026-08,707936,NIHAR SHANTI BDM AMLA 200ML-N,0.254537975,ml
2026-04,2026-08,707936,NIHAR SHANTI BDM AMLA 200ML-N,0.265055397,tm
2026-05,2026-08,707936,NIHAR SHANTI BDM AMLA 200ML-N,0.951546385,ml
2026-05,2026-08,707936,NIHAR SHANTI BDM AMLA 200ML-N,0.990863959,tm
2026-06,2026-08,707936,NIHAR SHANTI BDM AMLA 200ML-N,0.964159189,ml
2026-06,2026-08,707936,NIHAR SHANTI BDM AMLA 200ML-N,1.00399792,tm
2026-07,2026-08,707936,NIHAR SHANTI BDM AMLA 200ML-N,0.7815870994,ml
2026-07,2026-08,707936,NIHAR SHANTI BDM AMLA 200ML-N,0.813882014,tm
2026-04,2026-09,707936,NIHAR SHANTI BDM AMLA 200ML-N,0.988828808,ml
2026-04,2026-09,707936,NIHAR SHANTI BDM AMLA 200ML-N,1.02968688,tm
2026-05,2026-09,707936,NIHAR SHANTI BDM AMLA 200ML-N,0.886954539,ml
2026-05,2026-09,707936,NIHAR SHANTI BDM AMLA 200ML-N,0.9236032,tm
2026-06,2026-09,707936,NIHAR SHANTI BDM AMLA 200ML-N,0.964159189,ml
2026-06,2026-09,707936,NIHAR SHANTI BDM AMLA 200ML-N,1.00399792,tm
2026-07,2026-09,707936,NIHAR SHANTI BDM AMLA 200ML-N,0.8023691837,ml
2026-07,2026-09,707936,NIHAR SHANTI BDM AMLA 200ML-N,0.835522807,tm
2026-05,2026-10,707936,NIHAR SHANTI BDM AMLA 200ML-N,0.951546385,ml
2026-05,2026-10,707936,NIHAR SHANTI BDM AMLA 200ML-N,0.990863959,tm
2026-06,2026-10,707936,NIHAR SHANTI BDM AMLA 200ML-N,0.7966,ml
2026-06,2026-10,707936,NIHAR SHANTI BDM AMLA 200ML-N,0.829515242,tm
2026-07,2026-10,707936,NIHAR SHANTI BDM AMLA 200ML-N,0.7385525,ml
2026-07,2026-10,707936,NIHAR SHANTI BDM AMLA 200ML-N,0.769069239,tm
2026-06,2026-11,707936,NIHAR SHANTI BDM AMLA 200ML-N,0.964159189,ml
2026-06,2026-11,707936,NIHAR SHANTI BDM AMLA 200ML-N,1.00399792,tm
2026-07,2026-11,707936,NIHAR SHANTI BDM AMLA 200ML-N,0.7865662839,ml
2026-07,2026-11,707936,NIHAR SHANTI BDM AMLA 200ML-N,0.819066936,tm
2026-07,2026-12,707936,NIHAR SHANTI BDM AMLA 200ML-N,0.7775471596,ml
2026-07,2026-12,707936,NIHAR SHANTI BDM AMLA 200ML-N,0.809675145,tm
2025-04,2025-05,707989,PCNO ADV EXTRA CARE 150ml FT,32.05581531,ml
2025-04,2025-05,707989,PCNO ADV EXTRA CARE 150ml FT,46.0,tm
2025-04,2025-06,707989,PCNO ADV EXTRA CARE 150ml FT,32.10732606,ml
2025-04,2025-06,707989,PCNO ADV EXTRA CARE 150ml FT,40.0,tm
2025-05,2025-06,707989,PCNO ADV EXTRA CARE 150ml FT,33.40841944,ml
2025-05,2025-06,707989,PCNO ADV EXTRA CARE 150ml FT,40.0,tm
2025-04,2025-07,707989,PCNO ADV EXTRA CARE 150ml FT,32.28449745,ml
2025-04,2025-07,707989,PCNO ADV EXTRA CARE 150ml FT,37.82,tm
2025-05,2025-07,707989,PCNO ADV EXTRA CARE 150ml FT,30.86583462,ml
2025-05,2025-07,707989,PCNO ADV EXTRA CARE 150ml FT,37.82,tm
2025-06,2025-07,707989,PCNO ADV EXTRA CARE 150ml FT,32.74111508,ml
2025-06,2025-07,707989,PCNO ADV EXTRA CARE 150ml FT,35.0,tm
2025-04,2025-08,707989,PCNO ADV EXTRA CARE 150ml FT,33.36725133,ml
2025-04,2025-08,707989,PCNO ADV EXTRA CARE 150ml FT,44.02,tm
2025-05,2025-08,707989,PCNO ADV EXTRA CARE 150ml FT,34.00367177,ml
2025-05,2025-08,707989,PCNO ADV EXTRA CARE 150ml FT,44.02,tm
2025-06,2025-08,707989,PCNO ADV EXTRA CARE 150ml FT,37.01426304,ml
2025-06,2025-08,707989,PCNO ADV EXTRA CARE 150ml FT,62.0,tm
2025-07,2025-08,707989,PCNO ADV EXTRA CARE 150ml FT,32.3725414,ml
2025-07,2025-08,707989,PCNO ADV EXTRA CARE 150ml FT,62.0,tm
2025-04,2025-09,707989,PCNO ADV EXTRA CARE 150ml FT,44.77077239,ml
2025-04,2025-09,707989,PCNO ADV EXTRA CARE 150ml FT,46.5,tm
2025-05,2025-09,707989,PCNO ADV EXTRA CARE 150ml FT,42.88576824,ml
2025-05,2025-09,707989,PCNO ADV EXTRA CARE 150ml FT,46.5,tm
2025-06,2025-09,707989,PCNO ADV EXTRA CARE 150ml FT,39.657561,ml
2025-06,2025-09,707989,PCNO ADV EXTRA CARE 150ml FT,35.0,tm
2025-07,2025-09,707989,PCNO ADV EXTRA CARE 150ml FT,39.93549144,ml
2025-07,2025-09,707989,PCNO ADV EXTRA CARE 150ml FT,33.0,tm
2025-08,2025-09,707989,PCNO ADV EXTRA CARE 150ml FT,38.46518655,ml
2025-08,2025-09,707989,PCNO ADV EXTRA CARE 150ml FT,38.0,tm
2025-05,2025-10,707989,PCNO ADV EXTRA CARE 150ml FT,31.07382983,ml
2025-05,2025-10,707989,PCNO ADV EXTRA CARE 150ml FT,37.82,tm
2025-06,2025-10,707989,PCNO ADV EXTRA CARE 150ml FT,32.8456704,ml
2025-06,2025-10,707989,PCNO ADV EXTRA CARE 150ml FT,37.82,tm
2025-07,2025-10,707989,PCNO ADV EXTRA CARE 150ml FT,33.49978188,ml
2025-07,2025-10,707989,PCNO ADV EXTRA CARE 150ml FT,37.82,tm
2025-08,2025-10,707989,PCNO ADV EXTRA CARE 150ml FT,32.92193937,ml
2025-08,2025-10,707989,PCNO ADV EXTRA CARE 150ml FT,37.82,tm
2025-09,2025-10,707989,PCNO ADV EXTRA CARE 150ml FT,32.73587976,ml
2025-09,2025-10,707989,PCNO ADV EXTRA CARE 150ml FT,40.368090187,tm
2025-06,2025-11,707989,PCNO ADV EXTRA CARE 150ml FT,34.01171105,ml
2025-06,2025-11,707989,PCNO ADV EXTRA CARE 150ml FT,40.3,tm
2025-07,2025-11,707989,PCNO ADV EXTRA CARE 150ml FT,34.2272995,ml
2025-07,2025-11,707989,PCNO ADV EXTRA CARE 150ml FT,40.3,tm
2025-08,2025-11,707989,PCNO ADV EXTRA CARE 150ml FT,35.69061291,ml
2025-08,2025-11,707989,PCNO ADV EXTRA CARE 150ml FT,40.3,tm
2025-09,2025-11,707989,PCNO ADV EXTRA CARE 150ml FT,31.89126284,ml
2025-09,2025-11,707989,PCNO ADV EXTRA CARE 150ml FT,46.340363059,tm
2025-10,2025-11,707989,PCNO ADV EXTRA CARE 150ml FT,31.89596384,ml
2025-10,2025-11,707989,PCNO ADV EXTRA CARE 150ml FT,46.619806399,tm
2025-07,2025-12,707989,PCNO ADV EXTRA CARE 150ml FT,32.21035931,ml
2025-07,2025-12,707989,PCNO ADV EXTRA CARE 150ml FT,44.0,tm
2025-08,2025-12,707989,PCNO ADV EXTRA CARE 150ml FT,32.52911234,ml
2025-08,2025-12,707989,PCNO ADV EXTRA CARE 150ml FT,44.0,tm
2025-09,2025-12,707989,PCNO ADV EXTRA CARE 150ml FT,33.63019048,ml
2025-09,2025-12,707989,PCNO ADV EXTRA CARE 150ml FT,48.351531135,tm
2025-10,2025-12,707989,PCNO ADV EXTRA CARE 150ml FT,32.03665865,ml
2025-10,2025-12,707989,PCNO ADV EXTRA CARE 150ml FT,48.603030141,tm
2025-11,2025-12,707989,PCNO ADV EXTRA CARE 150ml FT,33.33227866,ml
2025-11,2025-12,707989,PCNO ADV EXTRA CARE 150ml FT,40.351531135,tm
2025-08,2026-01,707989,PCNO ADV EXTRA CARE 150ml FT,32.9258164,ml
2025-08,2026-01,707989,PCNO ADV EXTRA CARE 150ml FT,37.82,tm
2025-09,2026-01,707989,PCNO ADV EXTRA CARE 150ml FT,31.99548357,ml
2025-09,2026-01,707989,PCNO ADV EXTRA CARE 150ml FT,37.82,tm
2025-10,2026-01,707989,PCNO ADV EXTRA CARE 150ml FT,31.89596384,ml
2025-10,2026-01,707989,PCNO ADV EXTRA CARE 150ml FT,37.970899404,tm
2025-11,2026-01,707989,PCNO ADV EXTRA CARE 150ml FT,31.6122403,ml
2025-11,2026-01,707989,PCNO ADV EXTRA CARE 150ml FT,37.0,tm
2025-12,2026-01,707989,PCNO ADV EXTRA CARE 150ml FT,27.5952343,ml
2025-12,2026-01,707989,PCNO ADV EXTRA CARE 150ml FT,32.43,tm
2025-09,2026-02,707989,PCNO ADV EXTRA CARE 150ml FT,32.176978,ml
2025-09,2026-02,707989,PCNO ADV EXTRA CARE 150ml FT,42.16,tm
2025-10,2026-02,707989,PCNO ADV EXTRA CARE 150ml FT,37.6628714,ml
2025-10,2026-02,707989,PCNO ADV EXTRA CARE 150ml FT,42.310899404,tm
2025-11,2026-02,707989,PCNO ADV EXTRA CARE 150ml FT,33.9700913,ml
2025-11,2026-02,707989,PCNO ADV EXTRA CARE 150ml FT,38.5,tm
2025-12,2026-02,707989,PCNO ADV EXTRA CARE 150ml FT,33.73719422,ml
2025-12,2026-02,707989,PCNO ADV EXTRA CARE 150ml FT,40.1,tm
2026-01,2026-02,707989,PCNO ADV EXTRA CARE 150ml FT,36.62631549,ml
2026-01,2026-02,707989,PCNO ADV EXTRA CARE 150ml FT,40.1,tm
2025-10,2026-03,707989,PCNO ADV EXTRA CARE 150ml FT,29.04149401,ml
2025-10,2026-03,707989,PCNO ADV EXTRA CARE 150ml FT,47.270899404,tm
2025-11,2026-03,707989,PCNO ADV EXTRA CARE 150ml FT,37.060836,ml
2025-11,2026-03,707989,PCNO ADV EXTRA CARE 150ml FT,47.0,tm
2025-12,2026-03,707989,PCNO ADV EXTRA CARE 150ml FT,27.67569426,ml
2025-12,2026-03,707989,PCNO ADV EXTRA CARE 150ml FT,45.0,tm
2026-01,2026-03,707989,PCNO ADV EXTRA CARE 150ml FT,30.24053711,ml
2026-01,2026-03,707989,PCNO ADV EXTRA CARE 150ml FT,45.0,tm
2026-02,2026-03,707989,PCNO ADV EXTRA CARE 150ml FT,29.76678487,ml
2026-02,2026-03,707989,PCNO ADV EXTRA CARE 150ml FT,41.5,tm
2025-11,2026-04,707989,PCNO ADV EXTRA CARE 150ml FT,32.6825751,ml
2025-11,2026-04,707989,PCNO ADV EXTRA CARE 150ml FT,37.0,tm
2025-12,2026-04,707989,PCNO ADV EXTRA CARE 150ml FT,31.273894,ml
2025-12,2026-04,707989,PCNO ADV EXTRA CARE 150ml FT,35.0,tm
2026-01,2026-04,707989,PCNO ADV EXTRA CARE 150ml FT,32.07013026,ml
2026-01,2026-04,707989,PCNO ADV EXTRA CARE 150ml FT,40.0,tm
2026-02,2026-04,707989,PCNO ADV EXTRA CARE 150ml FT,30.41202923,ml
2026-02,2026-04,707989,PCNO ADV EXTRA CARE 150ml FT,38.0,tm
2026-03,2026-04,707989,PCNO ADV EXTRA CARE 150ml FT,30.38386429,ml
2026-03,2026-04,707989,PCNO ADV EXTRA CARE 150ml FT,34.0,tm
2025-12,2026-05,707989,PCNO ADV EXTRA CARE 150ml FT,30.3933781,ml
2025-12,2026-05,707989,PCNO ADV EXTRA CARE 150ml FT,39.0,tm
2026-01,2026-05,707989,PCNO ADV EXTRA CARE 150ml FT,28.17619306,ml
2026-01,2026-05,707989,PCNO ADV EXTRA CARE 150ml FT,41.0,tm
2026-02,2026-05,707989,PCNO ADV EXTRA CARE 150ml FT,29.28906248,ml
2026-02,2026-05,707989,PCNO ADV EXTRA CARE 150ml FT,44.5,tm
2026-03,2026-05,707989,PCNO ADV EXTRA CARE 150ml FT,32.71407447,ml
2026-03,2026-05,707989,PCNO ADV EXTRA CARE 150ml FT,44.5,tm
2026-04,2026-05,707989,PCNO ADV EXTRA CARE 150ml FT,31.71608937,ml
2026-04,2026-05,707989,PCNO ADV EXTRA CARE 150ml FT,44.5,tm
2026-01,2026-06,707989,PCNO ADV EXTRA CARE 150ml FT,31.97006774,ml
2026-01,2026-06,707989,PCNO ADV EXTRA CARE 150ml FT,38.0,tm
2026-02,2026-06,707989,PCNO ADV EXTRA CARE 150ml FT,30.45231065,ml
2026-02,2026-06,707989,PCNO ADV EXTRA CARE 150ml FT,41.0,tm
2026-03,2026-06,707989,PCNO ADV EXTRA CARE 150ml FT,30.38386429,ml
2026-03,2026-06,707989,PCNO ADV EXTRA CARE 150ml FT,34.0,tm
2026-04,2026-06,707989,PCNO ADV EXTRA CARE 150ml FT,30.94529596,ml
2026-04,2026-06,707989,PCNO ADV EXTRA CARE 150ml FT,33.0,tm
2026-05,2026-06,707989,PCNO ADV EXTRA CARE 150ml FT,26.5882497,ml
2026-05,2026-06,707989,PCNO ADV EXTRA CARE 150ml FT,35.0,tm
2026-02,2026-07,707989,PCNO ADV EXTRA CARE 150ml FT,31.02326196,ml
2026-02,2026-07,707989,PCNO ADV EXTRA CARE 150ml FT,35.0,tm
2026-03,2026-07,707989,PCNO ADV EXTRA CARE 150ml FT,30.38386429,ml
2026-03,2026-07,707989,PCNO ADV EXTRA CARE 150ml FT,35.0,tm
2026-04,2026-07,707989,PCNO ADV EXTRA CARE 150ml FT,31.45514288,ml
2026-04,2026-07,707989,PCNO ADV EXTRA CARE 150ml FT,34.5,tm
2026-05,2026-07,707989,PCNO ADV EXTRA CARE 150ml FT,27.17635616,ml
2026-05,2026-07,707989,PCNO ADV EXTRA CARE 150ml FT,35.0,tm
2026-06,2026-07,707989,PCNO ADV EXTRA CARE 150ml FT,28.753957642,ml
2026-06,2026-07,707989,PCNO ADV EXTRA CARE 150ml FT,35.0,tm
2026-03,2026-08,707989,PCNO ADV EXTRA CARE 150ml FT,34.38912512,ml
2026-03,2026-08,707989,PCNO ADV EXTRA CARE 150ml FT,38.0,tm
2026-04,2026-08,707989,PCNO ADV EXTRA CARE 150ml FT,33.10204229,ml
2026-04,2026-08,707989,PCNO ADV EXTRA CARE 150ml FT,35.7,tm
2026-05,2026-08,707989,PCNO ADV EXTRA CARE 150ml FT,29.53830227,ml
2026-05,2026-08,707989,PCNO ADV EXTRA CARE 150ml FT,33.0,tm
2026-06,2026-08,707989,PCNO ADV EXTRA CARE 150ml FT,32.310187863,ml
2026-06,2026-08,707989,PCNO ADV EXTRA CARE 150ml FT,33.0,tm
2026-07,2026-08,707989,PCNO ADV EXTRA CARE 150ml FT,31.268886449,ml
2026-07,2026-08,707989,PCNO ADV EXTRA CARE 150ml FT,33.493652048,tm
2026-04,2026-09,707989,PCNO ADV EXTRA CARE 150ml FT,32.03917946,ml
2026-04,2026-09,707989,PCNO ADV EXTRA CARE 150ml FT,37.5,tm
2026-05,2026-09,707989,PCNO ADV EXTRA CARE 150ml FT,27.68015392,ml
2026-05,2026-09,707989,PCNO ADV EXTRA CARE 150ml FT,37.5,tm
2026-06,2026-09,707989,PCNO ADV EXTRA CARE 150ml FT,28.836753784,ml
2026-06,2026-09,707989,PCNO ADV EXTRA CARE 150ml FT,37.5,tm
2026-07,2026-09,707989,PCNO ADV EXTRA CARE 150ml FT,29.345181508,ml
2026-07,2026-09,707989,PCNO ADV EXTRA CARE 150ml FT,31.433076465,tm
2026-05,2026-10,707989,PCNO ADV EXTRA CARE 150ml FT,27.29612179,ml
2026-05,2026-10,707989,PCNO ADV EXTRA CARE 150ml FT,35.0,tm
2026-06,2026-10,707989,PCNO ADV EXTRA CARE 150ml FT,29.062370973,ml
2026-06,2026-10,707989,PCNO ADV EXTRA CARE 150ml FT,35.0,tm
2026-07,2026-10,707989,PCNO ADV EXTRA CARE 150ml FT,29.470135917,ml
2026-07,2026-10,707989,PCNO ADV EXTRA CARE 150ml FT,31.566921317,tm
2026-06,2026-11,707989,PCNO ADV EXTRA CARE 150ml FT,28.23391616,ml
2026-06,2026-11,707989,PCNO ADV EXTRA CARE 150ml FT,32.5,tm
2026-07,2026-11,707989,PCNO ADV EXTRA CARE 150ml FT,28.887979172,ml
2026-07,2026-11,707989,PCNO ADV EXTRA CARE 150ml FT,30.943344412,tm
2026-07,2026-12,707989,PCNO ADV EXTRA CARE 150ml FT,29.57333049,ml
2026-07,2026-12,707989,PCNO ADV EXTRA CARE 150ml FT,31.677458133,tm
2025-04,2025-05,710085,P BELIPHOOL 100ml -144 (BD),102.0356475,ml
2025-04,2025-05,710085,P BELIPHOOL 100ml -144 (BD),175.0,tm
2025-04,2025-06,710085,P BELIPHOOL 100ml -144 (BD),151.2526938,ml
2025-04,2025-06,710085,P BELIPHOOL 100ml -144 (BD),175.0,tm
2025-05,2025-06,710085,P BELIPHOOL 100ml -144 (BD),187.8306587,ml
2025-05,2025-06,710085,P BELIPHOOL 100ml -144 (BD),175.0,tm
2025-04,2025-07,710085,P BELIPHOOL 100ml -144 (BD),132.5551122,ml
2025-04,2025-07,710085,P BELIPHOOL 100ml -144 (BD),175.0,tm
2025-05,2025-07,710085,P BELIPHOOL 100ml -144 (BD),137.3897622,ml
2025-05,2025-07,710085,P BELIPHOOL 100ml -144 (BD),175.0,tm
2025-06,2025-07,710085,P BELIPHOOL 100ml -144 (BD),134.4042542,ml
2025-06,2025-07,710085,P BELIPHOOL 100ml -144 (BD),175.0,tm
2025-04,2025-08,710085,P BELIPHOOL 100ml -144 (BD),155.3791511,ml
2025-04,2025-08,710085,P BELIPHOOL 100ml -144 (BD),175.0,tm
2025-05,2025-08,710085,P BELIPHOOL 100ml -144 (BD),144.0959877,ml
2025-05,2025-08,710085,P BELIPHOOL 100ml -144 (BD),175.0,tm
2025-06,2025-08,710085,P BELIPHOOL 100ml -144 (BD),139.4885892,ml
2025-06,2025-08,710085,P BELIPHOOL 100ml -144 (BD),175.0,tm
2025-07,2025-08,710085,P BELIPHOOL 100ml -144 (BD),147.5392061,ml
2025-07,2025-08,710085,P BELIPHOOL 100ml -144 (BD),175.0,tm
2025-04,2025-09,710085,P BELIPHOOL 100ml -144 (BD),132.4567761,ml
2025-04,2025-09,710085,P BELIPHOOL 100ml -144 (BD),180.0,tm
2025-05,2025-09,710085,P BELIPHOOL 100ml -144 (BD),141.1517424,ml
2025-05,2025-09,710085,P BELIPHOOL 100ml -144 (BD),180.0,tm
2025-06,2025-09,710085,P BELIPHOOL 100ml -144 (BD),139.6134483,ml
2025-06,2025-09,710085,P BELIPHOOL 100ml -144 (BD),180.0,tm
2025-07,2025-09,710085,P BELIPHOOL 100ml -144 (BD),146.1149316,ml
2025-07,2025-09,710085,P BELIPHOOL 100ml -144 (BD),160.0,tm
2025-08,2025-09,710085,P BELIPHOOL 100ml -144 (BD),114.7214223,ml
2025-08,2025-09,710085,P BELIPHOOL 100ml -144 (BD),175.0,tm
2025-05,2025-10,710085,P BELIPHOOL 100ml -144 (BD),141.1517424,ml
2025-05,2025-10,710085,P BELIPHOOL 100ml -144 (BD),170.0,tm
2025-06,2025-10,710085,P BELIPHOOL 100ml -144 (BD),139.9573263,ml
2025-06,2025-10,710085,P BELIPHOOL 100ml -144 (BD),170.0,tm
2025-07,2025-10,710085,P BELIPHOOL 100ml -144 (BD),144.8949761,ml
2025-07,2025-10,710085,P BELIPHOOL 100ml -144 (BD),170.0,tm
2025-08,2025-10,710085,P BELIPHOOL 100ml -144 (BD),137.1443167,ml
2025-08,2025-10,710085,P BELIPHOOL 100ml -144 (BD),170.0,tm
2025-09,2025-10,710085,P BELIPHOOL 100ml -144 (BD),133.3793993,ml
2025-09,2025-10,710085,P BELIPHOOL 100ml -144 (BD),175.0,tm
2025-06,2025-11,710085,P BELIPHOOL 100ml -144 (BD),138.8814748,ml
2025-06,2025-11,710085,P BELIPHOOL 100ml -144 (BD),180.0,tm
2025-07,2025-11,710085,P BELIPHOOL 100ml -144 (BD),148.5410085,ml
2025-07,2025-11,710085,P BELIPHOOL 100ml -144 (BD),180.0,tm
2025-08,2025-11,710085,P BELIPHOOL 100ml -144 (BD),130.8773546,ml
2025-08,2025-11,710085,P BELIPHOOL 100ml -144 (BD),180.0,tm
2025-09,2025-11,710085,P BELIPHOOL 100ml -144 (BD),127.3862138,ml
2025-09,2025-11,710085,P BELIPHOOL 100ml -144 (BD),180.0,tm
2025-10,2025-11,710085,P BELIPHOOL 100ml -144 (BD),124.0815264,ml
2025-10,2025-11,710085,P BELIPHOOL 100ml -144 (BD),180.024860394,tm
2025-07,2025-12,710085,P BELIPHOOL 100ml -144 (BD),151.5144925,ml
2025-07,2025-12,710085,P BELIPHOOL 100ml -144 (BD),180.0,tm
2025-08,2025-12,710085,P BELIPHOOL 100ml -144 (BD),136.3602263,ml
2025-08,2025-12,710085,P BELIPHOOL 100ml -144 (BD),180.0,tm
2025-09,2025-12,710085,P BELIPHOOL 100ml -144 (BD),139.1611581,ml
2025-09,2025-12,710085,P BELIPHOOL 100ml -144 (BD),200.0,tm
2025-10,2025-12,710085,P BELIPHOOL 100ml -144 (BD),136.8787401,ml
2025-10,2025-12,710085,P BELIPHOOL 100ml -144 (BD),200.0,tm
2025-11,2025-12,710085,P BELIPHOOL 100ml -144 (BD),137.0582472,ml
2025-11,2025-12,710085,P BELIPHOOL 100ml -144 (BD),200.0,tm
2025-08,2026-01,710085,P BELIPHOOL 100ml -144 (BD),155.0460131,ml
2025-08,2026-01,710085,P BELIPHOOL 100ml -144 (BD),175.0,tm
2025-09,2026-01,710085,P BELIPHOOL 100ml -144 (BD),142.3772239,ml
2025-09,2026-01,710085,P BELIPHOOL 100ml -144 (BD),175.0,tm
2025-10,2026-01,710085,P BELIPHOOL 100ml -144 (BD),146.1120632,ml
2025-10,2026-01,710085,P BELIPHOOL 100ml -144 (BD),175.0,tm
2025-11,2026-01,710085,P BELIPHOOL 100ml -144 (BD),149.4353123,ml
2025-11,2026-01,710085,P BELIPHOOL 100ml -144 (BD),180.0,tm
2025-12,2026-01,710085,P BELIPHOOL 100ml -144 (BD),152.4336598,ml
2025-12,2026-01,710085,P BELIPHOOL 100ml -144 (BD),180.00000000000003,tm
2025-09,2026-02,710085,P BELIPHOOL 100ml -144 (BD),133.4183183,ml
2025-09,2026-02,710085,P BELIPHOOL 100ml -144 (BD),170.0,tm
2025-10,2026-02,710085,P BELIPHOOL 100ml -144 (BD),143.2739039,ml
2025-10,2026-02,710085,P BELIPHOOL 100ml -144 (BD),170.0,tm
2025-11,2026-02,710085,P BELIPHOOL 100ml -144 (BD),135.381239,ml
2025-11,2026-02,710085,P BELIPHOOL 100ml -144 (BD),170.0,tm
2025-12,2026-02,710085,P BELIPHOOL 100ml -144 (BD),142.00671,ml
2025-12,2026-02,710085,P BELIPHOOL 100ml -144 (BD),170.0,tm
2026-01,2026-02,710085,P BELIPHOOL 100ml -144 (BD),144.2998941,ml
2026-01,2026-02,710085,P BELIPHOOL 100ml -144 (BD),169.99999999999997,tm
2025-10,2026-03,710085,P BELIPHOOL 100ml -144 (BD),158.1505924,ml
2025-10,2026-03,710085,P BELIPHOOL 100ml -144 (BD),210.0,tm
2025-11,2026-03,710085,P BELIPHOOL 100ml -144 (BD),143.2266435,ml
2025-11,2026-03,710085,P BELIPHOOL 100ml -144 (BD),240.0,tm
2025-12,2026-03,710085,P BELIPHOOL 100ml -144 (BD),145.3478225,ml
2025-12,2026-03,710085,P BELIPHOOL 100ml -144 (BD),240.0,tm
2026-01,2026-03,710085,P BELIPHOOL 100ml -144 (BD),147.1277051,ml
2026-01,2026-03,710085,P BELIPHOOL 100ml -144 (BD),240.0,tm
2026-02,2026-03,710085,P BELIPHOOL 100ml -144 (BD),151.3211686,ml
2026-02,2026-03,710085,P BELIPHOOL 100ml -144 (BD),210.0,tm
2025-11,2026-04,710085,P BELIPHOOL 100ml -144 (BD),175.3555535,ml
2025-11,2026-04,710085,P BELIPHOOL 100ml -144 (BD),180.0,tm
2025-12,2026-04,710085,P BELIPHOOL 100ml -144 (BD),144.7097814,ml
2025-12,2026-04,710085,P BELIPHOOL 100ml -144 (BD),165.0,tm
2026-01,2026-04,710085,P BELIPHOOL 100ml -144 (BD),145.9916893,ml
2026-01,2026-04,710085,P BELIPHOOL 100ml -144 (BD),180.0,tm
2026-02,2026-04,710085,P BELIPHOOL 100ml -144 (BD),152.3867419,ml
2026-02,2026-04,710085,P BELIPHOOL 100ml -144 (BD),180.0,tm
2026-03,2026-04,710085,P BELIPHOOL 100ml -144 (BD),165.829561,ml
2026-03,2026-04,710085,P BELIPHOOL 100ml -144 (BD),170.0,tm
2025-12,2026-05,710085,P BELIPHOOL 100ml -144 (BD),148.2168826,ml
2025-12,2026-05,710085,P BELIPHOOL 100ml -144 (BD),190.0,tm
2026-01,2026-05,710085,P BELIPHOOL 100ml -144 (BD),146.4110604,ml
2026-01,2026-05,710085,P BELIPHOOL 100ml -144 (BD),205.0,tm
2026-02,2026-05,710085,P BELIPHOOL 100ml -144 (BD),144.2855512,ml
2026-02,2026-05,710085,P BELIPHOOL 100ml -144 (BD),205.0,tm
2026-03,2026-05,710085,P BELIPHOOL 100ml -144 (BD),150.3003292,ml
2026-03,2026-05,710085,P BELIPHOOL 100ml -144 (BD),200.0,tm
2026-04,2026-05,710085,P BELIPHOOL 100ml -144 (BD),176.457837,ml
2026-04,2026-05,710085,P BELIPHOOL 100ml -144 (BD),195.0,tm
2026-01,2026-06,710085,P BELIPHOOL 100ml -144 (BD),142.300246,ml
2026-01,2026-06,710085,P BELIPHOOL 100ml -144 (BD),190.072916667,tm
2026-02,2026-06,710085,P BELIPHOOL 100ml -144 (BD),145.0243752,ml
2026-02,2026-06,710085,P BELIPHOOL 100ml -144 (BD),190.072916667,tm
2026-03,2026-06,710085,P BELIPHOOL 100ml -144 (BD),155.3311119,ml
2026-03,2026-06,710085,P BELIPHOOL 100ml -144 (BD),180.0,tm
2026-04,2026-06,710085,P BELIPHOOL 100ml -144 (BD),161.4174232,ml
2026-04,2026-06,710085,P BELIPHOOL 100ml -144 (BD),190.0,tm
2026-05,2026-06,710085,P BELIPHOOL 100ml -144 (BD),137.0100444,ml
2026-05,2026-06,710085,P BELIPHOOL 100ml -144 (BD),190.0,tm
2026-02,2026-07,710085,P BELIPHOOL 100ml -144 (BD),143.1373543,ml
2026-02,2026-07,710085,P BELIPHOOL 100ml -144 (BD),150.75462963,tm
2026-03,2026-07,710085,P BELIPHOOL 100ml -144 (BD),132.9808332,ml
2026-03,2026-07,710085,P BELIPHOOL 100ml -144 (BD),140.0,tm
2026-04,2026-07,710085,P BELIPHOOL 100ml -144 (BD),155.8719382,ml
2026-04,2026-07,710085,P BELIPHOOL 100ml -144 (BD),135.0,tm
2026-05,2026-07,710085,P BELIPHOOL 100ml -144 (BD),126.1736969,ml
2026-05,2026-07,710085,P BELIPHOOL 100ml -144 (BD),135.0,tm
2026-06,2026-07,710085,P BELIPHOOL 100ml -144 (BD),142.744673746,ml
2026-06,2026-07,710085,P BELIPHOOL 100ml -144 (BD),135.0,tm
2026-03,2026-08,710085,P BELIPHOOL 100ml -144 (BD),155.9252841,ml
2026-03,2026-08,710085,P BELIPHOOL 100ml -144 (BD),170.0,tm
2026-04,2026-08,710085,P BELIPHOOL 100ml -144 (BD),167.6215064,ml
2026-04,2026-08,710085,P BELIPHOOL 100ml -144 (BD),160.0,tm
2026-05,2026-08,710085,P BELIPHOOL 100ml -144 (BD),148.5547099,ml
2026-05,2026-08,710085,P BELIPHOOL 100ml -144 (BD),160.0,tm
2026-06,2026-08,710085,P BELIPHOOL 100ml -144 (BD),149.006139757,ml
2026-06,2026-08,710085,P BELIPHOOL 100ml -144 (BD),160.0,tm
2026-07,2026-08,710085,P BELIPHOOL 100ml -144 (BD),155.404163682,ml
2026-07,2026-08,710085,P BELIPHOOL 100ml -144 (BD),157.75,tm
2026-04,2026-09,710085,P BELIPHOOL 100ml -144 (BD),157.090577,ml
2026-04,2026-09,710085,P BELIPHOOL 100ml -144 (BD),175.0,tm
2026-05,2026-09,710085,P BELIPHOOL 100ml -144 (BD),140.3183334,ml
2026-05,2026-09,710085,P BELIPHOOL 100ml -144 (BD),170.0,tm
2026-06,2026-09,710085,P BELIPHOOL 100ml -144 (BD),148.69395216,ml
2026-06,2026-09,710085,P BELIPHOOL 100ml -144 (BD),170.0,tm
2026-07,2026-09,710085,P BELIPHOOL 100ml -144 (BD),147.406192636,ml
2026-07,2026-09,710085,P BELIPHOOL 100ml -144 (BD),167.75,tm
2026-05,2026-10,710085,P BELIPHOOL 100ml -144 (BD),148.7360604,ml
2026-05,2026-10,710085,P BELIPHOOL 100ml -144 (BD),180.0,tm
2026-06,2026-10,710085,P BELIPHOOL 100ml -144 (BD),150.349835717,ml
2026-06,2026-10,710085,P BELIPHOOL 100ml -144 (BD),180.0,tm
2026-07,2026-10,710085,P BELIPHOOL 100ml -144 (BD),151.391186907,ml
2026-07,2026-10,710085,P BELIPHOOL 100ml -144 (BD),163.38,tm
2026-06,2026-11,710085,P BELIPHOOL 100ml -144 (BD),150.960000955,ml
2026-06,2026-11,710085,P BELIPHOOL 100ml -144 (BD),180.0,tm
2026-07,2026-11,710085,P BELIPHOOL 100ml -144 (BD),157.822313331,ml
2026-07,2026-11,710085,P BELIPHOOL 100ml -144 (BD),171.86,tm
2026-07,2026-12,710085,P BELIPHOOL 100ml -144 (BD),162.257697913,ml
2026-07,2026-12,710085,P BELIPHOOL 100ml -144 (BD),171.86,tm
2025-04,2025-05,711198,HRC Hair Dye 5gm Sac (BD)-EXP,2.149652596,ml
2025-04,2025-05,711198,HRC Hair Dye 5gm Sac (BD)-EXP,2.239421488,tm
2025-04,2025-06,711198,HRC Hair Dye 5gm Sac (BD)-EXP,2.131358274,ml
2025-04,2025-06,711198,HRC Hair Dye 5gm Sac (BD)-EXP,2.2203632,tm
2025-05,2025-06,711198,HRC Hair Dye 5gm Sac (BD)-EXP,2.75432606,ml
2025-05,2025-06,711198,HRC Hair Dye 5gm Sac (BD)-EXP,1.5,tm
2025-04,2025-07,711198,HRC Hair Dye 5gm Sac (BD)-EXP,1.382362698,ml
2025-04,2025-07,711198,HRC Hair Dye 5gm Sac (BD)-EXP,1.440089778,tm
2025-05,2025-07,711198,HRC Hair Dye 5gm Sac (BD)-EXP,0.527263498,ml
2025-05,2025-07,711198,HRC Hair Dye 5gm Sac (BD)-EXP,2.0,tm
2025-06,2025-07,711198,HRC Hair Dye 5gm Sac (BD)-EXP,0.548593618,ml
2025-06,2025-07,711198,HRC Hair Dye 5gm Sac (BD)-EXP,2.0,tm
2025-04,2025-08,711198,HRC Hair Dye 5gm Sac (BD)-EXP,1.725087621,ml
2025-04,2025-08,711198,HRC Hair Dye 5gm Sac (BD)-EXP,1.797126798,tm
2025-05,2025-08,711198,HRC Hair Dye 5gm Sac (BD)-EXP,2.000319439,ml
2025-05,2025-08,711198,HRC Hair Dye 5gm Sac (BD)-EXP,5.0,tm
2025-06,2025-08,711198,HRC Hair Dye 5gm Sac (BD)-EXP,2.236084143,ml
2025-06,2025-08,711198,HRC Hair Dye 5gm Sac (BD)-EXP,5.0,tm
2025-07,2025-08,711198,HRC Hair Dye 5gm Sac (BD)-EXP,2.290026328,ml
2025-07,2025-08,711198,HRC Hair Dye 5gm Sac (BD)-EXP,5.0,tm
2025-04,2025-09,711198,HRC Hair Dye 5gm Sac (BD)-EXP,1.839047414,ml
2025-04,2025-09,711198,HRC Hair Dye 5gm Sac (BD)-EXP,1.91584552,tm
2025-05,2025-09,711198,HRC Hair Dye 5gm Sac (BD)-EXP,2.425580024,ml
2025-05,2025-09,711198,HRC Hair Dye 5gm Sac (BD)-EXP,2.0,tm
2025-06,2025-09,711198,HRC Hair Dye 5gm Sac (BD)-EXP,1.420705371,ml
2025-06,2025-09,711198,HRC Hair Dye 5gm Sac (BD)-EXP,2.0,tm
2025-07,2025-09,711198,HRC Hair Dye 5gm Sac (BD)-EXP,2.071177367,ml
2025-07,2025-09,711198,HRC Hair Dye 5gm Sac (BD)-EXP,2.0,tm
2025-08,2025-09,711198,HRC Hair Dye 5gm Sac (BD)-EXP,2.210113942,ml
2025-08,2025-09,711198,HRC Hair Dye 5gm Sac (BD)-EXP,2.0,tm
2025-05,2025-10,711198,HRC Hair Dye 5gm Sac (BD)-EXP,0.902194503,ml
2025-05,2025-10,711198,HRC Hair Dye 5gm Sac (BD)-EXP,2.0,tm
2025-06,2025-10,711198,HRC Hair Dye 5gm Sac (BD)-EXP,0.560942823,ml
2025-06,2025-10,711198,HRC Hair Dye 5gm Sac (BD)-EXP,2.0,tm
2025-07,2025-10,711198,HRC Hair Dye 5gm Sac (BD)-EXP,0.24091505,ml
2025-07,2025-10,711198,HRC Hair Dye 5gm Sac (BD)-EXP,2.0,tm
2025-08,2025-10,711198,HRC Hair Dye 5gm Sac (BD)-EXP,0.649734085,ml
2025-08,2025-10,711198,HRC Hair Dye 5gm Sac (BD)-EXP,2.0,tm
2025-09,2025-10,711198,HRC Hair Dye 5gm Sac (BD)-EXP,1.301445736,ml
2025-09,2025-10,711198,HRC Hair Dye 5gm Sac (BD)-EXP,2.0,tm
2025-06,2025-11,711198,HRC Hair Dye 5gm Sac (BD)-EXP,2.360296616,ml
2025-06,2025-11,711198,HRC Hair Dye 5gm Sac (BD)-EXP,4.5,tm
2025-07,2025-11,711198,HRC Hair Dye 5gm Sac (BD)-EXP,2.313477417,ml
2025-07,2025-11,711198,HRC Hair Dye 5gm Sac (BD)-EXP,4.5,tm
2025-08,2025-11,711198,HRC Hair Dye 5gm Sac (BD)-EXP,2.548097787,ml
2025-08,2025-11,711198,HRC Hair Dye 5gm Sac (BD)-EXP,4.5,tm
2025-09,2025-11,711198,HRC Hair Dye 5gm Sac (BD)-EXP,2.281030049,ml
2025-09,2025-11,711198,HRC Hair Dye 5gm Sac (BD)-EXP,3.0,tm
2025-10,2025-11,711198,HRC Hair Dye 5gm Sac (BD)-EXP,2.001486961,ml
2025-10,2025-11,711198,HRC Hair Dye 5gm Sac (BD)-EXP,2.108783444,tm
2025-07,2025-12,711198,HRC Hair Dye 5gm Sac (BD)-EXP,2.31123862,ml
2025-07,2025-12,711198,HRC Hair Dye 5gm Sac (BD)-EXP,2.0,tm
2025-08,2025-12,711198,HRC Hair Dye 5gm Sac (BD)-EXP,1.7224768,ml
2025-08,2025-12,711198,HRC Hair Dye 5gm Sac (BD)-EXP,2.0,tm
2025-09,2025-12,711198,HRC Hair Dye 5gm Sac (BD)-EXP,2.281030049,ml
2025-09,2025-12,711198,HRC Hair Dye 5gm Sac (BD)-EXP,2.0,tm
2025-10,2025-12,711198,HRC Hair Dye 5gm Sac (BD)-EXP,1.7541224,ml
2025-10,2025-12,711198,HRC Hair Dye 5gm Sac (BD)-EXP,1.848158068,tm
2025-11,2025-12,711198,HRC Hair Dye 5gm Sac (BD)-EXP,1.725689431,ml
2025-11,2025-12,711198,HRC Hair Dye 5gm Sac (BD)-EXP,2.0,tm
2025-08,2026-01,711198,HRC Hair Dye 5gm Sac (BD)-EXP,1.483090147,ml
2025-08,2026-01,711198,HRC Hair Dye 5gm Sac (BD)-EXP,2.0,tm
2025-09,2026-01,711198,HRC Hair Dye 5gm Sac (BD)-EXP,1.35248751,ml
2025-09,2026-01,711198,HRC Hair Dye 5gm Sac (BD)-EXP,2.0,tm
2025-10,2026-01,711198,HRC Hair Dye 5gm Sac (BD)-EXP,0.81180948,ml
2025-10,2026-01,711198,HRC Hair Dye 5gm Sac (BD)-EXP,0.855329275,tm
2025-11,2026-01,711198,HRC Hair Dye 5gm Sac (BD)-EXP,0.305472713,ml
2025-11,2026-01,711198,HRC Hair Dye 5gm Sac (BD)-EXP,2.0,tm
2025-12,2026-01,711198,HRC Hair Dye 5gm Sac (BD)-EXP,1.19404644,ml
2025-12,2026-01,711198,HRC Hair Dye 5gm Sac (BD)-EXP,2.0,tm
2025-09,2026-02,711198,HRC Hair Dye 5gm Sac (BD)-EXP,2.085260701,ml
2025-09,2026-02,711198,HRC Hair Dye 5gm Sac (BD)-EXP,5.0,tm
2025-10,2026-02,711198,HRC Hair Dye 5gm Sac (BD)-EXP,3.060439286,ml
2025-10,2026-02,711198,HRC Hair Dye 5gm Sac (BD)-EXP,3.224504493,tm
2025-11,2026-02,711198,HRC Hair Dye 5gm Sac (BD)-EXP,3.274216399,ml
2025-11,2026-02,711198,HRC Hair Dye 5gm Sac (BD)-EXP,3.0,tm
2025-12,2026-02,711198,HRC Hair Dye 5gm Sac (BD)-EXP,3.483892061,ml
2025-12,2026-02,711198,HRC Hair Dye 5gm Sac (BD)-EXP,3.0,tm
2026-01,2026-02,711198,HRC Hair Dye 5gm Sac (BD)-EXP,3.797724985,ml
2026-01,2026-02,711198,HRC Hair Dye 5gm Sac (BD)-EXP,3.0,tm
2025-10,2026-03,711198,HRC Hair Dye 5gm Sac (BD)-EXP,1.410614468,ml
2025-10,2026-03,711198,HRC Hair Dye 5gm Sac (BD)-EXP,1.486235231,tm
2025-11,2026-03,711198,HRC Hair Dye 5gm Sac (BD)-EXP,2.288319716,ml
2025-11,2026-03,711198,HRC Hair Dye 5gm Sac (BD)-EXP,1.5,tm
2025-12,2026-03,711198,HRC Hair Dye 5gm Sac (BD)-EXP,2.100723757,ml
2025-12,2026-03,711198,HRC Hair Dye 5gm Sac (BD)-EXP,1.5,tm
2026-01,2026-03,711198,HRC Hair Dye 5gm Sac (BD)-EXP,2.435310916,ml
2026-01,2026-03,711198,HRC Hair Dye 5gm Sac (BD)-EXP,1.5,tm
2026-02,2026-03,711198,HRC Hair Dye 5gm Sac (BD)-EXP,1.154012243,ml
2026-02,2026-03,711198,HRC Hair Dye 5gm Sac (BD)-EXP,1.5,tm
2025-11,2026-04,711198,HRC Hair Dye 5gm Sac (BD)-EXP,2.148393809,ml
2025-11,2026-04,711198,HRC Hair Dye 5gm Sac (BD)-EXP,1.5,tm
2025-12,2026-04,711198,HRC Hair Dye 5gm Sac (BD)-EXP,1.674716031,ml
2025-12,2026-04,711198,HRC Hair Dye 5gm Sac (BD)-EXP,1.0,tm
2026-01,2026-04,711198,HRC Hair Dye 5gm Sac (BD)-EXP,1.180953462,ml
2026-01,2026-04,711198,HRC Hair Dye 5gm Sac (BD)-EXP,1.0,tm
2026-02,2026-04,711198,HRC Hair Dye 5gm Sac (BD)-EXP,1.235078485,ml
2026-02,2026-04,711198,HRC Hair Dye 5gm Sac (BD)-EXP,1.0,tm
2026-03,2026-04,711198,HRC Hair Dye 5gm Sac (BD)-EXP,1.37142696,ml
2026-03,2026-04,711198,HRC Hair Dye 5gm Sac (BD)-EXP,0.8,tm
2025-12,2026-05,711198,HRC Hair Dye 5gm Sac (BD)-EXP,2.112108976,ml
2025-12,2026-05,711198,HRC Hair Dye 5gm Sac (BD)-EXP,0.94227,tm
2026-01,2026-05,711198,HRC Hair Dye 5gm Sac (BD)-EXP,2.379011657,ml
2026-01,2026-05,711198,HRC Hair Dye 5gm Sac (BD)-EXP,1.907095,tm
2026-02,2026-05,711198,HRC Hair Dye 5gm Sac (BD)-EXP,1.324936346,ml
2026-02,2026-05,711198,HRC Hair Dye 5gm Sac (BD)-EXP,2.01462,tm
2026-03,2026-05,711198,HRC Hair Dye 5gm Sac (BD)-EXP,2.399037192,ml
2026-03,2026-05,711198,HRC Hair Dye 5gm Sac (BD)-EXP,2.0279,tm
2026-04,2026-05,711198,HRC Hair Dye 5gm Sac (BD)-EXP,1.90168,tm
2026-01,2026-06,711198,HRC Hair Dye 5gm Sac (BD)-EXP,1.614039895,ml
2026-02,2026-06,711198,HRC Hair Dye 5gm Sac (BD)-EXP,1.639584914,ml
2026-03,2026-06,711198,HRC Hair Dye 5gm Sac (BD)-EXP,1.797694784,ml
2026-05,2026-06,711198,HRC Hair Dye 5gm Sac (BD)-EXP,0.69,tm
2026-02,2026-07,711198,HRC Hair Dye 5gm Sac (BD)-EXP,1.876846497,ml
2026-03,2026-07,711198,HRC Hair Dye 5gm Sac (BD)-EXP,1.797694784,ml
2026-06,2026-07,711198,HRC Hair Dye 5gm Sac (BD)-EXP,0.41371,tm
2026-03,2026-08,711198,HRC Hair Dye 5gm Sac (BD)-EXP,0.860104944,ml
2026-07,2026-08,711198,HRC Hair Dye 5gm Sac (BD)-EXP,0.29,tm
2025-04,2025-05,711378,P BELIPHOOL 300ml -(New),78.7647539,ml
2025-04,2025-05,711378,P BELIPHOOL 300ml -(New),125.0,tm
2025-04,2025-06,711378,P BELIPHOOL 300ml -(New),92.50079303,ml
2025-04,2025-06,711378,P BELIPHOOL 300ml -(New),85.0,tm
2025-05,2025-06,711378,P BELIPHOOL 300ml -(New),95.15145494,ml
2025-05,2025-06,711378,P BELIPHOOL 300ml -(New),100.0,tm
2025-04,2025-07,711378,P BELIPHOOL 300ml -(New),84.43833676,ml
2025-04,2025-07,711378,P BELIPHOOL 300ml -(New),105.0,tm
2025-05,2025-07,711378,P BELIPHOOL 300ml -(New),91.69868977,ml
2025-05,2025-07,711378,P BELIPHOOL 300ml -(New),105.0,tm
2025-06,2025-07,711378,P BELIPHOOL 300ml -(New),94.24957693,ml
2025-06,2025-07,711378,P BELIPHOOL 300ml -(New),105.0,tm
2025-04,2025-08,711378,P BELIPHOOL 300ml -(New),69.48900248,ml
2025-04,2025-08,711378,P BELIPHOOL 300ml -(New),90.0,tm
2025-05,2025-08,711378,P BELIPHOOL 300ml -(New),69.19377041,ml
2025-05,2025-08,711378,P BELIPHOOL 300ml -(New),100.0,tm
2025-06,2025-08,711378,P BELIPHOOL 300ml -(New),61.20049376,ml
2025-06,2025-08,711378,P BELIPHOOL 300ml -(New),100.0,tm
2025-07,2025-08,711378,P BELIPHOOL 300ml -(New),71.47720296,ml
2025-07,2025-08,711378,P BELIPHOOL 300ml -(New),100.0,tm
2025-04,2025-09,711378,P BELIPHOOL 300ml -(New),93.41182945,ml
2025-04,2025-09,711378,P BELIPHOOL 300ml -(New),110.0,tm
2025-05,2025-09,711378,P BELIPHOOL 300ml -(New),93.78294982,ml
2025-05,2025-09,711378,P BELIPHOOL 300ml -(New),110.0,tm
2025-06,2025-09,711378,P BELIPHOOL 300ml -(New),102.4621345,ml
2025-06,2025-09,711378,P BELIPHOOL 300ml -(New),110.0,tm
2025-07,2025-09,711378,P BELIPHOOL 300ml -(New),94.72952254,ml
2025-07,2025-09,711378,P BELIPHOOL 300ml -(New),110.0,tm
2025-08,2025-09,711378,P BELIPHOOL 300ml -(New),81.76733472,ml
2025-08,2025-09,711378,P BELIPHOOL 300ml -(New),106.0,tm
2025-05,2025-10,711378,P BELIPHOOL 300ml -(New),71.28145252,ml
2025-05,2025-10,711378,P BELIPHOOL 300ml -(New),95.0,tm
2025-06,2025-10,711378,P BELIPHOOL 300ml -(New),74.31402344,ml
2025-06,2025-10,711378,P BELIPHOOL 300ml -(New),95.0,tm
2025-07,2025-10,711378,P BELIPHOOL 300ml -(New),76.36626736,ml
2025-07,2025-10,711378,P BELIPHOOL 300ml -(New),95.0,tm
2025-08,2025-10,711378,P BELIPHOOL 300ml -(New),76.5281198,ml
2025-08,2025-10,711378,P BELIPHOOL 300ml -(New),95.0,tm
2025-09,2025-10,711378,P BELIPHOOL 300ml -(New),79.7357217,ml
2025-09,2025-10,711378,P BELIPHOOL 300ml -(New),100.1629396,tm
2025-06,2025-11,711378,P BELIPHOOL 300ml -(New),93.65201836,ml
2025-06,2025-11,711378,P BELIPHOOL 300ml -(New),110.0,tm
2025-07,2025-11,711378,P BELIPHOOL 300ml -(New),87.34902952,ml
2025-07,2025-11,711378,P BELIPHOOL 300ml -(New),110.0,tm
2025-08,2025-11,711378,P BELIPHOOL 300ml -(New),65.37710862,ml
2025-08,2025-11,711378,P BELIPHOOL 300ml -(New),110.0,tm
2025-09,2025-11,711378,P BELIPHOOL 300ml -(New),83.03744315,ml
2025-09,2025-11,711378,P BELIPHOOL 300ml -(New),120.17923356,tm
2025-10,2025-11,711378,P BELIPHOOL 300ml -(New),82.70660515,ml
2025-10,2025-11,711378,P BELIPHOOL 300ml -(New),120.17923356,tm
2025-07,2025-12,711378,P BELIPHOOL 300ml -(New),119.9222985,ml
2025-07,2025-12,711378,P BELIPHOOL 300ml -(New),125.0,tm
2025-08,2025-12,711378,P BELIPHOOL 300ml -(New),76.5281198,ml
2025-08,2025-12,711378,P BELIPHOOL 300ml -(New),125.0,tm
2025-09,2025-12,711378,P BELIPHOOL 300ml -(New),113.3136792,ml
2025-09,2025-12,711378,P BELIPHOOL 300ml -(New),130.161310204,tm
2025-10,2025-12,711378,P BELIPHOOL 300ml -(New),92.9787726,ml
2025-10,2025-12,711378,P BELIPHOOL 300ml -(New),80.161310204,tm
2025-11,2025-12,711378,P BELIPHOOL 300ml -(New),99.46679138,ml
2025-11,2025-12,711378,P BELIPHOOL 300ml -(New),100.161310204,tm
2025-08,2026-01,711378,P BELIPHOOL 300ml -(New),75.84318333,ml
2025-08,2026-01,711378,P BELIPHOOL 300ml -(New),95.0,tm
2025-09,2026-01,711378,P BELIPHOOL 300ml -(New),83.9705008,ml
2025-09,2026-01,711378,P BELIPHOOL 300ml -(New),95.096786122,tm
2025-10,2026-01,711378,P BELIPHOOL 300ml -(New),81.12723557,ml
2025-10,2026-01,711378,P BELIPHOOL 300ml -(New),95.096786122,tm
2025-11,2026-01,711378,P BELIPHOOL 300ml -(New),86.14885496,ml
2025-11,2026-01,711378,P BELIPHOOL 300ml -(New),84.996786122,tm
2025-12,2026-01,711378,P BELIPHOOL 300ml -(New),92.73142184,ml
2025-12,2026-01,711378,P BELIPHOOL 300ml -(New),84.996786122,tm
2025-09,2026-02,711378,P BELIPHOOL 300ml -(New),95.08645708,ml
2025-09,2026-02,711378,P BELIPHOOL 300ml -(New),115.096786122,tm
2025-10,2026-02,711378,P BELIPHOOL 300ml -(New),90.17371317,ml
2025-10,2026-02,711378,P BELIPHOOL 300ml -(New),115.096786122,tm
2025-11,2026-02,711378,P BELIPHOOL 300ml -(New),87.95710987,ml
2025-11,2026-02,711378,P BELIPHOOL 300ml -(New),114.996786122,tm
2025-12,2026-02,711378,P BELIPHOOL 300ml -(New),96.358494,ml
2025-12,2026-02,711378,P BELIPHOOL 300ml -(New),114.996786122,tm
2026-01,2026-02,711378,P BELIPHOOL 300ml -(New),96.2409192,ml
2026-01,2026-02,711378,P BELIPHOOL 300ml -(New),114.996786122,tm
2025-10,2026-03,711378,P BELIPHOOL 300ml -(New),89.8865576,ml
2025-10,2026-03,711378,P BELIPHOOL 300ml -(New),130.096786122,tm
2025-11,2026-03,711378,P BELIPHOOL 300ml -(New),93.20603999,ml
2025-11,2026-03,711378,P BELIPHOOL 300ml -(New),159.996786122,tm
2025-12,2026-03,711378,P BELIPHOOL 300ml -(New),101.2809559,ml
2025-12,2026-03,711378,P BELIPHOOL 300ml -(New),144.70678612199998,tm
2026-01,2026-03,711378,P BELIPHOOL 300ml -(New),86.04214348,ml
2026-01,2026-03,711378,P BELIPHOOL 300ml -(New),144.70678612199998,tm
2026-02,2026-03,711378,P BELIPHOOL 300ml -(New),84.2972328,ml
2026-02,2026-03,711378,P BELIPHOOL 300ml -(New),144.45999999999998,tm
2025-11,2026-04,711378,P BELIPHOOL 300ml -(New),87.26287487,ml
2025-11,2026-04,711378,P BELIPHOOL 300ml -(New),119.996786122,tm
2025-12,2026-04,711378,P BELIPHOOL 300ml -(New),95.86832831,ml
2025-12,2026-04,711378,P BELIPHOOL 300ml -(New),85.096786122,tm
2026-01,2026-04,711378,P BELIPHOOL 300ml -(New),74.688942,ml
2026-01,2026-04,711378,P BELIPHOOL 300ml -(New),85.096786122,tm
2026-02,2026-04,711378,P BELIPHOOL 300ml -(New),66.26891493,ml
2026-02,2026-04,711378,P BELIPHOOL 300ml -(New),90.0,tm
2026-03,2026-04,711378,P BELIPHOOL 300ml -(New),78.37791968,ml
2026-03,2026-04,711378,P BELIPHOOL 300ml -(New),95.0,tm
2025-12,2026-05,711378,P BELIPHOOL 300ml -(New),93.66359887,ml
2025-12,2026-05,711378,P BELIPHOOL 300ml -(New),110.0,tm
2026-01,2026-05,711378,P BELIPHOOL 300ml -(New),99.660492,ml
2026-01,2026-05,711378,P BELIPHOOL 300ml -(New),105.0,tm
2026-02,2026-05,711378,P BELIPHOOL 300ml -(New),83.33871416,ml
2026-02,2026-05,711378,P BELIPHOOL 300ml -(New),105.0,tm
2026-03,2026-05,711378,P BELIPHOOL 300ml -(New),85.80686438,ml
2026-03,2026-05,711378,P BELIPHOOL 300ml -(New),95.0,tm
2026-04,2026-05,711378,P BELIPHOOL 300ml -(New),93.26590417,ml
2026-04,2026-05,711378,P BELIPHOOL 300ml -(New),95.0,tm
2026-01,2026-06,711378,P BELIPHOOL 300ml -(New),65.0565325,ml
2026-01,2026-06,711378,P BELIPHOOL 300ml -(New),90.0,tm
2026-02,2026-06,711378,P BELIPHOOL 300ml -(New),72.97189493,ml
2026-02,2026-06,711378,P BELIPHOOL 300ml -(New),110.25,tm
2026-03,2026-06,711378,P BELIPHOOL 300ml -(New),68.22700536,ml
2026-03,2026-06,711378,P BELIPHOOL 300ml -(New),110.25,tm
2026-04,2026-06,711378,P BELIPHOOL 300ml -(New),86.67928915,ml
2026-04,2026-06,711378,P BELIPHOOL 300ml -(New),130.25,tm
2026-05,2026-06,711378,P BELIPHOOL 300ml -(New),77.19661409,ml
2026-05,2026-06,711378,P BELIPHOOL 300ml -(New),133.23499999999999,tm
2026-02,2026-07,711378,P BELIPHOOL 300ml -(New),76.16313617,ml
2026-02,2026-07,711378,P BELIPHOOL 300ml -(New),73.35,tm
2026-03,2026-07,711378,P BELIPHOOL 300ml -(New),85.80686438,ml
2026-03,2026-07,711378,P BELIPHOOL 300ml -(New),80.245,tm
2026-04,2026-07,711378,P BELIPHOOL 300ml -(New),96.41928777,ml
2026-04,2026-07,711378,P BELIPHOOL 300ml -(New),100.0,tm
2026-05,2026-07,711378,P BELIPHOOL 300ml -(New),78.98128418,ml
2026-05,2026-07,711378,P BELIPHOOL 300ml -(New),100.0,tm
2026-06,2026-07,711378,P BELIPHOOL 300ml -(New),73.2026168,ml
2026-06,2026-07,711378,P BELIPHOOL 300ml -(New),100.0,tm
2026-03,2026-08,711378,P BELIPHOOL 300ml -(New),62.36164575,ml
2026-03,2026-08,711378,P BELIPHOOL 300ml -(New),87.0,tm
2026-04,2026-08,711378,P BELIPHOOL 300ml -(New),90.50003739,ml
2026-04,2026-08,711378,P BELIPHOOL 300ml -(New),130.0,tm
2026-05,2026-08,711378,P BELIPHOOL 300ml -(New),71.32713676,ml
2026-05,2026-08,711378,P BELIPHOOL 300ml -(New),90.0,tm
2026-06,2026-08,711378,P BELIPHOOL 300ml -(New),69.8754868,ml
2026-06,2026-08,711378,P BELIPHOOL 300ml -(New),63.0,tm
2026-07,2026-08,711378,P BELIPHOOL 300ml -(New),75.746612688,ml
2026-07,2026-08,711378,P BELIPHOOL 300ml -(New),83.08187534300001,tm
2026-04,2026-09,711378,P BELIPHOOL 300ml -(New),80.52809885,ml
2026-04,2026-09,711378,P BELIPHOOL 300ml -(New),95.0,tm
2026-05,2026-09,711378,P BELIPHOOL 300ml -(New),60.329676,ml
2026-05,2026-09,711378,P BELIPHOOL 300ml -(New),100.0,tm
2026-06,2026-09,711378,P BELIPHOOL 300ml -(New),65.323524,ml
2026-06,2026-09,711378,P BELIPHOOL 300ml -(New),95.0,tm
2026-07,2026-09,711378,P BELIPHOOL 300ml -(New),65.280086623,ml
2026-07,2026-09,711378,P BELIPHOOL 300ml -(New),71.60177632599999,tm
2026-05,2026-10,711378,P BELIPHOOL 300ml -(New),64.4310696,ml
2026-05,2026-10,711378,P BELIPHOOL 300ml -(New),100.0,tm
2026-06,2026-10,711378,P BELIPHOOL 300ml -(New),65.768291504,ml
2026-06,2026-10,711378,P BELIPHOOL 300ml -(New),100.0,tm
2026-07,2026-10,711378,P BELIPHOOL 300ml -(New),74.940101157,ml
2026-07,2026-10,711378,P BELIPHOOL 300ml -(New),82.197261653,tm
2026-06,2026-11,711378,P BELIPHOOL 300ml -(New),70.615542277,ml
2026-06,2026-11,711378,P BELIPHOOL 300ml -(New),90.0,tm
2026-07,2026-11,711378,P BELIPHOOL 300ml -(New),69.307831377,ml
2026-07,2026-11,711378,P BELIPHOOL 300ml -(New),76.01956579099999,tm
2026-07,2026-12,711378,P BELIPHOOL 300ml -(New),78.946523287,ml
2026-07,2026-12,711378,P BELIPHOOL 300ml -(New),86.591663623,tm
2025-04,2025-05,711379,PCNO ADV EXTRA CARE 300ml FT-New,18.68415472,ml
2025-04,2025-05,711379,PCNO ADV EXTRA CARE 300ml FT-New,31.0,tm
2025-04,2025-06,711379,PCNO ADV EXTRA CARE 300ml FT-New,23.17734,ml
2025-04,2025-06,711379,PCNO ADV EXTRA CARE 300ml FT-New,25.0,tm
2025-05,2025-06,711379,PCNO ADV EXTRA CARE 300ml FT-New,21.03520766,ml
2025-05,2025-06,711379,PCNO ADV EXTRA CARE 300ml FT-New,25.0,tm
2025-04,2025-07,711379,PCNO ADV EXTRA CARE 300ml FT-New,19.09892035,ml
2025-04,2025-07,711379,PCNO ADV EXTRA CARE 300ml FT-New,23.18,tm
2025-05,2025-07,711379,PCNO ADV EXTRA CARE 300ml FT-New,20.048714,ml
2025-05,2025-07,711379,PCNO ADV EXTRA CARE 300ml FT-New,23.18,tm
2025-06,2025-07,711379,PCNO ADV EXTRA CARE 300ml FT-New,21.92490867,ml
2025-06,2025-07,711379,PCNO ADV EXTRA CARE 300ml FT-New,24.0,tm
2025-04,2025-08,711379,PCNO ADV EXTRA CARE 300ml FT-New,22.8607846,ml
2025-04,2025-08,711379,PCNO ADV EXTRA CARE 300ml FT-New,26.98,tm
2025-05,2025-08,711379,PCNO ADV EXTRA CARE 300ml FT-New,23.20635686,ml
2025-05,2025-08,711379,PCNO ADV EXTRA CARE 300ml FT-New,26.98,tm
2025-06,2025-08,711379,PCNO ADV EXTRA CARE 300ml FT-New,22.60979488,ml
2025-06,2025-08,711379,PCNO ADV EXTRA CARE 300ml FT-New,22.0,tm
2025-07,2025-08,711379,PCNO ADV EXTRA CARE 300ml FT-New,21.84896621,ml
2025-07,2025-08,711379,PCNO ADV EXTRA CARE 300ml FT-New,20.0,tm
2025-04,2025-09,711379,PCNO ADV EXTRA CARE 300ml FT-New,24.46236,ml
2025-04,2025-09,711379,PCNO ADV EXTRA CARE 300ml FT-New,28.5,tm
2025-05,2025-09,711379,PCNO ADV EXTRA CARE 300ml FT-New,25.23007083,ml
2025-05,2025-09,711379,PCNO ADV EXTRA CARE 300ml FT-New,28.5,tm
2025-06,2025-09,711379,PCNO ADV EXTRA CARE 300ml FT-New,28.19474152,ml
2025-06,2025-09,711379,PCNO ADV EXTRA CARE 300ml FT-New,29.0,tm
2025-07,2025-09,711379,PCNO ADV EXTRA CARE 300ml FT-New,25.83022098,ml
2025-07,2025-09,711379,PCNO ADV EXTRA CARE 300ml FT-New,28.0,tm
2025-08,2025-09,711379,PCNO ADV EXTRA CARE 300ml FT-New,22.83683281,ml
2025-08,2025-09,711379,PCNO ADV EXTRA CARE 300ml FT-New,31.0,tm
2025-05,2025-10,711379,PCNO ADV EXTRA CARE 300ml FT-New,22.17665744,ml
2025-05,2025-10,711379,PCNO ADV EXTRA CARE 300ml FT-New,23.18,tm
2025-06,2025-10,711379,PCNO ADV EXTRA CARE 300ml FT-New,21.63906,ml
2025-06,2025-10,711379,PCNO ADV EXTRA CARE 300ml FT-New,23.18,tm
2025-07,2025-10,711379,PCNO ADV EXTRA CARE 300ml FT-New,21.2600554,ml
2025-07,2025-10,711379,PCNO ADV EXTRA CARE 300ml FT-New,23.18,tm
2025-08,2025-10,711379,PCNO ADV EXTRA CARE 300ml FT-New,21.68119126,ml
2025-08,2025-10,711379,PCNO ADV EXTRA CARE 300ml FT-New,23.18,tm
2025-09,2025-10,711379,PCNO ADV EXTRA CARE 300ml FT-New,21.96006894,ml
2025-09,2025-10,711379,PCNO ADV EXTRA CARE 300ml FT-New,25.297336517,tm
2025-06,2025-11,711379,PCNO ADV EXTRA CARE 300ml FT-New,22.88211,ml
2025-06,2025-11,711379,PCNO ADV EXTRA CARE 300ml FT-New,24.7,tm
2025-07,2025-11,711379,PCNO ADV EXTRA CARE 300ml FT-New,23.22092793,ml
2025-07,2025-11,711379,PCNO ADV EXTRA CARE 300ml FT-New,24.7,tm
2025-08,2025-11,711379,PCNO ADV EXTRA CARE 300ml FT-New,23.30877836,ml
2025-08,2025-11,711379,PCNO ADV EXTRA CARE 300ml FT-New,24.7,tm
2025-09,2025-11,711379,PCNO ADV EXTRA CARE 300ml FT-New,20.60195167,ml
2025-09,2025-11,711379,PCNO ADV EXTRA CARE 300ml FT-New,30.175120131,tm
2025-10,2025-11,711379,PCNO ADV EXTRA CARE 300ml FT-New,20.10509843,ml
2025-10,2025-11,711379,PCNO ADV EXTRA CARE 300ml FT-New,30.407318691,tm
2025-07,2025-12,711379,PCNO ADV EXTRA CARE 300ml FT-New,23.14895426,ml
2025-07,2025-12,711379,PCNO ADV EXTRA CARE 300ml FT-New,27.0,tm
2025-08,2025-12,711379,PCNO ADV EXTRA CARE 300ml FT-New,22.79555989,ml
2025-08,2025-12,711379,PCNO ADV EXTRA CARE 300ml FT-New,27.0,tm
2025-09,2025-12,711379,PCNO ADV EXTRA CARE 300ml FT-New,22.30391381,ml
2025-09,2025-12,711379,PCNO ADV EXTRA CARE 300ml FT-New,30.085397151,tm
2025-10,2025-12,711379,PCNO ADV EXTRA CARE 300ml FT-New,21.55124595,ml
2025-10,2025-12,711379,PCNO ADV EXTRA CARE 300ml FT-New,30.294375855,tm
2025-11,2025-12,711379,PCNO ADV EXTRA CARE 300ml FT-New,19.78870087,ml
2025-11,2025-12,711379,PCNO ADV EXTRA CARE 300ml FT-New,26.085397151,tm
2025-08,2026-01,711379,PCNO ADV EXTRA CARE 300ml FT-New,21.68119126,ml
2025-08,2026-01,711379,PCNO ADV EXTRA CARE 300ml FT-New,23.18,tm
2025-09,2026-01,711379,PCNO ADV EXTRA CARE 300ml FT-New,20.59168033,ml
2025-09,2026-01,711379,PCNO ADV EXTRA CARE 300ml FT-New,23.18,tm
2025-10,2026-01,711379,PCNO ADV EXTRA CARE 300ml FT-New,19.57376933,ml
2025-10,2026-01,711379,PCNO ADV EXTRA CARE 300ml FT-New,23.305387222,tm
2025-11,2026-01,711379,PCNO ADV EXTRA CARE 300ml FT-New,18.73983262,ml
2025-11,2026-01,711379,PCNO ADV EXTRA CARE 300ml FT-New,23.0,tm
2025-12,2026-01,711379,PCNO ADV EXTRA CARE 300ml FT-New,19.24109838,ml
2025-12,2026-01,711379,PCNO ADV EXTRA CARE 300ml FT-New,32.666666667,tm
2025-09,2026-02,711379,PCNO ADV EXTRA CARE 300ml FT-New,23.27719721,ml
2025-09,2026-02,711379,PCNO ADV EXTRA CARE 300ml FT-New,25.84,tm
2025-10,2026-02,711379,PCNO ADV EXTRA CARE 300ml FT-New,21.95941589,ml
2025-10,2026-02,711379,PCNO ADV EXTRA CARE 300ml FT-New,25.965387222,tm
2025-11,2026-02,711379,PCNO ADV EXTRA CARE 300ml FT-New,21.03136814,ml
2025-11,2026-02,711379,PCNO ADV EXTRA CARE 300ml FT-New,32.666666667,tm
2025-12,2026-02,711379,PCNO ADV EXTRA CARE 300ml FT-New,23.97701493,ml
2025-12,2026-02,711379,PCNO ADV EXTRA CARE 300ml FT-New,21.4,tm
2026-01,2026-02,711379,PCNO ADV EXTRA CARE 300ml FT-New,26.96042892,ml
2026-01,2026-02,711379,PCNO ADV EXTRA CARE 300ml FT-New,21.4,tm
2025-10,2026-03,711379,PCNO ADV EXTRA CARE 300ml FT-New,23.11714551,ml
2025-10,2026-03,711379,PCNO ADV EXTRA CARE 300ml FT-New,29.005387222,tm
2025-11,2026-03,711379,PCNO ADV EXTRA CARE 300ml FT-New,19.63390141,ml
2025-11,2026-03,711379,PCNO ADV EXTRA CARE 300ml FT-New,28.0,tm
2025-12,2026-03,711379,PCNO ADV EXTRA CARE 300ml FT-New,20.61049052,ml
2025-12,2026-03,711379,PCNO ADV EXTRA CARE 300ml FT-New,27.5,tm
2026-01,2026-03,711379,PCNO ADV EXTRA CARE 300ml FT-New,19.864044,ml
2026-01,2026-03,711379,PCNO ADV EXTRA CARE 300ml FT-New,27.5,tm
2026-02,2026-03,711379,PCNO ADV EXTRA CARE 300ml FT-New,18.32270082,ml
2026-02,2026-03,711379,PCNO ADV EXTRA CARE 300ml FT-New,25.0,tm
2025-11,2026-04,711379,PCNO ADV EXTRA CARE 300ml FT-New,18.73983262,ml
2025-11,2026-04,711379,PCNO ADV EXTRA CARE 300ml FT-New,23.0,tm
2025-12,2026-04,711379,PCNO ADV EXTRA CARE 300ml FT-New,19.13587457,ml
2025-12,2026-04,711379,PCNO ADV EXTRA CARE 300ml FT-New,20.5,tm
2026-01,2026-04,711379,PCNO ADV EXTRA CARE 300ml FT-New,19.36925989,ml
2026-01,2026-04,711379,PCNO ADV EXTRA CARE 300ml FT-New,27.0,tm
2026-02,2026-04,711379,PCNO ADV EXTRA CARE 300ml FT-New,18.46436153,ml
2026-02,2026-04,711379,PCNO ADV EXTRA CARE 300ml FT-New,26.0,tm
2026-03,2026-04,711379,PCNO ADV EXTRA CARE 300ml FT-New,19.36382176,ml
2026-03,2026-04,711379,PCNO ADV EXTRA CARE 300ml FT-New,23.0,tm
2025-12,2026-05,711379,PCNO ADV EXTRA CARE 300ml FT-New,20.33394315,ml
2025-12,2026-05,711379,PCNO ADV EXTRA CARE 300ml FT-New,27.0,tm
2026-01,2026-05,711379,PCNO ADV EXTRA CARE 300ml FT-New,20.1977945,ml
2026-01,2026-05,711379,PCNO ADV EXTRA CARE 300ml FT-New,27.0,tm
2026-02,2026-05,711379,PCNO ADV EXTRA CARE 300ml FT-New,19.43691069,ml
2026-02,2026-05,711379,PCNO ADV EXTRA CARE 300ml FT-New,28.5,tm
2026-03,2026-05,711379,PCNO ADV EXTRA CARE 300ml FT-New,26.48277883,ml
2026-03,2026-05,711379,PCNO ADV EXTRA CARE 300ml FT-New,28.5,tm
2026-04,2026-05,711379,PCNO ADV EXTRA CARE 300ml FT-New,20.01970745,ml
2026-04,2026-05,711379,PCNO ADV EXTRA CARE 300ml FT-New,28.5,tm
2026-01,2026-06,711379,PCNO ADV EXTRA CARE 300ml FT-New,19.32303599,ml
2026-01,2026-06,711379,PCNO ADV EXTRA CARE 300ml FT-New,26.0,tm
2026-02,2026-06,711379,PCNO ADV EXTRA CARE 300ml FT-New,18.32270082,ml
2026-02,2026-06,711379,PCNO ADV EXTRA CARE 300ml FT-New,26.0,tm
2026-03,2026-06,711379,PCNO ADV EXTRA CARE 300ml FT-New,19.68714887,ml
2026-03,2026-06,711379,PCNO ADV EXTRA CARE 300ml FT-New,23.0,tm
2026-04,2026-06,711379,PCNO ADV EXTRA CARE 300ml FT-New,22.40403882,ml
2026-04,2026-06,711379,PCNO ADV EXTRA CARE 300ml FT-New,22.0,tm
2026-05,2026-06,711379,PCNO ADV EXTRA CARE 300ml FT-New,18.30893733,ml
2026-05,2026-06,711379,PCNO ADV EXTRA CARE 300ml FT-New,23.0,tm
2026-02,2026-07,711379,PCNO ADV EXTRA CARE 300ml FT-New,18.7999158,ml
2026-02,2026-07,711379,PCNO ADV EXTRA CARE 300ml FT-New,23.636363636,tm
2026-03,2026-07,711379,PCNO ADV EXTRA CARE 300ml FT-New,22.17022563,ml
2026-03,2026-07,711379,PCNO ADV EXTRA CARE 300ml FT-New,23.5,tm
2026-04,2026-07,711379,PCNO ADV EXTRA CARE 300ml FT-New,20.98628953,ml
2026-04,2026-07,711379,PCNO ADV EXTRA CARE 300ml FT-New,23.2,tm
2026-05,2026-07,711379,PCNO ADV EXTRA CARE 300ml FT-New,18.12290232,ml
2026-05,2026-07,711379,PCNO ADV EXTRA CARE 300ml FT-New,23.7,tm
2026-06,2026-07,711379,PCNO ADV EXTRA CARE 300ml FT-New,18.817721867,ml
2026-06,2026-07,711379,PCNO ADV EXTRA CARE 300ml FT-New,23.7,tm
2026-03,2026-08,711379,PCNO ADV EXTRA CARE 300ml FT-New,19.40991068,ml
2026-03,2026-08,711379,PCNO ADV EXTRA CARE 300ml FT-New,23.0,tm
2026-04,2026-08,711379,PCNO ADV EXTRA CARE 300ml FT-New,20.34575546,ml
2026-04,2026-08,711379,PCNO ADV EXTRA CARE 300ml FT-New,22.0,tm
2026-05,2026-08,711379,PCNO ADV EXTRA CARE 300ml FT-New,17.6238548,ml
2026-05,2026-08,711379,PCNO ADV EXTRA CARE 300ml FT-New,21.0,tm
2026-06,2026-08,711379,PCNO ADV EXTRA CARE 300ml FT-New,14.014913435,ml
2026-06,2026-08,711379,PCNO ADV EXTRA CARE 300ml FT-New,21.0,tm
2026-07,2026-08,711379,PCNO ADV EXTRA CARE 300ml FT-New,19.104433769,ml
2026-07,2026-08,711379,PCNO ADV EXTRA CARE 300ml FT-New,20.715117639,tm
2026-04,2026-09,711379,PCNO ADV EXTRA CARE 300ml FT-New,21.71099796,ml
2026-04,2026-09,711379,PCNO ADV EXTRA CARE 300ml FT-New,23.5,tm
2026-05,2026-09,711379,PCNO ADV EXTRA CARE 300ml FT-New,18.1985126,ml
2026-05,2026-09,711379,PCNO ADV EXTRA CARE 300ml FT-New,24.0,tm
2026-06,2026-09,711379,PCNO ADV EXTRA CARE 300ml FT-New,18.842046068,ml
2026-06,2026-09,711379,PCNO ADV EXTRA CARE 300ml FT-New,24.0,tm
2026-07,2026-09,711379,PCNO ADV EXTRA CARE 300ml FT-New,20.079516289,ml
2026-07,2026-09,711379,PCNO ADV EXTRA CARE 300ml FT-New,21.772408808,tm
2026-05,2026-10,711379,PCNO ADV EXTRA CARE 300ml FT-New,18.05460212,ml
2026-05,2026-10,711379,PCNO ADV EXTRA CARE 300ml FT-New,23.0,tm
2026-06,2026-10,711379,PCNO ADV EXTRA CARE 300ml FT-New,18.894158077,ml
2026-06,2026-10,711379,PCNO ADV EXTRA CARE 300ml FT-New,23.0,tm
2026-07,2026-10,711379,PCNO ADV EXTRA CARE 300ml FT-New,18.587915921,ml
2026-07,2026-10,711379,PCNO ADV EXTRA CARE 300ml FT-New,20.155052467,tm
2026-06,2026-11,711379,PCNO ADV EXTRA CARE 300ml FT-New,19.523794243,ml
2026-06,2026-11,711379,PCNO ADV EXTRA CARE 300ml FT-New,20.5,tm
2026-07,2026-11,711379,PCNO ADV EXTRA CARE 300ml FT-New,17.97917,ml
2026-07,2026-11,711379,PCNO ADV EXTRA CARE 300ml FT-New,19.494983526,tm
2026-07,2026-12,711379,PCNO ADV EXTRA CARE 300ml FT-New,20.10680488,ml
2026-07,2026-12,711379,PCNO ADV EXTRA CARE 300ml FT-New,21.801998085,tm
2025-04,2025-05,711848,P BELIPHOOL 200ml,305.6793896,ml
2025-04,2025-05,711848,P BELIPHOOL 200ml,400.0,tm
2025-04,2025-06,711848,P BELIPHOOL 200ml,266.6492034,ml
2025-04,2025-06,711848,P BELIPHOOL 200ml,335.0,tm
2025-05,2025-06,711848,P BELIPHOOL 200ml,280.3341957,ml
2025-05,2025-06,711848,P BELIPHOOL 200ml,320.0,tm
2025-04,2025-07,711848,P BELIPHOOL 200ml,204.5232091,ml
2025-04,2025-07,711848,P BELIPHOOL 200ml,330.0,tm
2025-05,2025-07,711848,P BELIPHOOL 200ml,266.7151895,ml
2025-05,2025-07,711848,P BELIPHOOL 200ml,360.0,tm
2025-06,2025-07,711848,P BELIPHOOL 200ml,287.420358,ml
2025-06,2025-07,711848,P BELIPHOOL 200ml,310.0,tm
2025-04,2025-08,711848,P BELIPHOOL 200ml,252.7531041,ml
2025-04,2025-08,711848,P BELIPHOOL 200ml,340.0,tm
2025-05,2025-08,711848,P BELIPHOOL 200ml,244.6715157,ml
2025-05,2025-08,711848,P BELIPHOOL 200ml,410.0,tm
2025-06,2025-08,711848,P BELIPHOOL 200ml,252.3783101,ml
2025-06,2025-08,711848,P BELIPHOOL 200ml,410.0,tm
2025-07,2025-08,711848,P BELIPHOOL 200ml,333.8213465,ml
2025-07,2025-08,711848,P BELIPHOOL 200ml,390.0,tm
2025-04,2025-09,711848,P BELIPHOOL 200ml,311.5147188,ml
2025-04,2025-09,711848,P BELIPHOOL 200ml,395.0,tm
2025-05,2025-09,711848,P BELIPHOOL 200ml,300.9391504,ml
2025-05,2025-09,711848,P BELIPHOOL 200ml,330.0,tm
2025-06,2025-09,711848,P BELIPHOOL 200ml,275.8671896,ml
2025-06,2025-09,711848,P BELIPHOOL 200ml,370.0,tm
2025-07,2025-09,711848,P BELIPHOOL 200ml,309.1727669,ml
2025-07,2025-09,711848,P BELIPHOOL 200ml,339.9954,tm
2025-08,2025-09,711848,P BELIPHOOL 200ml,292.8359938,ml
2025-08,2025-09,711848,P BELIPHOOL 200ml,339.9954,tm
2025-05,2025-10,711848,P BELIPHOOL 200ml,319.6529108,ml
2025-05,2025-10,711848,P BELIPHOOL 200ml,330.0,tm
2025-06,2025-10,711848,P BELIPHOOL 200ml,268.0390252,ml
2025-06,2025-10,711848,P BELIPHOOL 200ml,330.0,tm
2025-07,2025-10,711848,P BELIPHOOL 200ml,290.0762371,ml
2025-07,2025-10,711848,P BELIPHOOL 200ml,330.0,tm
2025-08,2025-10,711848,P BELIPHOOL 200ml,271.4553209,ml
2025-08,2025-10,711848,P BELIPHOOL 200ml,330.0,tm
2025-09,2025-10,711848,P BELIPHOOL 200ml,269.9323304,ml
2025-09,2025-10,711848,P BELIPHOOL 200ml,385.23,tm
2025-06,2025-11,711848,P BELIPHOOL 200ml,255.7866904,ml
2025-06,2025-11,711848,P BELIPHOOL 200ml,340.0,tm
2025-07,2025-11,711848,P BELIPHOOL 200ml,351.8755795,ml
2025-07,2025-11,711848,P BELIPHOOL 200ml,400.0,tm
2025-08,2025-11,711848,P BELIPHOOL 200ml,331.3754679,ml
2025-08,2025-11,711848,P BELIPHOOL 200ml,400.0,tm
2025-09,2025-11,711848,P BELIPHOOL 200ml,296.8475866,ml
2025-09,2025-11,711848,P BELIPHOOL 200ml,400.23773496,tm
2025-10,2025-11,711848,P BELIPHOOL 200ml,363.710579,ml
2025-10,2025-11,711848,P BELIPHOOL 200ml,420.24773496,tm
2025-07,2025-12,711848,P BELIPHOOL 200ml,347.4789861,ml
2025-07,2025-12,711848,P BELIPHOOL 200ml,340.0,tm
2025-08,2025-12,711848,P BELIPHOOL 200ml,269.6713605,ml
2025-08,2025-12,711848,P BELIPHOOL 200ml,340.0,tm
2025-09,2025-12,711848,P BELIPHOOL 200ml,303.0582538,ml
2025-09,2025-12,711848,P BELIPHOOL 200ml,400.21999999999997,tm
2025-10,2025-12,711848,P BELIPHOOL 200ml,326.1862619,ml
2025-10,2025-12,711848,P BELIPHOOL 200ml,400.222961464,tm
2025-11,2025-12,711848,P BELIPHOOL 200ml,278.62685,ml
2025-11,2025-12,711848,P BELIPHOOL 200ml,400.0,tm
2025-08,2026-01,711848,P BELIPHOOL 200ml,277.3183079,ml
2025-08,2026-01,711848,P BELIPHOOL 200ml,360.0,tm
2025-09,2026-01,711848,P BELIPHOOL 200ml,278.3700802,ml
2025-09,2026-01,711848,P BELIPHOOL 200ml,360.133776878,tm
2025-10,2026-01,711848,P BELIPHOOL 200ml,283.3978686,ml
2025-10,2026-01,711848,P BELIPHOOL 200ml,360.133776878,tm
2025-11,2026-01,711848,P BELIPHOOL 200ml,298.921537,ml
2025-11,2026-01,711848,P BELIPHOOL 200ml,360.0,tm
2025-12,2026-01,711848,P BELIPHOOL 200ml,294.0582711,ml
2025-12,2026-01,711848,P BELIPHOOL 200ml,360.0,tm
2025-09,2026-02,711848,P BELIPHOOL 200ml,301.5006204,ml
2025-09,2026-02,711848,P BELIPHOOL 200ml,380.133776878,tm
2025-10,2026-02,711848,P BELIPHOOL 200ml,315.3253243,ml
2025-10,2026-02,711848,P BELIPHOOL 200ml,380.133776878,tm
2025-11,2026-02,711848,P BELIPHOOL 200ml,312.4080214,ml
2025-11,2026-02,711848,P BELIPHOOL 200ml,380.0,tm
2025-12,2026-02,711848,P BELIPHOOL 200ml,321.5311818,ml
2025-12,2026-02,711848,P BELIPHOOL 200ml,380.0,tm
2026-01,2026-02,711848,P BELIPHOOL 200ml,315.4355625,ml
2026-01,2026-02,711848,P BELIPHOOL 200ml,380.0,tm
2025-10,2026-03,711848,P BELIPHOOL 200ml,307.6403768,ml
2025-10,2026-03,711848,P BELIPHOOL 200ml,400.133776878,tm
2025-11,2026-03,711848,P BELIPHOOL 200ml,303.0942453,ml
2025-11,2026-03,711848,P BELIPHOOL 200ml,530.0,tm
2025-12,2026-03,711848,P BELIPHOOL 200ml,318.2657565,ml
2025-12,2026-03,711848,P BELIPHOOL 200ml,530.0,tm
2026-01,2026-03,711848,P BELIPHOOL 200ml,352.0747768,ml
2026-01,2026-03,711848,P BELIPHOOL 200ml,530.0,tm
2026-02,2026-03,711848,P BELIPHOOL 200ml,350.5878588,ml
2026-02,2026-03,711848,P BELIPHOOL 200ml,500.0,tm
2025-11,2026-04,711848,P BELIPHOOL 200ml,361.0149865,ml
2025-11,2026-04,711848,P BELIPHOOL 200ml,350.0,tm
2025-12,2026-04,711848,P BELIPHOOL 200ml,314.9702343,ml
2025-12,2026-04,711848,P BELIPHOOL 200ml,370.0,tm
2026-01,2026-04,711848,P BELIPHOOL 200ml,280.0427733,ml
2026-01,2026-04,711848,P BELIPHOOL 200ml,385.0,tm
2026-02,2026-04,711848,P BELIPHOOL 200ml,276.616194,ml
2026-02,2026-04,711848,P BELIPHOOL 200ml,385.0,tm
2026-03,2026-04,711848,P BELIPHOOL 200ml,319.0922944,ml
2026-03,2026-04,711848,P BELIPHOOL 200ml,370.0,tm
2025-12,2026-05,711848,P BELIPHOOL 200ml,374.6318885,ml
2025-12,2026-05,711848,P BELIPHOOL 200ml,440.0,tm
2026-01,2026-05,711848,P BELIPHOOL 200ml,395.7465782,ml
2026-01,2026-05,711848,P BELIPHOOL 200ml,470.0,tm
2026-02,2026-05,711848,P BELIPHOOL 200ml,276.478163,ml
2026-02,2026-05,711848,P BELIPHOOL 200ml,470.0,tm
2026-03,2026-05,711848,P BELIPHOOL 200ml,397.9709237,ml
2026-03,2026-05,711848,P BELIPHOOL 200ml,470.0,tm
2026-04,2026-05,711848,P BELIPHOOL 200ml,410.2412763,ml
2026-04,2026-05,711848,P BELIPHOOL 200ml,440.0,tm
2026-01,2026-06,711848,P BELIPHOOL 200ml,294.4679379,ml
2026-01,2026-06,711848,P BELIPHOOL 200ml,404.0,tm
2026-02,2026-06,711848,P BELIPHOOL 200ml,276.8629377,ml
2026-02,2026-06,711848,P BELIPHOOL 200ml,404.21875,tm
2026-03,2026-06,711848,P BELIPHOOL 200ml,286.3698141,ml
2026-03,2026-06,711848,P BELIPHOOL 200ml,390.0,tm
2026-04,2026-06,711848,P BELIPHOOL 200ml,339.9271558,ml
2026-04,2026-06,711848,P BELIPHOOL 200ml,390.0,tm
2026-05,2026-06,711848,P BELIPHOOL 200ml,282.1084367,ml
2026-05,2026-06,711848,P BELIPHOOL 200ml,390.0,tm
2026-02,2026-07,711848,P BELIPHOOL 200ml,248.6362392,ml
2026-02,2026-07,711848,P BELIPHOOL 200ml,240.993923611,tm
2026-03,2026-07,711848,P BELIPHOOL 200ml,230.5041824,ml
2026-03,2026-07,711848,P BELIPHOOL 200ml,240.0,tm
2026-04,2026-07,711848,P BELIPHOOL 200ml,263.7088572,ml
2026-04,2026-07,711848,P BELIPHOOL 200ml,220.0,tm
2026-05,2026-07,711848,P BELIPHOOL 200ml,245.2626112,ml
2026-05,2026-07,711848,P BELIPHOOL 200ml,250.0,tm
2026-06,2026-07,711848,P BELIPHOOL 200ml,269.014180014,ml
2026-06,2026-07,711848,P BELIPHOOL 200ml,240.0,tm
2026-03,2026-08,711848,P BELIPHOOL 200ml,354.5754571,ml
2026-03,2026-08,711848,P BELIPHOOL 200ml,315.0,tm
2026-04,2026-08,711848,P BELIPHOOL 200ml,334.5103448,ml
2026-04,2026-08,711848,P BELIPHOOL 200ml,290.0,tm
2026-05,2026-08,711848,P BELIPHOOL 200ml,300.1904381,ml
2026-05,2026-08,711848,P BELIPHOOL 200ml,360.0,tm
2026-06,2026-08,711848,P BELIPHOOL 200ml,276.6062098,ml
2026-06,2026-08,711848,P BELIPHOOL 200ml,300.0,tm
2026-07,2026-08,711848,P BELIPHOOL 200ml,269.747690309,ml
2026-07,2026-08,711848,P BELIPHOOL 200ml,285.99,tm
2026-04,2026-09,711848,P BELIPHOOL 200ml,342.4735227,ml
2026-04,2026-09,711848,P BELIPHOOL 200ml,350.0,tm
2026-05,2026-09,711848,P BELIPHOOL 200ml,324.5652964,ml
2026-05,2026-09,711848,P BELIPHOOL 200ml,370.0,tm
2026-06,2026-09,711848,P BELIPHOOL 200ml,297.23741802,ml
2026-06,2026-09,711848,P BELIPHOOL 200ml,370.0,tm
2026-07,2026-09,711848,P BELIPHOOL 200ml,278.148536657,ml
2026-07,2026-09,711848,P BELIPHOOL 200ml,395.49,tm
2026-05,2026-10,711848,P BELIPHOOL 200ml,309.6487334,ml
2026-05,2026-10,711848,P BELIPHOOL 200ml,320.0,tm
2026-06,2026-10,711848,P BELIPHOOL 200ml,281.419058137,ml
2026-06,2026-10,711848,P BELIPHOOL 200ml,310.0,tm
2026-07,2026-10,711848,P BELIPHOOL 200ml,323.124808746,ml
2026-07,2026-10,711848,P BELIPHOOL 200ml,296.68,tm
2026-06,2026-11,711848,P BELIPHOOL 200ml,276.7732797,ml
2026-06,2026-11,711848,P BELIPHOOL 200ml,345.0,tm
2026-07,2026-11,711848,P BELIPHOOL 200ml,298.825571732,ml
2026-07,2026-11,711848,P BELIPHOOL 200ml,331.79,tm
2026-07,2026-12,711848,P BELIPHOOL 200ml,307.295117929,ml
2026-07,2026-12,711848,P BELIPHOOL 200ml,410.49,tm
2025-04,2025-05,713088,P BELIPHOOL 400ml,28.55636,ml
2025-04,2025-05,713088,P BELIPHOOL 400ml,45.0,tm
2025-04,2025-06,713088,P BELIPHOOL 400ml,32.58988582,ml
2025-04,2025-06,713088,P BELIPHOOL 400ml,37.0,tm
2025-05,2025-06,713088,P BELIPHOOL 400ml,33.91163182,ml
2025-05,2025-06,713088,P BELIPHOOL 400ml,32.0,tm
2025-04,2025-07,713088,P BELIPHOOL 400ml,26.84741258,ml
2025-04,2025-07,713088,P BELIPHOOL 400ml,40.0,tm
2025-05,2025-07,713088,P BELIPHOOL 400ml,31.94643788,ml
2025-05,2025-07,713088,P BELIPHOOL 400ml,40.0,tm
2025-06,2025-07,713088,P BELIPHOOL 400ml,23.68712913,ml
2025-06,2025-07,713088,P BELIPHOOL 400ml,40.0,tm
2025-04,2025-08,713088,P BELIPHOOL 400ml,30.82970142,ml
2025-04,2025-08,713088,P BELIPHOOL 400ml,43.0,tm
2025-05,2025-08,713088,P BELIPHOOL 400ml,35.28444647,ml
2025-05,2025-08,713088,P BELIPHOOL 400ml,40.0,tm
2025-06,2025-08,713088,P BELIPHOOL 400ml,40.79825476,ml
2025-06,2025-08,713088,P BELIPHOOL 400ml,40.0,tm
2025-07,2025-08,713088,P BELIPHOOL 400ml,35.21754649,ml
2025-07,2025-08,713088,P BELIPHOOL 400ml,54.0,tm
2025-04,2025-09,713088,P BELIPHOOL 400ml,34.69983474,ml
2025-04,2025-09,713088,P BELIPHOOL 400ml,38.0,tm
2025-05,2025-09,713088,P BELIPHOOL 400ml,38.86822228,ml
2025-05,2025-09,713088,P BELIPHOOL 400ml,54.0,tm
2025-06,2025-09,713088,P BELIPHOOL 400ml,37.42554297,ml
2025-06,2025-09,713088,P BELIPHOOL 400ml,54.0,tm
2025-07,2025-09,713088,P BELIPHOOL 400ml,33.98797425,ml
2025-07,2025-09,713088,P BELIPHOOL 400ml,40.0044,tm
2025-08,2025-09,713088,P BELIPHOOL 400ml,39.17844641,ml
2025-08,2025-09,713088,P BELIPHOOL 400ml,45.004400000000004,tm
2025-05,2025-10,713088,P BELIPHOOL 400ml,34.69140248,ml
2025-05,2025-10,713088,P BELIPHOOL 400ml,40.0,tm
2025-06,2025-10,713088,P BELIPHOOL 400ml,33.15833315,ml
2025-06,2025-10,713088,P BELIPHOOL 400ml,40.0,tm
2025-07,2025-10,713088,P BELIPHOOL 400ml,34.01407531,ml
2025-07,2025-10,713088,P BELIPHOOL 400ml,40.0,tm
2025-08,2025-10,713088,P BELIPHOOL 400ml,31.13309729,ml
2025-08,2025-10,713088,P BELIPHOOL 400ml,40.0,tm
2025-09,2025-10,713088,P BELIPHOOL 400ml,32.76873403,ml
2025-09,2025-10,713088,P BELIPHOOL 400ml,45.3898768,tm
2025-06,2025-11,713088,P BELIPHOOL 400ml,34.16191733,ml
2025-06,2025-11,713088,P BELIPHOOL 400ml,45.0,tm
2025-07,2025-11,713088,P BELIPHOOL 400ml,45.38940874,ml
2025-07,2025-11,713088,P BELIPHOOL 400ml,45.0,tm
2025-08,2025-11,713088,P BELIPHOOL 400ml,50.93203481,ml
2025-08,2025-11,713088,P BELIPHOOL 400ml,45.0,tm
2025-09,2025-11,713088,P BELIPHOOL 400ml,40.15895881,ml
2025-09,2025-11,713088,P BELIPHOOL 400ml,50.43106448,tm
2025-10,2025-11,713088,P BELIPHOOL 400ml,40.00567269,ml
2025-10,2025-11,713088,P BELIPHOOL 400ml,50.43106448,tm
2025-07,2025-12,713088,P BELIPHOOL 400ml,50.7378703,ml
2025-07,2025-12,713088,P BELIPHOOL 400ml,48.0,tm
2025-08,2025-12,713088,P BELIPHOOL 400ml,55.03218765,ml
2025-08,2025-12,713088,P BELIPHOOL 400ml,48.0,tm
2025-09,2025-12,713088,P BELIPHOOL 400ml,43.50871471,ml
2025-09,2025-12,713088,P BELIPHOOL 400ml,55.387958032,tm
2025-10,2025-12,713088,P BELIPHOOL 400ml,43.41510751,ml
2025-10,2025-12,713088,P BELIPHOOL 400ml,55.387958032,tm
2025-11,2025-12,713088,P BELIPHOOL 400ml,41.09959615,ml
2025-11,2025-12,713088,P BELIPHOOL 400ml,45.0,tm
2025-08,2026-01,713088,P BELIPHOOL 400ml,30.88337716,ml
2025-08,2026-01,713088,P BELIPHOOL 400ml,39.0,tm
2025-09,2026-01,713088,P BELIPHOOL 400ml,31.67957154,ml
2025-09,2026-01,713088,P BELIPHOOL 400ml,39.232774819,tm
2025-10,2026-01,713088,P BELIPHOOL 400ml,32.38863184,ml
2025-10,2026-01,713088,P BELIPHOOL 400ml,39.232774819,tm
2025-11,2026-01,713088,P BELIPHOOL 400ml,33.69228,ml
2025-11,2026-01,713088,P BELIPHOOL 400ml,50.0,tm
2025-12,2026-01,713088,P BELIPHOOL 400ml,33.23052253,ml
2025-12,2026-01,713088,P BELIPHOOL 400ml,46.36,tm
2025-09,2026-02,713088,P BELIPHOOL 400ml,32.19578335,ml
2025-09,2026-02,713088,P BELIPHOOL 400ml,46.232774819,tm
2025-10,2026-02,713088,P BELIPHOOL 400ml,37.60871996,ml
2025-10,2026-02,713088,P BELIPHOOL 400ml,46.232774819,tm
2025-11,2026-02,713088,P BELIPHOOL 400ml,41.00888773,ml
2025-11,2026-02,713088,P BELIPHOOL 400ml,45.0,tm
2025-12,2026-02,713088,P BELIPHOOL 400ml,39.58897609,ml
2025-12,2026-02,713088,P BELIPHOOL 400ml,45.0,tm
2026-01,2026-02,713088,P BELIPHOOL 400ml,39.05692592,ml
2026-01,2026-02,713088,P BELIPHOOL 400ml,45.0,tm
2025-10,2026-03,713088,P BELIPHOOL 400ml,38.19248341,ml
2025-10,2026-03,713088,P BELIPHOOL 400ml,55.232774819,tm
2025-11,2026-03,713088,P BELIPHOOL 400ml,41.05697634,ml
2025-11,2026-03,713088,P BELIPHOOL 400ml,42.0,tm
2025-12,2026-03,713088,P BELIPHOOL 400ml,39.56061815,ml
2025-12,2026-03,713088,P BELIPHOOL 400ml,42.0,tm
2026-01,2026-03,713088,P BELIPHOOL 400ml,38.57891502,ml
2026-01,2026-03,713088,P BELIPHOOL 400ml,42.0,tm
2026-02,2026-03,713088,P BELIPHOOL 400ml,42.47938545,ml
2026-02,2026-03,713088,P BELIPHOOL 400ml,42.0,tm
2025-11,2026-04,713088,P BELIPHOOL 400ml,38.8749636,ml
2025-11,2026-04,713088,P BELIPHOOL 400ml,40.0,tm
2025-12,2026-04,713088,P BELIPHOOL 400ml,39.47507335,ml
2025-12,2026-04,713088,P BELIPHOOL 400ml,35.0,tm
2026-01,2026-04,713088,P BELIPHOOL 400ml,37.70767231,ml
2026-01,2026-04,713088,P BELIPHOOL 400ml,40.0,tm
2026-02,2026-04,713088,P BELIPHOOL 400ml,45.2849301,ml
2026-02,2026-04,713088,P BELIPHOOL 400ml,40.0,tm
2026-03,2026-04,713088,P BELIPHOOL 400ml,45.98059918,ml
2026-03,2026-04,713088,P BELIPHOOL 400ml,40.0,tm
2025-12,2026-05,713088,P BELIPHOOL 400ml,39.91616438,ml
2025-12,2026-05,713088,P BELIPHOOL 400ml,45.455,tm
2026-01,2026-05,713088,P BELIPHOOL 400ml,38.7375961,ml
2026-01,2026-05,713088,P BELIPHOOL 400ml,45.455,tm
2026-02,2026-05,713088,P BELIPHOOL 400ml,59.13137186,ml
2026-02,2026-05,713088,P BELIPHOOL 400ml,54.5,tm
2026-03,2026-05,713088,P BELIPHOOL 400ml,44.10108991,ml
2026-03,2026-05,713088,P BELIPHOOL 400ml,54.5,tm
2026-04,2026-05,713088,P BELIPHOOL 400ml,40.46604,ml
2026-04,2026-05,713088,P BELIPHOOL 400ml,54.5,tm
2026-01,2026-06,713088,P BELIPHOOL 400ml,32.29810852,ml
2026-01,2026-06,713088,P BELIPHOOL 400ml,38.002774819,tm
2026-02,2026-06,713088,P BELIPHOOL 400ml,35.94770244,ml
2026-02,2026-06,713088,P BELIPHOOL 400ml,37.604166667,tm
2026-03,2026-06,713088,P BELIPHOOL 400ml,32.227308,ml
2026-03,2026-06,713088,P BELIPHOOL 400ml,42.0,tm
2026-04,2026-06,713088,P BELIPHOOL 400ml,34.25991363,ml
2026-04,2026-06,713088,P BELIPHOOL 400ml,42.0,tm
2026-05,2026-06,713088,P BELIPHOOL 400ml,34.18674057,ml
2026-05,2026-06,713088,P BELIPHOOL 400ml,42.0,tm
2026-02,2026-07,713088,P BELIPHOOL 400ml,39.45700326,ml
2026-02,2026-07,713088,P BELIPHOOL 400ml,19.421296296,tm
2026-03,2026-07,713088,P BELIPHOOL 400ml,31.54595288,ml
2026-03,2026-07,713088,P BELIPHOOL 400ml,40.0,tm
2026-04,2026-07,713088,P BELIPHOOL 400ml,36.69236286,ml
2026-04,2026-07,713088,P BELIPHOOL 400ml,32.0,tm
2026-05,2026-07,713088,P BELIPHOOL 400ml,35.52425143,ml
2026-05,2026-07,713088,P BELIPHOOL 400ml,30.0,tm
2026-06,2026-07,713088,P BELIPHOOL 400ml,35.146261333,ml
2026-06,2026-07,713088,P BELIPHOOL 400ml,30.0,tm
2026-03,2026-08,713088,P BELIPHOOL 400ml,38.85704,ml
2026-03,2026-08,713088,P BELIPHOOL 400ml,50.0,tm
2026-04,2026-08,713088,P BELIPHOOL 400ml,41.63158667,ml
2026-04,2026-08,713088,P BELIPHOOL 400ml,45.45,tm
2026-05,2026-08,713088,P BELIPHOOL 400ml,39.51339629,ml
2026-05,2026-08,713088,P BELIPHOOL 400ml,40.0,tm
2026-06,2026-08,713088,P BELIPHOOL 400ml,37.162196708,ml
2026-06,2026-08,713088,P BELIPHOOL 400ml,40.0,tm
2026-07,2026-08,713088,P BELIPHOOL 400ml,38.269524538,ml
2026-07,2026-08,713088,P BELIPHOOL 400ml,40.522640785,tm
2026-04,2026-09,713088,P BELIPHOOL 400ml,42.50258667,ml
2026-04,2026-09,713088,P BELIPHOOL 400ml,40.0,tm
2026-05,2026-09,713088,P BELIPHOOL 400ml,38.39203932,ml
2026-05,2026-09,713088,P BELIPHOOL 400ml,45.0,tm
2026-06,2026-09,713088,P BELIPHOOL 400ml,35.202834146,ml
2026-06,2026-09,713088,P BELIPHOOL 400ml,45.0,tm
2026-07,2026-09,713088,P BELIPHOOL 400ml,37.290887911,ml
2026-07,2026-09,713088,P BELIPHOOL 400ml,39.486386978,tm
2026-05,2026-10,713088,P BELIPHOOL 400ml,37.4182279,ml
2026-05,2026-10,713088,P BELIPHOOL 400ml,35.0,tm
2026-06,2026-10,713088,P BELIPHOOL 400ml,35.694866679,ml
2026-06,2026-10,713088,P BELIPHOOL 400ml,35.0,tm
2026-07,2026-10,713088,P BELIPHOOL 400ml,36.081101102,ml
2026-07,2026-10,713088,P BELIPHOOL 400ml,38.205374034,tm
2026-06,2026-11,713088,P BELIPHOOL 400ml,35.146261333,ml
2026-06,2026-11,713088,P BELIPHOOL 400ml,44.0,tm
2026-07,2026-11,713088,P BELIPHOOL 400ml,35.343228462,ml
2026-07,2026-11,713088,P BELIPHOOL 400ml,37.424059181,tm
2026-07,2026-12,713088,P BELIPHOOL 400ml,41.968366304,ml
2026-07,2026-12,713088,P BELIPHOOL 400ml,44.439251665,tm
2025-04,2025-05,713680,P ALOE VERA 250ML-(BD),16.37850768,ml
2025-04,2025-05,713680,P ALOE VERA 250ML-(BD),28.0,tm
2025-04,2025-06,713680,P ALOE VERA 250ML-(BD),18.968035,ml
2025-04,2025-06,713680,P ALOE VERA 250ML-(BD),21.5,tm
2025-05,2025-06,713680,P ALOE VERA 250ML-(BD),19.9505559,ml
2025-05,2025-06,713680,P ALOE VERA 250ML-(BD),21.5,tm
2025-04,2025-07,713680,P ALOE VERA 250ML-(BD),18.467935,ml
2025-04,2025-07,713680,P ALOE VERA 250ML-(BD),33.0,tm
2025-05,2025-07,713680,P ALOE VERA 250ML-(BD),15.84002132,ml
2025-05,2025-07,713680,P ALOE VERA 250ML-(BD),33.0,tm
2025-06,2025-07,713680,P ALOE VERA 250ML-(BD),14.68345339,ml
2025-06,2025-07,713680,P ALOE VERA 250ML-(BD),33.0,tm
2025-04,2025-08,713680,P ALOE VERA 250ML-(BD),19.18516608,ml
2025-04,2025-08,713680,P ALOE VERA 250ML-(BD),20.5,tm
2025-05,2025-08,713680,P ALOE VERA 250ML-(BD),18.33301641,ml
2025-05,2025-08,713680,P ALOE VERA 250ML-(BD),20.5,tm
2025-06,2025-08,713680,P ALOE VERA 250ML-(BD),22.09875208,ml
2025-06,2025-08,713680,P ALOE VERA 250ML-(BD),11.0,tm
2025-07,2025-08,713680,P ALOE VERA 250ML-(BD),20.67264417,ml
2025-07,2025-08,713680,P ALOE VERA 250ML-(BD),10.0,tm
2025-04,2025-09,713680,P ALOE VERA 250ML-(BD),19.299385,ml
2025-04,2025-09,713680,P ALOE VERA 250ML-(BD),20.0,tm
2025-05,2025-09,713680,P ALOE VERA 250ML-(BD),16.99231529,ml
2025-05,2025-09,713680,P ALOE VERA 250ML-(BD),20.0,tm
2025-06,2025-09,713680,P ALOE VERA 250ML-(BD),18.76755163,ml
2025-06,2025-09,713680,P ALOE VERA 250ML-(BD),22.5,tm
2025-07,2025-09,713680,P ALOE VERA 250ML-(BD),17.79014803,ml
2025-07,2025-09,713680,P ALOE VERA 250ML-(BD),23.5,tm
2025-08,2025-09,713680,P ALOE VERA 250ML-(BD),18.52772854,ml
2025-08,2025-09,713680,P ALOE VERA 250ML-(BD),23.5,tm
2025-05,2025-10,713680,P ALOE VERA 250ML-(BD),13.97571755,ml
2025-05,2025-10,713680,P ALOE VERA 250ML-(BD),18.6,tm
2025-06,2025-10,713680,P ALOE VERA 250ML-(BD),12.98327004,ml
2025-06,2025-10,713680,P ALOE VERA 250ML-(BD),18.6,tm
2025-07,2025-10,713680,P ALOE VERA 250ML-(BD),6.971380689,ml
2025-07,2025-10,713680,P ALOE VERA 250ML-(BD),18.6,tm
2025-08,2025-10,713680,P ALOE VERA 250ML-(BD),13.7759746,ml
2025-08,2025-10,713680,P ALOE VERA 250ML-(BD),18.6,tm
2025-09,2025-10,713680,P ALOE VERA 250ML-(BD),13.71984862,ml
2025-09,2025-10,713680,P ALOE VERA 250ML-(BD),21.7375,tm
2025-06,2025-11,713680,P ALOE VERA 250ML-(BD),16.3119275,ml
2025-06,2025-11,713680,P ALOE VERA 250ML-(BD),23.3,tm
2025-07,2025-11,713680,P ALOE VERA 250ML-(BD),20.23094814,ml
2025-07,2025-11,713680,P ALOE VERA 250ML-(BD),23.3,tm
2025-08,2025-11,713680,P ALOE VERA 250ML-(BD),17.06073963,ml
2025-08,2025-11,713680,P ALOE VERA 250ML-(BD),23.3,tm
2025-09,2025-11,713680,P ALOE VERA 250ML-(BD),17.636941,ml
2025-09,2025-11,713680,P ALOE VERA 250ML-(BD),27.716896552,tm
2025-10,2025-11,713680,P ALOE VERA 250ML-(BD),16.455825,ml
2025-10,2025-11,713680,P ALOE VERA 250ML-(BD),27.716896551999998,tm
2025-07,2025-12,713680,P ALOE VERA 250ML-(BD),18.09753554,ml
2025-07,2025-12,713680,P ALOE VERA 250ML-(BD),26.0,tm
2025-08,2025-12,713680,P ALOE VERA 250ML-(BD),16.81178231,ml
2025-08,2025-12,713680,P ALOE VERA 250ML-(BD),26.0,tm
2025-09,2025-12,713680,P ALOE VERA 250ML-(BD),17.93955945,ml
2025-09,2025-12,713680,P ALOE VERA 250ML-(BD),27.24,tm
2025-10,2025-12,713680,P ALOE VERA 250ML-(BD),18.368354449999998,ml
2025-10,2025-12,713680,P ALOE VERA 250ML-(BD),27.24,tm
2025-11,2025-12,713680,P ALOE VERA 250ML-(BD),17.89716901,ml
2025-11,2025-12,713680,P ALOE VERA 250ML-(BD),18.74,tm
2025-08,2026-01,713680,P ALOE VERA 250ML-(BD),14.7244938,ml
2025-08,2026-01,713680,P ALOE VERA 250ML-(BD),17.36,tm
2025-09,2026-01,713680,P ALOE VERA 250ML-(BD),15.95488025,ml
2025-09,2026-01,713680,P ALOE VERA 250ML-(BD),17.36,tm
2025-10,2026-01,713680,P ALOE VERA 250ML-(BD),15.77037875,ml
2025-10,2026-01,713680,P ALOE VERA 250ML-(BD),17.36,tm
2025-11,2026-01,713680,P ALOE VERA 250ML-(BD),14.859105,ml
2025-11,2026-01,713680,P ALOE VERA 250ML-(BD),24.5,tm
2025-12,2026-01,713680,P ALOE VERA 250ML-(BD),14.85198833,ml
2025-12,2026-01,713680,P ALOE VERA 250ML-(BD),24.5,tm
2025-09,2026-02,713680,P ALOE VERA 250ML-(BD),16.69027464,ml
2025-09,2026-02,713680,P ALOE VERA 250ML-(BD),22.32,tm
2025-10,2026-02,713680,P ALOE VERA 250ML-(BD),16.60891344,ml
2025-10,2026-02,713680,P ALOE VERA 250ML-(BD),22.32,tm
2025-11,2026-02,713680,P ALOE VERA 250ML-(BD),15.37040284,ml
2025-11,2026-02,713680,P ALOE VERA 250ML-(BD),22.5,tm
2025-12,2026-02,713680,P ALOE VERA 250ML-(BD),20.45288568,ml
2025-12,2026-02,713680,P ALOE VERA 250ML-(BD),22.5,tm
2026-01,2026-02,713680,P ALOE VERA 250ML-(BD),28.04741481,ml
2026-01,2026-02,713680,P ALOE VERA 250ML-(BD),22.5,tm
2025-10,2026-03,713680,P ALOE VERA 250ML-(BD),18.96520137,ml
2025-10,2026-03,713680,P ALOE VERA 250ML-(BD),27.28,tm
2025-11,2026-03,713680,P ALOE VERA 250ML-(BD),16.34853056,ml
2025-11,2026-03,713680,P ALOE VERA 250ML-(BD),27.5,tm
2025-12,2026-03,713680,P ALOE VERA 250ML-(BD),18.41628783,ml
2025-12,2026-03,713680,P ALOE VERA 250ML-(BD),27.5,tm
2026-01,2026-03,713680,P ALOE VERA 250ML-(BD),23.05312488,ml
2026-01,2026-03,713680,P ALOE VERA 250ML-(BD),27.495647480000002,tm
2026-02,2026-03,713680,P ALOE VERA 250ML-(BD),20.29729069,ml
2026-02,2026-03,713680,P ALOE VERA 250ML-(BD),27.49,tm
2025-11,2026-04,713680,P ALOE VERA 250ML-(BD),14.49262041,ml
2025-11,2026-04,713680,P ALOE VERA 250ML-(BD),18.5,tm
2025-12,2026-04,713680,P ALOE VERA 250ML-(BD),12.06912794,ml
2025-12,2026-04,713680,P ALOE VERA 250ML-(BD),14.998395682,tm
2026-01,2026-04,713680,P ALOE VERA 250ML-(BD),13.13075185,ml
2026-01,2026-04,713680,P ALOE VERA 250ML-(BD),15.0,tm
2026-02,2026-04,713680,P ALOE VERA 250ML-(BD),15.54232973,ml
2026-02,2026-04,713680,P ALOE VERA 250ML-(BD),15.0,tm
2026-03,2026-04,713680,P ALOE VERA 250ML-(BD),12.34912721,ml
2026-03,2026-04,713680,P ALOE VERA 250ML-(BD),12.4,tm
2025-12,2026-05,713680,P ALOE VERA 250ML-(BD),16.86492014,ml
2025-12,2026-05,713680,P ALOE VERA 250ML-(BD),23.998395682,tm
2026-01,2026-05,713680,P ALOE VERA 250ML-(BD),15.33278504,ml
2026-01,2026-05,713680,P ALOE VERA 250ML-(BD),27.755,tm
2026-02,2026-05,713680,P ALOE VERA 250ML-(BD),17.69996909,ml
2026-02,2026-05,713680,P ALOE VERA 250ML-(BD),27.755,tm
2026-03,2026-05,713680,P ALOE VERA 250ML-(BD),15.9027415,ml
2026-03,2026-05,713680,P ALOE VERA 250ML-(BD),23.9,tm
2026-04,2026-05,713680,P ALOE VERA 250ML-(BD),20.21155903,ml
2026-04,2026-05,713680,P ALOE VERA 250ML-(BD),22.9,tm
2026-01,2026-06,713680,P ALOE VERA 250ML-(BD),12.09332291,ml
2026-01,2026-06,713680,P ALOE VERA 250ML-(BD),22.0,tm
2026-02,2026-06,713680,P ALOE VERA 250ML-(BD),16.83770742,ml
2026-02,2026-06,713680,P ALOE VERA 250ML-(BD),22.0,tm
2026-03,2026-06,713680,P ALOE VERA 250ML-(BD),15.57365811,ml
2026-03,2026-06,713680,P ALOE VERA 250ML-(BD),29.2,tm
2026-04,2026-06,713680,P ALOE VERA 250ML-(BD),23.67825163,ml
2026-04,2026-06,713680,P ALOE VERA 250ML-(BD),29.2,tm
2026-05,2026-06,713680,P ALOE VERA 250ML-(BD),13.23058051,ml
2026-05,2026-06,713680,P ALOE VERA 250ML-(BD),27.0,tm
2026-02,2026-07,713680,P ALOE VERA 250ML-(BD),33.81781449,ml
2026-02,2026-07,713680,P ALOE VERA 250ML-(BD),23.58974359,tm
2026-03,2026-07,713680,P ALOE VERA 250ML-(BD),14.81250769,ml
2026-03,2026-07,713680,P ALOE VERA 250ML-(BD),19.4,tm
2026-04,2026-07,713680,P ALOE VERA 250ML-(BD),18.40342835,ml
2026-04,2026-07,713680,P ALOE VERA 250ML-(BD),19.4,tm
2026-05,2026-07,713680,P ALOE VERA 250ML-(BD),16.594025,ml
2026-05,2026-07,713680,P ALOE VERA 250ML-(BD),19.4,tm
2026-06,2026-07,713680,P ALOE VERA 250ML-(BD),16.95535,ml
2026-06,2026-07,713680,P ALOE VERA 250ML-(BD),19.4,tm
2026-03,2026-08,713680,P ALOE VERA 250ML-(BD),15.57365811,ml
2026-03,2026-08,713680,P ALOE VERA 250ML-(BD),14.9,tm
2026-04,2026-08,713680,P ALOE VERA 250ML-(BD),16.60745833,ml
2026-04,2026-08,713680,P ALOE VERA 250ML-(BD),13.9,tm
2026-05,2026-08,713680,P ALOE VERA 250ML-(BD),13.23665,ml
2026-05,2026-08,713680,P ALOE VERA 250ML-(BD),12.9,tm
2026-06,2026-08,713680,P ALOE VERA 250ML-(BD),16.05965,ml
2026-06,2026-08,713680,P ALOE VERA 250ML-(BD),13.4,tm
2026-07,2026-08,713680,P ALOE VERA 250ML-(BD),15.541024689,ml
2026-07,2026-08,713680,P ALOE VERA 250ML-(BD),20.0,tm
2026-04,2026-09,713680,P ALOE VERA 250ML-(BD),18.40342835,ml
2026-04,2026-09,713680,P ALOE VERA 250ML-(BD),22.5,tm
2026-05,2026-09,713680,P ALOE VERA 250ML-(BD),21.76302517,ml
2026-05,2026-09,713680,P ALOE VERA 250ML-(BD),24.545454545,tm
2026-06,2026-09,713680,P ALOE VERA 250ML-(BD),17.447706554,ml
2026-06,2026-09,713680,P ALOE VERA 250ML-(BD),25.0,tm
2026-07,2026-09,713680,P ALOE VERA 250ML-(BD),15.527686532,ml
2026-07,2026-09,713680,P ALOE VERA 250ML-(BD),24.0,tm
2026-05,2026-10,713680,P ALOE VERA 250ML-(BD),10.15374156,ml
2026-05,2026-10,713680,P ALOE VERA 250ML-(BD),12.4,tm
2026-06,2026-10,713680,P ALOE VERA 250ML-(BD),10.720477235,ml
2026-06,2026-10,713680,P ALOE VERA 250ML-(BD),12.9,tm
2026-07,2026-10,713680,P ALOE VERA 250ML-(BD),12.330125545,ml
2026-07,2026-10,713680,P ALOE VERA 250ML-(BD),13.4,tm
2026-06,2026-11,713680,P ALOE VERA 250ML-(BD),15.829344595,ml
2026-06,2026-11,713680,P ALOE VERA 250ML-(BD),24.0,tm
2026-07,2026-11,713680,P ALOE VERA 250ML-(BD),16.512808908,ml
2026-07,2026-11,713680,P ALOE VERA 250ML-(BD),23.9,tm
2026-07,2026-12,713680,P ALOE VERA 250ML-(BD),14.744070357,ml
2026-07,2026-12,713680,P ALOE VERA 250ML-(BD),17.4,tm
2025-04,2025-05,713681,P ALOE VERA 150ML-(BD),9.800141605,ml
2025-04,2025-05,713681,P ALOE VERA 150ML-(BD),17.0,tm
2025-04,2025-06,713681,P ALOE VERA 150ML-(BD),12.13209845,ml
2025-04,2025-06,713681,P ALOE VERA 150ML-(BD),12.5,tm
2025-05,2025-06,713681,P ALOE VERA 150ML-(BD),12.93648338,ml
2025-05,2025-06,713681,P ALOE VERA 150ML-(BD),12.5,tm
2025-04,2025-07,713681,P ALOE VERA 150ML-(BD),12.14295139,ml
2025-04,2025-07,713681,P ALOE VERA 150ML-(BD),11.0,tm
2025-05,2025-07,713681,P ALOE VERA 150ML-(BD),8.868884688,ml
2025-05,2025-07,713681,P ALOE VERA 150ML-(BD),11.0,tm
2025-06,2025-07,713681,P ALOE VERA 150ML-(BD),11.07895992,ml
2025-06,2025-07,713681,P ALOE VERA 150ML-(BD),8.9952,tm
2025-04,2025-08,713681,P ALOE VERA 150ML-(BD),12.91958964,ml
2025-04,2025-08,713681,P ALOE VERA 150ML-(BD),22.0,tm
2025-05,2025-08,713681,P ALOE VERA 150ML-(BD),12.59707848,ml
2025-05,2025-08,713681,P ALOE VERA 150ML-(BD),25.0,tm
2025-06,2025-08,713681,P ALOE VERA 150ML-(BD),13.64620019,ml
2025-06,2025-08,713681,P ALOE VERA 150ML-(BD),25.0,tm
2025-07,2025-08,713681,P ALOE VERA 150ML-(BD),17.35096054,ml
2025-07,2025-08,713681,P ALOE VERA 150ML-(BD),25.0,tm
2025-04,2025-09,713681,P ALOE VERA 150ML-(BD),12.19040451,ml
2025-04,2025-09,713681,P ALOE VERA 150ML-(BD),13.0,tm
2025-05,2025-09,713681,P ALOE VERA 150ML-(BD),12.98206215,ml
2025-05,2025-09,713681,P ALOE VERA 150ML-(BD),13.0,tm
2025-06,2025-09,713681,P ALOE VERA 150ML-(BD),11.3771301,ml
2025-06,2025-09,713681,P ALOE VERA 150ML-(BD),15.5,tm
2025-07,2025-09,713681,P ALOE VERA 150ML-(BD),12.4985012,ml
2025-07,2025-09,713681,P ALOE VERA 150ML-(BD),16.5,tm
2025-08,2025-09,713681,P ALOE VERA 150ML-(BD),13.7450454,ml
2025-08,2025-09,713681,P ALOE VERA 150ML-(BD),16.5,tm
2025-05,2025-10,713681,P ALOE VERA 150ML-(BD),9.035811604,ml
2025-05,2025-10,713681,P ALOE VERA 150ML-(BD),11.4,tm
2025-06,2025-10,713681,P ALOE VERA 150ML-(BD),11.48493382,ml
2025-06,2025-10,713681,P ALOE VERA 150ML-(BD),11.4,tm
2025-07,2025-10,713681,P ALOE VERA 150ML-(BD),10.43927539,ml
2025-07,2025-10,713681,P ALOE VERA 150ML-(BD),11.4,tm
2025-08,2025-10,713681,P ALOE VERA 150ML-(BD),12.07026521,ml
2025-08,2025-10,713681,P ALOE VERA 150ML-(BD),11.4,tm
2025-09,2025-10,713681,P ALOE VERA 150ML-(BD),8.69931006,ml
2025-09,2025-10,713681,P ALOE VERA 150ML-(BD),13.0425,tm
2025-06,2025-11,713681,P ALOE VERA 150ML-(BD),13.58308192,ml
2025-06,2025-11,713681,P ALOE VERA 150ML-(BD),14.70368262,tm
2025-07,2025-11,713681,P ALOE VERA 150ML-(BD),11.25476358,ml
2025-07,2025-11,713681,P ALOE VERA 150ML-(BD),14.70368262,tm
2025-08,2025-11,713681,P ALOE VERA 150ML-(BD),14.20385997,ml
2025-08,2025-11,713681,P ALOE VERA 150ML-(BD),14.70368262,tm
2025-09,2025-11,713681,P ALOE VERA 150ML-(BD),10.86687014,ml
2025-09,2025-11,713681,P ALOE VERA 150ML-(BD),18.655603448,tm
2025-10,2025-11,713681,P ALOE VERA 150ML-(BD),11.86474196,ml
2025-10,2025-11,713681,P ALOE VERA 150ML-(BD),18.655603448,tm
2025-07,2025-12,713681,P ALOE VERA 150ML-(BD),14.90775572,ml
2025-07,2025-12,713681,P ALOE VERA 150ML-(BD),16.0,tm
2025-08,2025-12,713681,P ALOE VERA 150ML-(BD),19.60823513,ml
2025-08,2025-12,713681,P ALOE VERA 150ML-(BD),16.0,tm
2025-09,2025-12,713681,P ALOE VERA 150ML-(BD),15.76254576,ml
2025-09,2025-12,713681,P ALOE VERA 150ML-(BD),17.025,tm
2025-10,2025-12,713681,P ALOE VERA 150ML-(BD),16.65352919,ml
2025-10,2025-12,713681,P ALOE VERA 150ML-(BD),17.025,tm
2025-11,2025-12,713681,P ALOE VERA 150ML-(BD),16.66233178,ml
2025-11,2025-12,713681,P ALOE VERA 150ML-(BD),12.525,tm
2025-08,2026-01,713681,P ALOE VERA 150ML-(BD),11.43352259,ml
2025-08,2026-01,713681,P ALOE VERA 150ML-(BD),10.64,tm
2025-09,2026-01,713681,P ALOE VERA 150ML-(BD),10.04107954,ml
2025-09,2026-01,713681,P ALOE VERA 150ML-(BD),10.64,tm
2025-10,2026-01,713681,P ALOE VERA 150ML-(BD),9.651065862,ml
2025-10,2026-01,713681,P ALOE VERA 150ML-(BD),10.64,tm
2025-11,2026-01,713681,P ALOE VERA 150ML-(BD),11.43635076,ml
2025-11,2026-01,713681,P ALOE VERA 150ML-(BD),17.5,tm
2025-12,2026-01,713681,P ALOE VERA 150ML-(BD),10.90087838,ml
2025-12,2026-01,713681,P ALOE VERA 150ML-(BD),17.499188614999998,tm
2025-09,2026-02,713681,P ALOE VERA 150ML-(BD),17.41802406,ml
2025-09,2026-02,713681,P ALOE VERA 150ML-(BD),13.68,tm
2025-10,2026-02,713681,P ALOE VERA 150ML-(BD),12.46895235,ml
2025-10,2026-02,713681,P ALOE VERA 150ML-(BD),13.68,tm
2025-11,2026-02,713681,P ALOE VERA 150ML-(BD),11.77361208,ml
2025-11,2026-02,713681,P ALOE VERA 150ML-(BD),14.0,tm
2025-12,2026-02,713681,P ALOE VERA 150ML-(BD),11.70671464,ml
2025-12,2026-02,713681,P ALOE VERA 150ML-(BD),14.0,tm
2026-01,2026-02,713681,P ALOE VERA 150ML-(BD),15.78201615,ml
2026-01,2026-02,713681,P ALOE VERA 150ML-(BD),14.0,tm
2025-10,2026-03,713681,P ALOE VERA 150ML-(BD),12.10892955,ml
2025-10,2026-03,713681,P ALOE VERA 150ML-(BD),16.72,tm
2025-11,2026-03,713681,P ALOE VERA 150ML-(BD),11.75560436,ml
2025-11,2026-03,713681,P ALOE VERA 150ML-(BD),17.5,tm
2025-12,2026-03,713681,P ALOE VERA 150ML-(BD),11.08617667,ml
2025-12,2026-03,713681,P ALOE VERA 150ML-(BD),17.5,tm
2026-01,2026-03,713681,P ALOE VERA 150ML-(BD),6.604217171,ml
2026-01,2026-03,713681,P ALOE VERA 150ML-(BD),17.5,tm
2026-02,2026-03,713681,P ALOE VERA 150ML-(BD),12.63589481,ml
2026-02,2026-03,713681,P ALOE VERA 150ML-(BD),12.1,tm
2025-11,2026-04,713681,P ALOE VERA 150ML-(BD),7.395180905,ml
2025-11,2026-04,713681,P ALOE VERA 150ML-(BD),10.0,tm
2025-12,2026-04,713681,P ALOE VERA 150ML-(BD),6.186164675,ml
2025-12,2026-04,713681,P ALOE VERA 150ML-(BD),9.002245412,tm
2026-01,2026-04,713681,P ALOE VERA 150ML-(BD),10.65747704,ml
2026-01,2026-04,713681,P ALOE VERA 150ML-(BD),9.0,tm
2026-02,2026-04,713681,P ALOE VERA 150ML-(BD),7.677775031,ml
2026-02,2026-04,713681,P ALOE VERA 150ML-(BD),9.0,tm
2026-03,2026-04,713681,P ALOE VERA 150ML-(BD),8.66636308,ml
2026-03,2026-04,713681,P ALOE VERA 150ML-(BD),7.5,tm
2025-12,2026-05,713681,P ALOE VERA 150ML-(BD),13.63157915,ml
2025-12,2026-05,713681,P ALOE VERA 150ML-(BD),17.0,tm
2026-01,2026-05,713681,P ALOE VERA 150ML-(BD),11.39707459,ml
2026-01,2026-05,713681,P ALOE VERA 150ML-(BD),17.745,tm
2026-02,2026-05,713681,P ALOE VERA 150ML-(BD),11.15768796,ml
2026-02,2026-05,713681,P ALOE VERA 150ML-(BD),17.745,tm
2026-03,2026-05,713681,P ALOE VERA 150ML-(BD),10.61210088,ml
2026-03,2026-05,713681,P ALOE VERA 150ML-(BD),16.0,tm
2026-04,2026-05,713681,P ALOE VERA 150ML-(BD),13.25436923,ml
2026-04,2026-05,713681,P ALOE VERA 150ML-(BD),15.5,tm
2026-01,2026-06,713681,P ALOE VERA 150ML-(BD),10.68247339,ml
2026-01,2026-06,713681,P ALOE VERA 150ML-(BD),14.0,tm
2026-02,2026-06,713681,P ALOE VERA 150ML-(BD),10.63305165,ml
2026-02,2026-06,713681,P ALOE VERA 150ML-(BD),14.0,tm
2026-03,2026-06,713681,P ALOE VERA 150ML-(BD),11.57106151,ml
2026-03,2026-06,713681,P ALOE VERA 150ML-(BD),19.3,tm
2026-04,2026-06,713681,P ALOE VERA 150ML-(BD),11.6161369,ml
2026-04,2026-06,713681,P ALOE VERA 150ML-(BD),19.3,tm
2026-05,2026-06,713681,P ALOE VERA 150ML-(BD),9.306335405,ml
2026-05,2026-06,713681,P ALOE VERA 150ML-(BD),18.0,tm
2026-02,2026-07,713681,P ALOE VERA 150ML-(BD),11.06709628,ml
2026-02,2026-07,713681,P ALOE VERA 150ML-(BD),15.384615385,tm
2026-03,2026-07,713681,P ALOE VERA 150ML-(BD),11.10897567,ml
2026-03,2026-07,713681,P ALOE VERA 150ML-(BD),12.5,tm
2026-04,2026-07,713681,P ALOE VERA 150ML-(BD),12.34923599,ml
2026-04,2026-07,713681,P ALOE VERA 150ML-(BD),12.5,tm
2026-05,2026-07,713681,P ALOE VERA 150ML-(BD),14.06095839,ml
2026-05,2026-07,713681,P ALOE VERA 150ML-(BD),12.5,tm
2026-06,2026-07,713681,P ALOE VERA 150ML-(BD),15.23203213,ml
2026-06,2026-07,713681,P ALOE VERA 150ML-(BD),12.5,tm
2026-03,2026-08,713681,P ALOE VERA 150ML-(BD),4.10409462,ml
2026-03,2026-08,713681,P ALOE VERA 150ML-(BD),9.0,tm
2026-04,2026-08,713681,P ALOE VERA 150ML-(BD),10.95363706,ml
2026-04,2026-08,713681,P ALOE VERA 150ML-(BD),8.0,tm
2026-05,2026-08,713681,P ALOE VERA 150ML-(BD),9.595885012,ml
2026-05,2026-08,713681,P ALOE VERA 150ML-(BD),8.0,tm
2026-06,2026-08,713681,P ALOE VERA 150ML-(BD),9.65754157,ml
2026-06,2026-08,713681,P ALOE VERA 150ML-(BD),8.0,tm
2026-07,2026-08,713681,P ALOE VERA 150ML-(BD),9.99716637,ml
2026-07,2026-08,713681,P ALOE VERA 150ML-(BD),15.0,tm
2026-04,2026-09,713681,P ALOE VERA 150ML-(BD),11.99682794,ml
2026-04,2026-09,713681,P ALOE VERA 150ML-(BD),15.9,tm
2026-05,2026-09,713681,P ALOE VERA 150ML-(BD),10.77477923,ml
2026-05,2026-09,713681,P ALOE VERA 150ML-(BD),16.363636364,tm
2026-06,2026-09,713681,P ALOE VERA 150ML-(BD),4.337502103,ml
2026-06,2026-09,713681,P ALOE VERA 150ML-(BD),17.0,tm
2026-07,2026-09,713681,P ALOE VERA 150ML-(BD),11.663016003,ml
2026-07,2026-09,713681,P ALOE VERA 150ML-(BD),16.9,tm
2026-05,2026-10,713681,P ALOE VERA 150ML-(BD),7.969540623,ml
2026-05,2026-10,713681,P ALOE VERA 150ML-(BD),7.5,tm
2026-06,2026-10,713681,P ALOE VERA 150ML-(BD),8.579878426,ml
2026-06,2026-10,713681,P ALOE VERA 150ML-(BD),7.5,tm
2026-07,2026-10,713681,P ALOE VERA 150ML-(BD),8.422361878,ml
2026-07,2026-10,713681,P ALOE VERA 150ML-(BD),8.0,tm
2026-06,2026-11,713681,P ALOE VERA 150ML-(BD),11.98008937,ml
2026-06,2026-11,713681,P ALOE VERA 150ML-(BD),16.0,tm
2026-07,2026-11,713681,P ALOE VERA 150ML-(BD),12.115537086,ml
2026-07,2026-11,713681,P ALOE VERA 150ML-(BD),16.0,tm
2026-07,2026-12,713681,P ALOE VERA 150ML-(BD),8.986722067,ml
2026-07,2026-12,713681,P ALOE VERA 150ML-(BD),10.5,tm
2025-04,2025-05,715161,JFB WASH 200ML,1.53786261,ml
2025-04,2025-05,715161,JFB WASH 200ML,2.98,tm
2025-04,2025-06,715161,JFB WASH 200ML,1.52150261,ml
2025-04,2025-06,715161,JFB WASH 200ML,2.58,tm
2025-05,2025-06,715161,JFB WASH 200ML,1.691127059,ml
2025-05,2025-06,715161,JFB WASH 200ML,2.120137436,tm
2025-04,2025-07,715161,JFB WASH 200ML,1.398108571,ml
2025-04,2025-07,715161,JFB WASH 200ML,2.29,tm
2025-05,2025-07,715161,JFB WASH 200ML,1.32494191,ml
2025-05,2025-07,715161,JFB WASH 200ML,1.661057298,tm
2025-06,2025-07,715161,JFB WASH 200ML,1.372512538,ml
2025-06,2025-07,715161,JFB WASH 200ML,1.720287303,tm
2025-04,2025-08,715161,JFB WASH 200ML,1.462973399,ml
2025-04,2025-08,715161,JFB WASH 200ML,2.37,tm
2025-05,2025-08,715161,JFB WASH 200ML,1.078472348,ml
2025-05,2025-08,715161,JFB WASH 200ML,1.352062571,tm
2025-06,2025-08,715161,JFB WASH 200ML,1.117200895,ml
2025-06,2025-08,715161,JFB WASH 200ML,1.400283393,tm
2025-07,2025-08,715161,JFB WASH 200ML,1.551089283,ml
2025-07,2025-08,715161,JFB WASH 200ML,1.944112804,tm
2025-04,2025-09,715161,JFB WASH 200ML,1.605747253,ml
2025-04,2025-09,715161,JFB WASH 200ML,2.32,tm
2025-05,2025-09,715161,JFB WASH 200ML,1.709751229,ml
2025-05,2025-09,715161,JFB WASH 200ML,2.143486243,tm
2025-06,2025-09,715161,JFB WASH 200ML,1.62626,ml
2025-06,2025-09,715161,JFB WASH 200ML,2.03833069,tm
2025-07,2025-09,715161,JFB WASH 200ML,1.534135411,ml
2025-07,2025-09,715161,JFB WASH 200ML,1.922863067,tm
2025-08,2025-09,715161,JFB WASH 200ML,1.814356756,ml
2025-08,2025-09,715161,JFB WASH 200ML,2.19,tm
2025-05,2025-10,715161,JFB WASH 200ML,1.599239917,ml
2025-05,2025-10,715161,JFB WASH 200ML,2.004940077,tm
2025-06,2025-10,715161,JFB WASH 200ML,1.658129916,ml
2025-06,2025-10,715161,JFB WASH 200ML,2.07827598,tm
2025-07,2025-10,715161,JFB WASH 200ML,1.685430435,ml
2025-07,2025-10,715161,JFB WASH 200ML,2.112494055,tm
2025-08,2025-10,715161,JFB WASH 200ML,1.709617486,ml
2025-08,2025-10,715161,JFB WASH 200ML,3.76,tm
2025-09,2025-10,715161,JFB WASH 200ML,1.29692,ml
2025-09,2025-10,715161,JFB WASH 200ML,2.421917305,tm
2025-06,2025-11,715161,JFB WASH 200ML,1.750370663,ml
2025-06,2025-11,715161,JFB WASH 200ML,2.193889195,tm
2025-07,2025-11,715161,JFB WASH 200ML,1.663099886,ml
2025-07,2025-11,715161,JFB WASH 200ML,2.084505268,tm
2025-08,2025-11,715161,JFB WASH 200ML,1.546252478,ml
2025-08,2025-11,715161,JFB WASH 200ML,3.52,tm
2025-09,2025-11,715161,JFB WASH 200ML,1.529379258,ml
2025-09,2025-11,715161,JFB WASH 200ML,2.521616296,tm
2025-10,2025-11,715161,JFB WASH 200ML,1.769854199,ml
2025-10,2025-11,715161,JFB WASH 200ML,2.521616296,tm
2025-07,2025-12,715161,JFB WASH 200ML,1.152644971,ml
2025-07,2025-12,715161,JFB WASH 200ML,1.444708485,tm
2025-08,2025-12,715161,JFB WASH 200ML,1.007595648,ml
2025-08,2025-12,715161,JFB WASH 200ML,2.9,tm
2025-09,2025-12,715161,JFB WASH 200ML,0.879583167,ml
2025-09,2025-12,715161,JFB WASH 200ML,1.985301803,tm
2025-10,2025-12,715161,JFB WASH 200ML,1.135914704,ml
2025-10,2025-12,715161,JFB WASH 200ML,1.985301803,tm
2025-11,2025-12,715161,JFB WASH 200ML,1.138831014,ml
2025-11,2025-12,715161,JFB WASH 200ML,1.985301803,tm
2025-08,2026-01,715161,JFB WASH 200ML,1.383733681,ml
2025-08,2026-01,715161,JFB WASH 200ML,2.21,tm
2025-09,2026-01,715161,JFB WASH 200ML,1.312745787,ml
2025-09,2026-01,715161,JFB WASH 200ML,1.645223743,tm
2025-10,2026-01,715161,JFB WASH 200ML,1.407007118,ml
2025-10,2026-01,715161,JFB WASH 200ML,1.645223743,tm
2025-11,2026-01,715161,JFB WASH 200ML,1.510667383,ml
2025-11,2026-01,715161,JFB WASH 200ML,1.645223743,tm
2025-12,2026-01,715161,JFB WASH 200ML,1.315670024,ml
2025-12,2026-01,715161,JFB WASH 200ML,1.645223743,tm
2025-09,2026-02,715161,JFB WASH 200ML,1.253053819,ml
2025-09,2026-02,715161,JFB WASH 200ML,1.517439631,tm
2025-10,2026-02,715161,JFB WASH 200ML,1.085598824,ml
2025-10,2026-02,715161,JFB WASH 200ML,1.517439631,tm
2025-11,2026-02,715161,JFB WASH 200ML,0.984595117,ml
2025-11,2026-02,715161,JFB WASH 200ML,1.517439631,tm
2025-12,2026-02,715161,JFB WASH 200ML,0.90396678,ml
2025-12,2026-02,715161,JFB WASH 200ML,1.517439631,tm
2026-01,2026-02,715161,JFB WASH 200ML,1.187811128,ml
2026-01,2026-02,715161,JFB WASH 200ML,1.752,tm
2025-10,2026-03,715161,JFB WASH 200ML,1.481576931,ml
2025-10,2026-03,715161,JFB WASH 200ML,1.969500645,tm
2025-11,2026-03,715161,JFB WASH 200ML,1.615647733,ml
2025-11,2026-03,715161,JFB WASH 200ML,1.969500645,tm
2025-12,2026-03,715161,JFB WASH 200ML,1.651048371,ml
2025-12,2026-03,715161,JFB WASH 200ML,1.969500645,tm
2026-01,2026-03,715161,JFB WASH 200ML,1.713153448,ml
2026-01,2026-03,715161,JFB WASH 200ML,1.582,tm
2026-02,2026-03,715161,JFB WASH 200ML,1.76518,ml
2026-02,2026-03,715161,JFB WASH 200ML,2.625947635,tm
2025-11,2026-04,715161,JFB WASH 200ML,1.4268269,ml
2025-11,2026-04,715161,JFB WASH 200ML,2.825947635,tm
2025-12,2026-04,715161,JFB WASH 200ML,1.552560688,ml
2025-12,2026-04,715161,JFB WASH 200ML,3.726973849,tm
2026-01,2026-04,715161,JFB WASH 200ML,1.759657231,ml
2026-01,2026-04,715161,JFB WASH 200ML,3.726973849,tm
2026-02,2026-04,715161,JFB WASH 200ML,1.829,ml
2026-02,2026-04,715161,JFB WASH 200ML,2.538633526,tm
2026-03,2026-04,715161,JFB WASH 200ML,1.618300632,ml
2026-03,2026-04,715161,JFB WASH 200ML,2.74,tm
2025-12,2026-05,715161,JFB WASH 200ML,1.517321281,ml
2025-12,2026-05,715161,JFB WASH 200ML,3.157471,tm
2026-01,2026-05,715161,JFB WASH 200ML,1.322421375,ml
2026-01,2026-05,715161,JFB WASH 200ML,2.657471,tm
2026-02,2026-05,715161,JFB WASH 200ML,1.65764,ml
2026-02,2026-05,715161,JFB WASH 200ML,2.86627664,tm
2026-03,2026-05,715161,JFB WASH 200ML,1.576026995,ml
2026-03,2026-05,715161,JFB WASH 200ML,3.3,tm
2026-04,2026-05,715161,JFB WASH 200ML,2.222778394,ml
2026-04,2026-05,715161,JFB WASH 200ML,3.299648976,tm
2026-01,2026-06,715161,JFB WASH 200ML,1.428489156,ml
2026-01,2026-06,715161,JFB WASH 200ML,1.17412971,tm
2026-02,2026-06,715161,JFB WASH 200ML,1.408,ml
2026-02,2026-06,715161,JFB WASH 200ML,1.64,tm
2026-03,2026-06,715161,JFB WASH 200ML,1.157444713,ml
2026-03,2026-06,715161,JFB WASH 200ML,1.429174558,tm
2026-04,2026-06,715161,JFB WASH 200ML,1.755585314,ml
2026-04,2026-06,715161,JFB WASH 200ML,0.95,tm
2026-05,2026-06,715161,JFB WASH 200ML,1.237864928,ml
2026-05,2026-06,715161,JFB WASH 200ML,2.679140464,tm
2026-02,2026-07,715161,JFB WASH 200ML,1.44992,ml
2026-02,2026-07,715161,JFB WASH 200ML,3.48,tm
2026-03,2026-07,715161,JFB WASH 200ML,1.665448997,ml
2026-03,2026-07,715161,JFB WASH 200ML,3.131654872,tm
2026-04,2026-07,715161,JFB WASH 200ML,2.240680451,ml
2026-04,2026-07,715161,JFB WASH 200ML,3.131654872,tm
2026-05,2026-07,715161,JFB WASH 200ML,1.536632,ml
2026-05,2026-07,715161,JFB WASH 200ML,3.827578177,tm
2026-06,2026-07,715161,JFB WASH 200ML,1.492805597,ml
2026-06,2026-07,715161,JFB WASH 200ML,3.827578177,tm
2026-03,2026-08,715161,JFB WASH 200ML,1.232766639,ml
2026-03,2026-08,715161,JFB WASH 200ML,2.22472008,tm
2026-04,2026-08,715161,JFB WASH 200ML,1.74414,ml
2026-04,2026-08,715161,JFB WASH 200ML,2.22472008,tm
2026-05,2026-08,715161,JFB WASH 200ML,1.241548185,ml
2026-05,2026-08,715161,JFB WASH 200ML,1.681727675,tm
2026-06,2026-08,715161,JFB WASH 200ML,1.152222912,ml
2026-06,2026-08,715161,JFB WASH 200ML,1.560732948,tm
2026-07,2026-08,715161,JFB WASH 200ML,0.8898984283,ml
2026-07,2026-08,715161,JFB WASH 200ML,1.205403732,tm
2026-04,2026-09,715161,JFB WASH 200ML,1.743380724,ml
2026-04,2026-09,715161,JFB WASH 200ML,2.048,tm
2026-05,2026-09,715161,JFB WASH 200ML,0.781102665,ml
2026-05,2026-09,715161,JFB WASH 200ML,1.058035432,tm
2026-06,2026-09,715161,JFB WASH 200ML,1.58539077,ml
2026-06,2026-09,715161,JFB WASH 200ML,2.147476487,tm
2026-07,2026-09,715161,JFB WASH 200ML,1.492367705,ml
2026-07,2026-09,715161,JFB WASH 200ML,2.021472949,tm
2026-05,2026-10,715161,JFB WASH 200ML,1.57802876,ml
2026-05,2026-10,715161,JFB WASH 200ML,2.137504343,tm
2026-06,2026-10,715161,JFB WASH 200ML,1.566910465,ml
2026-06,2026-10,715161,JFB WASH 200ML,2.122444159,tm
2026-07,2026-10,715161,JFB WASH 200ML,1.593556001,ml
2026-07,2026-10,715161,JFB WASH 200ML,2.158536625,tm
2026-06,2026-11,715161,JFB WASH 200ML,1.705334333,ml
2026-06,2026-11,715161,JFB WASH 200ML,2.309944937,tm
2026-07,2026-11,715161,JFB WASH 200ML,1.649407715,ml
2026-07,2026-11,715161,JFB WASH 200ML,2.234190051,tm
2026-07,2026-12,715161,JFB WASH 200ML,1.436569432,ml
2026-07,2026-12,715161,JFB WASH 200ML,1.945891912,tm
2025-04,2025-05,715162,JFB WASH 100ML,1.963435333,ml
2025-04,2025-05,715162,JFB WASH 100ML,2.99,tm
2025-04,2025-06,715162,JFB WASH 100ML,1.984096667,ml
2025-04,2025-06,715162,JFB WASH 100ML,2.83,tm
2025-05,2025-06,715162,JFB WASH 100ML,1.829521283,ml
2025-05,2025-06,715162,JFB WASH 100ML,2.002171918,tm
2025-04,2025-07,715162,JFB WASH 100ML,1.779359815,ml
2025-04,2025-07,715162,JFB WASH 100ML,2.11,tm
2025-05,2025-07,715162,JFB WASH 100ML,1.622227351,ml
2025-05,2025-07,715162,JFB WASH 100ML,1.775315803,tm
2025-06,2025-07,715162,JFB WASH 100ML,1.504160322,ml
2025-06,2025-07,715162,JFB WASH 100ML,1.646106872,tm
2025-04,2025-08,715162,JFB WASH 100ML,1.753470351,ml
2025-04,2025-08,715162,JFB WASH 100ML,2.04,tm
2025-05,2025-08,715162,JFB WASH 100ML,1.317419306,ml
2025-05,2025-08,715162,JFB WASH 100ML,1.441743238,tm
2025-06,2025-08,715162,JFB WASH 100ML,1.048161062,ml
2025-06,2025-08,715162,JFB WASH 100ML,1.147075283,tm
2025-07,2025-08,715162,JFB WASH 100ML,1.086771236,ml
2025-07,2025-08,715162,JFB WASH 100ML,1.189329072,tm
2025-04,2025-09,715162,JFB WASH 100ML,1.739583695,ml
2025-04,2025-09,715162,JFB WASH 100ML,2.11,tm
2025-05,2025-09,715162,JFB WASH 100ML,1.95632,ml
2025-05,2025-09,715162,JFB WASH 100ML,2.14093654,tm
2025-06,2025-09,715162,JFB WASH 100ML,1.71747,ml
2025-06,2025-09,715162,JFB WASH 100ML,1.879546434,tm
2025-07,2025-09,715162,JFB WASH 100ML,1.902170598,ml
2025-07,2025-09,715162,JFB WASH 100ML,2.081677097,tm
2025-08,2025-09,715162,JFB WASH 100ML,1.977448648,ml
2025-08,2025-09,715162,JFB WASH 100ML,1.99,tm
2025-05,2025-10,715162,JFB WASH 100ML,1.609108591,ml
2025-05,2025-10,715162,JFB WASH 100ML,1.760959035,tm
2025-06,2025-10,715162,JFB WASH 100ML,1.621241991,ml
2025-06,2025-10,715162,JFB WASH 100ML,1.774237456,tm
2025-07,2025-10,715162,JFB WASH 100ML,1.899850361,ml
2025-07,2025-10,715162,JFB WASH 100ML,2.079137901,tm
2025-08,2025-10,715162,JFB WASH 100ML,1.647225286,ml
2025-08,2025-10,715162,JFB WASH 100ML,3.17,tm
2025-09,2025-10,715162,JFB WASH 100ML,1.605941834,ml
2025-09,2025-10,715162,JFB WASH 100ML,2.131747937,tm
2025-06,2025-11,715162,JFB WASH 100ML,2.132461858,ml
2025-06,2025-11,715162,JFB WASH 100ML,2.333700782,tm
2025-07,2025-11,715162,JFB WASH 100ML,2.20209645,ml
2025-07,2025-11,715162,JFB WASH 100ML,2.409906741,tm
2025-08,2025-11,715162,JFB WASH 100ML,1.828373956,ml
2025-08,2025-11,715162,JFB WASH 100ML,3.69,tm
2025-09,2025-11,715162,JFB WASH 100ML,2.164964553,ml
2025-09,2025-11,715162,JFB WASH 100ML,2.219502015,tm
2025-10,2025-11,715162,JFB WASH 100ML,2.066108698,ml
2025-10,2025-11,715162,JFB WASH 100ML,2.219502015,tm
2025-07,2025-12,715162,JFB WASH 100ML,1.386628689,ml
2025-07,2025-12,715162,JFB WASH 100ML,1.517483862,tm
2025-08,2025-12,715162,JFB WASH 100ML,1.334049801,ml
2025-08,2025-12,715162,JFB WASH 100ML,2.78,tm
2025-09,2025-12,715162,JFB WASH 100ML,0.972261579,ml
2025-09,2025-12,715162,JFB WASH 100ML,1.74744324,tm
2025-10,2025-12,715162,JFB WASH 100ML,1.218273227,ml
2025-10,2025-12,715162,JFB WASH 100ML,1.74744324,tm
2025-11,2025-12,715162,JFB WASH 100ML,1.749106906,ml
2025-11,2025-12,715162,JFB WASH 100ML,1.74744324,tm
2025-08,2026-01,715162,JFB WASH 100ML,1.584685711,ml
2025-08,2026-01,715162,JFB WASH 100ML,2.49,tm
2025-09,2026-01,715162,JFB WASH 100ML,1.521879367,ml
2025-09,2026-01,715162,JFB WASH 100ML,1.448109857,tm
2025-10,2026-01,715162,JFB WASH 100ML,1.612170823,ml
2025-10,2026-01,715162,JFB WASH 100ML,1.448109857,tm
2025-11,2026-01,715162,JFB WASH 100ML,1.619833924,ml
2025-11,2026-01,715162,JFB WASH 100ML,1.448109857,tm
2025-12,2026-01,715162,JFB WASH 100ML,1.769833684,ml
2025-12,2026-01,715162,JFB WASH 100ML,1.448109857,tm
2025-09,2026-02,715162,JFB WASH 100ML,0.799831894,ml
2025-09,2026-02,715162,JFB WASH 100ML,1.33563553,tm
2025-10,2026-02,715162,JFB WASH 100ML,1.276778222,ml
2025-10,2026-02,715162,JFB WASH 100ML,1.33563553,tm
2025-11,2026-02,715162,JFB WASH 100ML,1.347260924,ml
2025-11,2026-02,715162,JFB WASH 100ML,1.33563553,tm
2025-12,2026-02,715162,JFB WASH 100ML,0.886118526,ml
2025-12,2026-02,715162,JFB WASH 100ML,1.33563553,tm
2026-01,2026-02,715162,JFB WASH 100ML,1.348662519,ml
2026-01,2026-02,715162,JFB WASH 100ML,1.816,tm
2025-10,2026-03,715162,JFB WASH 100ML,1.873129133,ml
2025-10,2026-03,715162,JFB WASH 100ML,1.733535216,tm
2025-11,2026-03,715162,JFB WASH 100ML,1.779145629,ml
2025-11,2026-03,715162,JFB WASH 100ML,1.733535216,tm
2025-12,2026-03,715162,JFB WASH 100ML,1.769833684,ml
2025-12,2026-03,715162,JFB WASH 100ML,1.733535216,tm
2026-01,2026-03,715162,JFB WASH 100ML,1.859832,ml
2026-01,2026-03,715162,JFB WASH 100ML,1.54,tm
2026-02,2026-03,715162,JFB WASH 100ML,1.664786667,ml
2026-02,2026-03,715162,JFB WASH 100ML,2.746824392,tm
2025-11,2026-04,715162,JFB WASH 100ML,2.429625077,ml
2025-11,2026-04,715162,JFB WASH 100ML,2.746824392,tm
2025-12,2026-04,715162,JFB WASH 100ML,2.738856365,ml
2025-12,2026-04,715162,JFB WASH 100ML,3.2746655,tm
2026-01,2026-04,715162,JFB WASH 100ML,2.382938251,ml
2026-01,2026-04,715162,JFB WASH 100ML,3.2746655,tm
2026-02,2026-04,715162,JFB WASH 100ML,1.631016667,ml
2026-02,2026-04,715162,JFB WASH 100ML,2.521624432,tm
2026-03,2026-04,715162,JFB WASH 100ML,1.721173277,ml
2026-03,2026-04,715162,JFB WASH 100ML,2.52,tm
2025-12,2026-05,715162,JFB WASH 100ML,1.40725544,ml
2025-12,2026-05,715162,JFB WASH 100ML,2.7959665,tm
2026-01,2026-05,715162,JFB WASH 100ML,1.55752324,ml
2026-01,2026-05,715162,JFB WASH 100ML,2.2959665,tm
2026-02,2026-05,715162,JFB WASH 100ML,1.509523333,ml
2026-02,2026-05,715162,JFB WASH 100ML,2.165769334,tm
2026-03,2026-05,715162,JFB WASH 100ML,1.408416923,ml
2026-03,2026-05,715162,JFB WASH 100ML,2.67,tm
2026-04,2026-05,715162,JFB WASH 100ML,1.704336975,ml
2026-04,2026-05,715162,JFB WASH 100ML,2.669192401,tm
2026-01,2026-06,715162,JFB WASH 100ML,1.44378316,ml
2026-01,2026-06,715162,JFB WASH 100ML,1.160793442,tm
2026-02,2026-06,715162,JFB WASH 100ML,1.48717,ml
2026-02,2026-06,715162,JFB WASH 100ML,1.5,tm
2026-03,2026-06,715162,JFB WASH 100ML,1.21241633,ml
2026-03,2026-06,715162,JFB WASH 100ML,2.308925442,tm
2026-04,2026-06,715162,JFB WASH 100ML,1.758141094,ml
2026-04,2026-06,715162,JFB WASH 100ML,2.08,tm
2026-05,2026-06,715162,JFB WASH 100ML,1.338713808,ml
2026-05,2026-06,715162,JFB WASH 100ML,2.51042792,tm
2026-02,2026-07,715162,JFB WASH 100ML,1.55137,ml
2026-02,2026-07,715162,JFB WASH 100ML,3.13,tm
2026-03,2026-07,715162,JFB WASH 100ML,1.812808168,ml
2026-03,2026-07,715162,JFB WASH 100ML,2.814215912,tm
2026-04,2026-07,715162,JFB WASH 100ML,1.65771497,ml
2026-04,2026-07,715162,JFB WASH 100ML,2.814215912,tm
2026-05,2026-07,715162,JFB WASH 100ML,1.523867692,ml
2026-05,2026-07,715162,JFB WASH 100ML,3.439597225,tm
2026-06,2026-07,715162,JFB WASH 100ML,1.713476099,ml
2026-06,2026-07,715162,JFB WASH 100ML,3.439597225,tm
2026-03,2026-08,715162,JFB WASH 100ML,1.501855163,ml
2026-03,2026-08,715162,JFB WASH 100ML,1.817928337,tm
2026-04,2026-08,715162,JFB WASH 100ML,1.297878738,ml
2026-04,2026-08,715162,JFB WASH 100ML,1.817928337,tm
2026-05,2026-08,715162,JFB WASH 100ML,1.373989626,ml
2026-05,2026-08,715162,JFB WASH 100ML,1.484967255,tm
2026-06,2026-08,715162,JFB WASH 100ML,1.222723883,ml
2026-06,2026-08,715162,JFB WASH 100ML,1.321483724,tm
2026-07,2026-08,715162,JFB WASH 100ML,1.44183264,ml
2026-07,2026-08,715162,JFB WASH 100ML,1.558289973,tm
2026-04,2026-09,715162,JFB WASH 100ML,1.54100698,ml
2026-04,2026-09,715162,JFB WASH 100ML,1.664,tm
2026-05,2026-09,715162,JFB WASH 100ML,0.944291657,ml
2026-05,2026-09,715162,JFB WASH 100ML,1.020562428,tm
2026-06,2026-09,715162,JFB WASH 100ML,1.662421475,ml
2026-06,2026-09,715162,JFB WASH 100ML,1.796695847,tm
2026-07,2026-09,715162,JFB WASH 100ML,1.638474567,ml
2026-07,2026-09,715162,JFB WASH 100ML,1.770814739,tm
2026-05,2026-10,715162,JFB WASH 100ML,1.76408667,ml
2026-05,2026-10,715162,JFB WASH 100ML,1.906572575,tm
2026-06,2026-10,715162,JFB WASH 100ML,1.750434936,ml
2026-06,2026-10,715162,JFB WASH 100ML,1.891818186,tm
2026-07,2026-10,715162,JFB WASH 100ML,1.74870134,ml
2026-07,2026-10,715162,JFB WASH 100ML,1.889944567,tm
2026-06,2026-11,715162,JFB WASH 100ML,1.857254342,ml
2026-06,2026-11,715162,JFB WASH 100ML,2.007265433,tm
2026-07,2026-11,715162,JFB WASH 100ML,1.818856135,ml
2026-07,2026-11,715162,JFB WASH 100ML,1.96576579,tm
2026-07,2026-12,715162,JFB WASH 100ML,1.638474567,ml
2026-07,2026-12,715162,JFB WASH 100ML,1.770814739,tm
2025-04,2025-05,715164,JFB LOTION 200ML,0.516013333,ml
2025-04,2025-05,715164,JFB LOTION 200ML,0.614485424,tm
2025-04,2025-06,715164,JFB LOTION 200ML,0.513466667,ml
2025-04,2025-06,715164,JFB LOTION 200ML,0.550932143,tm
2025-05,2025-06,715164,JFB LOTION 200ML,0.54284,ml
2025-05,2025-06,715164,JFB LOTION 200ML,0.550932143,tm
2025-04,2025-07,715164,JFB LOTION 200ML,0.513424057,ml
2025-04,2025-07,715164,JFB LOTION 200ML,0.490219844,tm
2025-05,2025-07,715164,JFB LOTION 200ML,0.518322662,ml
2025-05,2025-07,715164,JFB LOTION 200ML,0.490219844,tm
2025-06,2025-07,715164,JFB LOTION 200ML,0.503718509,ml
2025-06,2025-07,715164,JFB LOTION 200ML,1.0172,tm
2025-04,2025-08,715164,JFB LOTION 200ML,0.594566667,ml
2025-04,2025-08,715164,JFB LOTION 200ML,0.82,tm
2025-05,2025-08,715164,JFB LOTION 200ML,0.664106548,ml
2025-05,2025-08,715164,JFB LOTION 200ML,0.82,tm
2025-06,2025-08,715164,JFB LOTION 200ML,0.663289429,ml
2025-06,2025-08,715164,JFB LOTION 200ML,1.4076,tm
2025-07,2025-08,715164,JFB LOTION 200ML,0.52786,ml
2025-07,2025-08,715164,JFB LOTION 200ML,1.41,tm
2025-04,2025-09,715164,JFB LOTION 200ML,3.470786667,ml
2025-04,2025-09,715164,JFB LOTION 200ML,5.09,tm
2025-05,2025-09,715164,JFB LOTION 200ML,4.05676,ml
2025-05,2025-09,715164,JFB LOTION 200ML,5.0,tm
2025-06,2025-09,715164,JFB LOTION 200ML,3.757333333,ml
2025-06,2025-09,715164,JFB LOTION 200ML,5.03,tm
2025-07,2025-09,715164,JFB LOTION 200ML,4.86244,ml
2025-07,2025-09,715164,JFB LOTION 200ML,5.03,tm
2025-08,2025-09,715164,JFB LOTION 200ML,3.48988,ml
2025-08,2025-09,715164,JFB LOTION 200ML,4.55,tm
2025-05,2025-10,715164,JFB LOTION 200ML,2.711332455,ml
2025-05,2025-10,715164,JFB LOTION 200ML,7.5,tm
2025-06,2025-10,715164,JFB LOTION 200ML,3.50897667,ml
2025-06,2025-10,715164,JFB LOTION 200ML,7.52,tm
2025-07,2025-10,715164,JFB LOTION 200ML,2.833830386,ml
2025-07,2025-10,715164,JFB LOTION 200ML,7.52,tm
2025-08,2025-10,715164,JFB LOTION 200ML,5.401665531,ml
2025-08,2025-10,715164,JFB LOTION 200ML,7.52,tm
2025-09,2025-10,715164,JFB LOTION 200ML,4.594228,ml
2025-09,2025-10,715164,JFB LOTION 200ML,9.0152,tm
2025-06,2025-11,715164,JFB LOTION 200ML,6.069955008,ml
2025-06,2025-11,715164,JFB LOTION 200ML,10.28,tm
2025-07,2025-11,715164,JFB LOTION 200ML,5.579369669,ml
2025-07,2025-11,715164,JFB LOTION 200ML,10.309999999999999,tm
2025-08,2025-11,715164,JFB LOTION 200ML,7.705667007,ml
2025-08,2025-11,715164,JFB LOTION 200ML,10.309999999999999,tm
2025-09,2025-11,715164,JFB LOTION 200ML,8.233632096,ml
2025-09,2025-11,715164,JFB LOTION 200ML,11.275400000000001,tm
2025-10,2025-11,715164,JFB LOTION 200ML,7.35129417,ml
2025-10,2025-11,715164,JFB LOTION 200ML,13.629999999999999,tm
2025-07,2025-12,715164,JFB LOTION 200ML,4.9596494,ml
2025-07,2025-12,715164,JFB LOTION 200ML,7.0,tm
2025-08,2025-12,715164,JFB LOTION 200ML,3.6116,ml
2025-08,2025-12,715164,JFB LOTION 200ML,7.0,tm
2025-09,2025-12,715164,JFB LOTION 200ML,3.957464894,ml
2025-09,2025-12,715164,JFB LOTION 200ML,7.6528,tm
2025-10,2025-12,715164,JFB LOTION 200ML,3.100194617,ml
2025-10,2025-12,715164,JFB LOTION 200ML,7.16,tm
2025-11,2025-12,715164,JFB LOTION 200ML,4.193366667,ml
2025-11,2025-12,715164,JFB LOTION 200ML,8.83,tm
2025-08,2026-01,715164,JFB LOTION 200ML,0.619897892,ml
2025-08,2026-01,715164,JFB LOTION 200ML,2.47,tm
2025-09,2026-01,715164,JFB LOTION 200ML,1.208676,ml
2025-09,2026-01,715164,JFB LOTION 200ML,2.8578,tm
2025-10,2026-01,715164,JFB LOTION 200ML,1.08018333,ml
2025-10,2026-01,715164,JFB LOTION 200ML,2.47,tm
2025-11,2026-01,715164,JFB LOTION 200ML,1.140558895,ml
2025-11,2026-01,715164,JFB LOTION 200ML,3.96,tm
2025-12,2026-01,715164,JFB LOTION 200ML,0.644879731,ml
2025-12,2026-01,715164,JFB LOTION 200ML,3.957876072,tm
2025-09,2026-02,715164,JFB LOTION 200ML,0.0,ml
2025-09,2026-02,715164,JFB LOTION 200ML,1.032988345,tm
2025-10,2026-02,715164,JFB LOTION 200ML,0.204369,ml
2025-10,2026-02,715164,JFB LOTION 200ML,0.61,tm
2025-11,2026-02,715164,JFB LOTION 200ML,0.230597033,ml
2025-11,2026-02,715164,JFB LOTION 200ML,0.71,tm
2025-12,2026-02,715164,JFB LOTION 200ML,0.912527997,ml
2025-12,2026-02,715164,JFB LOTION 200ML,0.714843639,tm
2026-01,2026-02,715164,JFB LOTION 200ML,1.165618274,ml
2026-01,2026-02,715164,JFB LOTION 200ML,0.514843639,tm
2025-10,2026-03,715164,JFB LOTION 200ML,0.0,ml
2025-10,2026-03,715164,JFB LOTION 200ML,0.65,tm
2025-11,2026-03,715164,JFB LOTION 200ML,0.0,ml
2025-11,2026-03,715164,JFB LOTION 200ML,0.73,tm
2025-12,2026-03,715164,JFB LOTION 200ML,1.850504444,ml
2025-12,2026-03,715164,JFB LOTION 200ML,0.728959353,tm
2026-01,2026-03,715164,JFB LOTION 200ML,1.227055265,ml
2026-01,2026-03,715164,JFB LOTION 200ML,0.648959353,tm
2026-02,2026-03,715164,JFB LOTION 200ML,0.33517176,ml
2026-02,2026-03,715164,JFB LOTION 200ML,0.728959353,tm
2025-11,2026-04,715164,JFB LOTION 200ML,0.0,ml
2025-11,2026-04,715164,JFB LOTION 200ML,0.73,tm
2025-12,2026-04,715164,JFB LOTION 200ML,1.902968889,ml
2025-12,2026-04,715164,JFB LOTION 200ML,0.89942,tm
2026-01,2026-04,715164,JFB LOTION 200ML,1.195978779,ml
2026-01,2026-04,715164,JFB LOTION 200ML,0.85844,tm
2026-02,2026-04,715164,JFB LOTION 200ML,0.63042,ml
2026-02,2026-04,715164,JFB LOTION 200ML,0.774941275,tm
2026-03,2026-04,715164,JFB LOTION 200ML,0.745926667,ml
2026-03,2026-04,715164,JFB LOTION 200ML,0.774941275,tm
2025-12,2026-05,715164,JFB LOTION 200ML,1.993208889,ml
2025-12,2026-05,715164,JFB LOTION 200ML,0.81626,tm
2026-01,2026-05,715164,JFB LOTION 200ML,1.257848781,ml
2026-01,2026-05,715164,JFB LOTION 200ML,0.84144,tm
2026-02,2026-05,715164,JFB LOTION 200ML,0.56854,ml
2026-02,2026-05,715164,JFB LOTION 200ML,0.957116673,tm
2026-03,2026-05,715164,JFB LOTION 200ML,0.669709331,ml
2026-03,2026-05,715164,JFB LOTION 200ML,0.861405006,tm
2026-04,2026-05,715164,JFB LOTION 200ML,1.170521502,ml
2026-04,2026-05,715164,JFB LOTION 200ML,0.861405006,tm
2026-01,2026-06,715164,JFB LOTION 200ML,0.0,ml
2026-01,2026-06,715164,JFB LOTION 200ML,0.78512,tm
2026-02,2026-06,715164,JFB LOTION 200ML,0.811153394,ml
2026-02,2026-06,715164,JFB LOTION 200ML,0.79,tm
2026-03,2026-06,715164,JFB LOTION 200ML,0.502252789,ml
2026-03,2026-06,715164,JFB LOTION 200ML,0.706608,tm
2026-04,2026-06,715164,JFB LOTION 200ML,0.48686736,ml
2026-04,2026-06,715164,JFB LOTION 200ML,0.706608,tm
2026-05,2026-06,715164,JFB LOTION 200ML,0.221052905,ml
2026-05,2026-06,715164,JFB LOTION 200ML,0.863632,tm
2026-02,2026-07,715164,JFB LOTION 200ML,0.50668,ml
2026-02,2026-07,715164,JFB LOTION 200ML,0.97,tm
2026-03,2026-07,715164,JFB LOTION 200ML,0.855866667,ml
2026-03,2026-07,715164,JFB LOTION 200ML,0.8706419999999999,tm
2026-04,2026-07,715164,JFB LOTION 200ML,1.565706088,ml
2026-04,2026-07,715164,JFB LOTION 200ML,0.8706419999999999,tm
2026-05,2026-07,715164,JFB LOTION 200ML,0.523518095,ml
2026-05,2026-07,715164,JFB LOTION 200ML,1.064118,tm
2026-06,2026-07,715164,JFB LOTION 200ML,0.871596851,ml
2026-06,2026-07,715164,JFB LOTION 200ML,1.064118,tm
2026-03,2026-08,715164,JFB LOTION 200ML,0.563422585,ml
2026-03,2026-08,715164,JFB LOTION 200ML,0.6590052,tm
2026-04,2026-08,715164,JFB LOTION 200ML,0.709916667,ml
2026-04,2026-08,715164,JFB LOTION 200ML,0.9393336680000001,tm
2026-05,2026-08,715164,JFB LOTION 200ML,0.490741278,ml
2026-05,2026-08,715164,JFB LOTION 200ML,1.033267035,tm
2026-06,2026-08,715164,JFB LOTION 200ML,0.715448739,ml
2026-06,2026-08,715164,JFB LOTION 200ML,1.033267035,tm
2026-07,2026-08,715164,JFB LOTION 200ML,0.4526,ml
2026-07,2026-08,715164,JFB LOTION 200ML,1.033267035,tm
2026-04,2026-09,715164,JFB LOTION 200ML,3.702581436,ml
2026-04,2026-09,715164,JFB LOTION 200ML,4.4144345099999995,tm
2026-05,2026-09,715164,JFB LOTION 200ML,3.00288,ml
2026-05,2026-09,715164,JFB LOTION 200ML,4.4144345099999995,tm
2026-06,2026-09,715164,JFB LOTION 200ML,2.359156791,ml
2026-06,2026-09,715164,JFB LOTION 200ML,4.4144345099999995,tm
2026-07,2026-09,715164,JFB LOTION 200ML,2.67902,ml
2026-07,2026-09,715164,JFB LOTION 200ML,4.4144345099999995,tm
2026-05,2026-10,715164,JFB LOTION 200ML,3.1711,ml
2026-05,2026-10,715164,JFB LOTION 200ML,7.611483911,tm
2026-06,2026-10,715164,JFB LOTION 200ML,3.042026087,ml
2026-06,2026-10,715164,JFB LOTION 200ML,7.611483911,tm
2026-07,2026-10,715164,JFB LOTION 200ML,5.097666578,ml
2026-07,2026-10,715164,JFB LOTION 200ML,7.611483912,tm
2026-06,2026-11,715164,JFB LOTION 200ML,6.509416002,ml
2026-06,2026-11,715164,JFB LOTION 200ML,10.35,tm
2026-07,2026-11,715164,JFB LOTION 200ML,7.26658,ml
2026-07,2026-11,715164,JFB LOTION 200ML,10.353197514,tm
2026-07,2026-12,715164,JFB LOTION 200ML,2.69566,ml
2026-07,2026-12,715164,JFB LOTION 200ML,5.857989851,tm
2025-04,2025-05,715166,JFB LOTION 100ML,0.76962,ml
2025-04,2025-05,715166,JFB LOTION 100ML,0.898799576,tm
2025-04,2025-06,715166,JFB LOTION 100ML,0.72994,ml
2025-04,2025-06,715166,JFB LOTION 100ML,0.991677857,tm
2025-05,2025-06,715166,JFB LOTION 100ML,1.014512848,ml
2025-05,2025-06,715166,JFB LOTION 100ML,0.991677857,tm
2025-04,2025-07,715166,JFB LOTION 100ML,0.488623777,ml
2025-04,2025-07,715166,JFB LOTION 100ML,0.72,tm
2025-05,2025-07,715166,JFB LOTION 100ML,0.504941144,ml
2025-05,2025-07,715166,JFB LOTION 100ML,0.72,tm
2025-06,2025-07,715166,JFB LOTION 100ML,0.75253935,ml
2025-06,2025-07,715166,JFB LOTION 100ML,1.2613,tm
2025-04,2025-08,715166,JFB LOTION 100ML,0.84725,ml
2025-04,2025-08,715166,JFB LOTION 100ML,0.93,tm
2025-05,2025-08,715166,JFB LOTION 100ML,1.124938823,ml
2025-05,2025-08,715166,JFB LOTION 100ML,0.93,tm
2025-06,2025-08,715166,JFB LOTION 100ML,1.053717692,ml
2025-06,2025-08,715166,JFB LOTION 100ML,1.6,tm
2025-07,2025-08,715166,JFB LOTION 100ML,0.944903333,ml
2025-07,2025-08,715166,JFB LOTION 100ML,1.6,tm
2025-04,2025-09,715166,JFB LOTION 100ML,6.50515,ml
2025-04,2025-09,715166,JFB LOTION 100ML,10.65,tm
2025-05,2025-09,715166,JFB LOTION 100ML,9.437853333,ml
2025-05,2025-09,715166,JFB LOTION 100ML,10.7,tm
2025-06,2025-09,715166,JFB LOTION 100ML,8.30677,ml
2025-06,2025-09,715166,JFB LOTION 100ML,10.71,tm
2025-07,2025-09,715166,JFB LOTION 100ML,7.853506667,ml
2025-07,2025-09,715166,JFB LOTION 100ML,10.71,tm
2025-08,2025-09,715166,JFB LOTION 100ML,7.41408,ml
2025-08,2025-09,715166,JFB LOTION 100ML,9.69,tm
2025-05,2025-10,715166,JFB LOTION 100ML,4.805894408,ml
2025-05,2025-10,715166,JFB LOTION 100ML,10.4,tm
2025-06,2025-10,715166,JFB LOTION 100ML,6.103663922,ml
2025-06,2025-10,715166,JFB LOTION 100ML,10.4,tm
2025-07,2025-10,715166,JFB LOTION 100ML,6.206087071,ml
2025-07,2025-10,715166,JFB LOTION 100ML,10.4,tm
2025-08,2025-10,715166,JFB LOTION 100ML,7.972607173,ml
2025-08,2025-10,715166,JFB LOTION 100ML,10.4,tm
2025-09,2025-10,715166,JFB LOTION 100ML,8.579327565,ml
2025-09,2025-10,715166,JFB LOTION 100ML,14.797,tm
2025-06,2025-11,715166,JFB LOTION 100ML,10.87229701,ml
2025-06,2025-11,715166,JFB LOTION 100ML,14.870000000000001,tm
2025-07,2025-11,715166,JFB LOTION 100ML,9.995287776,ml
2025-07,2025-11,715166,JFB LOTION 100ML,14.870000000000001,tm
2025-08,2025-11,715166,JFB LOTION 100ML,12.96080658,ml
2025-08,2025-11,715166,JFB LOTION 100ML,14.870000000000001,tm
2025-09,2025-11,715166,JFB LOTION 100ML,12.39778908,ml
2025-09,2025-11,715166,JFB LOTION 100ML,15.3278,tm
2025-10,2025-11,715166,JFB LOTION 100ML,10.62467031,ml
2025-10,2025-11,715166,JFB LOTION 100ML,18.43,tm
2025-07,2025-12,715166,JFB LOTION 100ML,7.339414303,ml
2025-07,2025-12,715166,JFB LOTION 100ML,12.53,tm
2025-08,2025-12,715166,JFB LOTION 100ML,7.68745,ml
2025-08,2025-12,715166,JFB LOTION 100ML,12.53,tm
2025-09,2025-12,715166,JFB LOTION 100ML,8.750495083,ml
2025-09,2025-12,715166,JFB LOTION 100ML,14.4866,tm
2025-10,2025-12,715166,JFB LOTION 100ML,7.639022992,ml
2025-10,2025-12,715166,JFB LOTION 100ML,13.53,tm
2025-11,2025-12,715166,JFB LOTION 100ML,8.542376522,ml
2025-11,2025-12,715166,JFB LOTION 100ML,14.11,tm
2025-08,2026-01,715166,JFB LOTION 100ML,0.918878722,ml
2025-08,2026-01,715166,JFB LOTION 100ML,2.51,tm
2025-09,2026-01,715166,JFB LOTION 100ML,1.064633549,ml
2025-09,2026-01,715166,JFB LOTION 100ML,2.5765,tm
2025-10,2026-01,715166,JFB LOTION 100ML,0.881007072,ml
2025-10,2026-01,715166,JFB LOTION 100ML,5.51,tm
2025-11,2026-01,715166,JFB LOTION 100ML,0.641231081,ml
2025-11,2026-01,715166,JFB LOTION 100ML,4.022123928,tm
2025-12,2026-01,715166,JFB LOTION 100ML,1.964033333,ml
2025-12,2026-01,715166,JFB LOTION 100ML,4.022123928,tm
2025-09,2026-02,715166,JFB LOTION 100ML,0.409439454,ml
2025-09,2026-02,715166,JFB LOTION 100ML,0.896352712,tm
2025-10,2026-02,715166,JFB LOTION 100ML,0.0,ml
2025-10,2026-02,715166,JFB LOTION 100ML,0.84453,tm
2025-11,2026-02,715166,JFB LOTION 100ML,0.38654308,ml
2025-11,2026-02,715166,JFB LOTION 100ML,0.730885559,tm
2025-12,2026-02,715166,JFB LOTION 100ML,0.0,ml
2025-12,2026-02,715166,JFB LOTION 100ML,0.7308855599999999,tm
2026-01,2026-02,715166,JFB LOTION 100ML,0.508794067,ml
2026-01,2026-02,715166,JFB LOTION 100ML,0.660885559,tm
2025-10,2026-03,715166,JFB LOTION 100ML,0.056930245,ml
2025-10,2026-03,715166,JFB LOTION 100ML,0.9,tm
2025-11,2026-03,715166,JFB LOTION 100ML,0.962048,ml
2025-11,2026-03,715166,JFB LOTION 100ML,0.716769845,tm
2025-12,2026-03,715166,JFB LOTION 100ML,2.159516667,ml
2025-12,2026-03,715166,JFB LOTION 100ML,0.716769845,tm
2026-01,2026-03,715166,JFB LOTION 100ML,3.124902,ml
2026-01,2026-03,715166,JFB LOTION 100ML,0.676769845,tm
2026-02,2026-03,715166,JFB LOTION 100ML,0.938961294,ml
2026-02,2026-03,715166,JFB LOTION 100ML,0.716769845,tm
2025-11,2026-04,715166,JFB LOTION 100ML,1.843160724,ml
2025-11,2026-04,715166,JFB LOTION 100ML,0.716769845,tm
2025-12,2026-04,715166,JFB LOTION 100ML,2.12823,ml
2025-12,2026-04,715166,JFB LOTION 100ML,0.86614,tm
2026-01,2026-04,715166,JFB LOTION 100ML,3.157618,ml
2026-01,2026-04,715166,JFB LOTION 100ML,0.86548,tm
2026-02,2026-04,715166,JFB LOTION 100ML,1.058113516,ml
2026-02,2026-04,715166,JFB LOTION 100ML,0.781296508,tm
2026-03,2026-04,715166,JFB LOTION 100ML,0.433458897,ml
2026-03,2026-04,715166,JFB LOTION 100ML,0.7812965080000001,tm
2025-12,2026-05,715166,JFB LOTION 100ML,2.10577,ml
2025-12,2026-05,715166,JFB LOTION 100ML,0.858055,tm
2026-01,2026-05,715166,JFB LOTION 100ML,3.154834,ml
2026-01,2026-05,715166,JFB LOTION 100ML,0.9349,tm
2026-02,2026-05,715166,JFB LOTION 100ML,0.938961294,ml
2026-02,2026-05,715166,JFB LOTION 100ML,1.063447804,tm
2026-03,2026-05,715166,JFB LOTION 100ML,0.425455224,ml
2026-03,2026-05,715166,JFB LOTION 100ML,0.957103024,tm
2026-04,2026-05,715166,JFB LOTION 100ML,0.777721434,ml
2026-04,2026-05,715166,JFB LOTION 100ML,0.957103024,tm
2026-01,2026-06,715166,JFB LOTION 100ML,1.347627496,ml
2026-01,2026-06,715166,JFB LOTION 100ML,0.8638,tm
2026-02,2026-06,715166,JFB LOTION 100ML,0.138485684,ml
2026-02,2026-06,715166,JFB LOTION 100ML,0.8600000000000001,tm
2026-03,2026-06,715166,JFB LOTION 100ML,0.437802629,ml
2026-03,2026-06,715166,JFB LOTION 100ML,0.77742,tm
2026-04,2026-06,715166,JFB LOTION 100ML,0.640169125,ml
2026-04,2026-06,715166,JFB LOTION 100ML,0.77742,tm
2026-05,2026-06,715166,JFB LOTION 100ML,0.769593056,ml
2026-05,2026-06,715166,JFB LOTION 100ML,0.95018,tm
2026-02,2026-07,715166,JFB LOTION 100ML,0.938961294,ml
2026-02,2026-07,715166,JFB LOTION 100ML,1.14,tm
2026-03,2026-07,715166,JFB LOTION 100ML,1.570724731,ml
2026-03,2026-07,715166,JFB LOTION 100ML,1.029618,tm
2026-04,2026-07,715166,JFB LOTION 100ML,0.779610462,ml
2026-04,2026-07,715166,JFB LOTION 100ML,1.029618,tm
2026-05,2026-07,715166,JFB LOTION 100ML,0.659944824,ml
2026-05,2026-07,715166,JFB LOTION 100ML,1.2584220000000002,tm
2026-06,2026-07,715166,JFB LOTION 100ML,0.813796167,ml
2026-06,2026-07,715166,JFB LOTION 100ML,1.258422,tm
2026-03,2026-08,715166,JFB LOTION 100ML,0.573471547,ml
2026-03,2026-08,715166,JFB LOTION 100ML,0.885809925,tm
2026-04,2026-08,715166,JFB LOTION 100ML,0.858613663,ml
2026-04,2026-08,715166,JFB LOTION 100ML,1.262616874,tm
2026-05,2026-08,715166,JFB LOTION 100ML,0.492789818,ml
2026-05,2026-08,715166,JFB LOTION 100ML,1.388878562,tm
2026-06,2026-08,715166,JFB LOTION 100ML,0.536652372,ml
2026-06,2026-08,715166,JFB LOTION 100ML,1.388878562,tm
2026-07,2026-08,715166,JFB LOTION 100ML,0.9148253037,ml
2026-07,2026-08,715166,JFB LOTION 100ML,1.3888785620000001,tm
2026-04,2026-09,715166,JFB LOTION 100ML,6.173926121,ml
2026-04,2026-09,715166,JFB LOTION 100ML,7.063590907,tm
2026-05,2026-09,715166,JFB LOTION 100ML,5.32371,ml
2026-05,2026-09,715166,JFB LOTION 100ML,7.063590907,tm
2026-06,2026-09,715166,JFB LOTION 100ML,7.087140626,ml
2026-06,2026-09,715166,JFB LOTION 100ML,7.063590907,tm
2026-07,2026-09,715166,JFB LOTION 100ML,4.748758,ml
2026-07,2026-09,715166,JFB LOTION 100ML,7.063590907,tm
2026-05,2026-10,715166,JFB LOTION 100ML,5.497,ml
2026-05,2026-10,715166,JFB LOTION 100ML,9.723172296,tm
2026-06,2026-10,715166,JFB LOTION 100ML,6.500842403,ml
2026-06,2026-10,715166,JFB LOTION 100ML,9.723172296,tm
2026-07,2026-10,715166,JFB LOTION 100ML,6.397112852,ml
2026-07,2026-10,715166,JFB LOTION 100ML,9.723172296,tm
2026-06,2026-11,715166,JFB LOTION 100ML,10.83109995,ml
2026-06,2026-11,715166,JFB LOTION 100ML,16.27,tm
2026-07,2026-11,715166,JFB LOTION 100ML,11.076894067,ml
2026-07,2026-11,715166,JFB LOTION 100ML,16.271913118,tm
2026-07,2026-12,715166,JFB LOTION 100ML,4.972026733,ml
2026-07,2026-12,715166,JFB LOTION 100ML,7.491702586,tm
2025-04,2025-05,715167,JFB OIL 200ML,0.41551912,ml
2025-04,2025-05,715167,JFB OIL 200ML,0.72,tm
2025-04,2025-06,715167,JFB OIL 200ML,0.511964304,ml
2025-04,2025-06,715167,JFB OIL 200ML,0.64,tm
2025-05,2025-06,715167,JFB OIL 200ML,0.332362638,ml
2025-05,2025-06,715167,JFB OIL 200ML,0.64,tm
2025-04,2025-07,715167,JFB OIL 200ML,0.61658183,ml
2025-04,2025-07,715167,JFB OIL 200ML,0.54,tm
2025-05,2025-07,715167,JFB OIL 200ML,0.407429655,ml
2025-05,2025-07,715167,JFB OIL 200ML,0.54,tm
2025-06,2025-07,715167,JFB OIL 200ML,0.464053214,ml
2025-06,2025-07,715167,JFB OIL 200ML,0.619,tm
2025-04,2025-08,715167,JFB OIL 200ML,0.797378156,ml
2025-04,2025-08,715167,JFB OIL 200ML,0.71,tm
2025-05,2025-08,715167,JFB OIL 200ML,0.616692849,ml
2025-05,2025-08,715167,JFB OIL 200ML,0.71,tm
2025-06,2025-08,715167,JFB OIL 200ML,0.646037831,ml
2025-06,2025-08,715167,JFB OIL 200ML,0.8152,tm
2025-07,2025-08,715167,JFB OIL 200ML,0.322830286,ml
2025-07,2025-08,715167,JFB OIL 200ML,0.82,tm
2025-04,2025-09,715167,JFB OIL 200ML,1.077481202,ml
2025-04,2025-09,715167,JFB OIL 200ML,1.42,tm
2025-05,2025-09,715167,JFB OIL 200ML,0.988189333,ml
2025-05,2025-09,715167,JFB OIL 200ML,1.42,tm
2025-06,2025-09,715167,JFB OIL 200ML,1.081978643,ml
2025-06,2025-09,715167,JFB OIL 200ML,1.5158,tm
2025-07,2025-09,715167,JFB OIL 200ML,1.112183407,ml
2025-07,2025-09,715167,JFB OIL 200ML,1.52,tm
2025-08,2025-09,715167,JFB OIL 200ML,1.104605056,ml
2025-08,2025-09,715167,JFB OIL 200ML,1.32,tm
2025-05,2025-10,715167,JFB OIL 200ML,1.649199182,ml
2025-05,2025-10,715167,JFB OIL 200ML,2.0,tm
2025-06,2025-10,715167,JFB OIL 200ML,1.425926667,ml
2025-06,2025-10,715167,JFB OIL 200ML,2.2622,tm
2025-07,2025-10,715167,JFB OIL 200ML,1.336948235,ml
2025-07,2025-10,715167,JFB OIL 200ML,2.26,tm
2025-08,2025-10,715167,JFB OIL 200ML,1.485649064,ml
2025-08,2025-10,715167,JFB OIL 200ML,2.26,tm
2025-09,2025-10,715167,JFB OIL 200ML,1.614766968,ml
2025-09,2025-10,715167,JFB OIL 200ML,2.26,tm
2025-06,2025-11,715167,JFB OIL 200ML,1.702228442,ml
2025-06,2025-11,715167,JFB OIL 200ML,2.9362,tm
2025-07,2025-11,715167,JFB OIL 200ML,1.609156928,ml
2025-07,2025-11,715167,JFB OIL 200ML,2.94,tm
2025-08,2025-11,715167,JFB OIL 200ML,1.524601224,ml
2025-08,2025-11,715167,JFB OIL 200ML,2.94,tm
2025-09,2025-11,715167,JFB OIL 200ML,1.717961724,ml
2025-09,2025-11,715167,JFB OIL 200ML,2.94,tm
2025-10,2025-11,715167,JFB OIL 200ML,1.633110195,ml
2025-10,2025-11,715167,JFB OIL 200ML,2.94,tm
2025-07,2025-12,715167,JFB OIL 200ML,0.950184668,ml
2025-07,2025-12,715167,JFB OIL 200ML,1.91,tm
2025-08,2025-12,715167,JFB OIL 200ML,0.629693654,ml
2025-08,2025-12,715167,JFB OIL 200ML,1.91,tm
2025-09,2025-12,715167,JFB OIL 200ML,1.291716564,ml
2025-09,2025-12,715167,JFB OIL 200ML,1.91,tm
2025-10,2025-12,715167,JFB OIL 200ML,1.011128043,ml
2025-10,2025-12,715167,JFB OIL 200ML,1.91,tm
2025-11,2025-12,715167,JFB OIL 200ML,0.878663897,ml
2025-11,2025-12,715167,JFB OIL 200ML,2.057486786,tm
2025-08,2026-01,715167,JFB OIL 200ML,0.927640903,ml
2025-08,2026-01,715167,JFB OIL 200ML,1.23,tm
2025-09,2026-01,715167,JFB OIL 200ML,0.5803,ml
2025-09,2026-01,715167,JFB OIL 200ML,1.23,tm
2025-10,2026-01,715167,JFB OIL 200ML,1.063813,ml
2025-10,2026-01,715167,JFB OIL 200ML,1.23,tm
2025-11,2026-01,715167,JFB OIL 200ML,1.060484314,ml
2025-11,2026-01,715167,JFB OIL 200ML,1.229727242,tm
2025-12,2026-01,715167,JFB OIL 200ML,1.057791111,ml
2025-12,2026-01,715167,JFB OIL 200ML,1.385377257,tm
2025-09,2026-02,715167,JFB OIL 200ML,0.579126929,ml
2025-09,2026-02,715167,JFB OIL 200ML,0.693081286,tm
2025-10,2026-02,715167,JFB OIL 200ML,0.516671,ml
2025-10,2026-02,715167,JFB OIL 200ML,0.693081286,tm
2025-11,2026-02,715167,JFB OIL 200ML,0.401643217,ml
2025-11,2026-02,715167,JFB OIL 200ML,1.169265426,tm
2025-12,2026-02,715167,JFB OIL 200ML,0.445524146,ml
2025-12,2026-02,715167,JFB OIL 200ML,0.583498021,tm
2026-01,2026-02,715167,JFB OIL 200ML,0.486376763,ml
2026-01,2026-02,715167,JFB OIL 200ML,0.637002239,tm
2025-10,2026-03,715167,JFB OIL 200ML,0.519532073,ml
2025-10,2026-03,715167,JFB OIL 200ML,0.722192,tm
2025-11,2026-03,715167,JFB OIL 200ML,0.809783443,ml
2025-11,2026-03,715167,JFB OIL 200ML,1.135830245,tm
2025-12,2026-03,715167,JFB OIL 200ML,0.654082222,ml
2025-12,2026-03,715167,JFB OIL 200ML,0.856644214,tm
2026-01,2026-03,715167,JFB OIL 200ML,0.607000667,ml
2026-01,2026-03,715167,JFB OIL 200ML,0.794982024,tm
2026-02,2026-03,715167,JFB OIL 200ML,0.656198018,ml
2026-02,2026-03,715167,JFB OIL 200ML,0.859415248,tm
2025-11,2026-04,715167,JFB OIL 200ML,0.868173333,ml
2025-11,2026-04,715167,JFB OIL 200ML,1.135830245,tm
2025-12,2026-04,715167,JFB OIL 200ML,0.721321662,ml
2025-12,2026-04,715167,JFB OIL 200ML,0.944706961,tm
2026-01,2026-04,715167,JFB OIL 200ML,0.767665533,ml
2026-01,2026-04,715167,JFB OIL 200ML,1.005403013,tm
2026-02,2026-04,715167,JFB OIL 200ML,0.517268999,ml
2026-02,2026-04,715167,JFB OIL 200ML,0.677461457,tm
2026-03,2026-04,715167,JFB OIL 200ML,0.753175759,ml
2026-03,2026-04,715167,JFB OIL 200ML,0.999589315,tm
2025-12,2026-05,715167,JFB OIL 200ML,0.449510914,ml
2025-12,2026-05,715167,JFB OIL 200ML,0.588719446,tm
2026-01,2026-05,715167,JFB OIL 200ML,0.607000667,ml
2026-01,2026-05,715167,JFB OIL 200ML,0.794982024,tm
2026-02,2026-05,715167,JFB OIL 200ML,0.491312831,ml
2026-02,2026-05,715167,JFB OIL 200ML,0.643466952,tm
2026-03,2026-05,715167,JFB OIL 200ML,0.53370317,ml
2026-03,2026-05,715167,JFB OIL 200ML,0.708312741,tm
2026-04,2026-05,715167,JFB OIL 200ML,0.872852351,ml
2026-04,2026-05,715167,JFB OIL 200ML,1.051781409,tm
2026-01,2026-06,715167,JFB OIL 200ML,0.638410521,ml
2026-01,2026-06,715167,JFB OIL 200ML,0.836119161,tm
2026-02,2026-06,715167,JFB OIL 200ML,0.272498852,ml
2026-02,2026-06,715167,JFB OIL 200ML,0.356888717,tm
2026-03,2026-06,715167,JFB OIL 200ML,0.307291585,ml
2026-03,2026-06,715167,JFB OIL 200ML,0.407826967,tm
2026-04,2026-06,715167,JFB OIL 200ML,0.460890958,ml
2026-04,2026-06,715167,JFB OIL 200ML,0.6173118,tm
2026-05,2026-06,715167,JFB OIL 200ML,0.301233651,ml
2026-05,2026-06,715167,JFB OIL 200ML,0.7544922,tm
2026-02,2026-07,715167,JFB OIL 200ML,0.532199801,ml
2026-02,2026-07,715167,JFB OIL 200ML,0.697016161,tm
2026-03,2026-07,715167,JFB OIL 200ML,0.478202855,ml
2026-03,2026-07,715167,JFB OIL 200ML,0.634654606,tm
2026-04,2026-07,715167,JFB OIL 200ML,1.187199684,ml
2026-04,2026-07,715167,JFB OIL 200ML,0.542422898,tm
2026-05,2026-07,715167,JFB OIL 200ML,0.556583033,ml
2026-05,2026-07,715167,JFB OIL 200ML,0.66296132,tm
2026-06,2026-07,715167,JFB OIL 200ML,0.583625779,ml
2026-06,2026-07,715167,JFB OIL 200ML,0.66296132,tm
2026-03,2026-08,715167,JFB OIL 200ML,0.312001365,ml
2026-03,2026-08,715167,JFB OIL 200ML,0.414077626,tm
2026-04,2026-08,715167,JFB OIL 200ML,0.538045615,ml
2026-04,2026-08,715167,JFB OIL 200ML,0.577693482,tm
2026-05,2026-08,715167,JFB OIL 200ML,0.305945758,ml
2026-05,2026-08,715167,JFB OIL 200ML,0.730782254,tm
2026-06,2026-08,715167,JFB OIL 200ML,0.408272958,ml
2026-06,2026-08,715167,JFB OIL 200ML,0.730782254,tm
2026-07,2026-08,715167,JFB OIL 200ML,0.490121111,ml
2026-07,2026-08,715167,JFB OIL 200ML,0.730782254,tm
2026-04,2026-09,715167,JFB OIL 200ML,1.266394939,ml
2026-04,2026-09,715167,JFB OIL 200ML,1.473966265,tm
2026-05,2026-09,715167,JFB OIL 200ML,0.764747989,ml
2026-05,2026-09,715167,JFB OIL 200ML,1.695061205,tm
2026-06,2026-09,715167,JFB OIL 200ML,0.883034407,ml
2026-06,2026-09,715167,JFB OIL 200ML,1.695061205,tm
2026-07,2026-09,715167,JFB OIL 200ML,0.8898791765,ml
2026-07,2026-09,715167,JFB OIL 200ML,1.695061205,tm
2026-05,2026-10,715167,JFB OIL 200ML,1.163666426,ml
2026-05,2026-10,715167,JFB OIL 200ML,2.430029759,tm
2026-06,2026-10,715167,JFB OIL 200ML,1.262487671,ml
2026-06,2026-10,715167,JFB OIL 200ML,2.430029759,tm
2026-07,2026-10,715167,JFB OIL 200ML,1.226983944,ml
2026-07,2026-10,715167,JFB OIL 200ML,2.430029759,tm
2026-06,2026-11,715167,JFB OIL 200ML,1.683159681,ml
2026-06,2026-11,715167,JFB OIL 200ML,2.4,tm
2026-07,2026-11,715167,JFB OIL 200ML,1.543058753,ml
2026-07,2026-11,715167,JFB OIL 200ML,2.4,tm
2026-07,2026-12,715167,JFB OIL 200ML,1.15089977,ml
2026-07,2026-12,715167,JFB OIL 200ML,1.134584772,tm
2025-04,2025-05,715169,JFB OIL 100ML,0.809298816,ml
2025-04,2025-05,715169,JFB OIL 100ML,1.15,tm
2025-04,2025-06,715169,JFB OIL 100ML,0.755448102,ml
2025-04,2025-06,715169,JFB OIL 100ML,1.14,tm
2025-05,2025-06,715169,JFB OIL 100ML,0.817039929,ml
2025-05,2025-06,715169,JFB OIL 100ML,1.14,tm
2025-04,2025-07,715169,JFB OIL 100ML,0.920155,ml
2025-04,2025-07,715169,JFB OIL 100ML,1.01,tm
2025-05,2025-07,715169,JFB OIL 100ML,1.057945111,ml
2025-05,2025-07,715169,JFB OIL 100ML,1.01,tm
2025-06,2025-07,715169,JFB OIL 100ML,1.013609224,ml
2025-06,2025-07,715169,JFB OIL 100ML,1.16,tm
2025-04,2025-08,715169,JFB OIL 100ML,1.038724,ml
2025-04,2025-08,715169,JFB OIL 100ML,1.18,tm
2025-05,2025-08,715169,JFB OIL 100ML,1.157353958,ml
2025-05,2025-08,715169,JFB OIL 100ML,1.18,tm
2025-06,2025-08,715169,JFB OIL 100ML,1.16278271,ml
2025-06,2025-08,715169,JFB OIL 100ML,1.3465,tm
2025-07,2025-08,715169,JFB OIL 100ML,0.995534039,ml
2025-07,2025-08,715169,JFB OIL 100ML,1.35,tm
2025-04,2025-09,715169,JFB OIL 100ML,1.554252955,ml
2025-04,2025-09,715169,JFB OIL 100ML,1.9,tm
2025-05,2025-09,715169,JFB OIL 100ML,1.86503,ml
2025-05,2025-09,715169,JFB OIL 100ML,1.9,tm
2025-06,2025-09,715169,JFB OIL 100ML,1.894842586,ml
2025-06,2025-09,715169,JFB OIL 100ML,2.2988,tm
2025-07,2025-09,715169,JFB OIL 100ML,1.668289007,ml
2025-07,2025-09,715169,JFB OIL 100ML,2.3,tm
2025-08,2025-09,715169,JFB OIL 100ML,1.71217298,ml
2025-08,2025-09,715169,JFB OIL 100ML,2.0,tm
2025-05,2025-10,715169,JFB OIL 100ML,2.76604,ml
2025-05,2025-10,715169,JFB OIL 100ML,3.0,tm
2025-06,2025-10,715169,JFB OIL 100ML,2.603487738,ml
2025-06,2025-10,715169,JFB OIL 100ML,3.4862,tm
2025-07,2025-10,715169,JFB OIL 100ML,2.182940871,ml
2025-07,2025-10,715169,JFB OIL 100ML,3.49,tm
2025-08,2025-10,715169,JFB OIL 100ML,2.40926442,ml
2025-08,2025-10,715169,JFB OIL 100ML,3.49,tm
2025-09,2025-10,715169,JFB OIL 100ML,2.26223063,ml
2025-09,2025-10,715169,JFB OIL 100ML,3.49,tm
2025-06,2025-11,715169,JFB OIL 100ML,3.271418758,ml
2025-06,2025-11,715169,JFB OIL 100ML,4.3076,tm
2025-07,2025-11,715169,JFB OIL 100ML,2.743283778,ml
2025-07,2025-11,715169,JFB OIL 100ML,4.31,tm
2025-08,2025-11,715169,JFB OIL 100ML,2.840874179,ml
2025-08,2025-11,715169,JFB OIL 100ML,4.31,tm
2025-09,2025-11,715169,JFB OIL 100ML,2.953700333,ml
2025-09,2025-11,715169,JFB OIL 100ML,4.31,tm
2025-10,2025-11,715169,JFB OIL 100ML,3.252970158,ml
2025-10,2025-11,715169,JFB OIL 100ML,4.31,tm
2025-07,2025-12,715169,JFB OIL 100ML,1.784861768,ml
2025-07,2025-12,715169,JFB OIL 100ML,3.15,tm
2025-08,2025-12,715169,JFB OIL 100ML,1.609534431,ml
2025-08,2025-12,715169,JFB OIL 100ML,3.15,tm
2025-09,2025-12,715169,JFB OIL 100ML,1.080592437,ml
2025-09,2025-12,715169,JFB OIL 100ML,3.15,tm
2025-10,2025-12,715169,JFB OIL 100ML,1.553985544,ml
2025-10,2025-12,715169,JFB OIL 100ML,3.15,tm
2025-11,2025-12,715169,JFB OIL 100ML,1.61983,ml
2025-11,2025-12,715169,JFB OIL 100ML,3.386653201,tm
2025-08,2026-01,715169,JFB OIL 100ML,1.127890517,ml
2025-08,2026-01,715169,JFB OIL 100ML,2.0,tm
2025-09,2026-01,715169,JFB OIL 100ML,1.215142955,ml
2025-09,2026-01,715169,JFB OIL 100ML,2.0,tm
2025-10,2026-01,715169,JFB OIL 100ML,1.46225,ml
2025-10,2026-01,715169,JFB OIL 100ML,2.0,tm
2025-11,2026-01,715169,JFB OIL 100ML,1.703072986,ml
2025-11,2026-01,715169,JFB OIL 100ML,2.000272758,tm
2025-12,2026-01,715169,JFB OIL 100ML,1.57056,ml
2025-12,2026-01,715169,JFB OIL 100ML,1.737852768,tm
2025-09,2026-02,715169,JFB OIL 100ML,0.751987689,ml
2025-09,2026-02,715169,JFB OIL 100ML,1.023529085,tm
2025-10,2026-02,715169,JFB OIL 100ML,0.940373333,ml
2025-10,2026-02,715169,JFB OIL 100ML,1.023529085,tm
2025-11,2026-02,715169,JFB OIL 100ML,0.681909905,ml
2025-11,2026-02,715169,JFB OIL 100ML,1.697703909,tm
2025-12,2026-02,715169,JFB OIL 100ML,0.929790433,ml
2025-12,2026-02,715169,JFB OIL 100ML,1.028829766,tm
2026-01,2026-02,715169,JFB OIL 100ML,0.889563961,ml
2026-01,2026-02,715169,JFB OIL 100ML,0.984318455,tm
2025-10,2026-03,715169,JFB OIL 100ML,1.035306617,ml
2025-10,2026-03,715169,JFB OIL 100ML,0.996046,tm
2025-11,2026-03,715169,JFB OIL 100ML,1.724325826,ml
2025-11,2026-03,715169,JFB OIL 100ML,1.73113909,tm
2025-12,2026-03,715169,JFB OIL 100ML,1.291486667,ml
2025-12,2026-03,715169,JFB OIL 100ML,1.429053127,tm
2026-01,2026-03,715169,JFB OIL 100ML,1.27821,ml
2026-01,2026-03,715169,JFB OIL 100ML,1.414362257,tm
2026-02,2026-03,715169,JFB OIL 100ML,1.172953603,ml
2026-02,2026-03,715169,JFB OIL 100ML,1.297894168,tm
2025-11,2026-04,715169,JFB OIL 100ML,1.25405,ml
2025-11,2026-04,715169,JFB OIL 100ML,1.73113909,tm
2025-12,2026-04,715169,JFB OIL 100ML,1.523529551,ml
2025-12,2026-04,715169,JFB OIL 100ML,1.685812734,tm
2026-01,2026-04,715169,JFB OIL 100ML,1.517664234,ml
2026-01,2026-04,715169,JFB OIL 100ML,1.679322656,tm
2026-02,2026-04,715169,JFB OIL 100ML,1.426735212,ml
2026-02,2026-04,715169,JFB OIL 100ML,1.578708064,tm
2026-03,2026-04,715169,JFB OIL 100ML,1.260867241,ml
2026-03,2026-04,715169,JFB OIL 100ML,1.399679875,tm
2025-12,2026-05,715169,JFB OIL 100ML,1.309526116,ml
2025-12,2026-05,715169,JFB OIL 100ML,1.449014101,tm
2026-01,2026-05,715169,JFB OIL 100ML,1.31086,ml
2026-01,2026-05,715169,JFB OIL 100ML,1.450490067,tm
2026-02,2026-05,715169,JFB OIL 100ML,1.212209017,ml
2026-02,2026-05,715169,JFB OIL 100ML,1.341330987,tm
2026-03,2026-05,715169,JFB OIL 100ML,1.107865848,ml
2026-03,2026-05,715169,JFB OIL 100ML,1.229834102,tm
2026-04,2026-05,715169,JFB OIL 100ML,1.386524956,ml
2026-04,2026-05,715169,JFB OIL 100ML,1.469320828,tm
2026-01,2026-06,715169,JFB OIL 100ML,0.729257369,ml
2026-01,2026-06,715169,JFB OIL 100ML,0.806936339,tm
2026-02,2026-06,715169,JFB OIL 100ML,0.337190207,ml
2026-02,2026-06,715169,JFB OIL 100ML,0.373107003,tm
2026-03,2026-06,715169,JFB OIL 100ML,0.677381731,ml
2026-03,2026-06,715169,JFB OIL 100ML,0.751956706,tm
2026-04,2026-06,715169,JFB OIL 100ML,0.697486504,ml
2026-04,2026-06,715169,JFB OIL 100ML,1.1199195,tm
2026-05,2026-06,715169,JFB OIL 100ML,0.744723862,ml
2026-05,2026-06,715169,JFB OIL 100ML,1.3687905,tm
2026-02,2026-07,715169,JFB OIL 100ML,1.266143608,ml
2026-02,2026-07,715169,JFB OIL 100ML,1.401010578,tm
2026-03,2026-07,715169,JFB OIL 100ML,1.503581154,ml
2026-03,2026-07,715169,JFB OIL 100ML,1.669114887,tm
2026-04,2026-07,715169,JFB OIL 100ML,0.998862038,ml
2026-04,2026-07,715169,JFB OIL 100ML,1.09864024,tm
2026-05,2026-07,715169,JFB OIL 100ML,1.173683684,ml
2026-05,2026-07,715169,JFB OIL 100ML,1.342782516,tm
2026-06,2026-07,715169,JFB OIL 100ML,1.335708641,ml
2026-06,2026-07,715169,JFB OIL 100ML,1.342782516,tm
2026-03,2026-08,715169,JFB OIL 100ML,0.679559885,ml
2026-03,2026-08,715169,JFB OIL 100ML,0.754374659,tm
2026-04,2026-08,715169,JFB OIL 100ML,1.270389142,ml
2026-04,2026-08,715169,JFB OIL 100ML,1.149056076,tm
2026-05,2026-08,715169,JFB OIL 100ML,0.772718686,ml
2026-05,2026-08,715169,JFB OIL 100ML,1.453555936,tm
2026-06,2026-08,715169,JFB OIL 100ML,1.04827121,ml
2026-06,2026-08,715169,JFB OIL 100ML,1.453555936,tm
2026-07,2026-08,715169,JFB OIL 100ML,0.6838711381,ml
2026-07,2026-08,715169,JFB OIL 100ML,1.453555936,tm
2026-04,2026-09,715169,JFB OIL 100ML,1.873157738,ml
2026-04,2026-09,715169,JFB OIL 100ML,1.956470332,tm
2026-05,2026-09,715169,JFB OIL 100ML,1.419277171,ml
2026-05,2026-09,715169,JFB OIL 100ML,2.249940881,tm
2026-06,2026-09,715169,JFB OIL 100ML,1.634331009,ml
2026-06,2026-09,715169,JFB OIL 100ML,2.249940881,tm
2026-07,2026-09,715169,JFB OIL 100ML,2.165285442,ml
2026-07,2026-09,715169,JFB OIL 100ML,2.249940881,tm
2026-05,2026-10,715169,JFB OIL 100ML,2.11509,ml
2026-05,2026-10,715169,JFB OIL 100ML,3.826238594,tm
2026-06,2026-10,715169,JFB OIL 100ML,2.455171925,ml
2026-06,2026-10,715169,JFB OIL 100ML,3.826238594,tm
2026-07,2026-10,715169,JFB OIL 100ML,2.472959098,ml
2026-07,2026-10,715169,JFB OIL 100ML,3.826238594,tm
2026-06,2026-11,715169,JFB OIL 100ML,3.145787591,ml
2026-06,2026-11,715169,JFB OIL 100ML,4.3,tm
2026-07,2026-11,715169,JFB OIL 100ML,3.421268753,ml
2026-07,2026-11,715169,JFB OIL 100ML,4.3,tm
2026-07,2026-12,715169,JFB OIL 100ML,2.229712728,ml
2026-07,2026-12,715169,JFB OIL 100ML,1.870217305,tm
2025-04,2025-05,715677,JFB SOAP 125G,0.221401659,ml
2025-04,2025-05,715677,JFB SOAP 125G,6.75,tm
2025-04,2025-06,715677,JFB SOAP 125G,0.139174061,ml
2025-04,2025-06,715677,JFB SOAP 125G,0.83,tm
2025-05,2025-06,715677,JFB SOAP 125G,0.195648324,ml
2025-05,2025-06,715677,JFB SOAP 125G,5.141625,tm
2025-04,2025-07,715677,JFB SOAP 125G,0.173571266,ml
2025-04,2025-07,715677,JFB SOAP 125G,1.25,tm
2025-05,2025-07,715677,JFB SOAP 125G,0.224784381,ml
2025-05,2025-07,715677,JFB SOAP 125G,2.08,tm
2025-06,2025-07,715677,JFB SOAP 125G,0.289359609,ml
2025-06,2025-07,715677,JFB SOAP 125G,1.433,tm
2025-04,2025-08,715677,JFB SOAP 125G,0.386389414,ml
2025-04,2025-08,715677,JFB SOAP 125G,1.52,tm
2025-05,2025-08,715677,JFB SOAP 125G,0.308517469,ml
2025-05,2025-08,715677,JFB SOAP 125G,1.52,tm
2025-06,2025-08,715677,JFB SOAP 125G,0.431775,ml
2025-06,2025-08,715677,JFB SOAP 125G,1.745375,tm
2025-07,2025-08,715677,JFB SOAP 125G,0.580375,ml
2025-07,2025-08,715677,JFB SOAP 125G,1.75,tm
2025-04,2025-09,715677,JFB SOAP 125G,0.385161821,ml
2025-04,2025-09,715677,JFB SOAP 125G,0.78,tm
2025-05,2025-09,715677,JFB SOAP 125G,0.285632861,ml
2025-05,2025-09,715677,JFB SOAP 125G,0.78,tm
2025-06,2025-09,715677,JFB SOAP 125G,0.413104054,ml
2025-06,2025-09,715677,JFB SOAP 125G,0.903125,tm
2025-07,2025-09,715677,JFB SOAP 125G,0.894293122,ml
2025-07,2025-09,715677,JFB SOAP 125G,0.9,tm
2025-08,2025-09,715677,JFB SOAP 125G,0.49409806,ml
2025-08,2025-09,715677,JFB SOAP 125G,0.64,tm
2025-05,2025-10,715677,JFB SOAP 125G,0.279593676,ml
2025-05,2025-10,715677,JFB SOAP 125G,0.67,tm
2025-06,2025-10,715677,JFB SOAP 125G,0.413104054,ml
2025-06,2025-10,715677,JFB SOAP 125G,0.697625,tm
2025-07,2025-10,715677,JFB SOAP 125G,0.971600765,ml
2025-07,2025-10,715677,JFB SOAP 125G,0.7,tm
2025-08,2025-10,715677,JFB SOAP 125G,0.503664783,ml
2025-08,2025-10,715677,JFB SOAP 125G,0.7,tm
2025-09,2025-10,715677,JFB SOAP 125G,0.310800525,ml
2025-09,2025-10,715677,JFB SOAP 125G,0.7,tm
2025-06,2025-11,715677,JFB SOAP 125G,0.413104054,ml
2025-06,2025-11,715677,JFB SOAP 125G,0.663125,tm
2025-07,2025-11,715677,JFB SOAP 125G,1.048908408,ml
2025-07,2025-11,715677,JFB SOAP 125G,0.66,tm
2025-08,2025-11,715677,JFB SOAP 125G,0.503664783,ml
2025-08,2025-11,715677,JFB SOAP 125G,0.66,tm
2025-09,2025-11,715677,JFB SOAP 125G,0.403741429,ml
2025-09,2025-11,715677,JFB SOAP 125G,0.66,tm
2025-10,2025-11,715677,JFB SOAP 125G,0.268601786,ml
2025-10,2025-11,715677,JFB SOAP 125G,0.66,tm
2025-07,2025-12,715677,JFB SOAP 125G,1.126216052,ml
2025-07,2025-12,715677,JFB SOAP 125G,0.51,tm
2025-08,2025-12,715677,JFB SOAP 125G,0.503664783,ml
2025-08,2025-12,715677,JFB SOAP 125G,0.51,tm
2025-09,2025-12,715677,JFB SOAP 125G,0.423495,ml
2025-09,2025-12,715677,JFB SOAP 125G,0.51,tm
2025-10,2025-12,715677,JFB SOAP 125G,0.318375357,ml
2025-10,2025-12,715677,JFB SOAP 125G,0.51,tm
2025-11,2025-12,715677,JFB SOAP 125G,0.26881524,ml
2025-11,2025-12,715677,JFB SOAP 125G,0.545307693,tm
2025-08,2026-01,715677,JFB SOAP 125G,0.514017648,ml
2025-08,2026-01,715677,JFB SOAP 125G,0.47,tm
2025-09,2026-01,715677,JFB SOAP 125G,0.4138675,ml
2025-09,2026-01,715677,JFB SOAP 125G,0.6,tm
2025-10,2026-01,715677,JFB SOAP 125G,0.372349313,ml
2025-10,2026-01,715677,JFB SOAP 125G,0.6,tm
2025-11,2026-01,715677,JFB SOAP 125G,0.0,ml
2025-11,2026-01,715677,JFB SOAP 125G,0.466451938,tm
2025-12,2026-01,715677,JFB SOAP 125G,0.377852977,ml
2025-12,2026-01,715677,JFB SOAP 125G,0.466451938,tm
2025-09,2026-02,715677,JFB SOAP 125G,0.418953378,ml
2025-09,2026-02,715677,JFB SOAP 125G,1.0,tm
2025-10,2026-02,715677,JFB SOAP 125G,0.432432143,ml
2025-10,2026-02,715677,JFB SOAP 125G,1.0,tm
2025-11,2026-02,715677,JFB SOAP 125G,0.514176072,ml
2025-11,2026-02,715677,JFB SOAP 125G,0.648776642,tm
2025-12,2026-02,715677,JFB SOAP 125G,0.387283765,ml
2025-12,2026-02,715677,JFB SOAP 125G,0.648776642,tm
2026-01,2026-02,715677,JFB SOAP 125G,0.410943554,ml
2026-01,2026-02,715677,JFB SOAP 125G,0.580026642,tm
2025-10,2026-03,715677,JFB SOAP 125G,0.0,ml
2025-10,2026-03,715677,JFB SOAP 125G,0.65,tm
2025-11,2026-03,715677,JFB SOAP 125G,0.0,ml
2025-11,2026-03,715677,JFB SOAP 125G,1.765063665,tm
2025-12,2026-03,715677,JFB SOAP 125G,0.381220568,ml
2025-12,2026-03,715677,JFB SOAP 125G,1.765063665,tm
2026-01,2026-03,715677,JFB SOAP 125G,0.373161743,ml
2026-01,2026-03,715677,JFB SOAP 125G,1.658813665,tm
2026-02,2026-03,715677,JFB SOAP 125G,0.381054218,ml
2026-02,2026-03,715677,JFB SOAP 125G,1.765063665,tm
2025-11,2026-04,715677,JFB SOAP 125G,0.0,ml
2025-11,2026-04,715677,JFB SOAP 125G,1.7463136650000002,tm
2025-12,2026-04,715677,JFB SOAP 125G,0.407020764,ml
2025-12,2026-04,715677,JFB SOAP 125G,3.4942968750000003,tm
2026-01,2026-04,715677,JFB SOAP 125G,0.373161743,ml
2026-01,2026-04,715677,JFB SOAP 125G,3.87798125,tm
2026-02,2026-04,715677,JFB SOAP 125G,0.217375,ml
2026-02,2026-04,715677,JFB SOAP 125G,3.500777845,tm
2026-03,2026-04,715677,JFB SOAP 125G,0.379038514,ml
2026-03,2026-04,715677,JFB SOAP 125G,3.500777845,tm
2025-12,2026-05,715677,JFB SOAP 125G,0.373392196,ml
2025-12,2026-05,715677,JFB SOAP 125G,2.4375,tm
2026-01,2026-05,715677,JFB SOAP 125G,0.533747167,ml
2026-01,2026-05,715677,JFB SOAP 125G,1.242,tm
2026-02,2026-05,715677,JFB SOAP 125G,0.350472124,ml
2026-02,2026-05,715677,JFB SOAP 125G,1.412743521,tm
2026-03,2026-05,715677,JFB SOAP 125G,0.315455597,ml
2026-03,2026-05,715677,JFB SOAP 125G,1.271469169,tm
2026-04,2026-05,715677,JFB SOAP 125G,0.535760174,ml
2026-04,2026-05,715677,JFB SOAP 125G,1.271469169,tm
2026-01,2026-06,715677,JFB SOAP 125G,0.390100699,ml
2026-01,2026-06,715677,JFB SOAP 125G,0.675271875,tm
2026-02,2026-06,715677,JFB SOAP 125G,0.36045,ml
2026-02,2026-06,715677,JFB SOAP 125G,0.68,tm
2026-03,2026-06,715677,JFB SOAP 125G,0.316477974,ml
2026-03,2026-06,715677,JFB SOAP 125G,0.607744687,tm
2026-04,2026-06,715677,JFB SOAP 125G,0.442793649,ml
2026-04,2026-06,715677,JFB SOAP 125G,0.607744688,tm
2026-05,2026-06,715677,JFB SOAP 125G,0.36075,ml
2026-05,2026-06,715677,JFB SOAP 125G,0.453253947,tm
2026-02,2026-07,715677,JFB SOAP 125G,0.342662856,ml
2026-02,2026-07,715677,JFB SOAP 125G,0.83,tm
2026-03,2026-07,715677,JFB SOAP 125G,0.30804687,ml
2026-03,2026-07,715677,JFB SOAP 125G,0.74535525,tm
2026-04,2026-07,715677,JFB SOAP 125G,0.425607259,ml
2026-04,2026-07,715677,JFB SOAP 125G,0.74535525,tm
2026-05,2026-07,715677,JFB SOAP 125G,0.340707355,ml
2026-05,2026-07,715677,JFB SOAP 125G,0.87937328,tm
2026-06,2026-07,715677,JFB SOAP 125G,0.264670324,ml
2026-06,2026-07,715677,JFB SOAP 125G,0.87937328,tm
2026-03,2026-08,715677,JFB SOAP 125G,0.302535406,ml
2026-03,2026-08,715677,JFB SOAP 125G,0.368233594,tm
2026-04,2026-08,715677,JFB SOAP 125G,0.353072232,ml
2026-04,2026-08,715677,JFB SOAP 125G,0.368233594,tm
2026-05,2026-08,715677,JFB SOAP 125G,0.202402049,ml
2026-05,2026-08,715677,JFB SOAP 125G,0.445106769,tm
2026-06,2026-08,715677,JFB SOAP 125G,0.262038428,ml
2026-06,2026-08,715677,JFB SOAP 125G,0.445106769,tm
2026-07,2026-08,715677,JFB SOAP 125G,0.2236391667,ml
2026-07,2026-08,715677,JFB SOAP 125G,0.287743789,tm
2026-04,2026-09,715677,JFB SOAP 125G,0.354,ml
2026-04,2026-09,715677,JFB SOAP 125G,0.45,tm
2026-05,2026-09,715677,JFB SOAP 125G,0.326687513,ml
2026-05,2026-09,715677,JFB SOAP 125G,0.420330231,tm
2026-06,2026-09,715677,JFB SOAP 125G,0.491417045,ml
2026-06,2026-09,715677,JFB SOAP 125G,0.276789095,tm
2026-07,2026-09,715677,JFB SOAP 125G,0.1482269426,ml
2026-07,2026-09,715677,JFB SOAP 125G,0.190715171,tm
2026-05,2026-10,715677,JFB SOAP 125G,0.304562178,ml
2026-05,2026-10,715677,JFB SOAP 125G,0.391862821,tm
2026-06,2026-10,715677,JFB SOAP 125G,0.215125,ml
2026-06,2026-10,715677,JFB SOAP 125G,0.276789095,tm
2026-07,2026-10,715677,JFB SOAP 125G,0.2231691667,ml
2026-07,2026-10,715677,JFB SOAP 125G,0.287139066,tm
2026-06,2026-11,715677,JFB SOAP 125G,0.215125,ml
2026-06,2026-11,715677,JFB SOAP 125G,0.276789095,tm
2026-07,2026-11,715677,JFB SOAP 125G,0.2162225,ml
2026-07,2026-11,715677,JFB SOAP 125G,0.278201186,tm
2026-07,2026-12,715677,JFB SOAP 125G,0.2162225,ml
2026-07,2026-12,715677,JFB SOAP 125G,0.278201186,tm
2025-04,2025-05,715678,JFB SOAP 75G,0.734802512,ml
2025-04,2025-05,715678,JFB SOAP 75G,2.35,tm
2025-04,2025-06,715678,JFB SOAP 75G,0.606286017,ml
2025-04,2025-06,715678,JFB SOAP 75G,10.0,tm
2025-05,2025-06,715678,JFB SOAP 75G,0.547966692,ml
2025-05,2025-06,715678,JFB SOAP 75G,7.6186,tm
2025-04,2025-07,715678,JFB SOAP 75G,0.947489412,ml
2025-04,2025-07,715678,JFB SOAP 75G,3.53,tm
2025-05,2025-07,715678,JFB SOAP 75G,0.892501844,ml
2025-05,2025-07,715678,JFB SOAP 75G,3.53,tm
2025-06,2025-07,715678,JFB SOAP 75G,0.643922733,ml
2025-06,2025-07,715678,JFB SOAP 75G,4.062175,tm
2025-04,2025-08,715678,JFB SOAP 75G,0.827034,ml
2025-04,2025-08,715678,JFB SOAP 75G,3.5,tm
2025-05,2025-08,715678,JFB SOAP 75G,0.535805618,ml
2025-05,2025-08,715678,JFB SOAP 75G,3.5,tm
2025-06,2025-08,715678,JFB SOAP 75G,0.8342235,ml
2025-06,2025-08,715678,JFB SOAP 75G,4.023,tm
2025-07,2025-08,715678,JFB SOAP 75G,1.164451855,ml
2025-07,2025-08,715678,JFB SOAP 75G,4.02,tm
2025-04,2025-09,715678,JFB SOAP 75G,0.91218,ml
2025-04,2025-09,715678,JFB SOAP 75G,1.92,tm
2025-05,2025-09,715678,JFB SOAP 75G,0.994552827,ml
2025-05,2025-09,715678,JFB SOAP 75G,1.92,tm
2025-06,2025-09,715678,JFB SOAP 75G,0.884499591,ml
2025-06,2025-09,715678,JFB SOAP 75G,2.209975,tm
2025-07,2025-09,715678,JFB SOAP 75G,1.432454591,ml
2025-07,2025-09,715678,JFB SOAP 75G,2.21,tm
2025-08,2025-09,715678,JFB SOAP 75G,2.070311074,ml
2025-08,2025-09,715678,JFB SOAP 75G,1.56,tm
2025-05,2025-10,715678,JFB SOAP 75G,0.788451901,ml
2025-05,2025-10,715678,JFB SOAP 75G,1.41,tm
2025-06,2025-10,715678,JFB SOAP 75G,0.88104283,ml
2025-06,2025-10,715678,JFB SOAP 75G,1.6914,tm
2025-07,2025-10,715678,JFB SOAP 75G,1.432454591,ml
2025-07,2025-10,715678,JFB SOAP 75G,1.69,tm
2025-08,2025-10,715678,JFB SOAP 75G,1.853823,ml
2025-08,2025-10,715678,JFB SOAP 75G,1.69,tm
2025-09,2025-10,715678,JFB SOAP 75G,1.540654333,ml
2025-09,2025-10,715678,JFB SOAP 75G,1.69,tm
2025-06,2025-11,715678,JFB SOAP 75G,0.87954534,ml
2025-06,2025-11,715678,JFB SOAP 75G,2.0139,tm
2025-07,2025-11,715678,JFB SOAP 75G,1.432454591,ml
2025-07,2025-11,715678,JFB SOAP 75G,2.01,tm
2025-08,2025-11,715678,JFB SOAP 75G,1.853823,ml
2025-08,2025-11,715678,JFB SOAP 75G,2.01,tm
2025-09,2025-11,715678,JFB SOAP 75G,1.6419705,ml
2025-09,2025-11,715678,JFB SOAP 75G,2.01,tm
2025-10,2025-11,715678,JFB SOAP 75G,0.45885,ml
2025-10,2025-11,715678,JFB SOAP 75G,2.01,tm
2025-07,2025-12,715678,JFB SOAP 75G,1.432454591,ml
2025-07,2025-12,715678,JFB SOAP 75G,1.48,tm
2025-08,2025-12,715678,JFB SOAP 75G,2.002632,ml
2025-08,2025-12,715678,JFB SOAP 75G,1.48,tm
2025-09,2025-12,715678,JFB SOAP 75G,1.490061167,ml
2025-09,2025-12,715678,JFB SOAP 75G,1.48,tm
2025-10,2025-12,715678,JFB SOAP 75G,1.317139214,ml
2025-10,2025-12,715678,JFB SOAP 75G,1.48,tm
2025-11,2025-12,715678,JFB SOAP 75G,0.885525,ml
2025-11,2025-12,715678,JFB SOAP 75G,1.567130415,tm
2025-08,2026-01,715678,JFB SOAP 75G,2.002632,ml
2025-08,2026-01,715678,JFB SOAP 75G,1.13,tm
2025-09,2026-01,715678,JFB SOAP 75G,1.3899165,ml
2025-09,2026-01,715678,JFB SOAP 75G,1.46,tm
2025-10,2026-01,715678,JFB SOAP 75G,0.974108919,ml
2025-10,2026-01,715678,JFB SOAP 75G,1.46,tm
2025-11,2026-01,715678,JFB SOAP 75G,0.885525,ml
2025-11,2026-01,715678,JFB SOAP 75G,1.133548062,tm
2025-12,2026-01,715678,JFB SOAP 75G,0.98295,ml
2025-12,2026-01,715678,JFB SOAP 75G,1.133548062,tm
2025-09,2026-02,715678,JFB SOAP 75G,2.899641178,ml
2025-09,2026-02,715678,JFB SOAP 75G,4.03,tm
2025-10,2026-02,715678,JFB SOAP 75G,1.582988655,ml
2025-10,2026-02,715678,JFB SOAP 75G,4.03,tm
2025-11,2026-02,715678,JFB SOAP 75G,2.092186186,ml
2025-11,2026-02,715678,JFB SOAP 75G,2.606221067,tm
2025-12,2026-02,715678,JFB SOAP 75G,2.030991512,ml
2025-12,2026-02,715678,JFB SOAP 75G,2.606221067,tm
2026-01,2026-02,715678,JFB SOAP 75G,2.090875742,ml
2026-01,2026-02,715678,JFB SOAP 75G,2.572471067,tm
2025-10,2026-03,715678,JFB SOAP 75G,0.45885,ml
2025-10,2026-03,715678,JFB SOAP 75G,1.36,tm
2025-11,2026-03,715678,JFB SOAP 75G,0.885525,ml
2025-11,2026-03,715678,JFB SOAP 75G,1.489934044,tm
2025-12,2026-03,715678,JFB SOAP 75G,0.743551435,ml
2025-12,2026-03,715678,JFB SOAP 75G,1.489934044,tm
2026-01,2026-03,715678,JFB SOAP 75G,0.597375,ml
2026-01,2026-03,715678,JFB SOAP 75G,1.441184044,tm
2026-02,2026-03,715678,JFB SOAP 75G,0.444302611,ml
2026-02,2026-03,715678,JFB SOAP 75G,1.489934044,tm
2025-11,2026-04,715678,JFB SOAP 75G,0.885525,ml
2025-11,2026-04,715678,JFB SOAP 75G,1.493684044,tm
2025-12,2026-04,715678,JFB SOAP 75G,0.98295,ml
2025-12,2026-04,715678,JFB SOAP 75G,3.454359375,tm
2026-01,2026-04,715678,JFB SOAP 75G,0.597375,ml
2026-01,2026-04,715678,JFB SOAP 75G,1.67363625,tm
2026-02,2026-04,715678,JFB SOAP 75G,0.298335,ml
2026-02,2026-04,715678,JFB SOAP 75G,1.510845032,tm
2026-03,2026-04,715678,JFB SOAP 75G,0.845522678,ml
2026-03,2026-04,715678,JFB SOAP 75G,1.510845032,tm
2025-12,2026-05,715678,JFB SOAP 75G,1.542372084,ml
2025-12,2026-05,715678,JFB SOAP 75G,2.943375,tm
2026-01,2026-05,715678,JFB SOAP 75G,1.586126666,ml
2026-01,2026-05,715678,JFB SOAP 75G,4.039605,tm
2026-02,2026-05,715678,JFB SOAP 75G,1.358820452,ml
2026-02,2026-05,715678,JFB SOAP 75G,4.594948302,tm
2026-03,2026-05,715678,JFB SOAP 75G,1.06653565,ml
2026-03,2026-05,715678,JFB SOAP 75G,4.135453472,tm
2026-04,2026-05,715678,JFB SOAP 75G,1.747057623,ml
2026-04,2026-05,715678,JFB SOAP 75G,4.135453472,tm
2026-01,2026-06,715678,JFB SOAP 75G,1.291302796,ml
2026-01,2026-06,715678,JFB SOAP 75G,4.073911875,tm
2026-02,2026-06,715678,JFB SOAP 75G,1.4450685,ml
2026-02,2026-06,715678,JFB SOAP 75G,4.07,tm
2026-03,2026-06,715678,JFB SOAP 75G,1.4443101,ml
2026-03,2026-06,715678,JFB SOAP 75G,3.666520688,tm
2026-04,2026-06,715678,JFB SOAP 75G,1.537268582,ml
2026-04,2026-06,715678,JFB SOAP 75G,3.666520688,tm
2026-05,2026-06,715678,JFB SOAP 75G,1.423210505,ml
2026-05,2026-06,715678,JFB SOAP 75G,2.734478816,tm
2026-02,2026-07,715678,JFB SOAP 75G,1.167491178,ml
2026-02,2026-07,715678,JFB SOAP 75G,3.06,tm
2026-03,2026-07,715678,JFB SOAP 75G,1.073979701,ml
2026-03,2026-07,715678,JFB SOAP 75G,2.75025375,tm
2026-04,2026-07,715678,JFB SOAP 75G,1.197368866,ml
2026-04,2026-07,715678,JFB SOAP 75G,2.75025375,tm
2026-05,2026-07,715678,JFB SOAP 75G,1.268555234,ml
2026-05,2026-07,715678,JFB SOAP 75G,3.24476102,tm
2026-06,2026-07,715678,JFB SOAP 75G,0.741271596,ml
2026-06,2026-07,715678,JFB SOAP 75G,3.24476102,tm
2026-03,2026-08,715678,JFB SOAP 75G,1.079791729,ml
2026-03,2026-08,715678,JFB SOAP 75G,1.512717187,tm
2026-04,2026-08,715678,JFB SOAP 75G,1.106180182,ml
2026-04,2026-08,715678,JFB SOAP 75G,1.512717187,tm
2026-05,2026-08,715678,JFB SOAP 75G,1.027552278,ml
2026-05,2026-08,715678,JFB SOAP 75G,1.828515028,tm
2026-06,2026-08,715678,JFB SOAP 75G,0.491417045,ml
2026-06,2026-08,715678,JFB SOAP 75G,1.828515028,tm
2026-07,2026-08,715678,JFB SOAP 75G,0.5845275,ml
2026-07,2026-08,715678,JFB SOAP 75G,0.630137545,tm
2026-04,2026-09,715678,JFB SOAP 75G,0.831139728,ml
2026-04,2026-09,715678,JFB SOAP 75G,0.756,tm
2026-05,2026-09,715678,JFB SOAP 75G,0.7245875,ml
2026-05,2026-09,715678,JFB SOAP 75G,0.781126274,tm
2026-06,2026-09,715678,JFB SOAP 75G,0.565294811,ml
2026-06,2026-09,715678,JFB SOAP 75G,0.60940415,tm
2026-07,2026-09,715678,JFB SOAP 75G,0.4673446012,ml
2026-07,2026-09,715678,JFB SOAP 75G,0.503810992,tm
2026-05,2026-10,715678,JFB SOAP 75G,0.945272027,ml
2026-05,2026-10,715678,JFB SOAP 75G,1.019030574,tm
2026-06,2026-10,715678,JFB SOAP 75G,0.565294811,ml
2026-06,2026-10,715678,JFB SOAP 75G,0.60940415,tm
2026-07,2026-10,715678,JFB SOAP 75G,0.5845275,ml
2026-07,2026-10,715678,JFB SOAP 75G,0.630137545,tm
2026-06,2026-11,715678,JFB SOAP 75G,0.565294811,ml
2026-06,2026-11,715678,JFB SOAP 75G,0.60940415,tm
2026-07,2026-11,715678,JFB SOAP 75G,0.6248175,ml
2026-07,2026-11,715678,JFB SOAP 75G,0.673571329,tm
2026-07,2026-12,715678,JFB SOAP 75G,0.59922,ml
2026-07,2026-12,715678,JFB SOAP 75G,0.645976484,tm
2025-04,2025-05,716306,JFB TALCUM POWDER 200G,2.26322226,ml
2025-04,2025-05,716306,JFB TALCUM POWDER 200G,4.52,tm
2025-04,2025-06,716306,JFB TALCUM POWDER 200G,2.26322226,ml
2025-04,2025-06,716306,JFB TALCUM POWDER 200G,2.8000000000000003,tm
2025-05,2025-06,716306,JFB TALCUM POWDER 200G,1.310950266,ml
2025-05,2025-06,716306,JFB TALCUM POWDER 200G,2.8,tm
2025-04,2025-07,716306,JFB TALCUM POWDER 200G,1.604553664,ml
2025-04,2025-07,716306,JFB TALCUM POWDER 200G,1.150874074,tm
2025-05,2025-07,716306,JFB TALCUM POWDER 200G,1.097074265,ml
2025-05,2025-07,716306,JFB TALCUM POWDER 200G,1.86,tm
2025-06,2025-07,716306,JFB TALCUM POWDER 200G,1.428972189,ml
2025-06,2025-07,716306,JFB TALCUM POWDER 200G,2.1402,tm
2025-04,2025-08,716306,JFB TALCUM POWDER 200G,1.205567485,ml
2025-04,2025-08,716306,JFB TALCUM POWDER 200G,1.64,tm
2025-05,2025-08,716306,JFB TALCUM POWDER 200G,0.613893805,ml
2025-05,2025-08,716306,JFB TALCUM POWDER 200G,1.6400000000000001,tm
2025-06,2025-08,716306,JFB TALCUM POWDER 200G,1.691404847,ml
2025-06,2025-08,716306,JFB TALCUM POWDER 200G,1.8868,tm
2025-07,2025-08,716306,JFB TALCUM POWDER 200G,1.282184,ml
2025-07,2025-08,716306,JFB TALCUM POWDER 200G,1.89,tm
2025-04,2025-09,716306,JFB TALCUM POWDER 200G,0.360949134,ml
2025-04,2025-09,716306,JFB TALCUM POWDER 200G,1.34,tm
2025-05,2025-09,716306,JFB TALCUM POWDER 200G,2.134235422,ml
2025-05,2025-09,716306,JFB TALCUM POWDER 200G,1.34,tm
2025-06,2025-09,716306,JFB TALCUM POWDER 200G,1.258287664,ml
2025-06,2025-09,716306,JFB TALCUM POWDER 200G,1.5388,tm
2025-07,2025-09,716306,JFB TALCUM POWDER 200G,1.047800734,ml
2025-07,2025-09,716306,JFB TALCUM POWDER 200G,1.54,tm
2025-08,2025-09,716306,JFB TALCUM POWDER 200G,1.680011717,ml
2025-08,2025-09,716306,JFB TALCUM POWDER 200G,1.34,tm
2025-05,2025-10,716306,JFB TALCUM POWDER 200G,0.257317781,ml
2025-05,2025-10,716306,JFB TALCUM POWDER 200G,1.26,tm
2025-06,2025-10,716306,JFB TALCUM POWDER 200G,1.2361799,ml
2025-06,2025-10,716306,JFB TALCUM POWDER 200G,1.471,tm
2025-07,2025-10,716306,JFB TALCUM POWDER 200G,1.007284315,ml
2025-07,2025-10,716306,JFB TALCUM POWDER 200G,1.47,tm
2025-08,2025-10,716306,JFB TALCUM POWDER 200G,0.703684093,ml
2025-08,2025-10,716306,JFB TALCUM POWDER 200G,1.47,tm
2025-09,2025-10,716306,JFB TALCUM POWDER 200G,0.726535596,ml
2025-09,2025-10,716306,JFB TALCUM POWDER 200G,1.383736563,tm
2025-06,2025-11,716306,JFB TALCUM POWDER 200G,0.458108285,ml
2025-06,2025-11,716306,JFB TALCUM POWDER 200G,0.8008,tm
2025-07,2025-11,716306,JFB TALCUM POWDER 200G,0.680064262,ml
2025-07,2025-11,716306,JFB TALCUM POWDER 200G,0.8,tm
2025-08,2025-11,716306,JFB TALCUM POWDER 200G,0.407377699,ml
2025-08,2025-11,716306,JFB TALCUM POWDER 200G,0.8,tm
2025-09,2025-11,716306,JFB TALCUM POWDER 200G,0.539771228,ml
2025-09,2025-11,716306,JFB TALCUM POWDER 200G,0.762813883,tm
2025-10,2025-11,716306,JFB TALCUM POWDER 200G,0.327757804,ml
2025-10,2025-11,716306,JFB TALCUM POWDER 200G,0.762813883,tm
2025-07,2025-12,716306,JFB TALCUM POWDER 200G,0.511361537,ml
2025-07,2025-12,716306,JFB TALCUM POWDER 200G,0.57,tm
2025-08,2025-12,716306,JFB TALCUM POWDER 200G,0.228789526,ml
2025-08,2025-12,716306,JFB TALCUM POWDER 200G,0.57,tm
2025-09,2025-12,716306,JFB TALCUM POWDER 200G,0.329407645,ml
2025-09,2025-12,716306,JFB TALCUM POWDER 200G,0.633948517,tm
2025-10,2025-12,716306,JFB TALCUM POWDER 200G,0.124815772,ml
2025-10,2025-12,716306,JFB TALCUM POWDER 200G,0.633948517,tm
2025-11,2025-12,716306,JFB TALCUM POWDER 200G,0.228919205,ml
2025-11,2025-12,716306,JFB TALCUM POWDER 200G,0.633948517,tm
2025-08,2026-01,716306,JFB TALCUM POWDER 200G,1.770895224,ml
2025-08,2026-01,716306,JFB TALCUM POWDER 200G,1.06,tm
2025-09,2026-01,716306,JFB TALCUM POWDER 200G,1.295652092,ml
2025-09,2026-01,716306,JFB TALCUM POWDER 200G,1.062780548,tm
2025-10,2026-01,716306,JFB TALCUM POWDER 200G,1.267590859,ml
2025-10,2026-01,716306,JFB TALCUM POWDER 200G,1.062780548,tm
2025-11,2026-01,716306,JFB TALCUM POWDER 200G,1.448632723,ml
2025-11,2026-01,716306,JFB TALCUM POWDER 200G,1.062780548,tm
2025-12,2026-01,716306,JFB TALCUM POWDER 200G,1.761869811,ml
2025-12,2026-01,716306,JFB TALCUM POWDER 200G,1.06147878,tm
2025-09,2026-02,716306,JFB TALCUM POWDER 200G,7.904254107,ml
2025-09,2026-02,716306,JFB TALCUM POWDER 200G,4.424603891,tm
2025-10,2026-02,716306,JFB TALCUM POWDER 200G,7.839907985,ml
2025-10,2026-02,716306,JFB TALCUM POWDER 200G,8.73,tm
2025-11,2026-02,716306,JFB TALCUM POWDER 200G,1.376400879,ml
2025-11,2026-02,716306,JFB TALCUM POWDER 200G,8.73,tm
2025-12,2026-02,716306,JFB TALCUM POWDER 200G,7.732286506,ml
2025-12,2026-02,716306,JFB TALCUM POWDER 200G,8.83,tm
2026-01,2026-02,716306,JFB TALCUM POWDER 200G,7.231659768,ml
2026-01,2026-02,716306,JFB TALCUM POWDER 200G,8.83,tm
2025-10,2026-03,716306,JFB TALCUM POWDER 200G,1.787925079,ml
2025-10,2026-03,716306,JFB TALCUM POWDER 200G,3.735,tm
2025-11,2026-03,716306,JFB TALCUM POWDER 200G,3.105432627,ml
2025-11,2026-03,716306,JFB TALCUM POWDER 200G,3.735,tm
2025-12,2026-03,716306,JFB TALCUM POWDER 200G,4.710863284,ml
2025-12,2026-03,716306,JFB TALCUM POWDER 200G,3.885,tm
2026-01,2026-03,716306,JFB TALCUM POWDER 200G,2.456639701,ml
2026-01,2026-03,716306,JFB TALCUM POWDER 200G,3.885,tm
2026-02,2026-03,716306,JFB TALCUM POWDER 200G,3.319860508,ml
2026-02,2026-03,716306,JFB TALCUM POWDER 200G,3.9299999999999997,tm
2025-11,2026-04,716306,JFB TALCUM POWDER 200G,4.811545309,ml
2025-11,2026-04,716306,JFB TALCUM POWDER 200G,3.935498806,tm
2025-12,2026-04,716306,JFB TALCUM POWDER 200G,7.058588651,ml
2025-12,2026-04,716306,JFB TALCUM POWDER 200G,7.013643505,tm
2026-01,2026-04,716306,JFB TALCUM POWDER 200G,4.8700196,ml
2026-01,2026-04,716306,JFB TALCUM POWDER 200G,7.0066435049999995,tm
2026-02,2026-04,716306,JFB TALCUM POWDER 200G,6.833701669,ml
2026-02,2026-04,716306,JFB TALCUM POWDER 200G,6.54,tm
2026-03,2026-04,716306,JFB TALCUM POWDER 200G,2.09297217,ml
2026-03,2026-04,716306,JFB TALCUM POWDER 200G,7.24,tm
2025-12,2026-05,716306,JFB TALCUM POWDER 200G,1.752511593,ml
2025-12,2026-05,716306,JFB TALCUM POWDER 200G,2.488632505,tm
2026-01,2026-05,716306,JFB TALCUM POWDER 200G,1.976589028,ml
2026-01,2026-05,716306,JFB TALCUM POWDER 200G,2.488632505,tm
2026-02,2026-05,716306,JFB TALCUM POWDER 200G,1.28715316,ml
2026-02,2026-05,716306,JFB TALCUM POWDER 200G,4.645705461,tm
2026-03,2026-05,716306,JFB TALCUM POWDER 200G,0.597684317,ml
2026-03,2026-05,716306,JFB TALCUM POWDER 200G,3.75,tm
2026-04,2026-05,716306,JFB TALCUM POWDER 200G,1.911672277,ml
2026-04,2026-05,716306,JFB TALCUM POWDER 200G,3.281134915,tm
2026-01,2026-06,716306,JFB TALCUM POWDER 200G,1.375403458,ml
2026-01,2026-06,716306,JFB TALCUM POWDER 200G,0.877594226,tm
2026-02,2026-06,716306,JFB TALCUM POWDER 200G,0.770117028,ml
2026-02,2026-06,716306,JFB TALCUM POWDER 200G,5.294764775,tm
2026-03,2026-06,716306,JFB TALCUM POWDER 200G,1.4839928,ml
2026-03,2026-06,716306,JFB TALCUM POWDER 200G,2.430270236,tm
2026-04,2026-06,716306,JFB TALCUM POWDER 200G,0.545655737,ml
2026-04,2026-06,716306,JFB TALCUM POWDER 200G,2.425000032,tm
2026-05,2026-06,716306,JFB TALCUM POWDER 200G,0.914058947,ml
2026-05,2026-06,716306,JFB TALCUM POWDER 200G,3.6565964859999998,tm
2026-02,2026-07,716306,JFB TALCUM POWDER 200G,2.605887091,ml
2026-02,2026-07,716306,JFB TALCUM POWDER 200G,3.53,tm
2026-03,2026-07,716306,JFB TALCUM POWDER 200G,1.495518853,ml
2026-03,2026-07,716306,JFB TALCUM POWDER 200G,3.172662413,tm
2026-04,2026-07,716306,JFB TALCUM POWDER 200G,2.157907219,ml
2026-04,2026-07,716306,JFB TALCUM POWDER 200G,2.626027464,tm
2026-05,2026-07,716306,JFB TALCUM POWDER 200G,1.666252084,ml
2026-05,2026-07,716306,JFB TALCUM POWDER 200G,3.537475057,tm
2026-06,2026-07,716306,JFB TALCUM POWDER 200G,1.744973461,ml
2026-06,2026-07,716306,JFB TALCUM POWDER 200G,3.537475057,tm
2026-03,2026-08,716306,JFB TALCUM POWDER 200G,0.819166567,ml
2026-03,2026-08,716306,JFB TALCUM POWDER 200G,1.626596801,tm
2026-04,2026-08,716306,JFB TALCUM POWDER 200G,0.928753063,ml
2026-04,2026-08,716306,JFB TALCUM POWDER 200G,1.130229803,tm
2026-05,2026-08,716306,JFB TALCUM POWDER 200G,0.887268158,ml
2026-05,2026-08,716306,JFB TALCUM POWDER 200G,1.079745473,tm
2026-06,2026-08,716306,JFB TALCUM POWDER 200G,0.906145032,ml
2026-06,2026-08,716306,JFB TALCUM POWDER 200G,1.102717354,tm
2026-07,2026-08,716306,JFB TALCUM POWDER 200G,0.4013205843,ml
2026-07,2026-08,716306,JFB TALCUM POWDER 200G,0.48838006899999997,tm
2026-04,2026-09,716306,JFB TALCUM POWDER 200G,1.108141835,ml
2026-04,2026-09,716306,JFB TALCUM POWDER 200G,1.348533833,tm
2026-05,2026-09,716306,JFB TALCUM POWDER 200G,0.864895414,ml
2026-05,2026-09,716306,JFB TALCUM POWDER 200G,1.052519353,tm
2026-06,2026-09,716306,JFB TALCUM POWDER 200G,0.488966876,ml
2026-06,2026-09,716306,JFB TALCUM POWDER 200G,0.595039691,tm
2026-07,2026-09,716306,JFB TALCUM POWDER 200G,1.677091216,ml
2026-07,2026-09,716306,JFB TALCUM POWDER 200G,2.040906834,tm
2026-05,2026-10,716306,JFB TALCUM POWDER 200G,1.263191159,ml
2026-05,2026-10,716306,JFB TALCUM POWDER 200G,1.537218396,tm
2026-06,2026-10,716306,JFB TALCUM POWDER 200G,0.361615039,ml
2026-06,2026-10,716306,JFB TALCUM POWDER 200G,0.440061099,tm
2026-07,2026-10,716306,JFB TALCUM POWDER 200G,1.521088234,ml
2026-07,2026-10,716306,JFB TALCUM POWDER 200G,1.8510617329999999,tm
2026-06,2026-11,716306,JFB TALCUM POWDER 200G,0.945946941,ml
2026-06,2026-11,716306,JFB TALCUM POWDER 200G,1.151153592,tm
2026-07,2026-11,716306,JFB TALCUM POWDER 200G,0.4550485248,ml
2026-07,2026-11,716306,JFB TALCUM POWDER 200G,0.553763346,tm
2026-07,2026-12,716306,JFB TALCUM POWDER 200G,0.3233634291,ml
2026-07,2026-12,716306,JFB TALCUM POWDER 200G,0.393511472,tm
2025-04,2025-05,716308,JFB TALCUM POWDER 100G,6.4931073,ml
2025-04,2025-05,716308,JFB TALCUM POWDER 100G,10.200000000000001,tm
2025-04,2025-06,716308,JFB TALCUM POWDER 100G,6.835331194,ml
2025-04,2025-06,716308,JFB TALCUM POWDER 100G,8.41,tm
2025-05,2025-06,716308,JFB TALCUM POWDER 100G,5.965240864,ml
2025-05,2025-06,716308,JFB TALCUM POWDER 100G,8.4141,tm
2025-04,2025-07,716308,JFB TALCUM POWDER 100G,4.491125257,ml
2025-04,2025-07,716308,JFB TALCUM POWDER 100G,5.89,tm
2025-05,2025-07,716308,JFB TALCUM POWDER 100G,4.623396333,ml
2025-05,2025-07,716308,JFB TALCUM POWDER 100G,5.89,tm
2025-06,2025-07,716308,JFB TALCUM POWDER 100G,4.810520608,ml
2025-06,2025-07,716308,JFB TALCUM POWDER 100G,6.7664,tm
2025-04,2025-08,716308,JFB TALCUM POWDER 100G,2.641817026,ml
2025-04,2025-08,716308,JFB TALCUM POWDER 100G,4.53,tm
2025-05,2025-08,716308,JFB TALCUM POWDER 100G,4.664256033,ml
2025-05,2025-08,716308,JFB TALCUM POWDER 100G,4.53,tm
2025-06,2025-08,716308,JFB TALCUM POWDER 100G,2.866984159,ml
2025-06,2025-08,716308,JFB TALCUM POWDER 100G,5.2091,tm
2025-07,2025-08,716308,JFB TALCUM POWDER 100G,2.73282075,ml
2025-07,2025-08,716308,JFB TALCUM POWDER 100G,5.21,tm
2025-04,2025-09,716308,JFB TALCUM POWDER 100G,4.346188707,ml
2025-04,2025-09,716308,JFB TALCUM POWDER 100G,3.64,tm
2025-05,2025-09,716308,JFB TALCUM POWDER 100G,5.020518992,ml
2025-05,2025-09,716308,JFB TALCUM POWDER 100G,3.64,tm
2025-06,2025-09,716308,JFB TALCUM POWDER 100G,4.117316253,ml
2025-06,2025-09,716308,JFB TALCUM POWDER 100G,4.186,tm
2025-07,2025-09,716308,JFB TALCUM POWDER 100G,3.851882704,ml
2025-07,2025-09,716308,JFB TALCUM POWDER 100G,4.19,tm
2025-08,2025-09,716308,JFB TALCUM POWDER 100G,4.377175946,ml
2025-08,2025-09,716308,JFB TALCUM POWDER 100G,3.64,tm
2025-05,2025-10,716308,JFB TALCUM POWDER 100G,2.805009767,ml
2025-05,2025-10,716308,JFB TALCUM POWDER 100G,3.1,tm
2025-06,2025-10,716308,JFB TALCUM POWDER 100G,1.6807998,ml
2025-06,2025-10,716308,JFB TALCUM POWDER 100G,3.5255,tm
2025-07,2025-10,716308,JFB TALCUM POWDER 100G,2.206908533,ml
2025-07,2025-10,716308,JFB TALCUM POWDER 100G,3.53,tm
2025-08,2025-10,716308,JFB TALCUM POWDER 100G,2.340577423,ml
2025-08,2025-10,716308,JFB TALCUM POWDER 100G,3.53,tm
2025-09,2025-10,716308,JFB TALCUM POWDER 100G,2.194717255,ml
2025-09,2025-10,716308,JFB TALCUM POWDER 100G,2.818627391,tm
2025-06,2025-11,716308,JFB TALCUM POWDER 100G,1.97480563,ml
2025-06,2025-11,716308,JFB TALCUM POWDER 100G,1.9555,tm
2025-07,2025-11,716308,JFB TALCUM POWDER 100G,1.374457996,ml
2025-07,2025-11,716308,JFB TALCUM POWDER 100G,1.96,tm
2025-08,2025-11,716308,JFB TALCUM POWDER 100G,1.589579193,ml
2025-08,2025-11,716308,JFB TALCUM POWDER 100G,1.96,tm
2025-09,2025-11,716308,JFB TALCUM POWDER 100G,1.211896683,ml
2025-09,2025-11,716308,JFB TALCUM POWDER 100G,1.55382763,tm
2025-10,2025-11,716308,JFB TALCUM POWDER 100G,1.952631525,ml
2025-10,2025-11,716308,JFB TALCUM POWDER 100G,1.55382763,tm
2025-07,2025-12,716308,JFB TALCUM POWDER 100G,0.922450945,ml
2025-07,2025-12,716308,JFB TALCUM POWDER 100G,1.72,tm
2025-08,2025-12,716308,JFB TALCUM POWDER 100G,1.167221667,ml
2025-08,2025-12,716308,JFB TALCUM POWDER 100G,1.72,tm
2025-09,2025-12,716308,JFB TALCUM POWDER 100G,0.743845566,ml
2025-09,2025-12,716308,JFB TALCUM POWDER 100G,1.291332977,tm
2025-10,2025-12,716308,JFB TALCUM POWDER 100G,0.648343128,ml
2025-10,2025-12,716308,JFB TALCUM POWDER 100G,1.291332977,tm
2025-11,2025-12,716308,JFB TALCUM POWDER 100G,1.00179846,ml
2025-11,2025-12,716308,JFB TALCUM POWDER 100G,1.291332977,tm
2025-08,2026-01,716308,JFB TALCUM POWDER 100G,4.377175946,ml
2025-08,2026-01,716308,JFB TALCUM POWDER 100G,2.78,tm
2025-09,2026-01,716308,JFB TALCUM POWDER 100G,3.865405042,ml
2025-09,2026-01,716308,JFB TALCUM POWDER 100G,2.164850191,tm
2025-10,2026-01,716308,JFB TALCUM POWDER 100G,3.840144527,ml
2025-10,2026-01,716308,JFB TALCUM POWDER 100G,2.164850191,tm
2025-11,2026-01,716308,JFB TALCUM POWDER 100G,3.848535667,ml
2025-11,2026-01,716308,JFB TALCUM POWDER 100G,2.144850191,tm
2025-12,2026-01,716308,JFB TALCUM POWDER 100G,2.610250812,ml
2025-12,2026-01,716308,JFB TALCUM POWDER 100G,2.14,tm
2025-09,2026-02,716308,JFB TALCUM POWDER 100G,20.96844917,ml
2025-09,2026-02,716308,JFB TALCUM POWDER 100G,9.012777473,tm
2025-10,2026-02,716308,JFB TALCUM POWDER 100G,21.9373405,ml
2025-10,2026-02,716308,JFB TALCUM POWDER 100G,20.37,tm
2025-11,2026-02,716308,JFB TALCUM POWDER 100G,19.11830206,ml
2025-11,2026-02,716308,JFB TALCUM POWDER 100G,20.37,tm
2025-12,2026-02,716308,JFB TALCUM POWDER 100G,19.20340884,ml
2025-12,2026-02,716308,JFB TALCUM POWDER 100G,20.445,tm
2026-01,2026-02,716308,JFB TALCUM POWDER 100G,19.06176269,ml
2026-01,2026-02,716308,JFB TALCUM POWDER 100G,20.445,tm
2025-10,2026-03,716308,JFB TALCUM POWDER 100G,5.649696866,ml
2025-10,2026-03,716308,JFB TALCUM POWDER 100G,8.715,tm
2025-11,2026-03,716308,JFB TALCUM POWDER 100G,4.258973193,ml
2025-11,2026-03,716308,JFB TALCUM POWDER 100G,8.715,tm
2025-12,2026-03,716308,JFB TALCUM POWDER 100G,3.869801372,ml
2025-12,2026-03,716308,JFB TALCUM POWDER 100G,8.81,tm
2026-01,2026-03,716308,JFB TALCUM POWDER 100G,6.91156485,ml
2026-01,2026-03,716308,JFB TALCUM POWDER 100G,8.815000000000001,tm
2026-02,2026-03,716308,JFB TALCUM POWDER 100G,7.462069077,ml
2026-02,2026-03,716308,JFB TALCUM POWDER 100G,8.48,tm
2025-11,2026-04,716308,JFB TALCUM POWDER 100G,8.492115827,ml
2025-11,2026-04,716308,JFB TALCUM POWDER 100G,8.514226307,tm
2025-12,2026-04,716308,JFB TALCUM POWDER 100G,13.68098742,ml
2025-12,2026-04,716308,JFB TALCUM POWDER 100G,9.916998872,tm
2026-01,2026-04,716308,JFB TALCUM POWDER 100G,12.97389801,ml
2026-01,2026-04,716308,JFB TALCUM POWDER 100G,9.916998872,tm
2026-02,2026-04,716308,JFB TALCUM POWDER 100G,14.94291155,ml
2026-02,2026-04,716308,JFB TALCUM POWDER 100G,13.44,tm
2026-03,2026-04,716308,JFB TALCUM POWDER 100G,8.441895097,ml
2026-03,2026-04,716308,JFB TALCUM POWDER 100G,14.44,tm
2025-12,2026-05,716308,JFB TALCUM POWDER 100G,1.667099,ml
2025-12,2026-05,716308,JFB TALCUM POWDER 100G,5.495237505,tm
2026-01,2026-05,716308,JFB TALCUM POWDER 100G,0.853,ml
2026-01,2026-05,716308,JFB TALCUM POWDER 100G,5.495237505,tm
2026-02,2026-05,716308,JFB TALCUM POWDER 100G,1.717831038,ml
2026-02,2026-05,716308,JFB TALCUM POWDER 100G,7.89692796,tm
2026-03,2026-05,716308,JFB TALCUM POWDER 100G,1.571666232,ml
2026-03,2026-05,716308,JFB TALCUM POWDER 100G,6.03,tm
2026-04,2026-05,716308,JFB TALCUM POWDER 100G,3.995633396,ml
2026-04,2026-05,716308,JFB TALCUM POWDER 100G,5.307235164,tm
2026-01,2026-06,716308,JFB TALCUM POWDER 100G,0.853,ml
2026-01,2026-06,716308,JFB TALCUM POWDER 100G,3.909893386,tm
2026-02,2026-06,716308,JFB TALCUM POWDER 100G,1.646626301,ml
2026-02,2026-06,716308,JFB TALCUM POWDER 100G,8.608901804,tm
2026-03,2026-06,716308,JFB TALCUM POWDER 100G,4.3030888,ml
2026-03,2026-06,716308,JFB TALCUM POWDER 100G,4.965929764,tm
2026-04,2026-06,716308,JFB TALCUM POWDER 100G,4.639476578,ml
2026-04,2026-06,716308,JFB TALCUM POWDER 100G,4.9685963090000005,tm
2026-05,2026-06,716308,JFB TALCUM POWDER 100G,3.384573849,ml
2026-05,2026-06,716308,JFB TALCUM POWDER 100G,7.492021264,tm
2026-02,2026-07,716308,JFB TALCUM POWDER 100G,5.795021845,ml
2026-02,2026-07,716308,JFB TALCUM POWDER 100G,7.87,tm
2026-03,2026-07,716308,JFB TALCUM POWDER 100G,7.329824293,ml
2026-03,2026-07,716308,JFB TALCUM POWDER 100G,7.085092243,tm
2026-04,2026-07,716308,JFB TALCUM POWDER 100G,5.103914903,ml
2026-04,2026-07,716308,JFB TALCUM POWDER 100G,5.522698992,tm
2026-05,2026-07,716308,JFB TALCUM POWDER 100G,4.242223857,ml
2026-05,2026-07,716308,JFB TALCUM POWDER 100G,7.899780634,tm
2026-06,2026-07,716308,JFB TALCUM POWDER 100G,6.361998827,ml
2026-06,2026-07,716308,JFB TALCUM POWDER 100G,7.899780634,tm
2026-03,2026-08,716308,JFB TALCUM POWDER 100G,2.120410231,ml
2026-03,2026-08,716308,JFB TALCUM POWDER 100G,3.767238002,tm
2026-04,2026-08,716308,JFB TALCUM POWDER 100G,2.955771871,ml
2026-04,2026-08,716308,JFB TALCUM POWDER 100G,3.198297511,tm
2026-05,2026-08,716308,JFB TALCUM POWDER 100G,1.989247929,ml
2026-05,2026-08,716308,JFB TALCUM POWDER 100G,2.152468789,tm
2026-06,2026-08,716308,JFB TALCUM POWDER 100G,1.93253543,ml
2026-06,2026-08,716308,JFB TALCUM POWDER 100G,2.091102942,tm
2026-07,2026-08,716308,JFB TALCUM POWDER 100G,2.224048739,ml
2026-07,2026-08,716308,JFB TALCUM POWDER 100G,2.406535368,tm
2026-04,2026-09,716308,JFB TALCUM POWDER 100G,3.202987843,ml
2026-04,2026-09,716308,JFB TALCUM POWDER 100G,3.465797935,tm
2026-05,2026-09,716308,JFB TALCUM POWDER 100G,1.989247929,ml
2026-05,2026-09,716308,JFB TALCUM POWDER 100G,2.152468789,tm
2026-06,2026-09,716308,JFB TALCUM POWDER 100G,3.306554048,ml
2026-06,2026-09,716308,JFB TALCUM POWDER 100G,3.577861907,tm
2026-07,2026-09,716308,JFB TALCUM POWDER 100G,1.946548082,ml
2026-07,2026-09,716308,JFB TALCUM POWDER 100G,2.106265354,tm
2026-05,2026-10,716308,JFB TALCUM POWDER 100G,3.145326671,ml
2026-05,2026-10,716308,JFB TALCUM POWDER 100G,3.403405574,tm
2026-06,2026-10,716308,JFB TALCUM POWDER 100G,2.060064035,ml
2026-06,2026-10,716308,JFB TALCUM POWDER 100G,2.229095466,tm
2026-07,2026-10,716308,JFB TALCUM POWDER 100G,1.969519377,ml
2026-07,2026-10,716308,JFB TALCUM POWDER 100G,2.13112148,tm
2026-06,2026-11,716308,JFB TALCUM POWDER 100G,2.165869233,ml
2026-06,2026-11,716308,JFB TALCUM POWDER 100G,2.343582143,tm
2026-07,2026-11,716308,JFB TALCUM POWDER 100G,0.9920275801,ml
2026-07,2026-11,716308,JFB TALCUM POWDER 100G,1.073424973,tm
2026-07,2026-12,716308,JFB TALCUM POWDER 100G,0.9125946008,ml
2026-07,2026-12,716308,JFB TALCUM POWDER 100G,0.987474395,tm
2025-04,2025-05,716573,SAFF ACTIVE 2 LTR-BD,6.296399383,tm
2025-04,2025-06,716573,SAFF ACTIVE 2 LTR-BD,6.222541326,tm
2025-05,2025-06,716573,SAFF ACTIVE 2 LTR-BD,6.222541326,tm
2025-04,2025-07,716573,SAFF ACTIVE 2 LTR-BD,6.280511313,tm
2025-05,2025-07,716573,SAFF ACTIVE 2 LTR-BD,6.280511313,tm
2025-06,2025-07,716573,SAFF ACTIVE 2 LTR-BD,6.280511313,tm
2025-04,2025-08,716573,SAFF ACTIVE 2 LTR-BD,5.286540742,tm
2025-05,2025-08,716573,SAFF ACTIVE 2 LTR-BD,5.286540742,tm
2025-06,2025-08,716573,SAFF ACTIVE 2 LTR-BD,5.286540742,tm
2025-07,2025-08,716573,SAFF ACTIVE 2 LTR-BD,5.286540742,tm
2025-04,2025-09,716573,SAFF ACTIVE 2 LTR-BD,6.02190076,tm
2025-05,2025-09,716573,SAFF ACTIVE 2 LTR-BD,6.02190076,tm
2025-06,2025-09,716573,SAFF ACTIVE 2 LTR-BD,6.02190076,tm
2025-07,2025-09,716573,SAFF ACTIVE 2 LTR-BD,6.02190076,tm
2025-08,2025-09,716573,SAFF ACTIVE 2 LTR-BD,6.02190076,tm
2025-05,2025-10,716573,SAFF ACTIVE 2 LTR-BD,5.0,tm
2025-06,2025-10,716573,SAFF ACTIVE 2 LTR-BD,4.996637132,tm
2025-07,2025-10,716573,SAFF ACTIVE 2 LTR-BD,4.996637132,tm
2025-08,2025-10,716573,SAFF ACTIVE 2 LTR-BD,4.996637132,tm
2025-09,2025-10,716573,SAFF ACTIVE 2 LTR-BD,7.6,tm
2025-06,2025-11,716573,SAFF ACTIVE 2 LTR-BD,4.823877178,tm
2025-07,2025-11,716573,SAFF ACTIVE 2 LTR-BD,4.823877178,tm
2025-08,2025-11,716573,SAFF ACTIVE 2 LTR-BD,4.823877178,tm
2025-09,2025-11,716573,SAFF ACTIVE 2 LTR-BD,7.6,tm
2025-10,2025-11,716573,SAFF ACTIVE 2 LTR-BD,7.6,tm
2025-07,2025-12,716573,SAFF ACTIVE 2 LTR-BD,5.6,tm
2025-08,2025-12,716573,SAFF ACTIVE 2 LTR-BD,5.6,tm
2025-09,2025-12,716573,SAFF ACTIVE 2 LTR-BD,7.6,tm
2025-10,2025-12,716573,SAFF ACTIVE 2 LTR-BD,7.6,tm
2025-11,2025-12,716573,SAFF ACTIVE 2 LTR-BD,7.6,tm
2025-08,2026-01,716573,SAFF ACTIVE 2 LTR-BD,4.7,tm
2025-09,2026-01,716573,SAFF ACTIVE 2 LTR-BD,7.6,tm
2025-10,2026-01,716573,SAFF ACTIVE 2 LTR-BD,7.6,tm
2025-11,2026-01,716573,SAFF ACTIVE 2 LTR-BD,7.6,tm
2025-12,2026-01,716573,SAFF ACTIVE 2 LTR-BD,7.15,tm
2025-09,2026-02,716573,SAFF ACTIVE 2 LTR-BD,7.6,tm
2025-10,2026-02,716573,SAFF ACTIVE 2 LTR-BD,7.6,tm
2025-11,2026-02,716573,SAFF ACTIVE 2 LTR-BD,7.6,tm
2025-12,2026-02,716573,SAFF ACTIVE 2 LTR-BD,7.15,tm
2026-01,2026-02,716573,SAFF ACTIVE 2 LTR-BD,7.339098846,tm
2025-10,2026-03,716573,SAFF ACTIVE 2 LTR-BD,7.6,tm
2025-11,2026-03,716573,SAFF ACTIVE 2 LTR-BD,7.6,tm
2025-12,2026-03,716573,SAFF ACTIVE 2 LTR-BD,7.15,tm
2026-01,2026-03,716573,SAFF ACTIVE 2 LTR-BD,8.828925407,tm
2026-02,2026-03,716573,SAFF ACTIVE 2 LTR-BD,14.724117356,tm
2025-11,2026-04,716573,SAFF ACTIVE 2 LTR-BD,7.6,tm
2025-12,2026-04,716573,SAFF ACTIVE 2 LTR-BD,7.15,tm
2026-01,2026-04,716573,SAFF ACTIVE 2 LTR-BD,8.035208051,tm
2026-02,2026-04,716573,SAFF ACTIVE 2 LTR-BD,9.0,tm
2026-03,2026-04,716573,SAFF ACTIVE 2 LTR-BD,9.0,tm
2025-12,2026-05,716573,SAFF ACTIVE 2 LTR-BD,7.15,tm
2026-01,2026-05,716573,SAFF ACTIVE 2 LTR-BD,7.324608051,tm
2026-02,2026-05,716573,SAFF ACTIVE 2 LTR-BD,6.75260908,tm
2026-03,2026-05,716573,SAFF ACTIVE 2 LTR-BD,6.75260908,tm
2026-04,2026-05,716573,SAFF ACTIVE 2 LTR-BD,6.75260908,tm
2026-01,2026-06,716573,SAFF ACTIVE 2 LTR-BD,7.099048051,tm
2026-02,2026-06,716573,SAFF ACTIVE 2 LTR-BD,7.15,tm
2026-03,2026-06,716573,SAFF ACTIVE 2 LTR-BD,7.15,tm
2026-04,2026-06,716573,SAFF ACTIVE 2 LTR-BD,7.0,tm
2026-05,2026-06,716573,SAFF ACTIVE 2 LTR-BD,6.7574542,tm
2026-02,2026-07,716573,SAFF ACTIVE 2 LTR-BD,7.15,tm
2026-03,2026-07,716573,SAFF ACTIVE 2 LTR-BD,7.15,tm
2026-04,2026-07,716573,SAFF ACTIVE 2 LTR-BD,7.0,tm
2026-05,2026-07,716573,SAFF ACTIVE 2 LTR-BD,7.0,tm
2026-06,2026-07,716573,SAFF ACTIVE 2 LTR-BD,7.0,tm
2026-03,2026-08,716573,SAFF ACTIVE 2 LTR-BD,7.15,tm
2026-04,2026-08,716573,SAFF ACTIVE 2 LTR-BD,7.0,tm
2026-05,2026-08,716573,SAFF ACTIVE 2 LTR-BD,7.0,tm
2026-06,2026-08,716573,SAFF ACTIVE 2 LTR-BD,7.0,tm
2026-07,2026-08,716573,SAFF ACTIVE 2 LTR-BD,6.8,tm
2026-04,2026-09,716573,SAFF ACTIVE 2 LTR-BD,7.0,tm
2026-05,2026-09,716573,SAFF ACTIVE 2 LTR-BD,7.0,tm
2026-06,2026-09,716573,SAFF ACTIVE 2 LTR-BD,7.0,tm
2026-07,2026-09,716573,SAFF ACTIVE 2 LTR-BD,6.8,tm
2026-05,2026-10,716573,SAFF ACTIVE 2 LTR-BD,7.0,tm
2026-06,2026-10,716573,SAFF ACTIVE 2 LTR-BD,7.0,tm
2026-07,2026-10,716573,SAFF ACTIVE 2 LTR-BD,6.8,tm
2026-06,2026-11,716573,SAFF ACTIVE 2 LTR-BD,7.0,tm
2026-07,2026-11,716573,SAFF ACTIVE 2 LTR-BD,6.8,tm
2026-07,2026-12,716573,SAFF ACTIVE 2 LTR-BD,6.8,tm
2025-04,2025-05,716621,SP PETROLEUM JELLY 15ML,0.021813536,ml
2025-04,2025-06,716621,SP PETROLEUM JELLY 15ML,0.075317713,ml
2025-05,2025-06,716621,SP PETROLEUM JELLY 15ML,0.02280646,ml
2025-04,2025-07,716621,SP PETROLEUM JELLY 15ML,0.075317713,ml
2025-05,2025-07,716621,SP PETROLEUM JELLY 15ML,0.077020132,ml
2025-06,2025-07,716621,SP PETROLEUM JELLY 15ML,0.0281273,ml
2025-04,2025-08,716621,SP PETROLEUM JELLY 15ML,0.075317713,ml
2025-04,2025-08,716621,SP PETROLEUM JELLY 15ML,0.1889032,tm
2025-05,2025-08,716621,SP PETROLEUM JELLY 15ML,0.104955596,ml
2025-05,2025-08,716621,SP PETROLEUM JELLY 15ML,0.1889032,tm
2025-06,2025-08,716621,SP PETROLEUM JELLY 15ML,0.129777046,ml
2025-06,2025-08,716621,SP PETROLEUM JELLY 15ML,0.029,tm
2025-07,2025-08,716621,SP PETROLEUM JELLY 15ML,0.040470274,ml
2025-07,2025-08,716621,SP PETROLEUM JELLY 15ML,0.029,tm
2025-04,2025-09,716621,SP PETROLEUM JELLY 15ML,2.576913951,ml
2025-04,2025-09,716621,SP PETROLEUM JELLY 15ML,2.696835978,tm
2025-05,2025-09,716621,SP PETROLEUM JELLY 15ML,3.375393281,ml
2025-05,2025-09,716621,SP PETROLEUM JELLY 15ML,2.696835978,tm
2025-06,2025-09,716621,SP PETROLEUM JELLY 15ML,3.406103942,ml
2025-06,2025-09,716621,SP PETROLEUM JELLY 15ML,4.77,tm
2025-07,2025-09,716621,SP PETROLEUM JELLY 15ML,5.072715315,ml
2025-07,2025-09,716621,SP PETROLEUM JELLY 15ML,4.77,tm
2025-08,2025-09,716621,SP PETROLEUM JELLY 15ML,5.055595118,ml
2025-08,2025-09,716621,SP PETROLEUM JELLY 15ML,4.77,tm
2025-05,2025-10,716621,SP PETROLEUM JELLY 15ML,4.685144942,ml
2025-05,2025-10,716621,SP PETROLEUM JELLY 15ML,8.07,tm
2025-06,2025-10,716621,SP PETROLEUM JELLY 15ML,4.72157934,ml
2025-06,2025-10,716621,SP PETROLEUM JELLY 15ML,7.51,tm
2025-07,2025-10,716621,SP PETROLEUM JELLY 15ML,5.722507813,ml
2025-07,2025-10,716621,SP PETROLEUM JELLY 15ML,7.51,tm
2025-08,2025-10,716621,SP PETROLEUM JELLY 15ML,4.091577479,ml
2025-08,2025-10,716621,SP PETROLEUM JELLY 15ML,7.51,tm
2025-09,2025-10,716621,SP PETROLEUM JELLY 15ML,4.756257584,ml
2025-09,2025-10,716621,SP PETROLEUM JELLY 15ML,9.21,tm
2025-06,2025-11,716621,SP PETROLEUM JELLY 15ML,7.952650761,ml
2025-06,2025-11,716621,SP PETROLEUM JELLY 15ML,10.97,tm
2025-07,2025-11,716621,SP PETROLEUM JELLY 15ML,7.910818843,ml
2025-07,2025-11,716621,SP PETROLEUM JELLY 15ML,10.97,tm
2025-08,2025-11,716621,SP PETROLEUM JELLY 15ML,8.009894649,ml
2025-08,2025-11,716621,SP PETROLEUM JELLY 15ML,10.97,tm
2025-09,2025-11,716621,SP PETROLEUM JELLY 15ML,8.009474086,ml
2025-09,2025-11,716621,SP PETROLEUM JELLY 15ML,10.97,tm
2025-10,2025-11,716621,SP PETROLEUM JELLY 15ML,8.380335334,ml
2025-10,2025-11,716621,SP PETROLEUM JELLY 15ML,13.774018996,tm
2025-07,2025-12,716621,SP PETROLEUM JELLY 15ML,5.588929425,ml
2025-07,2025-12,716621,SP PETROLEUM JELLY 15ML,6.028035,tm
2025-08,2025-12,716621,SP PETROLEUM JELLY 15ML,5.568067304,ml
2025-08,2025-12,716621,SP PETROLEUM JELLY 15ML,6.028035,tm
2025-09,2025-12,716621,SP PETROLEUM JELLY 15ML,3.652016386,ml
2025-09,2025-12,716621,SP PETROLEUM JELLY 15ML,6.028035,tm
2025-10,2025-12,716621,SP PETROLEUM JELLY 15ML,4.258897415,ml
2025-10,2025-12,716621,SP PETROLEUM JELLY 15ML,5.64775284,tm
2025-11,2025-12,716621,SP PETROLEUM JELLY 15ML,4.264522497,ml
2025-11,2025-12,716621,SP PETROLEUM JELLY 15ML,8.342913025,tm
2025-08,2026-01,716621,SP PETROLEUM JELLY 15ML,0.820355447,ml
2025-08,2026-01,716621,SP PETROLEUM JELLY 15ML,2.36,tm
2025-09,2026-01,716621,SP PETROLEUM JELLY 15ML,1.26038523,ml
2025-09,2026-01,716621,SP PETROLEUM JELLY 15ML,2.36,tm
2025-10,2026-01,716621,SP PETROLEUM JELLY 15ML,0.0,ml
2025-10,2026-01,716621,SP PETROLEUM JELLY 15ML,2.645505082,tm
2025-11,2026-01,716621,SP PETROLEUM JELLY 15ML,1.028871752,ml
2025-11,2026-01,716621,SP PETROLEUM JELLY 15ML,1.912983812,tm
2025-12,2026-01,716621,SP PETROLEUM JELLY 15ML,1.6219822,ml
2025-12,2026-01,716621,SP PETROLEUM JELLY 15ML,1.91277,tm
2025-09,2026-02,716621,SP PETROLEUM JELLY 15ML,0.0,ml
2025-10,2026-02,716621,SP PETROLEUM JELLY 15ML,0.0,ml
2025-11,2026-02,716621,SP PETROLEUM JELLY 15ML,0.0,ml
2025-12,2026-02,716621,SP PETROLEUM JELLY 15ML,0.493804042,ml
2026-01,2026-02,716621,SP PETROLEUM JELLY 15ML,0.089673355,ml
2025-10,2026-03,716621,SP PETROLEUM JELLY 15ML,0.0,ml
2025-11,2026-03,716621,SP PETROLEUM JELLY 15ML,0.737694365,ml
2025-12,2026-03,716621,SP PETROLEUM JELLY 15ML,0.0,ml
2026-01,2026-03,716621,SP PETROLEUM JELLY 15ML,0.081851888,ml
2026-02,2026-03,716621,SP PETROLEUM JELLY 15ML,0.049585067,ml
2025-11,2026-04,716621,SP PETROLEUM JELLY 15ML,1.192008094,ml
2025-12,2026-04,716621,SP PETROLEUM JELLY 15ML,0.0,ml
2026-01,2026-04,716621,SP PETROLEUM JELLY 15ML,0.022220294,ml
2026-02,2026-04,716621,SP PETROLEUM JELLY 15ML,0.0231129,ml
2026-03,2026-04,716621,SP PETROLEUM JELLY 15ML,0.066333267,ml
2025-12,2026-05,716621,SP PETROLEUM JELLY 15ML,1.301048067,ml
2026-01,2026-05,716621,SP PETROLEUM JELLY 15ML,0.019511054,ml
2026-02,2026-05,716621,SP PETROLEUM JELLY 15ML,0.014432033,ml
2026-03,2026-05,716621,SP PETROLEUM JELLY 15ML,0.031007,ml
2026-04,2026-05,716621,SP PETROLEUM JELLY 15ML,0.032125912,ml
2026-01,2026-06,716621,SP PETROLEUM JELLY 15ML,0.017027684,ml
2026-02,2026-06,716621,SP PETROLEUM JELLY 15ML,0.015966367,ml
2026-03,2026-06,716621,SP PETROLEUM JELLY 15ML,0.026398967,ml
2026-04,2026-06,716621,SP PETROLEUM JELLY 15ML,0.033433396,ml
2026-05,2026-06,716621,SP PETROLEUM JELLY 15ML,0.0207533,ml
2026-02,2026-07,716621,SP PETROLEUM JELLY 15ML,0.016285267,ml
2026-03,2026-07,716621,SP PETROLEUM JELLY 15ML,0.027196133,ml
2026-04,2026-07,716621,SP PETROLEUM JELLY 15ML,0.033360316,ml
2026-05,2026-07,716621,SP PETROLEUM JELLY 15ML,0.02257,ml
2026-06,2026-07,716621,SP PETROLEUM JELLY 15ML,0.027624746,ml
2026-03,2026-08,716621,SP PETROLEUM JELLY 15ML,0.0287213,ml
2026-04,2026-08,716621,SP PETROLEUM JELLY 15ML,0.14370003,ml
2026-04,2026-08,716621,SP PETROLEUM JELLY 15ML,0.03659428,tm
2026-05,2026-08,716621,SP PETROLEUM JELLY 15ML,0.02257,ml
2026-05,2026-08,716621,SP PETROLEUM JELLY 15ML,0.03659428,tm
2026-06,2026-08,716621,SP PETROLEUM JELLY 15ML,0.027497312,ml
2026-06,2026-08,716621,SP PETROLEUM JELLY 15ML,0.03659428,tm
2026-07,2026-08,716621,SP PETROLEUM JELLY 15ML,0.0204479,ml
2026-07,2026-08,716621,SP PETROLEUM JELLY 15ML,0.03659428,tm
2026-04,2026-09,716621,SP PETROLEUM JELLY 15ML,3.31966481,ml
2026-04,2026-09,716621,SP PETROLEUM JELLY 15ML,3.927782664,tm
2026-05,2026-09,716621,SP PETROLEUM JELLY 15ML,3.136549,ml
2026-05,2026-09,716621,SP PETROLEUM JELLY 15ML,4.32056093,tm
2026-06,2026-09,716621,SP PETROLEUM JELLY 15ML,3.263695025,ml
2026-06,2026-09,716621,SP PETROLEUM JELLY 15ML,4.32056093,tm
2026-07,2026-09,716621,SP PETROLEUM JELLY 15ML,3.077171589,ml
2026-07,2026-09,716621,SP PETROLEUM JELLY 15ML,4.32056093,tm
2026-05,2026-10,716621,SP PETROLEUM JELLY 15ML,6.176264845,ml
2026-05,2026-10,716621,SP PETROLEUM JELLY 15ML,9.039173030999999,tm
2026-06,2026-10,716621,SP PETROLEUM JELLY 15ML,6.570617783,ml
2026-06,2026-10,716621,SP PETROLEUM JELLY 15ML,9.039173031,tm
2026-07,2026-10,716621,SP PETROLEUM JELLY 15ML,6.251718712,ml
2026-07,2026-10,716621,SP PETROLEUM JELLY 15ML,9.039173031,tm
2026-06,2026-11,716621,SP PETROLEUM JELLY 15ML,9.84079506,ml
2026-06,2026-11,716621,SP PETROLEUM JELLY 15ML,16.4039709,tm
2026-07,2026-11,716621,SP PETROLEUM JELLY 15ML,9.180237943,ml
2026-07,2026-11,716621,SP PETROLEUM JELLY 15ML,16.4039709,tm
2026-07,2026-12,716621,SP PETROLEUM JELLY 15ML,3.734719481,ml
2026-07,2026-12,716621,SP PETROLEUM JELLY 15ML,3.188231227,tm
2025-04,2025-05,716622,SP PETROLEUM JELLY 50ML,0.022172847,ml
2025-04,2025-06,716622,SP PETROLEUM JELLY 50ML,0.025505208,ml
2025-05,2025-06,716622,SP PETROLEUM JELLY 50ML,0.049954975,ml
2025-04,2025-07,716622,SP PETROLEUM JELLY 50ML,0.0464401,ml
2025-05,2025-07,716622,SP PETROLEUM JELLY 50ML,0.064568969,ml
2025-06,2025-07,716622,SP PETROLEUM JELLY 50ML,0.045776544,ml
2025-04,2025-08,716622,SP PETROLEUM JELLY 50ML,0.025680981,ml
2025-04,2025-08,716622,SP PETROLEUM JELLY 50ML,0.242671767,tm
2025-05,2025-08,716622,SP PETROLEUM JELLY 50ML,0.06480648,ml
2025-05,2025-08,716622,SP PETROLEUM JELLY 50ML,0.242671767,tm
2025-06,2025-08,716622,SP PETROLEUM JELLY 50ML,0.040485972,ml
2025-06,2025-08,716622,SP PETROLEUM JELLY 50ML,0.09,tm
2025-07,2025-08,716622,SP PETROLEUM JELLY 50ML,0.122333174,ml
2025-07,2025-08,716622,SP PETROLEUM JELLY 50ML,0.09,tm
2025-04,2025-09,716622,SP PETROLEUM JELLY 50ML,3.344117221,ml
2025-04,2025-09,716622,SP PETROLEUM JELLY 50ML,3.464451379,tm
2025-05,2025-09,716622,SP PETROLEUM JELLY 50ML,3.492496315,ml
2025-05,2025-09,716622,SP PETROLEUM JELLY 50ML,3.464451379,tm
2025-06,2025-09,716622,SP PETROLEUM JELLY 50ML,3.362423085,ml
2025-06,2025-09,716622,SP PETROLEUM JELLY 50ML,4.67,tm
2025-07,2025-09,716622,SP PETROLEUM JELLY 50ML,3.970077141,ml
2025-07,2025-09,716622,SP PETROLEUM JELLY 50ML,4.67,tm
2025-08,2025-09,716622,SP PETROLEUM JELLY 50ML,3.921162409,ml
2025-08,2025-09,716622,SP PETROLEUM JELLY 50ML,4.67,tm
2025-05,2025-10,716622,SP PETROLEUM JELLY 50ML,5.493867054,ml
2025-05,2025-10,716622,SP PETROLEUM JELLY 50ML,10.37,tm
2025-06,2025-10,716622,SP PETROLEUM JELLY 50ML,5.458090919,ml
2025-06,2025-10,716622,SP PETROLEUM JELLY 50ML,12.5,tm
2025-07,2025-10,716622,SP PETROLEUM JELLY 50ML,6.349797396,ml
2025-07,2025-10,716622,SP PETROLEUM JELLY 50ML,12.5,tm
2025-08,2025-10,716622,SP PETROLEUM JELLY 50ML,5.671752825,ml
2025-08,2025-10,716622,SP PETROLEUM JELLY 50ML,12.5,tm
2025-09,2025-10,716622,SP PETROLEUM JELLY 50ML,5.442313455,ml
2025-09,2025-10,716622,SP PETROLEUM JELLY 50ML,13.56,tm
2025-06,2025-11,716622,SP PETROLEUM JELLY 50ML,8.980167192,ml
2025-06,2025-11,716622,SP PETROLEUM JELLY 50ML,11.9,tm
2025-07,2025-11,716622,SP PETROLEUM JELLY 50ML,9.027843968,ml
2025-07,2025-11,716622,SP PETROLEUM JELLY 50ML,11.9,tm
2025-08,2025-11,716622,SP PETROLEUM JELLY 50ML,8.694106814,ml
2025-08,2025-11,716622,SP PETROLEUM JELLY 50ML,11.9,tm
2025-09,2025-11,716622,SP PETROLEUM JELLY 50ML,8.831826774,ml
2025-09,2025-11,716622,SP PETROLEUM JELLY 50ML,12.3,tm
2025-10,2025-11,716622,SP PETROLEUM JELLY 50ML,8.433533256,ml
2025-10,2025-11,716622,SP PETROLEUM JELLY 50ML,17.125143669,tm
2025-07,2025-12,716622,SP PETROLEUM JELLY 50ML,5.015392395,ml
2025-07,2025-12,716622,SP PETROLEUM JELLY 50ML,6.52955,tm
2025-08,2025-12,716622,SP PETROLEUM JELLY 50ML,4.943717633,ml
2025-08,2025-12,716622,SP PETROLEUM JELLY 50ML,6.52955,tm
2025-09,2025-12,716622,SP PETROLEUM JELLY 50ML,4.66626493,ml
2025-09,2025-12,716622,SP PETROLEUM JELLY 50ML,6.72955,tm
2025-10,2025-12,716622,SP PETROLEUM JELLY 50ML,3.940882483,ml
2025-10,2025-12,716622,SP PETROLEUM JELLY 50ML,7.916057388,tm
2025-11,2025-12,716622,SP PETROLEUM JELLY 50ML,4.442577553,ml
2025-11,2025-12,716622,SP PETROLEUM JELLY 50ML,10.040280493,tm
2025-08,2026-01,716622,SP PETROLEUM JELLY 50ML,1.623478756,ml
2025-08,2026-01,716622,SP PETROLEUM JELLY 50ML,2.05,tm
2025-09,2026-01,716622,SP PETROLEUM JELLY 50ML,1.082032572,ml
2025-09,2026-01,716622,SP PETROLEUM JELLY 50ML,2.05,tm
2025-10,2026-01,716622,SP PETROLEUM JELLY 50ML,1.411395096,ml
2025-10,2026-01,716622,SP PETROLEUM JELLY 50ML,2.403680262,tm
2025-11,2026-01,716622,SP PETROLEUM JELLY 50ML,1.211978358,ml
2025-11,2026-01,716622,SP PETROLEUM JELLY 50ML,4.91178661,tm
2025-12,2026-01,716622,SP PETROLEUM JELLY 50ML,1.2835896,ml
2025-12,2026-01,716622,SP PETROLEUM JELLY 50ML,5.90442,tm
2025-09,2026-02,716622,SP PETROLEUM JELLY 50ML,0.0,ml
2025-10,2026-02,716622,SP PETROLEUM JELLY 50ML,0.0,ml
2025-11,2026-02,716622,SP PETROLEUM JELLY 50ML,0.0,ml
2025-12,2026-02,716622,SP PETROLEUM JELLY 50ML,0.257642427,ml
2026-01,2026-02,716622,SP PETROLEUM JELLY 50ML,0.10887398,ml
2025-10,2026-03,716622,SP PETROLEUM JELLY 50ML,1.525052852,ml
2025-11,2026-03,716622,SP PETROLEUM JELLY 50ML,1.584143623,ml
2025-12,2026-03,716622,SP PETROLEUM JELLY 50ML,2.18215859,ml
2026-01,2026-03,716622,SP PETROLEUM JELLY 50ML,0.219045433,ml
2026-02,2026-03,716622,SP PETROLEUM JELLY 50ML,0.0,ml
2025-11,2026-04,716622,SP PETROLEUM JELLY 50ML,1.039459595,ml
2025-12,2026-04,716622,SP PETROLEUM JELLY 50ML,2.395155494,ml
2026-01,2026-04,716622,SP PETROLEUM JELLY 50ML,0.099684313,ml
2026-02,2026-04,716622,SP PETROLEUM JELLY 50ML,0.043163647,ml
2026-03,2026-04,716622,SP PETROLEUM JELLY 50ML,0.040738796,ml
2025-12,2026-05,716622,SP PETROLEUM JELLY 50ML,1.0615396,ml
2026-01,2026-05,716622,SP PETROLEUM JELLY 50ML,0.10111198,ml
2026-02,2026-05,716622,SP PETROLEUM JELLY 50ML,0.043163647,ml
2026-03,2026-05,716622,SP PETROLEUM JELLY 50ML,0.040858294,ml
2026-04,2026-05,716622,SP PETROLEUM JELLY 50ML,0.08924,ml
2026-01,2026-06,716622,SP PETROLEUM JELLY 50ML,0.100308313,ml
2026-02,2026-06,716622,SP PETROLEUM JELLY 50ML,0.043163647,ml
2026-03,2026-06,716622,SP PETROLEUM JELLY 50ML,0.043411504,ml
2026-04,2026-06,716622,SP PETROLEUM JELLY 50ML,0.0843916,ml
2026-05,2026-06,716622,SP PETROLEUM JELLY 50ML,0.058615928,ml
2026-02,2026-07,716622,SP PETROLEUM JELLY 50ML,0.047854997,ml
2026-03,2026-07,716622,SP PETROLEUM JELLY 50ML,0.040476395,ml
2026-04,2026-07,716622,SP PETROLEUM JELLY 50ML,0.0724383,ml
2026-05,2026-07,716622,SP PETROLEUM JELLY 50ML,0.058110137,ml
2026-06,2026-07,716622,SP PETROLEUM JELLY 50ML,0.054883727,ml
2026-03,2026-08,716622,SP PETROLEUM JELLY 50ML,0.040281446,ml
2026-04,2026-08,716622,SP PETROLEUM JELLY 50ML,0.338583574,ml
2026-04,2026-08,716622,SP PETROLEUM JELLY 50ML,0.036039628,tm
2026-05,2026-08,716622,SP PETROLEUM JELLY 50ML,0.057608337,ml
2026-05,2026-08,716622,SP PETROLEUM JELLY 50ML,0.036039628000000004,tm
2026-06,2026-08,716622,SP PETROLEUM JELLY 50ML,0.048161429,ml
2026-06,2026-08,716622,SP PETROLEUM JELLY 50ML,0.036039628,tm
2026-07,2026-08,716622,SP PETROLEUM JELLY 50ML,0.04232,ml
2026-07,2026-08,716622,SP PETROLEUM JELLY 50ML,0.036039628,tm
2026-04,2026-09,716622,SP PETROLEUM JELLY 50ML,2.647366256,ml
2026-04,2026-09,716622,SP PETROLEUM JELLY 50ML,3.903007337,tm
2026-05,2026-09,716622,SP PETROLEUM JELLY 50ML,3.29268588,ml
2026-05,2026-09,716622,SP PETROLEUM JELLY 50ML,4.29330807,tm
2026-06,2026-09,716622,SP PETROLEUM JELLY 50ML,3.458986619,ml
2026-06,2026-09,716622,SP PETROLEUM JELLY 50ML,4.293308071,tm
2026-07,2026-09,716622,SP PETROLEUM JELLY 50ML,3.564729288,ml
2026-07,2026-09,716622,SP PETROLEUM JELLY 50ML,4.293308071,tm
2026-05,2026-10,716622,SP PETROLEUM JELLY 50ML,6.528606447,ml
2026-05,2026-10,716622,SP PETROLEUM JELLY 50ML,10.09526563,tm
2026-06,2026-10,716622,SP PETROLEUM JELLY 50ML,7.190862307,ml
2026-06,2026-10,716622,SP PETROLEUM JELLY 50ML,10.09526563,tm
2026-07,2026-10,716622,SP PETROLEUM JELLY 50ML,6.620686958,ml
2026-07,2026-10,716622,SP PETROLEUM JELLY 50ML,10.09526563,tm
2026-06,2026-11,716622,SP PETROLEUM JELLY 50ML,10.1743995,ml
2026-06,2026-11,716622,SP PETROLEUM JELLY 50ML,17.454278627,tm
2026-07,2026-11,716622,SP PETROLEUM JELLY 50ML,10.319341275,ml
2026-07,2026-11,716622,SP PETROLEUM JELLY 50ML,17.454278627,tm
2026-07,2026-12,716622,SP PETROLEUM JELLY 50ML,4.429837203,ml
2026-07,2026-12,716622,SP PETROLEUM JELLY 50ML,4.037884819,tm
2025-04,2025-05,716624,SP PETROLEUM JELLY 100ML,0.07116472,ml
2025-04,2025-06,716624,SP PETROLEUM JELLY 100ML,0.108974013,ml
2025-05,2025-06,716624,SP PETROLEUM JELLY 100ML,0.039599832,ml
2025-04,2025-07,716624,SP PETROLEUM JELLY 100ML,0.016373211,ml
2025-05,2025-07,716624,SP PETROLEUM JELLY 100ML,0.044156388,ml
2025-06,2025-07,716624,SP PETROLEUM JELLY 100ML,0.0159398,ml
2025-04,2025-08,716624,SP PETROLEUM JELLY 100ML,0.175728091,ml
2025-04,2025-08,716624,SP PETROLEUM JELLY 100ML,0.124167704,tm
2025-05,2025-08,716624,SP PETROLEUM JELLY 100ML,0.064844205,ml
2025-05,2025-08,716624,SP PETROLEUM JELLY 100ML,0.124167704,tm
2025-06,2025-08,716624,SP PETROLEUM JELLY 100ML,0.029404186,ml
2025-06,2025-08,716624,SP PETROLEUM JELLY 100ML,0.05,tm
2025-07,2025-08,716624,SP PETROLEUM JELLY 100ML,0.050106087,ml
2025-04,2025-09,716624,SP PETROLEUM JELLY 100ML,1.164015697,ml
2025-04,2025-09,716624,SP PETROLEUM JELLY 100ML,1.772653574,tm
2025-05,2025-09,716624,SP PETROLEUM JELLY 100ML,1.033416294,ml
2025-05,2025-09,716624,SP PETROLEUM JELLY 100ML,1.772653574,tm
2025-06,2025-09,716624,SP PETROLEUM JELLY 100ML,0.989339064,ml
2025-06,2025-09,716624,SP PETROLEUM JELLY 100ML,1.87,tm
2025-07,2025-09,716624,SP PETROLEUM JELLY 100ML,0.820191513,ml
2025-07,2025-09,716624,SP PETROLEUM JELLY 100ML,1.92,tm
2025-08,2025-09,716624,SP PETROLEUM JELLY 100ML,1.04609066,ml
2025-08,2025-09,716624,SP PETROLEUM JELLY 100ML,1.87,tm
2025-05,2025-10,716624,SP PETROLEUM JELLY 100ML,1.927457652,ml
2025-05,2025-10,716624,SP PETROLEUM JELLY 100ML,5.31,tm
2025-06,2025-10,716624,SP PETROLEUM JELLY 100ML,1.519811571,ml
2025-06,2025-10,716624,SP PETROLEUM JELLY 100ML,5.45,tm
2025-07,2025-10,716624,SP PETROLEUM JELLY 100ML,1.678490866,ml
2025-07,2025-10,716624,SP PETROLEUM JELLY 100ML,5.45,tm
2025-08,2025-10,716624,SP PETROLEUM JELLY 100ML,0.88258762,ml
2025-08,2025-10,716624,SP PETROLEUM JELLY 100ML,5.45,tm
2025-09,2025-10,716624,SP PETROLEUM JELLY 100ML,1.912783671,ml
2025-09,2025-10,716624,SP PETROLEUM JELLY 100ML,5.87,tm
2025-06,2025-11,716624,SP PETROLEUM JELLY 100ML,2.726124786,ml
2025-06,2025-11,716624,SP PETROLEUM JELLY 100ML,4.02,tm
2025-07,2025-11,716624,SP PETROLEUM JELLY 100ML,2.53399089,ml
2025-07,2025-11,716624,SP PETROLEUM JELLY 100ML,4.02,tm
2025-08,2025-11,716624,SP PETROLEUM JELLY 100ML,2.628375319,ml
2025-08,2025-11,716624,SP PETROLEUM JELLY 100ML,4.02,tm
2025-09,2025-11,716624,SP PETROLEUM JELLY 100ML,2.62066723,ml
2025-09,2025-11,716624,SP PETROLEUM JELLY 100ML,4.02,tm
2025-10,2025-11,716624,SP PETROLEUM JELLY 100ML,2.626167089,ml
2025-10,2025-11,716624,SP PETROLEUM JELLY 100ML,5.978409878,tm
2025-07,2025-12,716624,SP PETROLEUM JELLY 100ML,1.241545494,ml
2025-07,2025-12,716624,SP PETROLEUM JELLY 100ML,2.9716,tm
2025-08,2025-12,716624,SP PETROLEUM JELLY 100ML,1.314738869,ml
2025-08,2025-12,716624,SP PETROLEUM JELLY 100ML,2.9716,tm
2025-09,2025-12,716624,SP PETROLEUM JELLY 100ML,1.33752509,ml
2025-09,2025-12,716624,SP PETROLEUM JELLY 100ML,2.9716,tm
2025-10,2025-12,716624,SP PETROLEUM JELLY 100ML,1.310706157,ml
2025-10,2025-12,716624,SP PETROLEUM JELLY 100ML,2.681729011,tm
2025-11,2025-12,716624,SP PETROLEUM JELLY 100ML,1.977360313,ml
2025-11,2025-12,716624,SP PETROLEUM JELLY 100ML,4.116806482,tm
2025-08,2026-01,716624,SP PETROLEUM JELLY 100ML,0.211330515,ml
2025-08,2026-01,716624,SP PETROLEUM JELLY 100ML,1.23,tm
2025-09,2026-01,716624,SP PETROLEUM JELLY 100ML,0.310748976,ml
2025-09,2026-01,716624,SP PETROLEUM JELLY 100ML,0.91,tm
2025-10,2026-01,716624,SP PETROLEUM JELLY 100ML,1.422432927,ml
2025-10,2026-01,716624,SP PETROLEUM JELLY 100ML,1.008208157,tm
2025-11,2026-01,716624,SP PETROLEUM JELLY 100ML,0.821449697,ml
2025-11,2026-01,716624,SP PETROLEUM JELLY 100ML,1.375229578,tm
2025-12,2026-01,716624,SP PETROLEUM JELLY 100ML,0.377744095,ml
2025-12,2026-01,716624,SP PETROLEUM JELLY 100ML,2.18,tm
2025-09,2026-02,716624,SP PETROLEUM JELLY 100ML,0.032811261,ml
2025-10,2026-02,716624,SP PETROLEUM JELLY 100ML,0.396155632,ml
2025-11,2026-02,716624,SP PETROLEUM JELLY 100ML,0.13751541,ml
2025-12,2026-02,716624,SP PETROLEUM JELLY 100ML,0.224533146,ml
2026-01,2026-02,716624,SP PETROLEUM JELLY 100ML,0.035105054,ml
2025-10,2026-03,716624,SP PETROLEUM JELLY 100ML,0.0,ml
2025-11,2026-03,716624,SP PETROLEUM JELLY 100ML,0.0,ml
2025-12,2026-03,716624,SP PETROLEUM JELLY 100ML,0.200353547,ml
2026-01,2026-03,716624,SP PETROLEUM JELLY 100ML,0.008698,ml
2026-02,2026-03,716624,SP PETROLEUM JELLY 100ML,0.01414,ml
2025-11,2026-04,716624,SP PETROLEUM JELLY 100ML,0.3583692,ml
2025-12,2026-04,716624,SP PETROLEUM JELLY 100ML,0.209897799,ml
2026-01,2026-04,716624,SP PETROLEUM JELLY 100ML,0.008227333,ml
2026-02,2026-04,716624,SP PETROLEUM JELLY 100ML,0.0109,ml
2026-03,2026-04,716624,SP PETROLEUM JELLY 100ML,0.01002,ml
2025-12,2026-05,716624,SP PETROLEUM JELLY 100ML,0.323716955,ml
2026-01,2026-05,716624,SP PETROLEUM JELLY 100ML,0.010054,ml
2026-02,2026-05,716624,SP PETROLEUM JELLY 100ML,0.01099,ml
2026-03,2026-05,716624,SP PETROLEUM JELLY 100ML,0.01202,ml
2026-04,2026-05,716624,SP PETROLEUM JELLY 100ML,0.02997184,ml
2026-01,2026-06,716624,SP PETROLEUM JELLY 100ML,0.00896,ml
2026-02,2026-06,716624,SP PETROLEUM JELLY 100ML,0.01148,ml
2026-03,2026-06,716624,SP PETROLEUM JELLY 100ML,0.0142,ml
2026-04,2026-06,716624,SP PETROLEUM JELLY 100ML,0.03033784,ml
2026-05,2026-06,716624,SP PETROLEUM JELLY 100ML,0.0199398,ml
2026-02,2026-07,716624,SP PETROLEUM JELLY 100ML,0.01148,ml
2026-03,2026-07,716624,SP PETROLEUM JELLY 100ML,0.01302,ml
2026-04,2026-07,716624,SP PETROLEUM JELLY 100ML,0.03507584,ml
2026-05,2026-07,716624,SP PETROLEUM JELLY 100ML,0.0228458,ml
2026-06,2026-07,716624,SP PETROLEUM JELLY 100ML,0.0200598,ml
2026-03,2026-08,716624,SP PETROLEUM JELLY 100ML,0.01368,ml
2026-04,2026-08,716624,SP PETROLEUM JELLY 100ML,0.590088459,ml
2026-04,2026-08,716624,SP PETROLEUM JELLY 100ML,0.034633827,tm
2026-05,2026-08,716624,SP PETROLEUM JELLY 100ML,0.05075166,ml
2026-05,2026-08,716624,SP PETROLEUM JELLY 100ML,0.034633826,tm
2026-06,2026-08,716624,SP PETROLEUM JELLY 100ML,0.0230598,ml
2026-06,2026-08,716624,SP PETROLEUM JELLY 100ML,0.034633827,tm
2026-07,2026-08,716624,SP PETROLEUM JELLY 100ML,0.02084419048,ml
2026-07,2026-08,716624,SP PETROLEUM JELLY 100ML,0.034633827,tm
2026-04,2026-09,716624,SP PETROLEUM JELLY 100ML,1.531676868,ml
2026-04,2026-09,716624,SP PETROLEUM JELLY 100ML,2.312917234,tm
2026-05,2026-09,716624,SP PETROLEUM JELLY 100ML,1.63622376,ml
2026-05,2026-09,716624,SP PETROLEUM JELLY 100ML,2.544208958,tm
2026-06,2026-09,716624,SP PETROLEUM JELLY 100ML,1.7861694,ml
2026-06,2026-09,716624,SP PETROLEUM JELLY 100ML,2.544208958,tm
2026-07,2026-09,716624,SP PETROLEUM JELLY 100ML,1.270012485,ml
2026-07,2026-09,716624,SP PETROLEUM JELLY 100ML,2.544208958,tm
2026-05,2026-10,716624,SP PETROLEUM JELLY 100ML,2.308557387,ml
2026-05,2026-10,716624,SP PETROLEUM JELLY 100ML,5.715266024,tm
2026-06,2026-10,716624,SP PETROLEUM JELLY 100ML,2.392306101,ml
2026-06,2026-10,716624,SP PETROLEUM JELLY 100ML,5.715266024,tm
2026-07,2026-10,716624,SP PETROLEUM JELLY 100ML,2.006139797,ml
2026-07,2026-10,716624,SP PETROLEUM JELLY 100ML,5.715266024,tm
2026-06,2026-11,716624,SP PETROLEUM JELLY 100ML,3.1581438,ml
2026-06,2026-11,716624,SP PETROLEUM JELLY 100ML,7.754620886,tm
2026-07,2026-11,716624,SP PETROLEUM JELLY 100ML,3.241224688,ml
2026-07,2026-11,716624,SP PETROLEUM JELLY 100ML,7.754620886,tm
2026-07,2026-12,716624,SP PETROLEUM JELLY 100ML,1.598680679,ml
2026-07,2026-12,716624,SP PETROLEUM JELLY 100ML,3.122458216,tm
2025-04,2025-05,716653,SP LOTION NATURAL MOISTURE 100ML,0.008064615,ml
2025-04,2025-06,716653,SP LOTION NATURAL MOISTURE 100ML,0.025079231,ml
2025-05,2025-06,716653,SP LOTION NATURAL MOISTURE 100ML,0.007686499,ml
2025-04,2025-07,716653,SP LOTION NATURAL MOISTURE 100ML,0.366703566,ml
2025-05,2025-07,716653,SP LOTION NATURAL MOISTURE 100ML,0.0,ml
2025-06,2025-07,716653,SP LOTION NATURAL MOISTURE 100ML,0.02609794,ml
2025-04,2025-08,716653,SP LOTION NATURAL MOISTURE 100ML,0.033509415,ml
2025-04,2025-08,716653,SP LOTION NATURAL MOISTURE 100ML,0.218125452,tm
2025-05,2025-08,716653,SP LOTION NATURAL MOISTURE 100ML,0.033599865,ml
2025-05,2025-08,716653,SP LOTION NATURAL MOISTURE 100ML,0.218125452,tm
2025-06,2025-08,716653,SP LOTION NATURAL MOISTURE 100ML,0.033588538,ml
2025-06,2025-08,716653,SP LOTION NATURAL MOISTURE 100ML,0.033,tm
2025-07,2025-08,716653,SP LOTION NATURAL MOISTURE 100ML,0.020236818,ml
2025-07,2025-08,716653,SP LOTION NATURAL MOISTURE 100ML,0.033,tm
2025-04,2025-09,716653,SP LOTION NATURAL MOISTURE 100ML,1.128815203,ml
2025-04,2025-09,716653,SP LOTION NATURAL MOISTURE 100ML,1.951604544,tm
2025-05,2025-09,716653,SP LOTION NATURAL MOISTURE 100ML,1.77161,ml
2025-05,2025-09,716653,SP LOTION NATURAL MOISTURE 100ML,1.951604544,tm
2025-06,2025-09,716653,SP LOTION NATURAL MOISTURE 100ML,1.027122412,ml
2025-06,2025-09,716653,SP LOTION NATURAL MOISTURE 100ML,1.06,tm
2025-07,2025-09,716653,SP LOTION NATURAL MOISTURE 100ML,1.0987766,ml
2025-07,2025-09,716653,SP LOTION NATURAL MOISTURE 100ML,1.06,tm
2025-08,2025-09,716653,SP LOTION NATURAL MOISTURE 100ML,1.128874552,ml
2025-08,2025-09,716653,SP LOTION NATURAL MOISTURE 100ML,1.06,tm
2025-05,2025-10,716653,SP LOTION NATURAL MOISTURE 100ML,2.1273908,ml
2025-05,2025-10,716653,SP LOTION NATURAL MOISTURE 100ML,4.371873438,tm
2025-06,2025-10,716653,SP LOTION NATURAL MOISTURE 100ML,3.497812353,ml
2025-06,2025-10,716653,SP LOTION NATURAL MOISTURE 100ML,4.15,tm
2025-07,2025-10,716653,SP LOTION NATURAL MOISTURE 100ML,3.312382,ml
2025-07,2025-10,716653,SP LOTION NATURAL MOISTURE 100ML,4.15,tm
2025-08,2025-10,716653,SP LOTION NATURAL MOISTURE 100ML,3.575694441,ml
2025-08,2025-10,716653,SP LOTION NATURAL MOISTURE 100ML,4.15,tm
2025-09,2025-10,716653,SP LOTION NATURAL MOISTURE 100ML,3.4874413,ml
2025-09,2025-10,716653,SP LOTION NATURAL MOISTURE 100ML,4.484519462,tm
2025-06,2025-11,716653,SP LOTION NATURAL MOISTURE 100ML,3.337017413,ml
2025-06,2025-11,716653,SP LOTION NATURAL MOISTURE 100ML,3.42,tm
2025-07,2025-11,716653,SP LOTION NATURAL MOISTURE 100ML,3.304664972,ml
2025-07,2025-11,716653,SP LOTION NATURAL MOISTURE 100ML,3.42,tm
2025-08,2025-11,716653,SP LOTION NATURAL MOISTURE 100ML,3.337086128,ml
2025-08,2025-11,716653,SP LOTION NATURAL MOISTURE 100ML,3.42,tm
2025-09,2025-11,716653,SP LOTION NATURAL MOISTURE 100ML,3.314338041,ml
2025-09,2025-11,716653,SP LOTION NATURAL MOISTURE 100ML,4.648790882,tm
2025-10,2025-11,716653,SP LOTION NATURAL MOISTURE 100ML,3.377290487,ml
2025-10,2025-11,716653,SP LOTION NATURAL MOISTURE 100ML,4.648790882,tm
2025-07,2025-12,716653,SP LOTION NATURAL MOISTURE 100ML,1.354064754,ml
2025-07,2025-12,716653,SP LOTION NATURAL MOISTURE 100ML,3.93,tm
2025-08,2025-12,716653,SP LOTION NATURAL MOISTURE 100ML,1.107903867,ml
2025-08,2025-12,716653,SP LOTION NATURAL MOISTURE 100ML,3.93,tm
2025-09,2025-12,716653,SP LOTION NATURAL MOISTURE 100ML,0.987258345,ml
2025-09,2025-12,716653,SP LOTION NATURAL MOISTURE 100ML,2.650626527,tm
2025-10,2025-12,716653,SP LOTION NATURAL MOISTURE 100ML,0.509293473,ml
2025-10,2025-12,716653,SP LOTION NATURAL MOISTURE 100ML,2.370626527,tm
2025-11,2025-12,716653,SP LOTION NATURAL MOISTURE 100ML,1.4789021,ml
2025-11,2025-12,716653,SP LOTION NATURAL MOISTURE 100ML,4.414077509,tm
2025-08,2026-01,716653,SP LOTION NATURAL MOISTURE 100ML,0.120680805,ml
2025-08,2026-01,716653,SP LOTION NATURAL MOISTURE 100ML,2.46,tm
2025-09,2026-01,716653,SP LOTION NATURAL MOISTURE 100ML,0.120644855,ml
2025-09,2026-01,716653,SP LOTION NATURAL MOISTURE 100ML,0.359544593,tm
2025-10,2026-01,716653,SP LOTION NATURAL MOISTURE 100ML,0.370445071,ml
2025-10,2026-01,716653,SP LOTION NATURAL MOISTURE 100ML,0.629544593,tm
2025-11,2026-01,716653,SP LOTION NATURAL MOISTURE 100ML,0.874467508,ml
2025-11,2026-01,716653,SP LOTION NATURAL MOISTURE 100ML,0.49,tm
2025-12,2026-01,716653,SP LOTION NATURAL MOISTURE 100ML,0.035650664,ml
2025-12,2026-01,716653,SP LOTION NATURAL MOISTURE 100ML,0.48916,tm
2025-09,2026-02,716653,SP LOTION NATURAL MOISTURE 100ML,0.027439641,ml
2025-10,2026-02,716653,SP LOTION NATURAL MOISTURE 100ML,0.0,ml
2025-11,2026-02,716653,SP LOTION NATURAL MOISTURE 100ML,0.6839575,ml
2025-12,2026-02,716653,SP LOTION NATURAL MOISTURE 100ML,0.332968562,ml
2026-01,2026-02,716653,SP LOTION NATURAL MOISTURE 100ML,0.415150571,ml
2025-10,2026-03,716653,SP LOTION NATURAL MOISTURE 100ML,0.0,ml
2025-11,2026-03,716653,SP LOTION NATURAL MOISTURE 100ML,0.6877875,ml
2025-12,2026-03,716653,SP LOTION NATURAL MOISTURE 100ML,0.330401111,ml
2026-01,2026-03,716653,SP LOTION NATURAL MOISTURE 100ML,0.410637029,ml
2026-02,2026-03,716653,SP LOTION NATURAL MOISTURE 100ML,0.0,ml
2025-11,2026-04,716653,SP LOTION NATURAL MOISTURE 100ML,1.676673043,ml
2025-12,2026-04,716653,SP LOTION NATURAL MOISTURE 100ML,0.485675898,ml
2026-01,2026-04,716653,SP LOTION NATURAL MOISTURE 100ML,0.411778216,ml
2026-02,2026-04,716653,SP LOTION NATURAL MOISTURE 100ML,0.00863,ml
2026-03,2026-04,716653,SP LOTION NATURAL MOISTURE 100ML,0.005586667,ml
2025-12,2026-05,716653,SP LOTION NATURAL MOISTURE 100ML,0.024103629,ml
2026-01,2026-05,716653,SP LOTION NATURAL MOISTURE 100ML,0.413515934,ml
2026-02,2026-05,716653,SP LOTION NATURAL MOISTURE 100ML,0.00872,ml
2026-03,2026-05,716653,SP LOTION NATURAL MOISTURE 100ML,0.016388667,ml
2026-04,2026-05,716653,SP LOTION NATURAL MOISTURE 100ML,0.0580997,ml
2026-01,2026-06,716653,SP LOTION NATURAL MOISTURE 100ML,0.410243691,ml
2026-02,2026-06,716653,SP LOTION NATURAL MOISTURE 100ML,0.00915,ml
2026-03,2026-06,716653,SP LOTION NATURAL MOISTURE 100ML,0.016095333,ml
2026-04,2026-06,716653,SP LOTION NATURAL MOISTURE 100ML,0.0361199,ml
2026-05,2026-06,716653,SP LOTION NATURAL MOISTURE 100ML,0.0170575,ml
2026-02,2026-07,716653,SP LOTION NATURAL MOISTURE 100ML,0.00915,ml
2026-03,2026-07,716653,SP LOTION NATURAL MOISTURE 100ML,0.020128667,ml
2026-04,2026-07,716653,SP LOTION NATURAL MOISTURE 100ML,0.02553,ml
2026-05,2026-07,716653,SP LOTION NATURAL MOISTURE 100ML,0.0165725,ml
2026-06,2026-07,716653,SP LOTION NATURAL MOISTURE 100ML,0.015729798,ml
2026-03,2026-08,716653,SP LOTION NATURAL MOISTURE 100ML,0.0,ml
2026-04,2026-08,716653,SP LOTION NATURAL MOISTURE 100ML,0.144953,ml
2026-05,2026-08,716653,SP LOTION NATURAL MOISTURE 100ML,0.0,ml
2026-06,2026-08,716653,SP LOTION NATURAL MOISTURE 100ML,0.016654464,ml
2026-07,2026-08,716653,SP LOTION NATURAL MOISTURE 100ML,0.01057747829,ml
2026-04,2026-09,716653,SP LOTION NATURAL MOISTURE 100ML,2.2436772,ml
2026-04,2026-09,716653,SP LOTION NATURAL MOISTURE 100ML,1.419427933,tm
2026-05,2026-09,716653,SP LOTION NATURAL MOISTURE 100ML,1.5176838,ml
2026-05,2026-09,716653,SP LOTION NATURAL MOISTURE 100ML,1.70331352,tm
2026-06,2026-09,716653,SP LOTION NATURAL MOISTURE 100ML,1.246987484,ml
2026-06,2026-09,716653,SP LOTION NATURAL MOISTURE 100ML,1.70331352,tm
2026-07,2026-09,716653,SP LOTION NATURAL MOISTURE 100ML,1.099188413,ml
2026-07,2026-09,716653,SP LOTION NATURAL MOISTURE 100ML,1.70331352,tm
2026-05,2026-10,716653,SP LOTION NATURAL MOISTURE 100ML,3.814515979,ml
2026-05,2026-10,716653,SP LOTION NATURAL MOISTURE 100ML,6.291959864,tm
2026-06,2026-10,716653,SP LOTION NATURAL MOISTURE 100ML,3.5909624,ml
2026-06,2026-10,716653,SP LOTION NATURAL MOISTURE 100ML,6.291959864,tm
2026-07,2026-10,716653,SP LOTION NATURAL MOISTURE 100ML,3.355227056,ml
2026-07,2026-10,716653,SP LOTION NATURAL MOISTURE 100ML,6.291959864,tm
2026-06,2026-11,716653,SP LOTION NATURAL MOISTURE 100ML,3.499630592,ml
2026-06,2026-11,716653,SP LOTION NATURAL MOISTURE 100ML,7.03,tm
2026-07,2026-11,716653,SP LOTION NATURAL MOISTURE 100ML,3.426754477,ml
2026-07,2026-11,716653,SP LOTION NATURAL MOISTURE 100ML,7.03,tm
2026-07,2026-12,716653,SP LOTION NATURAL MOISTURE 100ML,1.429183661,ml
2026-07,2026-12,716653,SP LOTION NATURAL MOISTURE 100ML,5.857052774,tm
2025-04,2025-05,716654,SP LOTION NATURAL MOISTURE 200ML,0.111528061,ml
2025-04,2025-06,716654,SP LOTION NATURAL MOISTURE 200ML,0.037197587,ml
2025-05,2025-06,716654,SP LOTION NATURAL MOISTURE 200ML,0.02906,ml
2025-04,2025-07,716654,SP LOTION NATURAL MOISTURE 200ML,0.263248036,ml
2025-05,2025-07,716654,SP LOTION NATURAL MOISTURE 200ML,0.0,ml
2025-06,2025-07,716654,SP LOTION NATURAL MOISTURE 200ML,0.044677623,ml
2025-04,2025-08,716654,SP LOTION NATURAL MOISTURE 200ML,0.271528655,ml
2025-04,2025-08,716654,SP LOTION NATURAL MOISTURE 200ML,1.108483833,tm
2025-05,2025-08,716654,SP LOTION NATURAL MOISTURE 200ML,0.271083643,ml
2025-05,2025-08,716654,SP LOTION NATURAL MOISTURE 200ML,1.108483833,tm
2025-06,2025-08,716654,SP LOTION NATURAL MOISTURE 200ML,0.272731762,ml
2025-06,2025-08,716654,SP LOTION NATURAL MOISTURE 200ML,4.97,tm
2025-07,2025-08,716654,SP LOTION NATURAL MOISTURE 200ML,0.03286,ml
2025-07,2025-08,716654,SP LOTION NATURAL MOISTURE 200ML,2.07,tm
2025-04,2025-09,716654,SP LOTION NATURAL MOISTURE 200ML,6.901465275,ml
2025-04,2025-09,716654,SP LOTION NATURAL MOISTURE 200ML,9.91778843,tm
2025-05,2025-09,716654,SP LOTION NATURAL MOISTURE 200ML,6.3436534,ml
2025-05,2025-09,716654,SP LOTION NATURAL MOISTURE 200ML,9.91778843,tm
2025-06,2025-09,716654,SP LOTION NATURAL MOISTURE 200ML,5.861844344,ml
2025-06,2025-09,716654,SP LOTION NATURAL MOISTURE 200ML,14.74,tm
2025-07,2025-09,716654,SP LOTION NATURAL MOISTURE 200ML,9.3432004,ml
2025-07,2025-09,716654,SP LOTION NATURAL MOISTURE 200ML,16.492800000000003,tm
2025-08,2025-09,716654,SP LOTION NATURAL MOISTURE 200ML,7.7900387,ml
2025-08,2025-09,716654,SP LOTION NATURAL MOISTURE 200ML,17.78,tm
2025-05,2025-10,716654,SP LOTION NATURAL MOISTURE 200ML,15.7717938,ml
2025-05,2025-10,716654,SP LOTION NATURAL MOISTURE 200ML,22.217265242,tm
2025-06,2025-10,716654,SP LOTION NATURAL MOISTURE 200ML,12.74495468,ml
2025-06,2025-10,716654,SP LOTION NATURAL MOISTURE 200ML,24.26,tm
2025-07,2025-10,716654,SP LOTION NATURAL MOISTURE 200ML,18.0338883,ml
2025-07,2025-10,716654,SP LOTION NATURAL MOISTURE 200ML,24.26,tm
2025-08,2025-10,716654,SP LOTION NATURAL MOISTURE 200ML,14.62812285,ml
2025-08,2025-10,716654,SP LOTION NATURAL MOISTURE 200ML,24.340000000000003,tm
2025-09,2025-10,716654,SP LOTION NATURAL MOISTURE 200ML,14.79200204,ml
2025-09,2025-10,716654,SP LOTION NATURAL MOISTURE 200ML,28.232623595,tm
2025-06,2025-11,716654,SP LOTION NATURAL MOISTURE 200ML,14.97023598,ml
2025-06,2025-11,716654,SP LOTION NATURAL MOISTURE 200ML,24.98,tm
2025-07,2025-11,716654,SP LOTION NATURAL MOISTURE 200ML,15.81649087,ml
2025-07,2025-11,716654,SP LOTION NATURAL MOISTURE 200ML,24.98,tm
2025-08,2025-11,716654,SP LOTION NATURAL MOISTURE 200ML,14.96679882,ml
2025-08,2025-11,716654,SP LOTION NATURAL MOISTURE 200ML,26.77,tm
2025-09,2025-11,716654,SP LOTION NATURAL MOISTURE 200ML,16.80871458,ml
2025-09,2025-11,716654,SP LOTION NATURAL MOISTURE 200ML,29.059937692,tm
2025-10,2025-11,716654,SP LOTION NATURAL MOISTURE 200ML,18.83030832,ml
2025-10,2025-11,716654,SP LOTION NATURAL MOISTURE 200ML,31.219937692000002,tm
2025-07,2025-12,716654,SP LOTION NATURAL MOISTURE 200ML,5.742358498,ml
2025-07,2025-12,716654,SP LOTION NATURAL MOISTURE 200ML,14.79475,tm
2025-08,2025-12,716654,SP LOTION NATURAL MOISTURE 200ML,11.00065487,ml
2025-08,2025-12,716654,SP LOTION NATURAL MOISTURE 200ML,13.010000000000002,tm
2025-09,2025-12,716654,SP LOTION NATURAL MOISTURE 200ML,6.978760326,ml
2025-09,2025-12,716654,SP LOTION NATURAL MOISTURE 200ML,16.98540398,tm
2025-10,2025-12,716654,SP LOTION NATURAL MOISTURE 200ML,8.729737325,ml
2025-10,2025-12,716654,SP LOTION NATURAL MOISTURE 200ML,19.20540398,tm
2025-11,2025-12,716654,SP LOTION NATURAL MOISTURE 200ML,6.221813514,ml
2025-11,2025-12,716654,SP LOTION NATURAL MOISTURE 200ML,17.680545723,tm
2025-08,2026-01,716654,SP LOTION NATURAL MOISTURE 200ML,0.758752889,ml
2025-08,2026-01,716654,SP LOTION NATURAL MOISTURE 200ML,1.54,tm
2025-09,2026-01,716654,SP LOTION NATURAL MOISTURE 200ML,0.756999161,ml
2025-09,2026-01,716654,SP LOTION NATURAL MOISTURE 200ML,5.469286902,tm
2025-10,2026-01,716654,SP LOTION NATURAL MOISTURE 200ML,0.0,ml
2025-10,2026-01,716654,SP LOTION NATURAL MOISTURE 200ML,5.309286902,tm
2025-11,2026-01,716654,SP LOTION NATURAL MOISTURE 200ML,0.0,ml
2025-11,2026-01,716654,SP LOTION NATURAL MOISTURE 200ML,6.785754358,tm
2025-12,2026-01,716654,SP LOTION NATURAL MOISTURE 200ML,0.935873586,ml
2025-12,2026-01,716654,SP LOTION NATURAL MOISTURE 200ML,6.281354358,tm
2025-09,2026-02,716654,SP LOTION NATURAL MOISTURE 200ML,0.317557253,ml
2025-10,2026-02,716654,SP LOTION NATURAL MOISTURE 200ML,0.285731052,ml
2025-11,2026-02,716654,SP LOTION NATURAL MOISTURE 200ML,1.45845359,ml
2025-12,2026-02,716654,SP LOTION NATURAL MOISTURE 200ML,0.0,ml
2026-01,2026-02,716654,SP LOTION NATURAL MOISTURE 200ML,0.068950794,ml
2025-10,2026-03,716654,SP LOTION NATURAL MOISTURE 200ML,0.270129745,ml
2025-11,2026-03,716654,SP LOTION NATURAL MOISTURE 200ML,1.449768505,ml
2025-12,2026-03,716654,SP LOTION NATURAL MOISTURE 200ML,0.0,ml
2026-01,2026-03,716654,SP LOTION NATURAL MOISTURE 200ML,0.0,ml
2026-02,2026-03,716654,SP LOTION NATURAL MOISTURE 200ML,0.0,ml
2025-11,2026-04,716654,SP LOTION NATURAL MOISTURE 200ML,3.590445641,ml
2025-12,2026-04,716654,SP LOTION NATURAL MOISTURE 200ML,0.0,ml
2026-01,2026-04,716654,SP LOTION NATURAL MOISTURE 200ML,0.0,ml
2026-02,2026-04,716654,SP LOTION NATURAL MOISTURE 200ML,0.085840585,ml
2026-03,2026-04,716654,SP LOTION NATURAL MOISTURE 200ML,0.043176,ml
2025-12,2026-05,716654,SP LOTION NATURAL MOISTURE 200ML,1.532600143,ml
2026-01,2026-05,716654,SP LOTION NATURAL MOISTURE 200ML,0.0,ml
2026-02,2026-05,716654,SP LOTION NATURAL MOISTURE 200ML,0.090200585,ml
2026-03,2026-05,716654,SP LOTION NATURAL MOISTURE 200ML,0.03998,ml
2026-04,2026-05,716654,SP LOTION NATURAL MOISTURE 200ML,0.037547637,ml
2026-01,2026-06,716654,SP LOTION NATURAL MOISTURE 200ML,0.0,ml
2026-02,2026-06,716654,SP LOTION NATURAL MOISTURE 200ML,0.084469815,ml
2026-03,2026-06,716654,SP LOTION NATURAL MOISTURE 200ML,0.02914,ml
2026-04,2026-06,716654,SP LOTION NATURAL MOISTURE 200ML,0.923799767,ml
2026-05,2026-06,716654,SP LOTION NATURAL MOISTURE 200ML,0.040770571,ml
2026-02,2026-07,716654,SP LOTION NATURAL MOISTURE 200ML,0.084929815,ml
2026-03,2026-07,716654,SP LOTION NATURAL MOISTURE 200ML,0.03246,ml
2026-04,2026-07,716654,SP LOTION NATURAL MOISTURE 200ML,0.917379767,ml
2026-05,2026-07,716654,SP LOTION NATURAL MOISTURE 200ML,0.045065647,ml
2026-06,2026-07,716654,SP LOTION NATURAL MOISTURE 200ML,0.040886367,ml
2026-03,2026-08,716654,SP LOTION NATURAL MOISTURE 200ML,0.0,ml
2026-04,2026-08,716654,SP LOTION NATURAL MOISTURE 200ML,1.4986318,ml
2026-04,2026-08,716654,SP LOTION NATURAL MOISTURE 200ML,0.8372579090000001,tm
2026-05,2026-08,716654,SP LOTION NATURAL MOISTURE 200ML,0.047895327,ml
2026-05,2026-08,716654,SP LOTION NATURAL MOISTURE 200ML,1.255886863,tm
2026-06,2026-08,716654,SP LOTION NATURAL MOISTURE 200ML,0.040886367,ml
2026-06,2026-08,716654,SP LOTION NATURAL MOISTURE 200ML,1.255886863,tm
2026-07,2026-08,716654,SP LOTION NATURAL MOISTURE 200ML,0.04132896656,ml
2026-07,2026-08,716654,SP LOTION NATURAL MOISTURE 200ML,1.255886863,tm
2026-04,2026-09,716654,SP LOTION NATURAL MOISTURE 200ML,15.47884243,ml
2026-04,2026-09,716654,SP LOTION NATURAL MOISTURE 200ML,8.094896818999999,tm
2026-05,2026-09,716654,SP LOTION NATURAL MOISTURE 200ML,5.364058682,ml
2026-05,2026-09,716654,SP LOTION NATURAL MOISTURE 200ML,9.713876183,tm
2026-06,2026-09,716654,SP LOTION NATURAL MOISTURE 200ML,5.967381622,ml
2026-06,2026-09,716654,SP LOTION NATURAL MOISTURE 200ML,9.713876183,tm
2026-07,2026-09,716654,SP LOTION NATURAL MOISTURE 200ML,6.276018442,ml
2026-07,2026-09,716654,SP LOTION NATURAL MOISTURE 200ML,9.713876183,tm
2026-05,2026-10,716654,SP LOTION NATURAL MOISTURE 200ML,13.13459958,ml
2026-05,2026-10,716654,SP LOTION NATURAL MOISTURE 200ML,19.197679895,tm
2026-06,2026-10,716654,SP LOTION NATURAL MOISTURE 200ML,11.14893716,ml
2026-06,2026-10,716654,SP LOTION NATURAL MOISTURE 200ML,19.197679895,tm
2026-07,2026-10,716654,SP LOTION NATURAL MOISTURE 200ML,14.007334867,ml
2026-07,2026-10,716654,SP LOTION NATURAL MOISTURE 200ML,19.197679895,tm
2026-06,2026-11,716654,SP LOTION NATURAL MOISTURE 200ML,15.23072179,ml
2026-06,2026-11,716654,SP LOTION NATURAL MOISTURE 200ML,20.56,tm
2026-07,2026-11,716654,SP LOTION NATURAL MOISTURE 200ML,15.477486846,ml
2026-07,2026-11,716654,SP LOTION NATURAL MOISTURE 200ML,20.56,tm
2026-07,2026-12,716654,SP LOTION NATURAL MOISTURE 200ML,5.088023332,ml
2026-07,2026-12,716654,SP LOTION NATURAL MOISTURE 200ML,7.702311023,tm
2025-04,2025-05,716655,SP LOTION NATURAL MOISTURE 300ML,0.04398,ml
2025-04,2025-06,716655,SP LOTION NATURAL MOISTURE 300ML,0.03288,ml
2025-05,2025-06,716655,SP LOTION NATURAL MOISTURE 300ML,0.16753,ml
2025-04,2025-07,716655,SP LOTION NATURAL MOISTURE 300ML,0.02357,ml
2025-05,2025-07,716655,SP LOTION NATURAL MOISTURE 300ML,0.0,ml
2025-06,2025-07,716655,SP LOTION NATURAL MOISTURE 300ML,0.059158654,ml
2025-04,2025-08,716655,SP LOTION NATURAL MOISTURE 300ML,0.129527374,ml
2025-04,2025-08,716655,SP LOTION NATURAL MOISTURE 300ML,0.599622085,tm
2025-05,2025-08,716655,SP LOTION NATURAL MOISTURE 300ML,0.181896918,ml
2025-05,2025-08,716655,SP LOTION NATURAL MOISTURE 300ML,0.599622085,tm
2025-06,2025-08,716655,SP LOTION NATURAL MOISTURE 300ML,0.1818047,ml
2025-06,2025-08,716655,SP LOTION NATURAL MOISTURE 300ML,0.06,tm
2025-07,2025-08,716655,SP LOTION NATURAL MOISTURE 300ML,0.04104,ml
2025-07,2025-08,716655,SP LOTION NATURAL MOISTURE 300ML,0.06,tm
2025-04,2025-09,716655,SP LOTION NATURAL MOISTURE 300ML,4.646395896,ml
2025-04,2025-09,716655,SP LOTION NATURAL MOISTURE 300ML,5.364918093,tm
2025-05,2025-09,716655,SP LOTION NATURAL MOISTURE 300ML,6.75367,ml
2025-05,2025-09,716655,SP LOTION NATURAL MOISTURE 300ML,5.364918093,tm
2025-06,2025-09,716655,SP LOTION NATURAL MOISTURE 300ML,4.449677964,ml
2025-06,2025-09,716655,SP LOTION NATURAL MOISTURE 300ML,6.01,tm
2025-07,2025-09,716655,SP LOTION NATURAL MOISTURE 300ML,6.80073,ml
2025-07,2025-09,716655,SP LOTION NATURAL MOISTURE 300ML,6.01,tm
2025-08,2025-09,716655,SP LOTION NATURAL MOISTURE 300ML,5.51873487,ml
2025-08,2025-09,716655,SP LOTION NATURAL MOISTURE 300ML,6.01,tm
2025-05,2025-10,716655,SP LOTION NATURAL MOISTURE 300ML,7.02929,ml
2025-05,2025-10,716655,SP LOTION NATURAL MOISTURE 300ML,12.018184207,tm
2025-06,2025-10,716655,SP LOTION NATURAL MOISTURE 300ML,8.184566784,ml
2025-06,2025-10,716655,SP LOTION NATURAL MOISTURE 300ML,11.79,tm
2025-07,2025-10,716655,SP LOTION NATURAL MOISTURE 300ML,6.83442,ml
2025-07,2025-10,716655,SP LOTION NATURAL MOISTURE 300ML,11.79,tm
2025-08,2025-10,716655,SP LOTION NATURAL MOISTURE 300ML,9.752802507,ml
2025-08,2025-10,716655,SP LOTION NATURAL MOISTURE 300ML,11.79,tm
2025-09,2025-10,716655,SP LOTION NATURAL MOISTURE 300ML,9.19467,ml
2025-09,2025-10,716655,SP LOTION NATURAL MOISTURE 300ML,12.330900088,tm
2025-06,2025-11,716655,SP LOTION NATURAL MOISTURE 300ML,8.275391151,ml
2025-06,2025-11,716655,SP LOTION NATURAL MOISTURE 300ML,11.75,tm
2025-07,2025-11,716655,SP LOTION NATURAL MOISTURE 300ML,8.48528343,ml
2025-07,2025-11,716655,SP LOTION NATURAL MOISTURE 300ML,11.75,tm
2025-08,2025-11,716655,SP LOTION NATURAL MOISTURE 300ML,8.275120243,ml
2025-08,2025-11,716655,SP LOTION NATURAL MOISTURE 300ML,11.75,tm
2025-09,2025-11,716655,SP LOTION NATURAL MOISTURE 300ML,8.73116391,ml
2025-09,2025-11,716655,SP LOTION NATURAL MOISTURE 300ML,12.975645742,tm
2025-10,2025-11,716655,SP LOTION NATURAL MOISTURE 300ML,8.547042421,ml
2025-10,2025-11,716655,SP LOTION NATURAL MOISTURE 300ML,13.095645742,tm
2025-07,2025-12,716655,SP LOTION NATURAL MOISTURE 300ML,2.022697912,ml
2025-07,2025-12,716655,SP LOTION NATURAL MOISTURE 300ML,5.19,tm
2025-08,2025-12,716655,SP LOTION NATURAL MOISTURE 300ML,3.839866667,ml
2025-08,2025-12,716655,SP LOTION NATURAL MOISTURE 300ML,4.76,tm
2025-09,2025-12,716655,SP LOTION NATURAL MOISTURE 300ML,3.21009,ml
2025-09,2025-12,716655,SP LOTION NATURAL MOISTURE 300ML,5.181728235,tm
2025-10,2025-12,716655,SP LOTION NATURAL MOISTURE 300ML,1.738638877,ml
2025-10,2025-12,716655,SP LOTION NATURAL MOISTURE 300ML,7.181728235,tm
2025-11,2025-12,716655,SP LOTION NATURAL MOISTURE 300ML,3.2149522,ml
2025-11,2025-12,716655,SP LOTION NATURAL MOISTURE 300ML,11.102176492,tm
2025-08,2026-01,716655,SP LOTION NATURAL MOISTURE 300ML,0.477376408,ml
2025-09,2026-01,716655,SP LOTION NATURAL MOISTURE 300ML,0.158326961,ml
2025-09,2026-01,716655,SP LOTION NATURAL MOISTURE 300ML,0.965716793,tm
2025-10,2026-01,716655,SP LOTION NATURAL MOISTURE 300ML,0.0,ml
2025-10,2026-01,716655,SP LOTION NATURAL MOISTURE 300ML,1.775716793,tm
2025-11,2026-01,716655,SP LOTION NATURAL MOISTURE 300ML,0.0,ml
2025-11,2026-01,716655,SP LOTION NATURAL MOISTURE 300ML,1.53901301,tm
2025-12,2026-01,716655,SP LOTION NATURAL MOISTURE 300ML,1.284774,ml
2025-12,2026-01,716655,SP LOTION NATURAL MOISTURE 300ML,1.84,tm
2025-09,2026-02,716655,SP LOTION NATURAL MOISTURE 300ML,0.0,ml
2025-10,2026-02,716655,SP LOTION NATURAL MOISTURE 300ML,0.0,ml
2025-11,2026-02,716655,SP LOTION NATURAL MOISTURE 300ML,3.025338947,ml
2025-12,2026-02,716655,SP LOTION NATURAL MOISTURE 300ML,0.0,ml
2026-01,2026-02,716655,SP LOTION NATURAL MOISTURE 300ML,0.556654167,ml
2025-10,2026-03,716655,SP LOTION NATURAL MOISTURE 300ML,0.0,ml
2025-11,2026-03,716655,SP LOTION NATURAL MOISTURE 300ML,2.522565789,ml
2025-12,2026-03,716655,SP LOTION NATURAL MOISTURE 300ML,0.0,ml
2026-01,2026-03,716655,SP LOTION NATURAL MOISTURE 300ML,0.0,ml
2026-02,2026-03,716655,SP LOTION NATURAL MOISTURE 300ML,0.040728,ml
2025-11,2026-04,716655,SP LOTION NATURAL MOISTURE 300ML,0.0,ml
2025-12,2026-04,716655,SP LOTION NATURAL MOISTURE 300ML,0.0,ml
2026-01,2026-04,716655,SP LOTION NATURAL MOISTURE 300ML,0.0,ml
2026-02,2026-04,716655,SP LOTION NATURAL MOISTURE 300ML,0.07065,ml
2026-03,2026-04,716655,SP LOTION NATURAL MOISTURE 300ML,0.059756254,ml
2025-12,2026-05,716655,SP LOTION NATURAL MOISTURE 300ML,1.41160535,ml
2026-01,2026-05,716655,SP LOTION NATURAL MOISTURE 300ML,0.0,ml
2026-02,2026-05,716655,SP LOTION NATURAL MOISTURE 300ML,0.051426,ml
2026-03,2026-05,716655,SP LOTION NATURAL MOISTURE 300ML,0.059756254,ml
2026-04,2026-05,716655,SP LOTION NATURAL MOISTURE 300ML,0.143021694,ml
2026-01,2026-06,716655,SP LOTION NATURAL MOISTURE 300ML,0.0,ml
2026-02,2026-06,716655,SP LOTION NATURAL MOISTURE 300ML,0.043836,ml
2026-03,2026-06,716655,SP LOTION NATURAL MOISTURE 300ML,0.059756254,ml
2026-04,2026-06,716655,SP LOTION NATURAL MOISTURE 300ML,0.097979689,ml
2026-05,2026-06,716655,SP LOTION NATURAL MOISTURE 300ML,0.0279,ml
2026-02,2026-07,716655,SP LOTION NATURAL MOISTURE 300ML,0.044604,ml
2026-03,2026-07,716655,SP LOTION NATURAL MOISTURE 300ML,0.059756254,ml
2026-04,2026-07,716655,SP LOTION NATURAL MOISTURE 300ML,0.158021539,ml
2026-05,2026-07,716655,SP LOTION NATURAL MOISTURE 300ML,0.02823,ml
2026-06,2026-07,716655,SP LOTION NATURAL MOISTURE 300ML,0.038016547,ml
2026-03,2026-08,716655,SP LOTION NATURAL MOISTURE 300ML,0.0,ml
2026-04,2026-08,716655,SP LOTION NATURAL MOISTURE 300ML,0.139450171,ml
2026-04,2026-08,716655,SP LOTION NATURAL MOISTURE 300ML,0.10917673,tm
2026-05,2026-08,716655,SP LOTION NATURAL MOISTURE 300ML,0.0,ml
2026-05,2026-08,716655,SP LOTION NATURAL MOISTURE 300ML,0.163765095,tm
2026-06,2026-08,716655,SP LOTION NATURAL MOISTURE 300ML,0.038016547,ml
2026-06,2026-08,716655,SP LOTION NATURAL MOISTURE 300ML,0.163765095,tm
2026-07,2026-08,716655,SP LOTION NATURAL MOISTURE 300ML,0.0305193985,ml
2026-07,2026-08,716655,SP LOTION NATURAL MOISTURE 300ML,0.163765095,tm
2026-04,2026-09,716655,SP LOTION NATURAL MOISTURE 300ML,4.896119524,ml
2026-04,2026-09,716655,SP LOTION NATURAL MOISTURE 300ML,5.617639009,tm
2026-05,2026-09,716655,SP LOTION NATURAL MOISTURE 300ML,2.36391,ml
2026-05,2026-09,716655,SP LOTION NATURAL MOISTURE 300ML,6.74116681,tm
2026-06,2026-09,716655,SP LOTION NATURAL MOISTURE 300ML,4.843629363,ml
2026-06,2026-09,716655,SP LOTION NATURAL MOISTURE 300ML,6.74116681,tm
2026-07,2026-09,716655,SP LOTION NATURAL MOISTURE 300ML,3.718704279,ml
2026-07,2026-09,716655,SP LOTION NATURAL MOISTURE 300ML,6.74116681,tm
2026-05,2026-10,716655,SP LOTION NATURAL MOISTURE 300ML,5.202644282,ml
2026-05,2026-10,716655,SP LOTION NATURAL MOISTURE 300ML,11.251938103,tm
2026-06,2026-10,716655,SP LOTION NATURAL MOISTURE 300ML,7.114217383,ml
2026-06,2026-10,716655,SP LOTION NATURAL MOISTURE 300ML,11.251938103,tm
2026-07,2026-10,716655,SP LOTION NATURAL MOISTURE 300ML,4.65237,ml
2026-07,2026-10,716655,SP LOTION NATURAL MOISTURE 300ML,11.251938103,tm
2026-06,2026-11,716655,SP LOTION NATURAL MOISTURE 300ML,7.181943248,ml
2026-06,2026-11,716655,SP LOTION NATURAL MOISTURE 300ML,11.76,tm
2026-07,2026-11,716655,SP LOTION NATURAL MOISTURE 300ML,6.926487829,ml
2026-07,2026-11,716655,SP LOTION NATURAL MOISTURE 300ML,11.76,tm
2026-07,2026-12,716655,SP LOTION NATURAL MOISTURE 300ML,0.9526956304,ml
2026-07,2026-12,716655,SP LOTION NATURAL MOISTURE 300ML,6.908263922,tm
2025-04,2025-05,716658,SP LOTION NATURAL WHITE 100ML,0.2329949,ml
2025-04,2025-06,716658,SP LOTION NATURAL WHITE 100ML,0.0100397,ml
2025-05,2025-06,716658,SP LOTION NATURAL WHITE 100ML,0.069786417,ml
2025-04,2025-07,716658,SP LOTION NATURAL WHITE 100ML,0.164368566,ml
2025-05,2025-07,716658,SP LOTION NATURAL WHITE 100ML,0.079277177,ml
2025-06,2025-07,716658,SP LOTION NATURAL WHITE 100ML,0.014458512,ml
2025-04,2025-08,716658,SP LOTION NATURAL WHITE 100ML,0.022508287,ml
2025-04,2025-08,716658,SP LOTION NATURAL WHITE 100ML,0.123916695,tm
2025-05,2025-08,716658,SP LOTION NATURAL WHITE 100ML,0.022260573,ml
2025-05,2025-08,716658,SP LOTION NATURAL WHITE 100ML,0.123916695,tm
2025-06,2025-08,716658,SP LOTION NATURAL WHITE 100ML,0.022178156,ml
2025-06,2025-08,716658,SP LOTION NATURAL WHITE 100ML,0.006,tm
2025-07,2025-08,716658,SP LOTION NATURAL WHITE 100ML,0.022268346,ml
2025-07,2025-08,716658,SP LOTION NATURAL WHITE 100ML,0.006,tm
2025-04,2025-09,716658,SP LOTION NATURAL WHITE 100ML,0.8146057,ml
2025-04,2025-09,716658,SP LOTION NATURAL WHITE 100ML,1.108703195,tm
2025-05,2025-09,716658,SP LOTION NATURAL WHITE 100ML,0.650100943,ml
2025-05,2025-09,716658,SP LOTION NATURAL WHITE 100ML,1.108703195,tm
2025-06,2025-09,716658,SP LOTION NATURAL WHITE 100ML,0.877897844,ml
2025-06,2025-09,716658,SP LOTION NATURAL WHITE 100ML,0.91,tm
2025-07,2025-09,716658,SP LOTION NATURAL WHITE 100ML,0.798214027,ml
2025-07,2025-09,716658,SP LOTION NATURAL WHITE 100ML,0.91,tm
2025-08,2025-09,716658,SP LOTION NATURAL WHITE 100ML,0.890429614,ml
2025-08,2025-09,716658,SP LOTION NATURAL WHITE 100ML,0.91,tm
2025-05,2025-10,716658,SP LOTION NATURAL WHITE 100ML,1.825677647,ml
2025-05,2025-10,716658,SP LOTION NATURAL WHITE 100ML,2.483653804,tm
2025-06,2025-10,716658,SP LOTION NATURAL WHITE 100ML,2.087407733,ml
2025-06,2025-10,716658,SP LOTION NATURAL WHITE 100ML,1.86,tm
2025-07,2025-10,716658,SP LOTION NATURAL WHITE 100ML,1.76469767,ml
2025-07,2025-10,716658,SP LOTION NATURAL WHITE 100ML,1.86,tm
2025-08,2025-10,716658,SP LOTION NATURAL WHITE 100ML,1.816499347,ml
2025-08,2025-10,716658,SP LOTION NATURAL WHITE 100ML,1.86,tm
2025-09,2025-10,716658,SP LOTION NATURAL WHITE 100ML,2.1470564,ml
2025-09,2025-10,716658,SP LOTION NATURAL WHITE 100ML,2.691056022,tm
2025-06,2025-11,716658,SP LOTION NATURAL WHITE 100ML,2.445145817,ml
2025-06,2025-11,716658,SP LOTION NATURAL WHITE 100ML,2.34,tm
2025-07,2025-11,716658,SP LOTION NATURAL WHITE 100ML,2.375018277,ml
2025-07,2025-11,716658,SP LOTION NATURAL WHITE 100ML,1.8808,tm
2025-08,2025-11,716658,SP LOTION NATURAL WHITE 100ML,2.444770738,ml
2025-08,2025-11,716658,SP LOTION NATURAL WHITE 100ML,2.34,tm
2025-09,2025-11,716658,SP LOTION NATURAL WHITE 100ML,2.399862145,ml
2025-09,2025-11,716658,SP LOTION NATURAL WHITE 100ML,2.56006824,tm
2025-10,2025-11,716658,SP LOTION NATURAL WHITE 100ML,2.396499906,ml
2025-10,2025-11,716658,SP LOTION NATURAL WHITE 100ML,3.27006824,tm
2025-07,2025-12,716658,SP LOTION NATURAL WHITE 100ML,0.85441299,ml
2025-07,2025-12,716658,SP LOTION NATURAL WHITE 100ML,1.9,tm
2025-08,2025-12,716658,SP LOTION NATURAL WHITE 100ML,1.070281871,ml
2025-08,2025-12,716658,SP LOTION NATURAL WHITE 100ML,1.9,tm
2025-09,2025-12,716658,SP LOTION NATURAL WHITE 100ML,0.7203649,ml
2025-09,2025-12,716658,SP LOTION NATURAL WHITE 100ML,1.459688113,tm
2025-10,2025-12,716658,SP LOTION NATURAL WHITE 100ML,0.0,ml
2025-10,2025-12,716658,SP LOTION NATURAL WHITE 100ML,1.739688113,tm
2025-11,2025-12,716658,SP LOTION NATURAL WHITE 100ML,0.63545041,ml
2025-11,2025-12,716658,SP LOTION NATURAL WHITE 100ML,2.399068188,tm
2025-08,2026-01,716658,SP LOTION NATURAL WHITE 100ML,0.106344392,ml
2025-08,2026-01,716658,SP LOTION NATURAL WHITE 100ML,0.46,tm
2025-09,2026-01,716658,SP LOTION NATURAL WHITE 100ML,0.106507826,ml
2025-09,2026-01,716658,SP LOTION NATURAL WHITE 100ML,0.346687377,tm
2025-10,2026-01,716658,SP LOTION NATURAL WHITE 100ML,0.471321323,ml
2025-10,2026-01,716658,SP LOTION NATURAL WHITE 100ML,0.346687377,tm
2025-11,2026-01,716658,SP LOTION NATURAL WHITE 100ML,0.0,ml
2025-11,2026-01,716658,SP LOTION NATURAL WHITE 100ML,0.56015324,tm
2025-12,2026-01,716658,SP LOTION NATURAL WHITE 100ML,0.131874019,ml
2025-12,2026-01,716658,SP LOTION NATURAL WHITE 100ML,0.56,tm
2025-09,2026-02,716658,SP LOTION NATURAL WHITE 100ML,0.022402287,ml
2025-10,2026-02,716658,SP LOTION NATURAL WHITE 100ML,0.012188136,ml
2025-11,2026-02,716658,SP LOTION NATURAL WHITE 100ML,0.214242778,ml
2025-12,2026-02,716658,SP LOTION NATURAL WHITE 100ML,0.240703149,ml
2026-01,2026-02,716658,SP LOTION NATURAL WHITE 100ML,0.17420364,ml
2025-10,2026-03,716658,SP LOTION NATURAL WHITE 100ML,0.003421691,ml
2025-11,2026-03,716658,SP LOTION NATURAL WHITE 100ML,0.310767995,ml
2025-12,2026-03,716658,SP LOTION NATURAL WHITE 100ML,0.423507568,ml
2026-01,2026-03,716658,SP LOTION NATURAL WHITE 100ML,0.280740498,ml
2026-02,2026-03,716658,SP LOTION NATURAL WHITE 100ML,0.010100995,ml
2025-11,2026-04,716658,SP LOTION NATURAL WHITE 100ML,0.015567761,ml
2025-12,2026-04,716658,SP LOTION NATURAL WHITE 100ML,0.204907636,ml
2026-01,2026-04,716658,SP LOTION NATURAL WHITE 100ML,0.16357118,ml
2026-02,2026-04,716658,SP LOTION NATURAL WHITE 100ML,0.028783967,ml
2026-03,2026-04,716658,SP LOTION NATURAL WHITE 100ML,0.039556,ml
2025-12,2026-05,716658,SP LOTION NATURAL WHITE 100ML,0.2854343,ml
2026-01,2026-05,716658,SP LOTION NATURAL WHITE 100ML,0.070264665,ml
2026-02,2026-05,716658,SP LOTION NATURAL WHITE 100ML,0.029455872,ml
2026-03,2026-05,716658,SP LOTION NATURAL WHITE 100ML,0.003998,ml
2026-04,2026-05,716658,SP LOTION NATURAL WHITE 100ML,0.044609761,ml
2026-01,2026-06,716658,SP LOTION NATURAL WHITE 100ML,0.003605254,ml
2026-02,2026-06,716658,SP LOTION NATURAL WHITE 100ML,0.029152539,ml
2026-03,2026-06,716658,SP LOTION NATURAL WHITE 100ML,0.003818,ml
2026-04,2026-06,716658,SP LOTION NATURAL WHITE 100ML,0.044609761,ml
2026-05,2026-06,716658,SP LOTION NATURAL WHITE 100ML,0.003640728,ml
2026-02,2026-07,716658,SP LOTION NATURAL WHITE 100ML,0.031295872,ml
2026-03,2026-07,716658,SP LOTION NATURAL WHITE 100ML,0.003892,ml
2026-04,2026-07,716658,SP LOTION NATURAL WHITE 100ML,0.044609761,ml
2026-05,2026-07,716658,SP LOTION NATURAL WHITE 100ML,0.003425669,ml
2026-06,2026-07,716658,SP LOTION NATURAL WHITE 100ML,0.005992753,ml
2026-03,2026-08,716658,SP LOTION NATURAL WHITE 100ML,0.0,ml
2026-04,2026-08,716658,SP LOTION NATURAL WHITE 100ML,0.116794428,ml
2026-05,2026-08,716658,SP LOTION NATURAL WHITE 100ML,0.038559579,ml
2026-06,2026-08,716658,SP LOTION NATURAL WHITE 100ML,0.005992753,ml
2026-07,2026-08,716658,SP LOTION NATURAL WHITE 100ML,0.03613,ml
2026-04,2026-09,716658,SP LOTION NATURAL WHITE 100ML,0.861058208,ml
2026-04,2026-09,716658,SP LOTION NATURAL WHITE 100ML,0.646056844,tm
2026-05,2026-09,716658,SP LOTION NATURAL WHITE 100ML,0.87352324,ml
2026-05,2026-09,716658,SP LOTION NATURAL WHITE 100ML,0.775268212,tm
2026-06,2026-09,716658,SP LOTION NATURAL WHITE 100ML,0.748105504,ml
2026-06,2026-09,716658,SP LOTION NATURAL WHITE 100ML,0.775268212,tm
2026-07,2026-09,716658,SP LOTION NATURAL WHITE 100ML,0.5349583687,ml
2026-07,2026-09,716658,SP LOTION NATURAL WHITE 100ML,0.775268212,tm
2026-05,2026-10,716658,SP LOTION NATURAL WHITE 100ML,1.415451392,ml
2026-05,2026-10,716658,SP LOTION NATURAL WHITE 100ML,2.641214319,tm
2026-06,2026-10,716658,SP LOTION NATURAL WHITE 100ML,1.345119629,ml
2026-06,2026-10,716658,SP LOTION NATURAL WHITE 100ML,2.641214319,tm
2026-07,2026-10,716658,SP LOTION NATURAL WHITE 100ML,2.1092965,ml
2026-07,2026-10,716658,SP LOTION NATURAL WHITE 100ML,2.641214319,tm
2026-06,2026-11,716658,SP LOTION NATURAL WHITE 100ML,2.074808372,ml
2026-06,2026-11,716658,SP LOTION NATURAL WHITE 100ML,4.08,tm
2026-07,2026-11,716658,SP LOTION NATURAL WHITE 100ML,1.996009964,ml
2026-07,2026-11,716658,SP LOTION NATURAL WHITE 100ML,4.08,tm
2026-07,2026-12,716658,SP LOTION NATURAL WHITE 100ML,0.8686865213,ml
2026-07,2026-12,716658,SP LOTION NATURAL WHITE 100ML,1.675461234,tm
2025-04,2025-05,716659,SP LOTION NATURAL WHITE 200ML,0.02524,ml
2025-04,2025-06,716659,SP LOTION NATURAL WHITE 200ML,0.02272,ml
2025-05,2025-06,716659,SP LOTION NATURAL WHITE 200ML,0.090116809,ml
2025-04,2025-07,716659,SP LOTION NATURAL WHITE 200ML,0.3750764,ml
2025-05,2025-07,716659,SP LOTION NATURAL WHITE 200ML,0.0,ml
2025-06,2025-07,716659,SP LOTION NATURAL WHITE 200ML,0.031708667,ml
2025-04,2025-08,716659,SP LOTION NATURAL WHITE 200ML,0.3744164,ml
2025-04,2025-08,716659,SP LOTION NATURAL WHITE 200ML,0.545537376,tm
2025-05,2025-08,716659,SP LOTION NATURAL WHITE 200ML,0.315246734,ml
2025-05,2025-08,716659,SP LOTION NATURAL WHITE 200ML,0.545537376,tm
2025-06,2025-08,716659,SP LOTION NATURAL WHITE 200ML,0.026934587,ml
2025-07,2025-08,716659,SP LOTION NATURAL WHITE 200ML,0.03429902,ml
2025-04,2025-09,716659,SP LOTION NATURAL WHITE 200ML,3.765203195,ml
2025-04,2025-09,716659,SP LOTION NATURAL WHITE 200ML,4.881013248,tm
2025-05,2025-09,716659,SP LOTION NATURAL WHITE 200ML,5.602353258,ml
2025-05,2025-09,716659,SP LOTION NATURAL WHITE 200ML,4.881013248,tm
2025-06,2025-09,716659,SP LOTION NATURAL WHITE 200ML,6.69264,ml
2025-06,2025-09,716659,SP LOTION NATURAL WHITE 200ML,5.7700000000000005,tm
2025-07,2025-09,716659,SP LOTION NATURAL WHITE 200ML,5.0211001,ml
2025-07,2025-09,716659,SP LOTION NATURAL WHITE 200ML,5.7700000000000005,tm
2025-08,2025-09,716659,SP LOTION NATURAL WHITE 200ML,4.497310564,ml
2025-08,2025-09,716659,SP LOTION NATURAL WHITE 200ML,5.7700000000000005,tm
2025-05,2025-10,716659,SP LOTION NATURAL WHITE 200ML,6.174833736,ml
2025-05,2025-10,716659,SP LOTION NATURAL WHITE 200ML,10.934168111,tm
2025-06,2025-10,716659,SP LOTION NATURAL WHITE 200ML,10.62955643,ml
2025-06,2025-10,716659,SP LOTION NATURAL WHITE 200ML,13.850000000000001,tm
2025-07,2025-10,716659,SP LOTION NATURAL WHITE 200ML,6.031724,ml
2025-07,2025-10,716659,SP LOTION NATURAL WHITE 200ML,13.850000000000001,tm
2025-08,2025-10,716659,SP LOTION NATURAL WHITE 200ML,8.974393586,ml
2025-08,2025-10,716659,SP LOTION NATURAL WHITE 200ML,13.850000000000001,tm
2025-09,2025-10,716659,SP LOTION NATURAL WHITE 200ML,10.02418487,ml
2025-09,2025-10,716659,SP LOTION NATURAL WHITE 200ML,14.681943067,tm
2025-06,2025-11,716659,SP LOTION NATURAL WHITE 200ML,8.419439873,ml
2025-06,2025-11,716659,SP LOTION NATURAL WHITE 200ML,14.83,tm
2025-07,2025-11,716659,SP LOTION NATURAL WHITE 200ML,10.21074213,ml
2025-07,2025-11,716659,SP LOTION NATURAL WHITE 200ML,15.289200000000001,tm
2025-08,2025-11,716659,SP LOTION NATURAL WHITE 200ML,10.10703137,ml
2025-08,2025-11,716659,SP LOTION NATURAL WHITE 200ML,15.289200000000001,tm
2025-09,2025-11,716659,SP LOTION NATURAL WHITE 200ML,10.02418487,ml
2025-09,2025-11,716659,SP LOTION NATURAL WHITE 200ML,16.916106168,tm
2025-10,2025-11,716659,SP LOTION NATURAL WHITE 200ML,11.66973101,ml
2025-10,2025-11,716659,SP LOTION NATURAL WHITE 200ML,18.146106168,tm
2025-07,2025-12,716659,SP LOTION NATURAL WHITE 200ML,2.781602643,ml
2025-07,2025-12,716659,SP LOTION NATURAL WHITE 200ML,8.550799999999999,tm
2025-08,2025-12,716659,SP LOTION NATURAL WHITE 200ML,4.538488082,ml
2025-08,2025-12,716659,SP LOTION NATURAL WHITE 200ML,7.18,tm
2025-09,2025-12,716659,SP LOTION NATURAL WHITE 200ML,4.0938519,ml
2025-09,2025-12,716659,SP LOTION NATURAL WHITE 200ML,7.096555754000001,tm
2025-10,2025-12,716659,SP LOTION NATURAL WHITE 200ML,6.927987069,ml
2025-10,2025-12,716659,SP LOTION NATURAL WHITE 200ML,9.492955753999999,tm
2025-11,2025-12,716659,SP LOTION NATURAL WHITE 200ML,3.985008795,ml
2025-11,2025-12,716659,SP LOTION NATURAL WHITE 200ML,7.2115801820000005,tm
2025-08,2026-01,716659,SP LOTION NATURAL WHITE 200ML,0.526710931,ml
2025-08,2026-01,716659,SP LOTION NATURAL WHITE 200ML,1.37,tm
2025-09,2026-01,716659,SP LOTION NATURAL WHITE 200ML,0.556032088,ml
2025-09,2026-01,716659,SP LOTION NATURAL WHITE 200ML,0.747445184,tm
2025-10,2026-01,716659,SP LOTION NATURAL WHITE 200ML,0.0,ml
2025-10,2026-01,716659,SP LOTION NATURAL WHITE 200ML,2.294645184,tm
2025-11,2026-01,716659,SP LOTION NATURAL WHITE 200ML,0.0,ml
2025-11,2026-01,716659,SP LOTION NATURAL WHITE 200ML,3.2069703460000003,tm
2025-12,2026-01,716659,SP LOTION NATURAL WHITE 200ML,1.700653,ml
2025-12,2026-01,716659,SP LOTION NATURAL WHITE 200ML,3.2069703460000003,tm
2025-09,2026-02,716659,SP LOTION NATURAL WHITE 200ML,0.008322031,ml
2025-10,2026-02,716659,SP LOTION NATURAL WHITE 200ML,0.0,ml
2025-11,2026-02,716659,SP LOTION NATURAL WHITE 200ML,1.4929848,ml
2025-12,2026-02,716659,SP LOTION NATURAL WHITE 200ML,0.0,ml
2026-01,2026-02,716659,SP LOTION NATURAL WHITE 200ML,0.119992533,ml
2025-10,2026-03,716659,SP LOTION NATURAL WHITE 200ML,0.0,ml
2025-11,2026-03,716659,SP LOTION NATURAL WHITE 200ML,1.690288121,ml
2025-12,2026-03,716659,SP LOTION NATURAL WHITE 200ML,0.0,ml
2026-01,2026-03,716659,SP LOTION NATURAL WHITE 200ML,1.208833745,ml
2026-02,2026-03,716659,SP LOTION NATURAL WHITE 200ML,0.026351429,ml
2025-11,2026-04,716659,SP LOTION NATURAL WHITE 200ML,0.0,ml
2025-12,2026-04,716659,SP LOTION NATURAL WHITE 200ML,0.0,ml
2026-01,2026-04,716659,SP LOTION NATURAL WHITE 200ML,1.594445618,ml
2026-02,2026-04,716659,SP LOTION NATURAL WHITE 200ML,0.023065714,ml
2026-03,2026-04,716659,SP LOTION NATURAL WHITE 200ML,0.024771914,ml
2025-12,2026-05,716659,SP LOTION NATURAL WHITE 200ML,0.9453192,ml
2026-01,2026-05,716659,SP LOTION NATURAL WHITE 200ML,2.032472533,ml
2026-02,2026-05,716659,SP LOTION NATURAL WHITE 200ML,0.077044857,ml
2026-03,2026-05,716659,SP LOTION NATURAL WHITE 200ML,0.024132748,ml
2026-04,2026-05,716659,SP LOTION NATURAL WHITE 200ML,0.162602399,ml
2026-01,2026-06,716659,SP LOTION NATURAL WHITE 200ML,2.277560654,ml
2026-02,2026-06,716659,SP LOTION NATURAL WHITE 200ML,0.075602,ml
2026-03,2026-06,716659,SP LOTION NATURAL WHITE 200ML,0.024132748,ml
2026-04,2026-06,716659,SP LOTION NATURAL WHITE 200ML,0.250715376,ml
2026-05,2026-06,716659,SP LOTION NATURAL WHITE 200ML,0.027033714,ml
2026-02,2026-07,716659,SP LOTION NATURAL WHITE 200ML,0.076999143,ml
2026-03,2026-07,716659,SP LOTION NATURAL WHITE 200ML,0.024132748,ml
2026-04,2026-07,716659,SP LOTION NATURAL WHITE 200ML,0.423092221,ml
2026-05,2026-07,716659,SP LOTION NATURAL WHITE 200ML,0.024862857,ml
2026-06,2026-07,716659,SP LOTION NATURAL WHITE 200ML,0.02606417,ml
2026-03,2026-08,716659,SP LOTION NATURAL WHITE 200ML,0.0,ml
2026-04,2026-08,716659,SP LOTION NATURAL WHITE 200ML,0.879560585,ml
2026-04,2026-08,716659,SP LOTION NATURAL WHITE 200ML,0.06936976,tm
2026-05,2026-08,716659,SP LOTION NATURAL WHITE 200ML,0.108930903,ml
2026-05,2026-08,716659,SP LOTION NATURAL WHITE 200ML,0.10405464,tm
2026-06,2026-08,716659,SP LOTION NATURAL WHITE 200ML,0.027552511,ml
2026-06,2026-08,716659,SP LOTION NATURAL WHITE 200ML,0.10405464,tm
2026-07,2026-08,716659,SP LOTION NATURAL WHITE 200ML,0.033536,ml
2026-07,2026-08,716659,SP LOTION NATURAL WHITE 200ML,0.10405464,tm
2026-04,2026-09,716659,SP LOTION NATURAL WHITE 200ML,4.745017398,ml
2026-04,2026-09,716659,SP LOTION NATURAL WHITE 200ML,4.448487386,tm
2026-05,2026-09,716659,SP LOTION NATURAL WHITE 200ML,4.755213729,ml
2026-05,2026-09,716659,SP LOTION NATURAL WHITE 200ML,5.338184863,tm
2026-06,2026-09,716659,SP LOTION NATURAL WHITE 200ML,3.809768941,ml
2026-06,2026-09,716659,SP LOTION NATURAL WHITE 200ML,5.3381848629999995,tm
2026-07,2026-09,716659,SP LOTION NATURAL WHITE 200ML,3.076456171,ml
2026-07,2026-09,716659,SP LOTION NATURAL WHITE 200ML,5.3381848629999995,tm
2026-05,2026-10,716659,SP LOTION NATURAL WHITE 200ML,7.661188103,ml
2026-05,2026-10,716659,SP LOTION NATURAL WHITE 200ML,10.602975847,tm
2026-06,2026-10,716659,SP LOTION NATURAL WHITE 200ML,8.511545091,ml
2026-06,2026-10,716659,SP LOTION NATURAL WHITE 200ML,10.602975847,tm
2026-07,2026-10,716659,SP LOTION NATURAL WHITE 200ML,7.8774502,ml
2026-07,2026-10,716659,SP LOTION NATURAL WHITE 200ML,10.602975847,tm
2026-06,2026-11,716659,SP LOTION NATURAL WHITE 200ML,9.235183583,ml
2026-06,2026-11,716659,SP LOTION NATURAL WHITE 200ML,11.78,tm
2026-07,2026-11,716659,SP LOTION NATURAL WHITE 200ML,9.213110244,ml
2026-07,2026-11,716659,SP LOTION NATURAL WHITE 200ML,11.78,tm
2026-07,2026-12,716659,SP LOTION NATURAL WHITE 200ML,3.031111013,ml
2026-07,2026-12,716659,SP LOTION NATURAL WHITE 200ML,4.796645084,tm
2025-04,2025-05,716660,SP LOTION NATURAL WHITE 300ML,0.203089976,ml
2025-04,2025-06,716660,SP LOTION NATURAL WHITE 300ML,0.097038143,ml
2025-05,2025-06,716660,SP LOTION NATURAL WHITE 300ML,0.10598,ml
2025-04,2025-07,716660,SP LOTION NATURAL WHITE 300ML,0.175278893,ml
2025-05,2025-07,716660,SP LOTION NATURAL WHITE 300ML,0.0,ml
2025-06,2025-07,716660,SP LOTION NATURAL WHITE 300ML,0.066628411,ml
2025-04,2025-08,716660,SP LOTION NATURAL WHITE 300ML,1.732221689,ml
2025-04,2025-08,716660,SP LOTION NATURAL WHITE 300ML,0.453315318,tm
2025-05,2025-08,716660,SP LOTION NATURAL WHITE 300ML,0.24731876,ml
2025-05,2025-08,716660,SP LOTION NATURAL WHITE 300ML,0.453315318,tm
2025-06,2025-08,716660,SP LOTION NATURAL WHITE 300ML,0.249055412,ml
2025-06,2025-08,716660,SP LOTION NATURAL WHITE 300ML,0.044,tm
2025-07,2025-08,716660,SP LOTION NATURAL WHITE 300ML,0.043312924,ml
2025-07,2025-08,716660,SP LOTION NATURAL WHITE 300ML,0.044,tm
2025-04,2025-09,716660,SP LOTION NATURAL WHITE 300ML,5.315849821,ml
2025-04,2025-09,716660,SP LOTION NATURAL WHITE 300ML,4.055887225,tm
2025-05,2025-09,716660,SP LOTION NATURAL WHITE 300ML,4.32581,ml
2025-05,2025-09,716660,SP LOTION NATURAL WHITE 300ML,4.055887225,tm
2025-06,2025-09,716660,SP LOTION NATURAL WHITE 300ML,3.872841031,ml
2025-06,2025-09,716660,SP LOTION NATURAL WHITE 300ML,3.85,tm
2025-07,2025-09,716660,SP LOTION NATURAL WHITE 300ML,3.4318632,ml
2025-07,2025-09,716660,SP LOTION NATURAL WHITE 300ML,3.85,tm
2025-08,2025-09,716660,SP LOTION NATURAL WHITE 300ML,3.235262558,ml
2025-08,2025-09,716660,SP LOTION NATURAL WHITE 300ML,3.85,tm
2025-05,2025-10,716660,SP LOTION NATURAL WHITE 300ML,5.6602,ml
2025-05,2025-10,716660,SP LOTION NATURAL WHITE 300ML,9.085767749,tm
2025-06,2025-10,716660,SP LOTION NATURAL WHITE 300ML,4.456786549,ml
2025-06,2025-10,716660,SP LOTION NATURAL WHITE 300ML,8.25,tm
2025-07,2025-10,716660,SP LOTION NATURAL WHITE 300ML,4.61568,ml
2025-07,2025-10,716660,SP LOTION NATURAL WHITE 300ML,8.25,tm
2025-08,2025-10,716660,SP LOTION NATURAL WHITE 300ML,5.798695615,ml
2025-08,2025-10,716660,SP LOTION NATURAL WHITE 300ML,8.25,tm
2025-09,2025-10,716660,SP LOTION NATURAL WHITE 300ML,5.499615161,ml
2025-09,2025-10,716660,SP LOTION NATURAL WHITE 300ML,9.548135374,tm
2025-06,2025-11,716660,SP LOTION NATURAL WHITE 300ML,4.817162996,ml
2025-06,2025-11,716660,SP LOTION NATURAL WHITE 300ML,9.26,tm
2025-07,2025-11,716660,SP LOTION NATURAL WHITE 300ML,2.606600444,ml
2025-07,2025-11,716660,SP LOTION NATURAL WHITE 300ML,9.26,tm
2025-08,2025-11,716660,SP LOTION NATURAL WHITE 300ML,4.454024746,ml
2025-08,2025-11,716660,SP LOTION NATURAL WHITE 300ML,9.26,tm
2025-09,2025-11,716660,SP LOTION NATURAL WHITE 300ML,5.508118342,ml
2025-09,2025-11,716660,SP LOTION NATURAL WHITE 300ML,10.728803268,tm
2025-10,2025-11,716660,SP LOTION NATURAL WHITE 300ML,4.889672929,ml
2025-10,2025-11,716660,SP LOTION NATURAL WHITE 300ML,10.428803268,tm
2025-07,2025-12,716660,SP LOTION NATURAL WHITE 300ML,1.464410509,ml
2025-07,2025-12,716660,SP LOTION NATURAL WHITE 300ML,4.82,tm
2025-08,2025-12,716660,SP LOTION NATURAL WHITE 300ML,3.672661597,ml
2025-08,2025-12,716660,SP LOTION NATURAL WHITE 300ML,4.82,tm
2025-09,2025-12,716660,SP LOTION NATURAL WHITE 300ML,2.813528571,ml
2025-09,2025-12,716660,SP LOTION NATURAL WHITE 300ML,4.217300449,tm
2025-10,2025-12,716660,SP LOTION NATURAL WHITE 300ML,2.166669106,ml
2025-10,2025-12,716660,SP LOTION NATURAL WHITE 300ML,5.907300449,tm
2025-11,2025-12,716660,SP LOTION NATURAL WHITE 300ML,2.115018,ml
2025-11,2025-12,716660,SP LOTION NATURAL WHITE 300ML,9.430727467,tm
2025-08,2026-01,716660,SP LOTION NATURAL WHITE 300ML,0.236515462,ml
2025-08,2026-01,716660,SP LOTION NATURAL WHITE 300ML,1.15,tm
2025-09,2026-01,716660,SP LOTION NATURAL WHITE 300ML,0.447588719,ml
2025-09,2026-01,716660,SP LOTION NATURAL WHITE 300ML,0.192906844,tm
2025-10,2026-01,716660,SP LOTION NATURAL WHITE 300ML,0.0,ml
2025-10,2026-01,716660,SP LOTION NATURAL WHITE 300ML,1.452906844,tm
2025-11,2026-01,716660,SP LOTION NATURAL WHITE 300ML,0.0,ml
2025-11,2026-01,716660,SP LOTION NATURAL WHITE 300ML,2.855558828,tm
2025-12,2026-01,716660,SP LOTION NATURAL WHITE 300ML,0.148287208,ml
2025-12,2026-01,716660,SP LOTION NATURAL WHITE 300ML,2.86428,tm
2025-09,2026-02,716660,SP LOTION NATURAL WHITE 300ML,0.218962914,ml
2025-10,2026-02,716660,SP LOTION NATURAL WHITE 300ML,0.0,ml
2025-11,2026-02,716660,SP LOTION NATURAL WHITE 300ML,1.611566,ml
2025-12,2026-02,716660,SP LOTION NATURAL WHITE 300ML,0.84126835,ml
2026-01,2026-02,716660,SP LOTION NATURAL WHITE 300ML,0.081996736,ml
2025-10,2026-03,716660,SP LOTION NATURAL WHITE 300ML,0.0,ml
2025-11,2026-03,716660,SP LOTION NATURAL WHITE 300ML,1.663456,ml
2025-12,2026-03,716660,SP LOTION NATURAL WHITE 300ML,1.736765226,ml
2026-01,2026-03,716660,SP LOTION NATURAL WHITE 300ML,0.312009766,ml
2026-02,2026-03,716660,SP LOTION NATURAL WHITE 300ML,0.056524286,ml
2025-11,2026-04,716660,SP LOTION NATURAL WHITE 300ML,0.0,ml
2025-12,2026-04,716660,SP LOTION NATURAL WHITE 300ML,0.0,ml
2026-01,2026-04,716660,SP LOTION NATURAL WHITE 300ML,0.289760214,ml
2026-02,2026-04,716660,SP LOTION NATURAL WHITE 300ML,0.064817143,ml
2026-03,2026-04,716660,SP LOTION NATURAL WHITE 300ML,0.059957412,ml
2025-12,2026-05,716660,SP LOTION NATURAL WHITE 300ML,0.320110911,ml
2026-01,2026-05,716660,SP LOTION NATURAL WHITE 300ML,0.37133199,ml
2026-02,2026-05,716660,SP LOTION NATURAL WHITE 300ML,0.071764286,ml
2026-03,2026-05,716660,SP LOTION NATURAL WHITE 300ML,0.238750261,ml
2026-04,2026-05,716660,SP LOTION NATURAL WHITE 300ML,0.183025257,ml
2026-01,2026-06,716660,SP LOTION NATURAL WHITE 300ML,0.393365757,ml
2026-02,2026-06,716660,SP LOTION NATURAL WHITE 300ML,0.0717,ml
2026-03,2026-06,716660,SP LOTION NATURAL WHITE 300ML,0.232935261,ml
2026-04,2026-06,716660,SP LOTION NATURAL WHITE 300ML,0.09744,ml
2026-05,2026-06,716660,SP LOTION NATURAL WHITE 300ML,0.02145,ml
2026-02,2026-07,716660,SP LOTION NATURAL WHITE 300ML,0.072098571,ml
2026-03,2026-07,716660,SP LOTION NATURAL WHITE 300ML,0.113600715,ml
2026-04,2026-07,716660,SP LOTION NATURAL WHITE 300ML,0.80286,ml
2026-05,2026-07,716660,SP LOTION NATURAL WHITE 300ML,0.02088,ml
2026-06,2026-07,716660,SP LOTION NATURAL WHITE 300ML,0.02656,ml
2026-03,2026-08,716660,SP LOTION NATURAL WHITE 300ML,0.0,ml
2026-04,2026-08,716660,SP LOTION NATURAL WHITE 300ML,0.17883,ml
2026-04,2026-08,716660,SP LOTION NATURAL WHITE 300ML,0.100687176,tm
2026-05,2026-08,716660,SP LOTION NATURAL WHITE 300ML,0.066762173,ml
2026-05,2026-08,716660,SP LOTION NATURAL WHITE 300ML,0.151030764,tm
2026-06,2026-08,716660,SP LOTION NATURAL WHITE 300ML,0.01691,ml
2026-06,2026-08,716660,SP LOTION NATURAL WHITE 300ML,0.151030764,tm
2026-07,2026-08,716660,SP LOTION NATURAL WHITE 300ML,0.02993,ml
2026-07,2026-08,716660,SP LOTION NATURAL WHITE 300ML,0.151030764,tm
2026-04,2026-09,716660,SP LOTION NATURAL WHITE 300ML,3.61698,ml
2026-04,2026-09,716660,SP LOTION NATURAL WHITE 300ML,2.931714219,tm
2026-05,2026-09,716660,SP LOTION NATURAL WHITE 300ML,2.57502,ml
2026-05,2026-09,716660,SP LOTION NATURAL WHITE 300ML,3.518057063,tm
2026-06,2026-09,716660,SP LOTION NATURAL WHITE 300ML,2.202206372,ml
2026-06,2026-09,716660,SP LOTION NATURAL WHITE 300ML,3.518057063,tm
2026-07,2026-09,716660,SP LOTION NATURAL WHITE 300ML,3.460805461,ml
2026-07,2026-09,716660,SP LOTION NATURAL WHITE 300ML,3.518057063,tm
2026-05,2026-10,716660,SP LOTION NATURAL WHITE 300ML,5.298796225,ml
2026-05,2026-10,716660,SP LOTION NATURAL WHITE 300ML,7.778842002,tm
2026-06,2026-10,716660,SP LOTION NATURAL WHITE 300ML,4.20239,ml
2026-06,2026-10,716660,SP LOTION NATURAL WHITE 300ML,7.778842002,tm
2026-07,2026-10,716660,SP LOTION NATURAL WHITE 300ML,4.77457,ml
2026-07,2026-10,716660,SP LOTION NATURAL WHITE 300ML,7.778842002,tm
2026-06,2026-11,716660,SP LOTION NATURAL WHITE 300ML,4.127937758,ml
2026-06,2026-11,716660,SP LOTION NATURAL WHITE 300ML,8.16,tm
2026-07,2026-11,716660,SP LOTION NATURAL WHITE 300ML,5.561290895,ml
2026-07,2026-11,716660,SP LOTION NATURAL WHITE 300ML,8.16,tm
2026-07,2026-12,716660,SP LOTION NATURAL WHITE 300ML,2.870998611,ml
2026-07,2026-12,716660,SP LOTION NATURAL WHITE 300ML,5.034260391,tm
2025-04,2025-05,716662,SP LOTION DEEP MOISTURE 200ML,0.025217046,ml
2025-04,2025-06,716662,SP LOTION DEEP MOISTURE 200ML,0.026937046,ml
2025-05,2025-06,716662,SP LOTION DEEP MOISTURE 200ML,0.022280933,ml
2025-04,2025-07,716662,SP LOTION DEEP MOISTURE 200ML,0.631479721,ml
2025-05,2025-07,716662,SP LOTION DEEP MOISTURE 200ML,0.249705167,ml
2025-06,2025-07,716662,SP LOTION DEEP MOISTURE 200ML,0.0170799,ml
2025-04,2025-08,716662,SP LOTION DEEP MOISTURE 200ML,0.150092529,ml
2025-04,2025-08,716662,SP LOTION DEEP MOISTURE 200ML,0.447698124,tm
2025-05,2025-08,716662,SP LOTION DEEP MOISTURE 200ML,0.174651329,ml
2025-05,2025-08,716662,SP LOTION DEEP MOISTURE 200ML,0.447698124,tm
2025-06,2025-08,716662,SP LOTION DEEP MOISTURE 200ML,0.1980411,ml
2025-06,2025-08,716662,SP LOTION DEEP MOISTURE 200ML,1.01,tm
2025-07,2025-08,716662,SP LOTION DEEP MOISTURE 200ML,0.0230399,ml
2025-07,2025-08,716662,SP LOTION DEEP MOISTURE 200ML,0.51,tm
2025-04,2025-09,716662,SP LOTION DEEP MOISTURE 200ML,2.842186696,ml
2025-04,2025-09,716662,SP LOTION DEEP MOISTURE 200ML,4.00562926,tm
2025-05,2025-09,716662,SP LOTION DEEP MOISTURE 200ML,2.6572722,ml
2025-05,2025-09,716662,SP LOTION DEEP MOISTURE 200ML,4.00562926,tm
2025-06,2025-09,716662,SP LOTION DEEP MOISTURE 200ML,2.6470705,ml
2025-06,2025-09,716662,SP LOTION DEEP MOISTURE 200ML,4.1499999999999995,tm
2025-07,2025-09,716662,SP LOTION DEEP MOISTURE 200ML,3.2420268,ml
2025-07,2025-09,716662,SP LOTION DEEP MOISTURE 200ML,4.1499999999999995,tm
2025-08,2025-09,716662,SP LOTION DEEP MOISTURE 200ML,1.6381351,ml
2025-08,2025-09,716662,SP LOTION DEEP MOISTURE 200ML,4.1499999999999995,tm
2025-05,2025-10,716662,SP LOTION DEEP MOISTURE 200ML,6.3056462,ml
2025-05,2025-10,716662,SP LOTION DEEP MOISTURE 200ML,8.973182717,tm
2025-06,2025-10,716662,SP LOTION DEEP MOISTURE 200ML,5.808896528,ml
2025-06,2025-10,716662,SP LOTION DEEP MOISTURE 200ML,10.2454,tm
2025-07,2025-10,716662,SP LOTION DEEP MOISTURE 200ML,5.3995676,ml
2025-07,2025-10,716662,SP LOTION DEEP MOISTURE 200ML,10.2454,tm
2025-08,2025-10,716662,SP LOTION DEEP MOISTURE 200ML,6.437543699,ml
2025-08,2025-10,716662,SP LOTION DEEP MOISTURE 200ML,10.290000000000001,tm
2025-09,2025-10,716662,SP LOTION DEEP MOISTURE 200ML,6.42248809,ml
2025-09,2025-10,716662,SP LOTION DEEP MOISTURE 200ML,12.037241226999999,tm
2025-06,2025-11,716662,SP LOTION DEEP MOISTURE 200ML,7.022900665,ml
2025-06,2025-11,716662,SP LOTION DEEP MOISTURE 200ML,12.656,tm
2025-07,2025-11,716662,SP LOTION DEEP MOISTURE 200ML,7.050687312,ml
2025-07,2025-11,716662,SP LOTION DEEP MOISTURE 200ML,12.656,tm
2025-08,2025-11,716662,SP LOTION DEEP MOISTURE 200ML,6.99211801,ml
2025-08,2025-11,716662,SP LOTION DEEP MOISTURE 200ML,12.74,tm
2025-09,2025-11,716662,SP LOTION DEEP MOISTURE 200ML,7.049973839,ml
2025-09,2025-11,716662,SP LOTION DEEP MOISTURE 200ML,12.068077924999999,tm
2025-10,2025-11,716662,SP LOTION DEEP MOISTURE 200ML,6.992320546,ml
2025-10,2025-11,716662,SP LOTION DEEP MOISTURE 200ML,12.818077925,tm
2025-07,2025-12,716662,SP LOTION DEEP MOISTURE 200ML,3.127184761,ml
2025-07,2025-12,716662,SP LOTION DEEP MOISTURE 200ML,6.3500000000000005,tm
2025-08,2025-12,716662,SP LOTION DEEP MOISTURE 200ML,1.4189168,ml
2025-08,2025-12,716662,SP LOTION DEEP MOISTURE 200ML,6.32,tm
2025-09,2025-12,716662,SP LOTION DEEP MOISTURE 200ML,1.771347345,ml
2025-09,2025-12,716662,SP LOTION DEEP MOISTURE 200ML,6.647500967999999,tm
2025-10,2025-12,716662,SP LOTION DEEP MOISTURE 200ML,2.444995307,ml
2025-10,2025-12,716662,SP LOTION DEEP MOISTURE 200ML,8.907500967999999,tm
2025-11,2025-12,716662,SP LOTION DEEP MOISTURE 200ML,2.3546908,ml
2025-11,2025-12,716662,SP LOTION DEEP MOISTURE 200ML,6.815684774999999,tm
2025-08,2026-01,716662,SP LOTION DEEP MOISTURE 200ML,0.265081801,ml
2025-08,2026-01,716662,SP LOTION DEEP MOISTURE 200ML,0.84,tm
2025-09,2026-01,716662,SP LOTION DEEP MOISTURE 200ML,0.20739159,ml
2025-09,2026-01,716662,SP LOTION DEEP MOISTURE 200ML,1.29521247,tm
2025-10,2026-01,716662,SP LOTION DEEP MOISTURE 200ML,1.207683033,ml
2025-10,2026-01,716662,SP LOTION DEEP MOISTURE 200ML,2.51521247,tm
2025-11,2026-01,716662,SP LOTION DEEP MOISTURE 200ML,0.943023488,ml
2025-11,2026-01,716662,SP LOTION DEEP MOISTURE 200ML,1.7629502830000001,tm
2025-12,2026-01,716662,SP LOTION DEEP MOISTURE 200ML,0.342336915,ml
2025-12,2026-01,716662,SP LOTION DEEP MOISTURE 200ML,1.7600000000000002,tm
2025-09,2026-02,716662,SP LOTION DEEP MOISTURE 200ML,0.028966272,ml
2025-10,2026-02,716662,SP LOTION DEEP MOISTURE 200ML,2.022322949,ml
2025-11,2026-02,716662,SP LOTION DEEP MOISTURE 200ML,1.609366933,ml
2025-12,2026-02,716662,SP LOTION DEEP MOISTURE 200ML,1.034084023,ml
2026-01,2026-02,716662,SP LOTION DEEP MOISTURE 200ML,0.188162364,ml
2025-10,2026-03,716662,SP LOTION DEEP MOISTURE 200ML,2.350839077,ml
2025-11,2026-03,716662,SP LOTION DEEP MOISTURE 200ML,3.3918867,ml
2025-12,2026-03,716662,SP LOTION DEEP MOISTURE 200ML,1.076243053,ml
2026-01,2026-03,716662,SP LOTION DEEP MOISTURE 200ML,0.16046317,ml
2026-02,2026-03,716662,SP LOTION DEEP MOISTURE 200ML,0.022102263,ml
2025-11,2026-04,716662,SP LOTION DEEP MOISTURE 200ML,2.193125474,ml
2025-12,2026-04,716662,SP LOTION DEEP MOISTURE 200ML,2.877576742,ml
2026-01,2026-04,716662,SP LOTION DEEP MOISTURE 200ML,0.170389641,ml
2026-02,2026-04,716662,SP LOTION DEEP MOISTURE 200ML,0.01622,ml
2026-03,2026-04,716662,SP LOTION DEEP MOISTURE 200ML,0.02124,ml
2025-12,2026-05,716662,SP LOTION DEEP MOISTURE 200ML,0.363813831,ml
2026-01,2026-05,716662,SP LOTION DEEP MOISTURE 200ML,0.165650072,ml
2026-02,2026-05,716662,SP LOTION DEEP MOISTURE 200ML,0.0218,ml
2026-03,2026-05,716662,SP LOTION DEEP MOISTURE 200ML,0.0216399,ml
2026-04,2026-05,716662,SP LOTION DEEP MOISTURE 200ML,0.07336,ml
2026-01,2026-06,716662,SP LOTION DEEP MOISTURE 200ML,0.166628812,ml
2026-02,2026-06,716662,SP LOTION DEEP MOISTURE 200ML,0.0241,ml
2026-03,2026-06,716662,SP LOTION DEEP MOISTURE 200ML,0.020908,ml
2026-04,2026-06,716662,SP LOTION DEEP MOISTURE 200ML,0.08236,ml
2026-05,2026-06,716662,SP LOTION DEEP MOISTURE 200ML,0.020014834,ml
2026-02,2026-07,716662,SP LOTION DEEP MOISTURE 200ML,0.02552,ml
2026-03,2026-07,716662,SP LOTION DEEP MOISTURE 200ML,0.022668,ml
2026-04,2026-07,716662,SP LOTION DEEP MOISTURE 200ML,0.02928,ml
2026-05,2026-07,716662,SP LOTION DEEP MOISTURE 200ML,0.043520626,ml
2026-06,2026-07,716662,SP LOTION DEEP MOISTURE 200ML,0.02014552,ml
2026-03,2026-08,716662,SP LOTION DEEP MOISTURE 200ML,0.141973755,ml
2026-04,2026-08,716662,SP LOTION DEEP MOISTURE 200ML,0.04954,ml
2026-04,2026-08,716662,SP LOTION DEEP MOISTURE 200ML,0.06375732,tm
2026-05,2026-08,716662,SP LOTION DEEP MOISTURE 200ML,0.069728089,ml
2026-05,2026-08,716662,SP LOTION DEEP MOISTURE 200ML,0.09563598000000001,tm
2026-06,2026-08,716662,SP LOTION DEEP MOISTURE 200ML,0.019911076,ml
2026-06,2026-08,716662,SP LOTION DEEP MOISTURE 200ML,0.09563598000000001,tm
2026-07,2026-08,716662,SP LOTION DEEP MOISTURE 200ML,0.01943173333,ml
2026-07,2026-08,716662,SP LOTION DEEP MOISTURE 200ML,0.09563598000000001,tm
2026-04,2026-09,716662,SP LOTION DEEP MOISTURE 200ML,4.597913,ml
2026-04,2026-09,716662,SP LOTION DEEP MOISTURE 200ML,3.931200005,tm
2026-05,2026-09,716662,SP LOTION DEEP MOISTURE 200ML,2.785928326,ml
2026-05,2026-09,716662,SP LOTION DEEP MOISTURE 200ML,4.717440006,tm
2026-06,2026-09,716662,SP LOTION DEEP MOISTURE 200ML,2.375877807,ml
2026-06,2026-09,716662,SP LOTION DEEP MOISTURE 200ML,4.717440006,tm
2026-07,2026-09,716662,SP LOTION DEEP MOISTURE 200ML,2.694065224,ml
2026-07,2026-09,716662,SP LOTION DEEP MOISTURE 200ML,4.717440006,tm
2026-05,2026-10,716662,SP LOTION DEEP MOISTURE 200ML,6.13239449,ml
2026-05,2026-10,716662,SP LOTION DEEP MOISTURE 200ML,8.793840572,tm
2026-06,2026-10,716662,SP LOTION DEEP MOISTURE 200ML,6.619967454,ml
2026-06,2026-10,716662,SP LOTION DEEP MOISTURE 200ML,8.793840572,tm
2026-07,2026-10,716662,SP LOTION DEEP MOISTURE 200ML,7.104366073,ml
2026-07,2026-10,716662,SP LOTION DEEP MOISTURE 200ML,8.793840572,tm
2026-06,2026-11,716662,SP LOTION DEEP MOISTURE 200ML,6.973428102,ml
2026-06,2026-11,716662,SP LOTION DEEP MOISTURE 200ML,9.99,tm
2026-07,2026-11,716662,SP LOTION DEEP MOISTURE 200ML,6.902868023,ml
2026-07,2026-11,716662,SP LOTION DEEP MOISTURE 200ML,9.99,tm
2026-07,2026-12,716662,SP LOTION DEEP MOISTURE 200ML,2.604413779,ml
2026-07,2026-12,716662,SP LOTION DEEP MOISTURE 200ML,7.501757943,tm
2025-04,2025-05,716663,SP LOTION DEEP MOISTURE 300ML,0.011559845,ml
2025-04,2025-06,716663,SP LOTION DEEP MOISTURE 300ML,0.118605461,ml
2025-05,2025-06,716663,SP LOTION DEEP MOISTURE 300ML,0.02067,ml
2025-04,2025-07,716663,SP LOTION DEEP MOISTURE 300ML,0.351791884,ml
2025-05,2025-07,716663,SP LOTION DEEP MOISTURE 300ML,0.31943594,ml
2025-06,2025-07,716663,SP LOTION DEEP MOISTURE 300ML,0.02115,ml
2025-04,2025-08,716663,SP LOTION DEEP MOISTURE 300ML,0.018819592,ml
2025-04,2025-08,716663,SP LOTION DEEP MOISTURE 300ML,0.362432878,tm
2025-05,2025-08,716663,SP LOTION DEEP MOISTURE 300ML,0.042157684,ml
2025-05,2025-08,716663,SP LOTION DEEP MOISTURE 300ML,0.362432878,tm
2025-06,2025-08,716663,SP LOTION DEEP MOISTURE 300ML,0.036213491,ml
2025-06,2025-08,716663,SP LOTION DEEP MOISTURE 300ML,0.12,tm
2025-07,2025-08,716663,SP LOTION DEEP MOISTURE 300ML,0.042702857,ml
2025-07,2025-08,716663,SP LOTION DEEP MOISTURE 300ML,0.12,tm
2025-04,2025-09,716663,SP LOTION DEEP MOISTURE 300ML,2.244038303,ml
2025-04,2025-09,716663,SP LOTION DEEP MOISTURE 300ML,3.242746982,tm
2025-05,2025-09,716663,SP LOTION DEEP MOISTURE 300ML,2.64129,ml
2025-05,2025-09,716663,SP LOTION DEEP MOISTURE 300ML,3.242746982,tm
2025-06,2025-09,716663,SP LOTION DEEP MOISTURE 300ML,2.00424,ml
2025-06,2025-09,716663,SP LOTION DEEP MOISTURE 300ML,2.77,tm
2025-07,2025-09,716663,SP LOTION DEEP MOISTURE 300ML,2.220964286,ml
2025-07,2025-09,716663,SP LOTION DEEP MOISTURE 300ML,2.77,tm
2025-08,2025-09,716663,SP LOTION DEEP MOISTURE 300ML,2.476263121,ml
2025-08,2025-09,716663,SP LOTION DEEP MOISTURE 300ML,2.77,tm
2025-05,2025-10,716663,SP LOTION DEEP MOISTURE 300ML,3.03105,ml
2025-05,2025-10,716663,SP LOTION DEEP MOISTURE 300ML,7.264217251,tm
2025-06,2025-10,716663,SP LOTION DEEP MOISTURE 300ML,3.722240649,ml
2025-06,2025-10,716663,SP LOTION DEEP MOISTURE 300ML,7.07,tm
2025-07,2025-10,716663,SP LOTION DEEP MOISTURE 300ML,2.774965714,ml
2025-07,2025-10,716663,SP LOTION DEEP MOISTURE 300ML,7.07,tm
2025-08,2025-10,716663,SP LOTION DEEP MOISTURE 300ML,4.629400198,ml
2025-08,2025-10,716663,SP LOTION DEEP MOISTURE 300ML,7.07,tm
2025-09,2025-10,716663,SP LOTION DEEP MOISTURE 300ML,4.551265111,ml
2025-09,2025-10,716663,SP LOTION DEEP MOISTURE 300ML,7.851291511,tm
2025-06,2025-11,716663,SP LOTION DEEP MOISTURE 300ML,4.064850455,ml
2025-06,2025-11,716663,SP LOTION DEEP MOISTURE 300ML,7.04,tm
2025-07,2025-11,716663,SP LOTION DEEP MOISTURE 300ML,4.54943808,ml
2025-07,2025-11,716663,SP LOTION DEEP MOISTURE 300ML,7.04,tm
2025-08,2025-11,716663,SP LOTION DEEP MOISTURE 300ML,4.022739511,ml
2025-08,2025-11,716663,SP LOTION DEEP MOISTURE 300ML,7.04,tm
2025-09,2025-11,716663,SP LOTION DEEP MOISTURE 300ML,4.46345592,ml
2025-09,2025-11,716663,SP LOTION DEEP MOISTURE 300ML,7.936354822,tm
2025-10,2025-11,716663,SP LOTION DEEP MOISTURE 300ML,3.701585003,ml
2025-10,2025-11,716663,SP LOTION DEEP MOISTURE 300ML,7.986354822,tm
2025-07,2025-12,716663,SP LOTION DEEP MOISTURE 300ML,1.296067905,ml
2025-07,2025-12,716663,SP LOTION DEEP MOISTURE 300ML,3.53,tm
2025-08,2025-12,716663,SP LOTION DEEP MOISTURE 300ML,1.912627018,ml
2025-08,2025-12,716663,SP LOTION DEEP MOISTURE 300ML,3.53,tm
2025-09,2025-12,716663,SP LOTION DEEP MOISTURE 300ML,1.09734,ml
2025-09,2025-12,716663,SP LOTION DEEP MOISTURE 300ML,2.996167484,tm
2025-10,2025-12,716663,SP LOTION DEEP MOISTURE 300ML,1.691855522,ml
2025-10,2025-12,716663,SP LOTION DEEP MOISTURE 300ML,4.286167484,tm
2025-11,2025-12,716663,SP LOTION DEEP MOISTURE 300ML,1.417627059,ml
2025-11,2025-12,716663,SP LOTION DEEP MOISTURE 300ML,4.816139665,tm
2025-08,2026-01,716663,SP LOTION DEEP MOISTURE 300ML,0.229414281,ml
2025-08,2026-01,716663,SP LOTION DEEP MOISTURE 300ML,1.4,tm
2025-09,2026-01,716663,SP LOTION DEEP MOISTURE 300ML,0.186022732,ml
2025-09,2026-01,716663,SP LOTION DEEP MOISTURE 300ML,0.315376617,tm
2025-10,2026-01,716663,SP LOTION DEEP MOISTURE 300ML,0.179730774,ml
2025-10,2026-01,716663,SP LOTION DEEP MOISTURE 300ML,0.915376617,tm
2025-11,2026-01,716663,SP LOTION DEEP MOISTURE 300ML,1.151438897,ml
2025-11,2026-01,716663,SP LOTION DEEP MOISTURE 300ML,2.804469793,tm
2025-12,2026-01,716663,SP LOTION DEEP MOISTURE 300ML,0.56046,ml
2025-12,2026-01,716663,SP LOTION DEEP MOISTURE 300ML,1.7,tm
2025-09,2026-02,716663,SP LOTION DEEP MOISTURE 300ML,0.0,ml
2025-10,2026-02,716663,SP LOTION DEEP MOISTURE 300ML,0.0,ml
2025-11,2026-02,716663,SP LOTION DEEP MOISTURE 300ML,0.408952941,ml
2025-12,2026-02,716663,SP LOTION DEEP MOISTURE 300ML,0.320684493,ml
2026-01,2026-02,716663,SP LOTION DEEP MOISTURE 300ML,0.01806,ml
2025-10,2026-03,716663,SP LOTION DEEP MOISTURE 300ML,0.0,ml
2025-11,2026-03,716663,SP LOTION DEEP MOISTURE 300ML,0.408457059,ml
2025-12,2026-03,716663,SP LOTION DEEP MOISTURE 300ML,0.219257996,ml
2026-01,2026-03,716663,SP LOTION DEEP MOISTURE 300ML,0.0,ml
2026-02,2026-03,716663,SP LOTION DEEP MOISTURE 300ML,0.024614777,ml
2025-11,2026-04,716663,SP LOTION DEEP MOISTURE 300ML,2.149252538,ml
2025-12,2026-04,716663,SP LOTION DEEP MOISTURE 300ML,0.0,ml
2026-01,2026-04,716663,SP LOTION DEEP MOISTURE 300ML,0.0,ml
2026-02,2026-04,716663,SP LOTION DEEP MOISTURE 300ML,0.024614777,ml
2026-03,2026-04,716663,SP LOTION DEEP MOISTURE 300ML,0.025506667,ml
2025-12,2026-05,716663,SP LOTION DEEP MOISTURE 300ML,0.639828,ml
2026-01,2026-05,716663,SP LOTION DEEP MOISTURE 300ML,0.0,ml
2026-02,2026-05,716663,SP LOTION DEEP MOISTURE 300ML,0.024614777,ml
2026-03,2026-05,716663,SP LOTION DEEP MOISTURE 300ML,0.025056667,ml
2026-04,2026-05,716663,SP LOTION DEEP MOISTURE 300ML,0.306480205,ml
2026-01,2026-06,716663,SP LOTION DEEP MOISTURE 300ML,0.0,ml
2026-02,2026-06,716663,SP LOTION DEEP MOISTURE 300ML,0.108587191,ml
2026-03,2026-06,716663,SP LOTION DEEP MOISTURE 300ML,0.023713333,ml
2026-04,2026-06,716663,SP LOTION DEEP MOISTURE 300ML,0.110740519,ml
2026-05,2026-06,716663,SP LOTION DEEP MOISTURE 300ML,0.029944286,ml
2026-02,2026-07,716663,SP LOTION DEEP MOISTURE 300ML,0.024614777,ml
2026-03,2026-07,716663,SP LOTION DEEP MOISTURE 300ML,0.025123333,ml
2026-04,2026-07,716663,SP LOTION DEEP MOISTURE 300ML,0.109237057,ml
2026-05,2026-07,716663,SP LOTION DEEP MOISTURE 300ML,0.03141,ml
2026-06,2026-07,716663,SP LOTION DEEP MOISTURE 300ML,0.024523846,ml
2026-03,2026-08,716663,SP LOTION DEEP MOISTURE 300ML,0.0,ml
2026-04,2026-08,716663,SP LOTION DEEP MOISTURE 300ML,0.108990162,ml
2026-04,2026-08,716663,SP LOTION DEEP MOISTURE 300ML,0.114830525,tm
2026-05,2026-08,716663,SP LOTION DEEP MOISTURE 300ML,0.0,ml
2026-05,2026-08,716663,SP LOTION DEEP MOISTURE 300ML,0.172245787,tm
2026-06,2026-08,716663,SP LOTION DEEP MOISTURE 300ML,0.024523846,ml
2026-06,2026-08,716663,SP LOTION DEEP MOISTURE 300ML,0.172245787,tm
2026-07,2026-08,716663,SP LOTION DEEP MOISTURE 300ML,0.007338638889,ml
2026-07,2026-08,716663,SP LOTION DEEP MOISTURE 300ML,0.172245787,tm
2026-04,2026-09,716663,SP LOTION DEEP MOISTURE 300ML,3.271661538,ml
2026-04,2026-09,716663,SP LOTION DEEP MOISTURE 300ML,3.064055557,tm
2026-05,2026-09,716663,SP LOTION DEEP MOISTURE 300ML,1.67262,ml
2026-05,2026-09,716663,SP LOTION DEEP MOISTURE 300ML,3.676866669,tm
2026-06,2026-09,716663,SP LOTION DEEP MOISTURE 300ML,2.44167404,ml
2026-06,2026-09,716663,SP LOTION DEEP MOISTURE 300ML,3.676866669,tm
2026-07,2026-09,716663,SP LOTION DEEP MOISTURE 300ML,2.168074485,ml
2026-07,2026-09,716663,SP LOTION DEEP MOISTURE 300ML,3.676866669,tm
2026-05,2026-10,716663,SP LOTION DEEP MOISTURE 300ML,4.365522891,ml
2026-05,2026-10,716663,SP LOTION DEEP MOISTURE 300ML,6.813726799,tm
2026-06,2026-10,716663,SP LOTION DEEP MOISTURE 300ML,4.238859231,ml
2026-06,2026-10,716663,SP LOTION DEEP MOISTURE 300ML,6.813726799,tm
2026-07,2026-10,716663,SP LOTION DEEP MOISTURE 300ML,4.33808,ml
2026-07,2026-10,716663,SP LOTION DEEP MOISTURE 300ML,6.813726799,tm
2026-06,2026-11,716663,SP LOTION DEEP MOISTURE 300ML,4.042312679,ml
2026-06,2026-11,716663,SP LOTION DEEP MOISTURE 300ML,8.44,tm
2026-07,2026-11,716663,SP LOTION DEEP MOISTURE 300ML,4.385494666,ml
2026-07,2026-11,716663,SP LOTION DEEP MOISTURE 300ML,8.44,tm
2026-07,2026-12,716663,SP LOTION DEEP MOISTURE 300ML,1.503246063,ml
2026-07,2026-12,716663,SP LOTION DEEP MOISTURE 300ML,3.011028692,tm
2025-04,2025-05,716830,PCNO 500ml EJ - (PB) NEW,1.128023554,ml
2025-04,2025-05,716830,PCNO 500ml EJ - (PB) NEW,2.0,tm
2025-04,2025-06,716830,PCNO 500ml EJ - (PB) NEW,1.512714286,ml
2025-04,2025-06,716830,PCNO 500ml EJ - (PB) NEW,0.889162411,tm
2025-05,2025-06,716830,PCNO 500ml EJ - (PB) NEW,1.711766667,ml
2025-05,2025-06,716830,PCNO 500ml EJ - (PB) NEW,0.889162411,tm
2025-04,2025-07,716830,PCNO 500ml EJ - (PB) NEW,2.021014946,ml
2025-04,2025-07,716830,PCNO 500ml EJ - (PB) NEW,1.330491057,tm
2025-05,2025-07,716830,PCNO 500ml EJ - (PB) NEW,1.77755,ml
2025-05,2025-07,716830,PCNO 500ml EJ - (PB) NEW,1.330491057,tm
2025-06,2025-07,716830,PCNO 500ml EJ - (PB) NEW,1.948489298,ml
2025-06,2025-07,716830,PCNO 500ml EJ - (PB) NEW,1.330491057,tm
2025-04,2025-08,716830,PCNO 500ml EJ - (PB) NEW,0.930104284,ml
2025-04,2025-08,716830,PCNO 500ml EJ - (PB) NEW,1.498883838,tm
2025-05,2025-08,716830,PCNO 500ml EJ - (PB) NEW,1.78595,ml
2025-05,2025-08,716830,PCNO 500ml EJ - (PB) NEW,1.498883838,tm
2025-06,2025-08,716830,PCNO 500ml EJ - (PB) NEW,2.130661131,ml
2025-06,2025-08,716830,PCNO 500ml EJ - (PB) NEW,1.498883838,tm
2025-07,2025-08,716830,PCNO 500ml EJ - (PB) NEW,1.953378373,ml
2025-07,2025-08,716830,PCNO 500ml EJ - (PB) NEW,1.498883838,tm
2025-04,2025-09,716830,PCNO 500ml EJ - (PB) NEW,3.543017391,ml
2025-04,2025-09,716830,PCNO 500ml EJ - (PB) NEW,7.0,tm
2025-05,2025-09,716830,PCNO 500ml EJ - (PB) NEW,3.427383333,ml
2025-05,2025-09,716830,PCNO 500ml EJ - (PB) NEW,7.0,tm
2025-06,2025-09,716830,PCNO 500ml EJ - (PB) NEW,4.270101828,ml
2025-06,2025-09,716830,PCNO 500ml EJ - (PB) NEW,7.0,tm
2025-07,2025-09,716830,PCNO 500ml EJ - (PB) NEW,4.708545238,ml
2025-07,2025-09,716830,PCNO 500ml EJ - (PB) NEW,7.0,tm
2025-08,2025-09,716830,PCNO 500ml EJ - (PB) NEW,5.3773,ml
2025-08,2025-09,716830,PCNO 500ml EJ - (PB) NEW,7.0,tm
2025-05,2025-10,716830,PCNO 500ml EJ - (PB) NEW,11.6348744,ml
2025-05,2025-10,716830,PCNO 500ml EJ - (PB) NEW,18.0,tm
2025-06,2025-10,716830,PCNO 500ml EJ - (PB) NEW,10.91042152,ml
2025-06,2025-10,716830,PCNO 500ml EJ - (PB) NEW,18.0,tm
2025-07,2025-10,716830,PCNO 500ml EJ - (PB) NEW,12.0189881,ml
2025-07,2025-10,716830,PCNO 500ml EJ - (PB) NEW,18.0,tm
2025-08,2025-10,716830,PCNO 500ml EJ - (PB) NEW,10.08328408,ml
2025-08,2025-10,716830,PCNO 500ml EJ - (PB) NEW,18.0,tm
2025-09,2025-10,716830,PCNO 500ml EJ - (PB) NEW,7.932124733,ml
2025-09,2025-10,716830,PCNO 500ml EJ - (PB) NEW,18.0,tm
2025-06,2025-11,716830,PCNO 500ml EJ - (PB) NEW,14.32914582,ml
2025-06,2025-11,716830,PCNO 500ml EJ - (PB) NEW,25.5,tm
2025-07,2025-11,716830,PCNO 500ml EJ - (PB) NEW,17.81126249,ml
2025-07,2025-11,716830,PCNO 500ml EJ - (PB) NEW,25.5,tm
2025-08,2025-11,716830,PCNO 500ml EJ - (PB) NEW,14.62591055,ml
2025-08,2025-11,716830,PCNO 500ml EJ - (PB) NEW,25.5,tm
2025-09,2025-11,716830,PCNO 500ml EJ - (PB) NEW,13.57127395,ml
2025-09,2025-11,716830,PCNO 500ml EJ - (PB) NEW,25.5,tm
2025-10,2025-11,716830,PCNO 500ml EJ - (PB) NEW,16.96879983,ml
2025-10,2025-11,716830,PCNO 500ml EJ - (PB) NEW,24.0,tm
2025-07,2025-12,716830,PCNO 500ml EJ - (PB) NEW,14.24396579,ml
2025-07,2025-12,716830,PCNO 500ml EJ - (PB) NEW,15.0,tm
2025-08,2025-12,716830,PCNO 500ml EJ - (PB) NEW,13.55982771,ml
2025-08,2025-12,716830,PCNO 500ml EJ - (PB) NEW,15.0,tm
2025-09,2025-12,716830,PCNO 500ml EJ - (PB) NEW,3.214156685,ml
2025-09,2025-12,716830,PCNO 500ml EJ - (PB) NEW,15.0,tm
2025-10,2025-12,716830,PCNO 500ml EJ - (PB) NEW,10.95562376,ml
2025-10,2025-12,716830,PCNO 500ml EJ - (PB) NEW,14.5,tm
2025-11,2025-12,716830,PCNO 500ml EJ - (PB) NEW,14.02210362,ml
2025-11,2025-12,716830,PCNO 500ml EJ - (PB) NEW,14.5,tm
2025-08,2026-01,716830,PCNO 500ml EJ - (PB) NEW,6.856861784,ml
2025-08,2026-01,716830,PCNO 500ml EJ - (PB) NEW,5.0,tm
2025-09,2026-01,716830,PCNO 500ml EJ - (PB) NEW,6.468493411,ml
2025-09,2026-01,716830,PCNO 500ml EJ - (PB) NEW,5.0,tm
2025-10,2026-01,716830,PCNO 500ml EJ - (PB) NEW,4.019163802,ml
2025-10,2026-01,716830,PCNO 500ml EJ - (PB) NEW,3.0,tm
2025-11,2026-01,716830,PCNO 500ml EJ - (PB) NEW,5.905401623,ml
2025-11,2026-01,716830,PCNO 500ml EJ - (PB) NEW,10.0,tm
2025-12,2026-01,716830,PCNO 500ml EJ - (PB) NEW,5.100564859,ml
2025-12,2026-01,716830,PCNO 500ml EJ - (PB) NEW,8.5,tm
2025-09,2026-02,716830,PCNO 500ml EJ - (PB) NEW,3.873125259,ml
2025-09,2026-02,716830,PCNO 500ml EJ - (PB) NEW,2.0,tm
2025-10,2026-02,716830,PCNO 500ml EJ - (PB) NEW,0.0,ml
2025-10,2026-02,716830,PCNO 500ml EJ - (PB) NEW,2.0,tm
2025-11,2026-02,716830,PCNO 500ml EJ - (PB) NEW,7.852618155,ml
2025-11,2026-02,716830,PCNO 500ml EJ - (PB) NEW,2.5,tm
2025-12,2026-02,716830,PCNO 500ml EJ - (PB) NEW,0.0,ml
2025-12,2026-02,716830,PCNO 500ml EJ - (PB) NEW,2.5,tm
2026-01,2026-02,716830,PCNO 500ml EJ - (PB) NEW,1.020622325,ml
2026-01,2026-02,716830,PCNO 500ml EJ - (PB) NEW,2.5,tm
2025-10,2026-03,716830,PCNO 500ml EJ - (PB) NEW,1.834645441,ml
2025-10,2026-03,716830,PCNO 500ml EJ - (PB) NEW,2.0,tm
2025-11,2026-03,716830,PCNO 500ml EJ - (PB) NEW,8.799607802,ml
2025-11,2026-03,716830,PCNO 500ml EJ - (PB) NEW,2.0,tm
2025-12,2026-03,716830,PCNO 500ml EJ - (PB) NEW,1.739714529,ml
2025-12,2026-03,716830,PCNO 500ml EJ - (PB) NEW,2.0,tm
2026-01,2026-03,716830,PCNO 500ml EJ - (PB) NEW,1.862098884,ml
2026-01,2026-03,716830,PCNO 500ml EJ - (PB) NEW,2.0,tm
2026-02,2026-03,716830,PCNO 500ml EJ - (PB) NEW,2.503439212,ml
2026-02,2026-03,716830,PCNO 500ml EJ - (PB) NEW,2.0,tm
2025-11,2026-04,716830,PCNO 500ml EJ - (PB) NEW,8.855645904,ml
2025-11,2026-04,716830,PCNO 500ml EJ - (PB) NEW,1.0,tm
2025-12,2026-04,716830,PCNO 500ml EJ - (PB) NEW,0.0,ml
2025-12,2026-04,716830,PCNO 500ml EJ - (PB) NEW,1.4,tm
2026-01,2026-04,716830,PCNO 500ml EJ - (PB) NEW,1.7359711,ml
2026-01,2026-04,716830,PCNO 500ml EJ - (PB) NEW,1.0,tm
2026-02,2026-04,716830,PCNO 500ml EJ - (PB) NEW,5.125232177,ml
2026-02,2026-04,716830,PCNO 500ml EJ - (PB) NEW,1.0,tm
2026-03,2026-04,716830,PCNO 500ml EJ - (PB) NEW,0.97463556,ml
2026-03,2026-04,716830,PCNO 500ml EJ - (PB) NEW,0.5,tm
2025-12,2026-05,716830,PCNO 500ml EJ - (PB) NEW,0.829245554,ml
2025-12,2026-05,716830,PCNO 500ml EJ - (PB) NEW,1.0,tm
2026-01,2026-05,716830,PCNO 500ml EJ - (PB) NEW,2.121708815,ml
2026-01,2026-05,716830,PCNO 500ml EJ - (PB) NEW,2.0,tm
2026-02,2026-05,716830,PCNO 500ml EJ - (PB) NEW,5.086874344,ml
2026-02,2026-05,716830,PCNO 500ml EJ - (PB) NEW,2.0,tm
2026-03,2026-05,716830,PCNO 500ml EJ - (PB) NEW,1.482599503,ml
2026-03,2026-05,716830,PCNO 500ml EJ - (PB) NEW,1.5,tm
2026-04,2026-05,716830,PCNO 500ml EJ - (PB) NEW,3.061991256,ml
2026-04,2026-05,716830,PCNO 500ml EJ - (PB) NEW,1.5,tm
2026-01,2026-06,716830,PCNO 500ml EJ - (PB) NEW,1.6611111,ml
2026-01,2026-06,716830,PCNO 500ml EJ - (PB) NEW,1.0,tm
2026-02,2026-06,716830,PCNO 500ml EJ - (PB) NEW,5.086874344,ml
2026-02,2026-06,716830,PCNO 500ml EJ - (PB) NEW,1.0,tm
2026-03,2026-06,716830,PCNO 500ml EJ - (PB) NEW,0.794763847,ml
2026-03,2026-06,716830,PCNO 500ml EJ - (PB) NEW,0.5,tm
2026-04,2026-06,716830,PCNO 500ml EJ - (PB) NEW,1.311860544,ml
2026-04,2026-06,716830,PCNO 500ml EJ - (PB) NEW,0.5,tm
2026-05,2026-06,716830,PCNO 500ml EJ - (PB) NEW,0.606045059,ml
2026-05,2026-06,716830,PCNO 500ml EJ - (PB) NEW,0.8,tm
2026-02,2026-07,716830,PCNO 500ml EJ - (PB) NEW,5.086874344,ml
2026-02,2026-07,716830,PCNO 500ml EJ - (PB) NEW,2.5,tm
2026-03,2026-07,716830,PCNO 500ml EJ - (PB) NEW,0.81878063,ml
2026-03,2026-07,716830,PCNO 500ml EJ - (PB) NEW,1.5,tm
2026-04,2026-07,716830,PCNO 500ml EJ - (PB) NEW,1.198803537,ml
2026-04,2026-07,716830,PCNO 500ml EJ - (PB) NEW,1.5,tm
2026-05,2026-07,716830,PCNO 500ml EJ - (PB) NEW,0.679939814,ml
2026-05,2026-07,716830,PCNO 500ml EJ - (PB) NEW,2.0,tm
2026-06,2026-07,716830,PCNO 500ml EJ - (PB) NEW,0.69967785,ml
2026-06,2026-07,716830,PCNO 500ml EJ - (PB) NEW,2.5,tm
2026-03,2026-08,716830,PCNO 500ml EJ - (PB) NEW,0.97463556,ml
2026-03,2026-08,716830,PCNO 500ml EJ - (PB) NEW,1.5,tm
2026-04,2026-08,716830,PCNO 500ml EJ - (PB) NEW,1.311909657,ml
2026-04,2026-08,716830,PCNO 500ml EJ - (PB) NEW,1.5,tm
2026-05,2026-08,716830,PCNO 500ml EJ - (PB) NEW,1.304949748,ml
2026-05,2026-08,716830,PCNO 500ml EJ - (PB) NEW,1.3,tm
2026-06,2026-08,716830,PCNO 500ml EJ - (PB) NEW,0.7929179437,ml
2026-06,2026-08,716830,PCNO 500ml EJ - (PB) NEW,1.5,tm
2026-07,2026-08,716830,PCNO 500ml EJ - (PB) NEW,1.166683033,ml
2026-07,2026-08,716830,PCNO 500ml EJ - (PB) NEW,1.5,tm
2026-04,2026-09,716830,PCNO 500ml EJ - (PB) NEW,2.380277788,ml
2026-04,2026-09,716830,PCNO 500ml EJ - (PB) NEW,4.0,tm
2026-05,2026-09,716830,PCNO 500ml EJ - (PB) NEW,1.37399217,ml
2026-05,2026-09,716830,PCNO 500ml EJ - (PB) NEW,4.0,tm
2026-06,2026-09,716830,PCNO 500ml EJ - (PB) NEW,6.455860755,ml
2026-06,2026-09,716830,PCNO 500ml EJ - (PB) NEW,4.0,tm
2026-07,2026-09,716830,PCNO 500ml EJ - (PB) NEW,1.854818743,ml
2026-07,2026-09,716830,PCNO 500ml EJ - (PB) NEW,4.0,tm
2026-05,2026-10,716830,PCNO 500ml EJ - (PB) NEW,9.788549485,ml
2026-05,2026-10,716830,PCNO 500ml EJ - (PB) NEW,12.0,tm
2026-06,2026-10,716830,PCNO 500ml EJ - (PB) NEW,10.13583994,ml
2026-06,2026-10,716830,PCNO 500ml EJ - (PB) NEW,12.0,tm
2026-07,2026-10,716830,PCNO 500ml EJ - (PB) NEW,6.124759586,ml
2026-07,2026-10,716830,PCNO 500ml EJ - (PB) NEW,12.0,tm
2026-06,2026-11,716830,PCNO 500ml EJ - (PB) NEW,16.937486188,ml
2026-06,2026-11,716830,PCNO 500ml EJ - (PB) NEW,25.0,tm
2026-07,2026-11,716830,PCNO 500ml EJ - (PB) NEW,19.117285564,ml
2026-07,2026-11,716830,PCNO 500ml EJ - (PB) NEW,25.0,tm
2026-07,2026-12,716830,PCNO 500ml EJ - (PB) NEW,10.851786822,ml
2026-07,2026-12,716830,PCNO 500ml EJ - (PB) NEW,16.0,tm
2025-04,2025-05,716831,PCNO 200ml EJ - (PB) NEW,4.324817799,ml
2025-04,2025-05,716831,PCNO 200ml EJ - (PB) NEW,8.0,tm
2025-04,2025-06,716831,PCNO 200ml EJ - (PB) NEW,8.85261974,ml
2025-04,2025-06,716831,PCNO 200ml EJ - (PB) NEW,2.950470795,tm
2025-05,2025-06,716831,PCNO 200ml EJ - (PB) NEW,6.810058234,ml
2025-05,2025-06,716831,PCNO 200ml EJ - (PB) NEW,2.950470795,tm
2025-04,2025-07,716831,PCNO 200ml EJ - (PB) NEW,8.389339293,ml
2025-04,2025-07,716831,PCNO 200ml EJ - (PB) NEW,3.7,tm
2025-05,2025-07,716831,PCNO 200ml EJ - (PB) NEW,4.786256917,ml
2025-05,2025-07,716831,PCNO 200ml EJ - (PB) NEW,3.7,tm
2025-06,2025-07,716831,PCNO 200ml EJ - (PB) NEW,3.083241891,ml
2025-06,2025-07,716831,PCNO 200ml EJ - (PB) NEW,3.7,tm
2025-04,2025-08,716831,PCNO 200ml EJ - (PB) NEW,9.979157522,ml
2025-04,2025-08,716831,PCNO 200ml EJ - (PB) NEW,3.4,tm
2025-05,2025-08,716831,PCNO 200ml EJ - (PB) NEW,6.576126633,ml
2025-05,2025-08,716831,PCNO 200ml EJ - (PB) NEW,3.4,tm
2025-06,2025-08,716831,PCNO 200ml EJ - (PB) NEW,7.970588315,ml
2025-06,2025-08,716831,PCNO 200ml EJ - (PB) NEW,3.4,tm
2025-07,2025-08,716831,PCNO 200ml EJ - (PB) NEW,4.738755765,ml
2025-07,2025-08,716831,PCNO 200ml EJ - (PB) NEW,3.4,tm
2025-04,2025-09,716831,PCNO 200ml EJ - (PB) NEW,8.948938962,ml
2025-04,2025-09,716831,PCNO 200ml EJ - (PB) NEW,23.0,tm
2025-05,2025-09,716831,PCNO 200ml EJ - (PB) NEW,8.4926798,ml
2025-05,2025-09,716831,PCNO 200ml EJ - (PB) NEW,23.0,tm
2025-06,2025-09,716831,PCNO 200ml EJ - (PB) NEW,18.01710206,ml
2025-06,2025-09,716831,PCNO 200ml EJ - (PB) NEW,23.0,tm
2025-07,2025-09,716831,PCNO 200ml EJ - (PB) NEW,18.9614126,ml
2025-07,2025-09,716831,PCNO 200ml EJ - (PB) NEW,23.0,tm
2025-08,2025-09,716831,PCNO 200ml EJ - (PB) NEW,16.54840458,ml
2025-08,2025-09,716831,PCNO 200ml EJ - (PB) NEW,23.0,tm
2025-05,2025-10,716831,PCNO 200ml EJ - (PB) NEW,27.17635993,ml
2025-05,2025-10,716831,PCNO 200ml EJ - (PB) NEW,47.0,tm
2025-06,2025-10,716831,PCNO 200ml EJ - (PB) NEW,31.58794635,ml
2025-06,2025-10,716831,PCNO 200ml EJ - (PB) NEW,47.0,tm
2025-07,2025-10,716831,PCNO 200ml EJ - (PB) NEW,31.3554191,ml
2025-07,2025-10,716831,PCNO 200ml EJ - (PB) NEW,47.0,tm
2025-08,2025-10,716831,PCNO 200ml EJ - (PB) NEW,32.62110529,ml
2025-08,2025-10,716831,PCNO 200ml EJ - (PB) NEW,47.0,tm
2025-09,2025-10,716831,PCNO 200ml EJ - (PB) NEW,31.9807375,ml
2025-09,2025-10,716831,PCNO 200ml EJ - (PB) NEW,47.0,tm
2025-06,2025-11,716831,PCNO 200ml EJ - (PB) NEW,43.75228977,ml
2025-06,2025-11,716831,PCNO 200ml EJ - (PB) NEW,50.0,tm
2025-07,2025-11,716831,PCNO 200ml EJ - (PB) NEW,45.50290404,ml
2025-07,2025-11,716831,PCNO 200ml EJ - (PB) NEW,50.0,tm
2025-08,2025-11,716831,PCNO 200ml EJ - (PB) NEW,45.39782643,ml
2025-08,2025-11,716831,PCNO 200ml EJ - (PB) NEW,50.0,tm
2025-09,2025-11,716831,PCNO 200ml EJ - (PB) NEW,47.03640222,ml
2025-09,2025-11,716831,PCNO 200ml EJ - (PB) NEW,50.0,tm
2025-10,2025-11,716831,PCNO 200ml EJ - (PB) NEW,51.05991284,ml
2025-10,2025-11,716831,PCNO 200ml EJ - (PB) NEW,56.0,tm
2025-07,2025-12,716831,PCNO 200ml EJ - (PB) NEW,46.41495123,ml
2025-07,2025-12,716831,PCNO 200ml EJ - (PB) NEW,45.2,tm
2025-08,2025-12,716831,PCNO 200ml EJ - (PB) NEW,46.33535002,ml
2025-08,2025-12,716831,PCNO 200ml EJ - (PB) NEW,45.2,tm
2025-09,2025-12,716831,PCNO 200ml EJ - (PB) NEW,46.55051788,ml
2025-09,2025-12,716831,PCNO 200ml EJ - (PB) NEW,45.2,tm
2025-10,2025-12,716831,PCNO 200ml EJ - (PB) NEW,39.37381315,ml
2025-10,2025-12,716831,PCNO 200ml EJ - (PB) NEW,41.2,tm
2025-11,2025-12,716831,PCNO 200ml EJ - (PB) NEW,45.59931157,ml
2025-11,2025-12,716831,PCNO 200ml EJ - (PB) NEW,45.2,tm
2025-08,2026-01,716831,PCNO 200ml EJ - (PB) NEW,30.54452588,ml
2025-08,2026-01,716831,PCNO 200ml EJ - (PB) NEW,20.0,tm
2025-09,2026-01,716831,PCNO 200ml EJ - (PB) NEW,31.23930745,ml
2025-09,2026-01,716831,PCNO 200ml EJ - (PB) NEW,20.0,tm
2025-10,2026-01,716831,PCNO 200ml EJ - (PB) NEW,32.80313843,ml
2025-10,2026-01,716831,PCNO 200ml EJ - (PB) NEW,22.0,tm
2025-11,2026-01,716831,PCNO 200ml EJ - (PB) NEW,28.70267224,ml
2025-11,2026-01,716831,PCNO 200ml EJ - (PB) NEW,35.0,tm
2025-12,2026-01,716831,PCNO 200ml EJ - (PB) NEW,33.2761362,ml
2025-12,2026-01,716831,PCNO 200ml EJ - (PB) NEW,44.0,tm
2025-09,2026-02,716831,PCNO 200ml EJ - (PB) NEW,1.358291612,ml
2025-09,2026-02,716831,PCNO 200ml EJ - (PB) NEW,6.0,tm
2025-10,2026-02,716831,PCNO 200ml EJ - (PB) NEW,4.724824089,ml
2025-10,2026-02,716831,PCNO 200ml EJ - (PB) NEW,6.0,tm
2025-11,2026-02,716831,PCNO 200ml EJ - (PB) NEW,0.0,ml
2025-11,2026-02,716831,PCNO 200ml EJ - (PB) NEW,7.5,tm
2025-12,2026-02,716831,PCNO 200ml EJ - (PB) NEW,7.026338098,ml
2025-12,2026-02,716831,PCNO 200ml EJ - (PB) NEW,7.5,tm
2026-01,2026-02,716831,PCNO 200ml EJ - (PB) NEW,2.104741397,ml
2026-01,2026-02,716831,PCNO 200ml EJ - (PB) NEW,7.5,tm
2025-10,2026-03,716831,PCNO 200ml EJ - (PB) NEW,8.14965476,ml
2025-10,2026-03,716831,PCNO 200ml EJ - (PB) NEW,6.0,tm
2025-11,2026-03,716831,PCNO 200ml EJ - (PB) NEW,0.0,ml
2025-11,2026-03,716831,PCNO 200ml EJ - (PB) NEW,6.0,tm
2025-12,2026-03,716831,PCNO 200ml EJ - (PB) NEW,15.50004968,ml
2025-12,2026-03,716831,PCNO 200ml EJ - (PB) NEW,6.0,tm
2026-01,2026-03,716831,PCNO 200ml EJ - (PB) NEW,9.597801007,ml
2026-01,2026-03,716831,PCNO 200ml EJ - (PB) NEW,6.0,tm
2026-02,2026-03,716831,PCNO 200ml EJ - (PB) NEW,5.651609438,ml
2026-02,2026-03,716831,PCNO 200ml EJ - (PB) NEW,6.0,tm
2025-11,2026-04,716831,PCNO 200ml EJ - (PB) NEW,0.0,ml
2025-11,2026-04,716831,PCNO 200ml EJ - (PB) NEW,3.0,tm
2025-12,2026-04,716831,PCNO 200ml EJ - (PB) NEW,15.50535408,ml
2025-12,2026-04,716831,PCNO 200ml EJ - (PB) NEW,4.6,tm
2026-01,2026-04,716831,PCNO 200ml EJ - (PB) NEW,8.828323528,ml
2026-01,2026-04,716831,PCNO 200ml EJ - (PB) NEW,3.5,tm
2026-02,2026-04,716831,PCNO 200ml EJ - (PB) NEW,5.867025263,ml
2026-02,2026-04,716831,PCNO 200ml EJ - (PB) NEW,3.5,tm
2026-03,2026-04,716831,PCNO 200ml EJ - (PB) NEW,11.73750949,ml
2026-03,2026-04,716831,PCNO 200ml EJ - (PB) NEW,2.5,tm
2025-12,2026-05,716831,PCNO 200ml EJ - (PB) NEW,14.44309499,ml
2025-12,2026-05,716831,PCNO 200ml EJ - (PB) NEW,6.0,tm
2026-01,2026-05,716831,PCNO 200ml EJ - (PB) NEW,8.917629168,ml
2026-01,2026-05,716831,PCNO 200ml EJ - (PB) NEW,6.5,tm
2026-02,2026-05,716831,PCNO 200ml EJ - (PB) NEW,5.996370803,ml
2026-02,2026-05,716831,PCNO 200ml EJ - (PB) NEW,6.5,tm
2026-03,2026-05,716831,PCNO 200ml EJ - (PB) NEW,5.631500535,ml
2026-03,2026-05,716831,PCNO 200ml EJ - (PB) NEW,4.5,tm
2026-04,2026-05,716831,PCNO 200ml EJ - (PB) NEW,7.240844278,ml
2026-04,2026-05,716831,PCNO 200ml EJ - (PB) NEW,4.5,tm
2026-01,2026-06,716831,PCNO 200ml EJ - (PB) NEW,8.460833964,ml
2026-01,2026-06,716831,PCNO 200ml EJ - (PB) NEW,5.5,tm
2026-02,2026-06,716831,PCNO 200ml EJ - (PB) NEW,5.726798803,ml
2026-02,2026-06,716831,PCNO 200ml EJ - (PB) NEW,5.5,tm
2026-03,2026-06,716831,PCNO 200ml EJ - (PB) NEW,5.933377492,ml
2026-03,2026-06,716831,PCNO 200ml EJ - (PB) NEW,3.5,tm
2026-04,2026-06,716831,PCNO 200ml EJ - (PB) NEW,7.976224409,ml
2026-04,2026-06,716831,PCNO 200ml EJ - (PB) NEW,3.5,tm
2026-05,2026-06,716831,PCNO 200ml EJ - (PB) NEW,8.162252758,ml
2026-05,2026-06,716831,PCNO 200ml EJ - (PB) NEW,4.0,tm
2026-02,2026-07,716831,PCNO 200ml EJ - (PB) NEW,5.353081533,ml
2026-02,2026-07,716831,PCNO 200ml EJ - (PB) NEW,6.0,tm
2026-03,2026-07,716831,PCNO 200ml EJ - (PB) NEW,5.895683059,ml
2026-03,2026-07,716831,PCNO 200ml EJ - (PB) NEW,4.0,tm
2026-04,2026-07,716831,PCNO 200ml EJ - (PB) NEW,8.170997808,ml
2026-04,2026-07,716831,PCNO 200ml EJ - (PB) NEW,4.0,tm
2026-05,2026-07,716831,PCNO 200ml EJ - (PB) NEW,3.54999586,ml
2026-05,2026-07,716831,PCNO 200ml EJ - (PB) NEW,4.5,tm
2026-06,2026-07,716831,PCNO 200ml EJ - (PB) NEW,4.187501063,ml
2026-06,2026-07,716831,PCNO 200ml EJ - (PB) NEW,5.0,tm
2026-03,2026-08,716831,PCNO 200ml EJ - (PB) NEW,4.231105535,ml
2026-03,2026-08,716831,PCNO 200ml EJ - (PB) NEW,6.0,tm
2026-04,2026-08,716831,PCNO 200ml EJ - (PB) NEW,5.113564323,ml
2026-04,2026-08,716831,PCNO 200ml EJ - (PB) NEW,6.0,tm
2026-05,2026-08,716831,PCNO 200ml EJ - (PB) NEW,2.85385404,ml
2026-05,2026-08,716831,PCNO 200ml EJ - (PB) NEW,5.0,tm
2026-06,2026-08,716831,PCNO 200ml EJ - (PB) NEW,3.165653811,ml
2026-06,2026-08,716831,PCNO 200ml EJ - (PB) NEW,6.0,tm
2026-07,2026-08,716831,PCNO 200ml EJ - (PB) NEW,5.16734472,ml
2026-07,2026-08,716831,PCNO 200ml EJ - (PB) NEW,6.0,tm
2026-04,2026-09,716831,PCNO 200ml EJ - (PB) NEW,8.699683699,ml
2026-04,2026-09,716831,PCNO 200ml EJ - (PB) NEW,18.0,tm
2026-05,2026-09,716831,PCNO 200ml EJ - (PB) NEW,13.30825438,ml
2026-05,2026-09,716831,PCNO 200ml EJ - (PB) NEW,20.0,tm
2026-06,2026-09,716831,PCNO 200ml EJ - (PB) NEW,15.357054918,ml
2026-06,2026-09,716831,PCNO 200ml EJ - (PB) NEW,20.0,tm
2026-07,2026-09,716831,PCNO 200ml EJ - (PB) NEW,7.421160394,ml
2026-07,2026-09,716831,PCNO 200ml EJ - (PB) NEW,20.0,tm
2026-05,2026-10,716831,PCNO 200ml EJ - (PB) NEW,17.99578033,ml
2026-05,2026-10,716831,PCNO 200ml EJ - (PB) NEW,30.0,tm
2026-06,2026-10,716831,PCNO 200ml EJ - (PB) NEW,21.255280082,ml
2026-06,2026-10,716831,PCNO 200ml EJ - (PB) NEW,30.0,tm
2026-07,2026-10,716831,PCNO 200ml EJ - (PB) NEW,36.158464213,ml
2026-07,2026-10,716831,PCNO 200ml EJ - (PB) NEW,30.0,tm
2026-06,2026-11,716831,PCNO 200ml EJ - (PB) NEW,61.523391164,ml
2026-06,2026-11,716831,PCNO 200ml EJ - (PB) NEW,65.0,tm
2026-07,2026-11,716831,PCNO 200ml EJ - (PB) NEW,62.439214172,ml
2026-07,2026-11,716831,PCNO 200ml EJ - (PB) NEW,65.0,tm
2026-07,2026-12,716831,PCNO 200ml EJ - (PB) NEW,37.315988318,ml
2026-07,2026-12,716831,PCNO 200ml EJ - (PB) NEW,40.0,tm
2025-12,2026-01,717083,PCNO ADV EXTRA CARE 45ML,4.9,tm
2025-11,2026-02,717083,PCNO ADV EXTRA CARE 45ML,4.9,tm
2026-01,2026-02,717083,PCNO ADV EXTRA CARE 45ML,3.21,tm
2026-01,2026-03,717083,PCNO ADV EXTRA CARE 45ML,0.546,tm
2026-02,2026-03,717083,PCNO ADV EXTRA CARE 45ML,1.053,tm
2026-03,2026-04,717083,PCNO ADV EXTRA CARE 45ML,0.261,tm
2026-04,2026-05,717083,PCNO ADV EXTRA CARE 45ML,0.06,tm
2026-04,2026-06,717083,PCNO ADV EXTRA CARE 45ML,0.06,tm
2026-05,2026-06,717083,PCNO ADV EXTRA CARE 45ML,0.0435,tm
2026-06,2026-07,717083,PCNO ADV EXTRA CARE 45ML,0.045,tm
2025-04,2025-05,717612,SP ALOE GEL 50ML,0.121419693,ml
2025-04,2025-05,717612,SP ALOE GEL 50ML,0.188275447,tm
2025-04,2025-06,717612,SP ALOE GEL 50ML,0.11985909,ml
2025-04,2025-06,717612,SP ALOE GEL 50ML,0.18585555,tm
2025-05,2025-06,717612,SP ALOE GEL 50ML,0.157668233,ml
2025-05,2025-06,717612,SP ALOE GEL 50ML,0.275577352,tm
2025-04,2025-07,717612,SP ALOE GEL 50ML,0.148273333,ml
2025-04,2025-07,717612,SP ALOE GEL 50ML,0.229915159,tm
2025-05,2025-07,717612,SP ALOE GEL 50ML,0.157680533,ml
2025-05,2025-07,717612,SP ALOE GEL 50ML,0.275577352,tm
2025-06,2025-07,717612,SP ALOE GEL 50ML,0.115972333,ml
2025-06,2025-07,717612,SP ALOE GEL 50ML,0.166268216,tm
2025-04,2025-08,717612,SP ALOE GEL 50ML,0.149625,ml
2025-04,2025-08,717612,SP ALOE GEL 50ML,0.232011077,tm
2025-05,2025-08,717612,SP ALOE GEL 50ML,0.167860334,ml
2025-05,2025-08,717612,SP ALOE GEL 50ML,0.275577352,tm
2025-06,2025-08,717612,SP ALOE GEL 50ML,0.156341,ml
2025-06,2025-08,717612,SP ALOE GEL 50ML,0.224144315,tm
2025-07,2025-08,717612,SP ALOE GEL 50ML,0.176869358,ml
2025-07,2025-08,717612,SP ALOE GEL 50ML,0.253575587,tm
2025-04,2025-09,717612,SP ALOE GEL 50ML,0.145583333,ml
2025-04,2025-09,717612,SP ALOE GEL 50ML,0.225743999,tm
2025-05,2025-09,717612,SP ALOE GEL 50ML,0.153115872,ml
2025-05,2025-09,717612,SP ALOE GEL 50ML,0.313849591,tm
2025-06,2025-09,717612,SP ALOE GEL 50ML,0.158216,ml
2025-06,2025-09,717612,SP ALOE GEL 50ML,0.226832481,tm
2025-07,2025-09,717612,SP ALOE GEL 50ML,0.161897947,ml
2025-07,2025-09,717612,SP ALOE GEL 50ML,0.232111247,tm
2025-08,2025-09,717612,SP ALOE GEL 50ML,0.163854949,ml
2025-08,2025-09,717612,SP ALOE GEL 50ML,0.313849591,tm
2025-05,2025-10,717612,SP ALOE GEL 50ML,0.1735214,ml
2025-05,2025-10,717612,SP ALOE GEL 50ML,0.375794982,tm
2025-06,2025-10,717612,SP ALOE GEL 50ML,0.185068919,ml
2025-06,2025-10,717612,SP ALOE GEL 50ML,0.265331206,tm
2025-07,2025-10,717612,SP ALOE GEL 50ML,0.162684737,ml
2025-07,2025-10,717612,SP ALOE GEL 50ML,0.233239258,tm
2025-08,2025-10,717612,SP ALOE GEL 50ML,0.179917049,ml
2025-08,2025-10,717612,SP ALOE GEL 50ML,0.242458155,tm
2025-09,2025-10,717612,SP ALOE GEL 50ML,0.147544553,ml
2025-09,2025-10,717612,SP ALOE GEL 50ML,0.211532948,tm
2025-06,2025-11,717612,SP ALOE GEL 50ML,0.138091606,ml
2025-06,2025-11,717612,SP ALOE GEL 50ML,0.197980366,tm
2025-07,2025-11,717612,SP ALOE GEL 50ML,0.176214687,ml
2025-07,2025-11,717612,SP ALOE GEL 50ML,0.252636994,tm
2025-08,2025-11,717612,SP ALOE GEL 50ML,0.200332909,ml
2025-08,2025-11,717612,SP ALOE GEL 50ML,0.33143784,tm
2025-09,2025-11,717612,SP ALOE GEL 50ML,0.191473606,ml
2025-09,2025-11,717612,SP ALOE GEL 50ML,0.274513532,tm
2025-10,2025-11,717612,SP ALOE GEL 50ML,0.201900909,ml
2025-10,2025-11,717612,SP ALOE GEL 50ML,0.289463039,tm
2025-07,2025-12,717612,SP ALOE GEL 50ML,0.202439905,ml
2025-07,2025-12,717612,SP ALOE GEL 50ML,0.290235791,tm
2025-08,2025-12,717612,SP ALOE GEL 50ML,0.22119111,ml
2025-08,2025-12,717612,SP ALOE GEL 50ML,0.33143784,tm
2025-09,2025-12,717612,SP ALOE GEL 50ML,0.213384101,ml
2025-09,2025-12,717612,SP ALOE GEL 50ML,0.305926361,tm
2025-10,2025-12,717612,SP ALOE GEL 50ML,0.22556025,ml
2025-10,2025-12,717612,SP ALOE GEL 50ML,0.323383166,tm
2025-11,2025-12,717612,SP ALOE GEL 50ML,0.181165125,ml
2025-11,2025-12,717612,SP ALOE GEL 50ML,0.259734381,tm
2025-08,2026-01,717612,SP ALOE GEL 50ML,0.170925943,ml
2025-08,2026-01,717612,SP ALOE GEL 50ML,0.4295,tm
2025-09,2026-01,717612,SP ALOE GEL 50ML,0.157699733,ml
2025-09,2026-01,717612,SP ALOE GEL 50ML,0.226092315,tm
2025-10,2026-01,717612,SP ALOE GEL 50ML,0.15212,ml
2025-10,2026-01,717612,SP ALOE GEL 50ML,0.218092715,tm
2025-11,2026-01,717612,SP ALOE GEL 50ML,0.170244136,ml
2025-11,2026-01,717612,SP ALOE GEL 50ML,0.244077082,tm
2025-12,2026-01,717612,SP ALOE GEL 50ML,0.150854142,ml
2025-12,2026-01,717612,SP ALOE GEL 50ML,0.431769619,tm
2025-09,2026-02,717612,SP ALOE GEL 50ML,0.17308007,ml
2025-09,2026-02,717612,SP ALOE GEL 50ML,0.248142929,tm
2025-10,2026-02,717612,SP ALOE GEL 50ML,0.224339531,ml
2025-10,2026-02,717612,SP ALOE GEL 50ML,0.321633036,tm
2025-11,2026-02,717612,SP ALOE GEL 50ML,0.235508117,ml
2025-11,2026-02,717612,SP ALOE GEL 50ML,0.33764531,tm
2025-12,2026-02,717612,SP ALOE GEL 50ML,0.175085,ml
2025-12,2026-02,717612,SP ALOE GEL 50ML,0.233631442,tm
2026-01,2026-02,717612,SP ALOE GEL 50ML,0.213835668,ml
2026-01,2026-02,717612,SP ALOE GEL 50ML,0.233631442,tm
2025-10,2026-03,717612,SP ALOE GEL 50ML,0.221708903,ml
2025-10,2026-03,717612,SP ALOE GEL 50ML,0.317861534,tm
2025-11,2026-03,717612,SP ALOE GEL 50ML,0.174497344,ml
2025-11,2026-03,717612,SP ALOE GEL 50ML,0.250174859,tm
2025-12,2026-03,717612,SP ALOE GEL 50ML,0.16175,ml
2025-12,2026-03,717612,SP ALOE GEL 50ML,0.033498939,tm
2026-01,2026-03,717612,SP ALOE GEL 50ML,0.214828501,ml
2026-01,2026-03,717612,SP ALOE GEL 50ML,0.278768558,tm
2026-02,2026-03,717612,SP ALOE GEL 50ML,0.196986697,ml
2026-02,2026-03,717612,SP ALOE GEL 50ML,0.1451,tm
2025-11,2026-04,717612,SP ALOE GEL 50ML,0.140935883,ml
2025-11,2026-04,717612,SP ALOE GEL 50ML,0.202058173,tm
2025-12,2026-04,717612,SP ALOE GEL 50ML,0.173128043,ml
2026-01,2026-04,717612,SP ALOE GEL 50ML,0.215821335,ml
2026-02,2026-04,717612,SP ALOE GEL 50ML,0.201231859,ml
2026-03,2026-04,717612,SP ALOE GEL 50ML,0.072,tm
2025-12,2026-05,717612,SP ALOE GEL 50ML,0.144099385,ml
2026-01,2026-05,717612,SP ALOE GEL 50ML,0.165903644,ml
2026-02,2026-05,717612,SP ALOE GEL 50ML,0.163475333,ml
2026-04,2026-05,717612,SP ALOE GEL 50ML,0.0337,tm
2026-01,2026-06,717612,SP ALOE GEL 50ML,0.165856721,ml
2026-02,2026-06,717612,SP ALOE GEL 50ML,0.171055333,ml
2026-05,2026-06,717612,SP ALOE GEL 50ML,0.02,tm
2026-02,2026-07,717612,SP ALOE GEL 50ML,0.173561463,ml
2026-06,2026-07,717612,SP ALOE GEL 50ML,0.01955,tm
2025-04,2025-05,717613,SP AlOE GEL 100ML,0.158084218,ml
2025-04,2025-05,717613,SP AlOE GEL 100ML,0.318407618,tm
2025-04,2025-06,717613,SP AlOE GEL 100ML,0.142912487,ml
2025-04,2025-06,717613,SP AlOE GEL 100ML,0.287849257,tm
2025-05,2025-06,717613,SP AlOE GEL 100ML,0.191491065,ml
2025-05,2025-06,717613,SP AlOE GEL 100ML,0.409961318,tm
2025-04,2025-07,717613,SP AlOE GEL 100ML,0.2187676,ml
2025-04,2025-07,717613,SP AlOE GEL 100ML,0.440633932,tm
2025-05,2025-07,717613,SP AlOE GEL 100ML,0.192503827,ml
2025-05,2025-07,717613,SP AlOE GEL 100ML,0.409961318,tm
2025-06,2025-07,717613,SP AlOE GEL 100ML,0.208774951,ml
2025-06,2025-07,717613,SP AlOE GEL 100ML,0.440817499,tm
2025-04,2025-08,717613,SP AlOE GEL 100ML,0.218202533,ml
2025-04,2025-08,717613,SP AlOE GEL 100ML,0.439495795,tm
2025-05,2025-08,717613,SP AlOE GEL 100ML,0.28429,ml
2025-05,2025-08,717613,SP AlOE GEL 100ML,0.409961318,tm
2025-06,2025-08,717613,SP AlOE GEL 100ML,0.24189,ml
2025-06,2025-08,717613,SP AlOE GEL 100ML,0.51073821,tm
2025-07,2025-08,717613,SP AlOE GEL 100ML,0.22625,ml
2025-07,2025-08,717613,SP AlOE GEL 100ML,0.47771516,tm
2025-04,2025-09,717613,SP AlOE GEL 100ML,0.222889867,ml
2025-04,2025-09,717613,SP AlOE GEL 100ML,0.448936855,tm
2025-05,2025-09,717613,SP AlOE GEL 100ML,0.20704584,ml
2025-05,2025-09,717613,SP AlOE GEL 100ML,0.861069738,tm
2025-06,2025-09,717613,SP AlOE GEL 100ML,0.24189,ml
2025-06,2025-09,717613,SP AlOE GEL 100ML,0.51073821,tm
2025-07,2025-09,717613,SP AlOE GEL 100ML,0.2418,ml
2025-07,2025-09,717613,SP AlOE GEL 100ML,0.51054818,tm
2025-08,2025-09,717613,SP AlOE GEL 100ML,0.272604224,ml
2025-08,2025-09,717613,SP AlOE GEL 100ML,0.861069738,tm
2025-05,2025-10,717613,SP AlOE GEL 100ML,0.218967218,ml
2025-05,2025-10,717613,SP AlOE GEL 100ML,2.140389521,tm
2025-06,2025-10,717613,SP AlOE GEL 100ML,0.279031892,ml
2025-06,2025-10,717613,SP AlOE GEL 100ML,0.589161391,tm
2025-07,2025-10,717613,SP AlOE GEL 100ML,0.25662,ml
2025-07,2025-10,717613,SP AlOE GEL 100ML,0.541839842,tm
2025-08,2025-10,717613,SP AlOE GEL 100ML,0.286068614,ml
2025-08,2025-10,717613,SP AlOE GEL 100ML,0.717325291,tm
2025-09,2025-10,717613,SP AlOE GEL 100ML,0.271296757,ml
2025-09,2025-10,717613,SP AlOE GEL 100ML,0.572829054,tm
2025-06,2025-11,717613,SP AlOE GEL 100ML,0.289487567,ml
2025-06,2025-11,717613,SP AlOE GEL 100ML,0.611238009,tm
2025-07,2025-11,717613,SP AlOE GEL 100ML,0.300279603,ml
2025-07,2025-11,717613,SP AlOE GEL 100ML,0.634024832,tm
2025-08,2025-11,717613,SP AlOE GEL 100ML,0.334699574,ml
2025-08,2025-11,717613,SP AlOE GEL 100ML,0.942106004,tm
2025-09,2025-11,717613,SP AlOE GEL 100ML,0.291299089,ml
2025-09,2025-11,717613,SP AlOE GEL 100ML,0.615062943,tm
2025-10,2025-11,717613,SP AlOE GEL 100ML,0.300648464,ml
2025-10,2025-11,717613,SP AlOE GEL 100ML,0.634803665,tm
2025-07,2025-12,717613,SP AlOE GEL 100ML,0.29277096,ml
2025-07,2025-12,717613,SP AlOE GEL 100ML,0.618170723,tm
2025-08,2025-12,717613,SP AlOE GEL 100ML,0.324685083,ml
2025-08,2025-12,717613,SP AlOE GEL 100ML,0.8771,tm
2025-09,2025-12,717613,SP AlOE GEL 100ML,0.303977643,ml
2025-09,2025-12,717613,SP AlOE GEL 100ML,0.641833053,tm
2025-10,2025-12,717613,SP AlOE GEL 100ML,0.307706683,ml
2025-10,2025-12,717613,SP AlOE GEL 100ML,0.649706728,tm
2025-11,2025-12,717613,SP AlOE GEL 100ML,0.267029189,ml
2025-11,2025-12,717613,SP AlOE GEL 100ML,0.563818306,tm
2025-08,2026-01,717613,SP AlOE GEL 100ML,0.241650042,ml
2025-08,2026-01,717613,SP AlOE GEL 100ML,1.0471,tm
2025-09,2026-01,717613,SP AlOE GEL 100ML,0.252674,ml
2025-09,2026-01,717613,SP AlOE GEL 100ML,0.533508068,tm
2025-10,2026-01,717613,SP AlOE GEL 100ML,0.24696069,ml
2025-10,2026-01,717613,SP AlOE GEL 100ML,0.521444709,tm
2025-11,2026-01,717613,SP AlOE GEL 100ML,0.267029189,ml
2025-11,2026-01,717613,SP AlOE GEL 100ML,0.563818306,tm
2025-12,2026-01,717613,SP AlOE GEL 100ML,0.26418,ml
2025-12,2026-01,717613,SP AlOE GEL 100ML,1.046616318,tm
2025-09,2026-02,717613,SP AlOE GEL 100ML,0.271296757,ml
2025-09,2026-02,717613,SP AlOE GEL 100ML,0.572829054,tm
2025-10,2026-02,717613,SP AlOE GEL 100ML,0.245207283,ml
2025-10,2026-02,717613,SP AlOE GEL 100ML,0.517742481,tm
2025-11,2026-02,717613,SP AlOE GEL 100ML,0.310899447,ml
2025-11,2026-02,717613,SP AlOE GEL 100ML,0.656448083,tm
2025-12,2026-02,717613,SP AlOE GEL 100ML,0.304604,ml
2025-12,2026-02,717613,SP AlOE GEL 100ML,0.605083682,tm
2026-01,2026-02,717613,SP AlOE GEL 100ML,0.351923806,ml
2026-01,2026-02,717613,SP AlOE GEL 100ML,0.682420162,tm
2025-10,2026-03,717613,SP AlOE GEL 100ML,0.298070194,ml
2025-10,2026-03,717613,SP AlOE GEL 100ML,0.62935978,tm
2025-11,2026-03,717613,SP AlOE GEL 100ML,0.306519223,ml
2025-11,2026-03,717613,SP AlOE GEL 100ML,0.647199467,tm
2025-12,2026-03,717613,SP AlOE GEL 100ML,0.35317,ml
2026-01,2026-03,717613,SP AlOE GEL 100ML,0.253721476,ml
2026-01,2026-03,717613,SP AlOE GEL 100ML,0.591279838,tm
2026-02,2026-03,717613,SP AlOE GEL 100ML,0.300365038,ml
2026-02,2026-03,717613,SP AlOE GEL 100ML,0.6521,tm
2025-11,2026-04,717613,SP AlOE GEL 100ML,0.307320345,ml
2025-11,2026-04,717613,SP AlOE GEL 100ML,0.648890996,tm
2025-12,2026-04,717613,SP AlOE GEL 100ML,0.301943917,ml
2026-01,2026-04,717613,SP AlOE GEL 100ML,0.243151221,ml
2026-02,2026-04,717613,SP AlOE GEL 100ML,0.289689025,ml
2026-03,2026-04,717613,SP AlOE GEL 100ML,0.2373,tm
2025-12,2026-05,717613,SP AlOE GEL 100ML,0.280092097,ml
2026-01,2026-05,717613,SP AlOE GEL 100ML,0.263015135,ml
2026-02,2026-05,717613,SP AlOE GEL 100ML,0.259799487,ml
2026-04,2026-05,717613,SP AlOE GEL 100ML,0.0312,tm
2026-01,2026-06,717613,SP AlOE GEL 100ML,0.263015135,ml
2026-02,2026-06,717613,SP AlOE GEL 100ML,0.259799487,ml
2026-05,2026-06,717613,SP AlOE GEL 100ML,0.05,tm
2026-02,2026-07,717613,SP AlOE GEL 100ML,0.32423496,ml
2026-06,2026-07,717613,SP AlOE GEL 100ML,0.0718,tm
2026-07,2026-08,717613,SP AlOE GEL 100ML,0.03,tm
2025-05,2025-07,718019,P ALOE VERA 75ML,5.0,tm
2025-06,2025-07,718019,P ALOE VERA 75ML,5.0,tm
2025-09,2025-10,718019,P ALOE VERA 75ML,1.3,tm
2025-09,2025-11,718019,P ALOE VERA 75ML,1.5,tm
2025-10,2025-11,718019,P ALOE VERA 75ML,1.5,tm
2025-09,2025-12,718019,P ALOE VERA 75ML,1.5,tm
2025-10,2025-12,718019,P ALOE VERA 75ML,1.5,tm
2025-11,2025-12,718019,P ALOE VERA 75ML,1.5,tm
2025-09,2026-01,718019,P ALOE VERA 75ML,0.7,tm
2025-10,2026-01,718019,P ALOE VERA 75ML,1.3,tm
2025-11,2026-01,718019,P ALOE VERA 75ML,0.5,tm
2025-12,2026-01,718019,P ALOE VERA 75ML,0.5,tm
2025-10,2026-02,718019,P ALOE VERA 75ML,0.5944,tm
2025-11,2026-02,718019,P ALOE VERA 75ML,0.5,tm
2025-12,2026-02,718019,P ALOE VERA 75ML,0.5,tm
2026-01,2026-02,718019,P ALOE VERA 75ML,0.5,tm
2025-11,2026-03,718019,P ALOE VERA 75ML,1.0,tm
2025-12,2026-03,718019,P ALOE VERA 75ML,1.0,tm
2026-01,2026-03,718019,P ALOE VERA 75ML,1.0,tm
2026-02,2026-03,718019,P ALOE VERA 75ML,1.0,tm
2025-11,2026-04,718019,P ALOE VERA 75ML,1.2,tm
2025-12,2026-04,718019,P ALOE VERA 75ML,0.5,tm
2026-01,2026-04,718019,P ALOE VERA 75ML,0.5,tm
2026-02,2026-04,718019,P ALOE VERA 75ML,0.5,tm
2026-03,2026-04,718019,P ALOE VERA 75ML,0.1,tm
2025-12,2026-05,718019,P ALOE VERA 75ML,1.0,tm
2026-01,2026-05,718019,P ALOE VERA 75ML,0.5,tm
2026-02,2026-05,718019,P ALOE VERA 75ML,0.5,tm
2026-03,2026-05,718019,P ALOE VERA 75ML,0.1,tm
2026-04,2026-05,718019,P ALOE VERA 75ML,0.1,tm
2026-01,2026-06,718019,P ALOE VERA 75ML,0.5,tm
2026-02,2026-06,718019,P ALOE VERA 75ML,0.5,tm
2026-03,2026-06,718019,P ALOE VERA 75ML,0.1,tm
2026-04,2026-06,718019,P ALOE VERA 75ML,0.1,tm
2026-05,2026-06,718019,P ALOE VERA 75ML,0.1,tm
2026-02,2026-07,718019,P ALOE VERA 75ML,1.025641026,tm
2026-03,2026-07,718019,P ALOE VERA 75ML,0.1,tm
2026-04,2026-07,718019,P ALOE VERA 75ML,0.1,tm
2026-05,2026-07,718019,P ALOE VERA 75ML,0.8,tm
2026-06,2026-07,718019,P ALOE VERA 75ML,0.8,tm
2026-03,2026-08,718019,P ALOE VERA 75ML,0.1,tm
2026-04,2026-08,718019,P ALOE VERA 75ML,0.1,tm
2026-05,2026-08,718019,P ALOE VERA 75ML,0.1,tm
2026-06,2026-08,718019,P ALOE VERA 75ML,0.1,tm
2026-07,2026-08,718019,P ALOE VERA 75ML,0.1,tm
2026-04,2026-09,718019,P ALOE VERA 75ML,0.1,tm
2026-05,2026-09,718019,P ALOE VERA 75ML,0.1,tm
2026-06,2026-09,718019,P ALOE VERA 75ML,0.1,tm
2026-07,2026-09,718019,P ALOE VERA 75ML,0.1,tm
2026-05,2026-10,718019,P ALOE VERA 75ML,0.1,tm
2026-06,2026-10,718019,P ALOE VERA 75ML,0.1,tm
2026-07,2026-10,718019,P ALOE VERA 75ML,0.1,tm
2026-06,2026-11,718019,P ALOE VERA 75ML,0.1,tm
2026-07,2026-11,718019,P ALOE VERA 75ML,0.1,tm
2026-07,2026-12,718019,P ALOE VERA 75ML,0.1,tm
2025-04,2025-05,718021,JFB FACE CREAM 50G,1.583729982,ml
2025-04,2025-05,718021,JFB FACE CREAM 50G,1.829301618,tm
2025-04,2025-06,718021,JFB FACE CREAM 50G,1.322193646,ml
2025-04,2025-06,718021,JFB FACE CREAM 50G,1.710686956,tm
2025-05,2025-06,718021,JFB FACE CREAM 50G,1.549592561,ml
2025-05,2025-06,718021,JFB FACE CREAM 50G,1.710686956,tm
2025-04,2025-07,718021,JFB FACE CREAM 50G,1.648225477,ml
2025-04,2025-07,718021,JFB FACE CREAM 50G,1.39,tm
2025-05,2025-07,718021,JFB FACE CREAM 50G,1.5476346,ml
2025-05,2025-07,718021,JFB FACE CREAM 50G,1.39,tm
2025-06,2025-07,718021,JFB FACE CREAM 50G,1.438085775,ml
2025-06,2025-07,718021,JFB FACE CREAM 50G,1.60155,tm
2025-04,2025-08,718021,JFB FACE CREAM 50G,1.692309256,ml
2025-04,2025-08,718021,JFB FACE CREAM 50G,1.29,tm
2025-05,2025-08,718021,JFB FACE CREAM 50G,1.326230248,ml
2025-05,2025-08,718021,JFB FACE CREAM 50G,1.29,tm
2025-06,2025-08,718021,JFB FACE CREAM 50G,1.438085775,ml
2025-06,2025-08,718021,JFB FACE CREAM 50G,1.4819,tm
2025-07,2025-08,718021,JFB FACE CREAM 50G,1.32472015,ml
2025-07,2025-08,718021,JFB FACE CREAM 50G,1.48,tm
2025-04,2025-09,718021,JFB FACE CREAM 50G,3.318134836,ml
2025-04,2025-09,718021,JFB FACE CREAM 50G,4.68,tm
2025-05,2025-09,718021,JFB FACE CREAM 50G,3.7027689,ml
2025-05,2025-09,718021,JFB FACE CREAM 50G,4.68,tm
2025-06,2025-09,718021,JFB FACE CREAM 50G,3.771650301,ml
2025-06,2025-09,718021,JFB FACE CREAM 50G,5.37595,tm
2025-07,2025-09,718021,JFB FACE CREAM 50G,3.644926011,ml
2025-07,2025-09,718021,JFB FACE CREAM 50G,4.91,tm
2025-08,2025-09,718021,JFB FACE CREAM 50G,3.8178689,ml
2025-08,2025-09,718021,JFB FACE CREAM 50G,4.68,tm
2025-05,2025-10,718021,JFB FACE CREAM 50G,3.7404038,ml
2025-05,2025-10,718021,JFB FACE CREAM 50G,5.0,tm
2025-06,2025-10,718021,JFB FACE CREAM 50G,2.376885514,ml
2025-06,2025-10,718021,JFB FACE CREAM 50G,5.8559,tm
2025-07,2025-10,718021,JFB FACE CREAM 50G,3.475119278,ml
2025-07,2025-10,718021,JFB FACE CREAM 50G,5.09,tm
2025-08,2025-10,718021,JFB FACE CREAM 50G,3.256711359,ml
2025-08,2025-10,718021,JFB FACE CREAM 50G,5.08,tm
2025-09,2025-10,718021,JFB FACE CREAM 50G,3.171546938,ml
2025-09,2025-10,718021,JFB FACE CREAM 50G,6.42116925,tm
2025-06,2025-11,718021,JFB FACE CREAM 50G,6.635721207,ml
2025-06,2025-11,718021,JFB FACE CREAM 50G,8.97,tm
2025-07,2025-11,718021,JFB FACE CREAM 50G,6.414143623,ml
2025-07,2025-11,718021,JFB FACE CREAM 50G,8.57,tm
2025-08,2025-11,718021,JFB FACE CREAM 50G,6.380967671,ml
2025-08,2025-11,718021,JFB FACE CREAM 50G,8.57,tm
2025-09,2025-11,718021,JFB FACE CREAM 50G,6.463211337,ml
2025-09,2025-11,718021,JFB FACE CREAM 50G,9.81595653,tm
2025-10,2025-11,718021,JFB FACE CREAM 50G,6.50319662,ml
2025-10,2025-11,718021,JFB FACE CREAM 50G,8.56595653,tm
2025-07,2025-12,718021,JFB FACE CREAM 50G,4.845777731,ml
2025-07,2025-12,718021,JFB FACE CREAM 50G,5.45,tm
2025-08,2025-12,718021,JFB FACE CREAM 50G,4.202736127,ml
2025-08,2025-12,718021,JFB FACE CREAM 50G,5.45,tm
2025-09,2025-12,718021,JFB FACE CREAM 50G,2.854686657,ml
2025-09,2025-12,718021,JFB FACE CREAM 50G,6.446960381,tm
2025-10,2025-12,718021,JFB FACE CREAM 50G,4.052038,ml
2025-10,2025-12,718021,JFB FACE CREAM 50G,5.446960381,tm
2025-11,2025-12,718021,JFB FACE CREAM 50G,3.611256569,ml
2025-11,2025-12,718021,JFB FACE CREAM 50G,7.725870254,tm
2025-08,2026-01,718021,JFB FACE CREAM 50G,1.651750271,ml
2025-08,2026-01,718021,JFB FACE CREAM 50G,3.33,tm
2025-09,2026-01,718021,JFB FACE CREAM 50G,1.917228325,ml
2025-09,2026-01,718021,JFB FACE CREAM 50G,3.59,tm
2025-10,2026-01,718021,JFB FACE CREAM 50G,3.377275655,ml
2025-10,2026-01,718021,JFB FACE CREAM 50G,3.33,tm
2025-11,2026-01,718021,JFB FACE CREAM 50G,2.15359654,ml
2025-11,2026-01,718021,JFB FACE CREAM 50G,3.328722794,tm
2025-12,2026-01,718021,JFB FACE CREAM 50G,2.5296809,ml
2025-12,2026-01,718021,JFB FACE CREAM 50G,3.328722794,tm
2025-09,2026-02,718021,JFB FACE CREAM 50G,0.96413512,ml
2025-09,2026-02,718021,JFB FACE CREAM 50G,1.985245987,tm
2025-10,2026-02,718021,JFB FACE CREAM 50G,2.2047528,ml
2025-10,2026-02,718021,JFB FACE CREAM 50G,1.985245987,tm
2025-11,2026-02,718021,JFB FACE CREAM 50G,0.349541328,ml
2025-11,2026-02,718021,JFB FACE CREAM 50G,2.835751296,tm
2025-12,2026-02,718021,JFB FACE CREAM 50G,1.234877429,ml
2025-12,2026-02,718021,JFB FACE CREAM 50G,2.835751296,tm
2026-01,2026-02,718021,JFB FACE CREAM 50G,1.286356904,ml
2026-01,2026-02,718021,JFB FACE CREAM 50G,2.773251296,tm
2025-10,2026-03,718021,JFB FACE CREAM 50G,2.2969421,ml
2025-10,2026-03,718021,JFB FACE CREAM 50G,2.35,tm
2025-11,2026-03,718021,JFB FACE CREAM 50G,2.786527226,ml
2025-11,2026-03,718021,JFB FACE CREAM 50G,2.75593163,tm
2025-12,2026-03,718021,JFB FACE CREAM 50G,2.294980752,ml
2025-12,2026-03,718021,JFB FACE CREAM 50G,2.75593163,tm
2026-01,2026-03,718021,JFB FACE CREAM 50G,3.191007093,ml
2026-01,2026-03,718021,JFB FACE CREAM 50G,3.9,tm
2026-02,2026-03,718021,JFB FACE CREAM 50G,2.130083741,ml
2026-02,2026-03,718021,JFB FACE CREAM 50G,2.75593163,tm
2025-11,2026-04,718021,JFB FACE CREAM 50G,2.193356193,ml
2025-11,2026-04,718021,JFB FACE CREAM 50G,2.74793163,tm
2025-12,2026-04,718021,JFB FACE CREAM 50G,2.231151279,ml
2025-12,2026-04,718021,JFB FACE CREAM 50G,2.902414813,tm
2026-01,2026-04,718021,JFB FACE CREAM 50G,3.163126143,ml
2026-01,2026-04,718021,JFB FACE CREAM 50G,2.523325035,tm
2026-02,2026-04,718021,JFB FACE CREAM 50G,2.927267585,ml
2026-02,2026-04,718021,JFB FACE CREAM 50G,2.277886304,tm
2026-03,2026-04,718021,JFB FACE CREAM 50G,2.245763508,ml
2026-03,2026-04,718021,JFB FACE CREAM 50G,2.28,tm
2025-12,2026-05,718021,JFB FACE CREAM 50G,1.909960308,ml
2025-12,2026-05,718021,JFB FACE CREAM 50G,2.190189313,tm
2026-01,2026-05,718021,JFB FACE CREAM 50G,2.759020414,ml
2026-01,2026-05,718021,JFB FACE CREAM 50G,2.06898174,tm
2026-02,2026-05,718021,JFB FACE CREAM 50G,1.89299456,ml
2026-02,2026-05,718021,JFB FACE CREAM 50G,2.35341429,tm
2026-03,2026-05,718021,JFB FACE CREAM 50G,2.085903619,ml
2026-03,2026-05,718021,JFB FACE CREAM 50G,2.12,tm
2026-04,2026-05,718021,JFB FACE CREAM 50G,1.7449459,ml
2026-04,2026-05,718021,JFB FACE CREAM 50G,2.118072861,tm
2026-01,2026-06,718021,JFB FACE CREAM 50G,2.762665952,ml
2026-01,2026-06,718021,JFB FACE CREAM 50G,2.0567925,tm
2026-02,2026-06,718021,JFB FACE CREAM 50G,1.422860825,ml
2026-02,2026-06,718021,JFB FACE CREAM 50G,2.06,tm
2026-03,2026-06,718021,JFB FACE CREAM 50G,1.299042605,ml
2026-03,2026-06,718021,JFB FACE CREAM 50G,1.85,tm
2026-04,2026-06,718021,JFB FACE CREAM 50G,1.554727357,ml
2026-04,2026-06,718021,JFB FACE CREAM 50G,1.85111325,tm
2026-05,2026-06,718021,JFB FACE CREAM 50G,1.503041643,ml
2026-05,2026-06,718021,JFB FACE CREAM 50G,2.26247175,tm
2026-02,2026-07,718021,JFB FACE CREAM 50G,1.682775847,ml
2026-02,2026-07,718021,JFB FACE CREAM 50G,2.07,tm
2026-03,2026-07,718021,JFB FACE CREAM 50G,1.624469365,ml
2026-03,2026-07,718021,JFB FACE CREAM 50G,1.867330357,tm
2026-04,2026-07,718021,JFB FACE CREAM 50G,1.86784088,ml
2026-04,2026-07,718021,JFB FACE CREAM 50G,1.867330357,tm
2026-05,2026-07,718021,JFB FACE CREAM 50G,1.590190148,ml
2026-05,2026-07,718021,JFB FACE CREAM 50G,2.282292659,tm
2026-06,2026-07,718021,JFB FACE CREAM 50G,2.172425357,ml
2026-06,2026-07,718021,JFB FACE CREAM 50G,2.2822926590000003,tm
2026-03,2026-08,718021,JFB FACE CREAM 50G,1.311794357,ml
2026-03,2026-08,718021,JFB FACE CREAM 50G,1.603798481,tm
2026-04,2026-08,718021,JFB FACE CREAM 50G,1.435763329,ml
2026-04,2026-08,718021,JFB FACE CREAM 50G,1.951414875,tm
2026-05,2026-08,718021,JFB FACE CREAM 50G,1.655620464,ml
2026-05,2026-08,718021,JFB FACE CREAM 50G,2.146556363,tm
2026-06,2026-08,718021,JFB FACE CREAM 50G,0.792961384,ml
2026-06,2026-08,718021,JFB FACE CREAM 50G,2.146556363,tm
2026-07,2026-08,718021,JFB FACE CREAM 50G,1.549607579,ml
2026-07,2026-08,718021,JFB FACE CREAM 50G,2.146556363,tm
2026-04,2026-09,718021,JFB FACE CREAM 50G,3.643028689,ml
2026-04,2026-09,718021,JFB FACE CREAM 50G,4.872562846,tm
2026-05,2026-09,718021,JFB FACE CREAM 50G,3.584578142,ml
2026-05,2026-09,718021,JFB FACE CREAM 50G,4.872562846,tm
2026-06,2026-09,718021,JFB FACE CREAM 50G,4.525081397,ml
2026-06,2026-09,718021,JFB FACE CREAM 50G,4.872562846,tm
2026-07,2026-09,718021,JFB FACE CREAM 50G,3.7402259,ml
2026-07,2026-09,718021,JFB FACE CREAM 50G,4.872562846,tm
2026-05,2026-10,718021,JFB FACE CREAM 50G,4.111734581,ml
2026-05,2026-10,718021,JFB FACE CREAM 50G,5.483983403,tm
2026-06,2026-10,718021,JFB FACE CREAM 50G,3.474693433,ml
2026-06,2026-10,718021,JFB FACE CREAM 50G,5.483983403,tm
2026-07,2026-10,718021,JFB FACE CREAM 50G,3.8134856,ml
2026-07,2026-10,718021,JFB FACE CREAM 50G,5.483983403,tm
2026-06,2026-11,718021,JFB FACE CREAM 50G,8.487172833,ml
2026-06,2026-11,718021,JFB FACE CREAM 50G,11.4,tm
2026-07,2026-11,718021,JFB FACE CREAM 50G,7.713995563,ml
2026-07,2026-11,718021,JFB FACE CREAM 50G,11.4,tm
2026-07,2026-12,718021,JFB FACE CREAM 50G,5.830647736,ml
2026-07,2026-12,718021,JFB FACE CREAM 50G,7.792905496,tm
2025-04,2025-05,718033,JFB FACE CREAM 100G,0.869706982,ml
2025-04,2025-05,718033,JFB FACE CREAM 100G,0.997800882,tm
2025-04,2025-06,718033,JFB FACE CREAM 100G,0.68929603,ml
2025-04,2025-06,718033,JFB FACE CREAM 100G,0.781765544,tm
2025-05,2025-06,718033,JFB FACE CREAM 100G,0.776327876,ml
2025-05,2025-06,718033,JFB FACE CREAM 100G,0.781765544,tm
2025-04,2025-07,718033,JFB FACE CREAM 100G,0.21323522,ml
2025-04,2025-07,718033,JFB FACE CREAM 100G,0.67,tm
2025-05,2025-07,718033,JFB FACE CREAM 100G,0.564156281,ml
2025-05,2025-07,718033,JFB FACE CREAM 100G,0.67,tm
2025-06,2025-07,718033,JFB FACE CREAM 100G,0.46634825,ml
2025-06,2025-07,718033,JFB FACE CREAM 100G,0.7684,tm
2025-04,2025-08,718033,JFB FACE CREAM 100G,0.627508304,ml
2025-04,2025-08,718033,JFB FACE CREAM 100G,0.71,tm
2025-05,2025-08,718033,JFB FACE CREAM 100G,0.587705212,ml
2025-05,2025-08,718033,JFB FACE CREAM 100G,0.71,tm
2025-06,2025-08,718033,JFB FACE CREAM 100G,0.9205629,ml
2025-06,2025-08,718033,JFB FACE CREAM 100G,0.8243,tm
2025-07,2025-08,718033,JFB FACE CREAM 100G,0.631228867,ml
2025-07,2025-08,718033,JFB FACE CREAM 100G,0.82,tm
2025-04,2025-09,718033,JFB FACE CREAM 100G,1.939524768,ml
2025-04,2025-09,718033,JFB FACE CREAM 100G,2.0,tm
2025-05,2025-09,718033,JFB FACE CREAM 100G,1.873022152,ml
2025-05,2025-09,718033,JFB FACE CREAM 100G,2.0,tm
2025-06,2025-09,718033,JFB FACE CREAM 100G,1.71066194,ml
2025-06,2025-09,718033,JFB FACE CREAM 100G,2.3015,tm
2025-07,2025-09,718033,JFB FACE CREAM 100G,1.316713693,ml
2025-07,2025-09,718033,JFB FACE CREAM 100G,2.1,tm
2025-08,2025-09,718033,JFB FACE CREAM 100G,1.202122554,ml
2025-08,2025-09,718033,JFB FACE CREAM 100G,2.0,tm
2025-05,2025-10,718033,JFB FACE CREAM 100G,1.82424228,ml
2025-05,2025-10,718033,JFB FACE CREAM 100G,3.0,tm
2025-06,2025-10,718033,JFB FACE CREAM 100G,1.867181679,ml
2025-06,2025-10,718033,JFB FACE CREAM 100G,3.3372,tm
2025-07,2025-10,718033,JFB FACE CREAM 100G,2.192931482,ml
2025-07,2025-10,718033,JFB FACE CREAM 100G,2.91,tm
2025-08,2025-10,718033,JFB FACE CREAM 100G,1.856323847,ml
2025-08,2025-10,718033,JFB FACE CREAM 100G,2.92,tm
2025-09,2025-10,718033,JFB FACE CREAM 100G,1.658199979,ml
2025-09,2025-10,718033,JFB FACE CREAM 100G,3.579549382,tm
2025-06,2025-11,718033,JFB FACE CREAM 100G,3.508341219,ml
2025-06,2025-11,718033,JFB FACE CREAM 100G,5.14,tm
2025-07,2025-11,718033,JFB FACE CREAM 100G,3.505305039,ml
2025-07,2025-11,718033,JFB FACE CREAM 100G,4.9,tm
2025-08,2025-11,718033,JFB FACE CREAM 100G,3.83195722,ml
2025-08,2025-11,718033,JFB FACE CREAM 100G,4.9,tm
2025-09,2025-11,718033,JFB FACE CREAM 100G,3.625612295,ml
2025-09,2025-11,718033,JFB FACE CREAM 100G,5.601727182,tm
2025-10,2025-11,718033,JFB FACE CREAM 100G,4.008811286,ml
2025-10,2025-11,718033,JFB FACE CREAM 100G,4.901727182,tm
2025-07,2025-12,718033,JFB FACE CREAM 100G,1.804510167,ml
2025-07,2025-12,718033,JFB FACE CREAM 100G,2.69,tm
2025-08,2025-12,718033,JFB FACE CREAM 100G,2.202311052,ml
2025-08,2025-12,718033,JFB FACE CREAM 100G,2.69,tm
2025-09,2025-12,718033,JFB FACE CREAM 100G,1.508833206,ml
2025-09,2025-12,718033,JFB FACE CREAM 100G,3.186255848,tm
2025-10,2025-12,718033,JFB FACE CREAM 100G,2.23557798,ml
2025-10,2025-12,718033,JFB FACE CREAM 100G,2.686255848,tm
2025-11,2025-12,718033,JFB FACE CREAM 100G,1.95295661,ml
2025-11,2025-12,718033,JFB FACE CREAM 100G,4.07038774,tm
2025-08,2026-01,718033,JFB FACE CREAM 100G,0.874191643,ml
2025-08,2026-01,718033,JFB FACE CREAM 100G,2.02,tm
2025-09,2026-01,718033,JFB FACE CREAM 100G,0.820347337,ml
2025-09,2026-01,718033,JFB FACE CREAM 100G,2.02,tm
2025-10,2026-01,718033,JFB FACE CREAM 100G,2.621925512,ml
2025-10,2026-01,718033,JFB FACE CREAM 100G,2.02,tm
2025-11,2026-01,718033,JFB FACE CREAM 100G,0.582149033,ml
2025-11,2026-01,718033,JFB FACE CREAM 100G,2.021277206,tm
2025-12,2026-01,718033,JFB FACE CREAM 100G,1.433963312,ml
2025-12,2026-01,718033,JFB FACE CREAM 100G,2.021277206,tm
2025-09,2026-02,718033,JFB FACE CREAM 100G,0.474761194,ml
2025-09,2026-02,718033,JFB FACE CREAM 100G,1.140686997,tm
2025-10,2026-02,718033,JFB FACE CREAM 100G,1.11357392,ml
2025-10,2026-02,718033,JFB FACE CREAM 100G,1.140686997,tm
2025-11,2026-02,718033,JFB FACE CREAM 100G,1.487531588,ml
2025-11,2026-02,718033,JFB FACE CREAM 100G,1.528387782,tm
2025-12,2026-02,718033,JFB FACE CREAM 100G,0.96653112,ml
2025-12,2026-02,718033,JFB FACE CREAM 100G,1.528387782,tm
2026-01,2026-02,718033,JFB FACE CREAM 100G,1.129812449,ml
2026-01,2026-02,718033,JFB FACE CREAM 100G,1.453387782,tm
2025-10,2026-03,718033,JFB FACE CREAM 100G,1.3177057,ml
2025-10,2026-03,718033,JFB FACE CREAM 100G,1.35,tm
2025-11,2026-03,718033,JFB FACE CREAM 100G,0.685161905,ml
2025-11,2026-03,718033,JFB FACE CREAM 100G,1.608207448,tm
2025-12,2026-03,718033,JFB FACE CREAM 100G,1.440261641,ml
2025-12,2026-03,718033,JFB FACE CREAM 100G,1.608207448,tm
2026-01,2026-03,718033,JFB FACE CREAM 100G,1.375935586,ml
2026-01,2026-03,718033,JFB FACE CREAM 100G,2.3,tm
2026-02,2026-03,718033,JFB FACE CREAM 100G,1.503752316,ml
2026-02,2026-03,718033,JFB FACE CREAM 100G,1.608207448,tm
2025-11,2026-04,718033,JFB FACE CREAM 100G,1.360434538,ml
2025-11,2026-04,718033,JFB FACE CREAM 100G,1.613207448,tm
2025-12,2026-04,718033,JFB FACE CREAM 100G,1.798679306,ml
2025-12,2026-04,718033,JFB FACE CREAM 100G,1.550575,tm
2026-01,2026-04,718033,JFB FACE CREAM 100G,2.249145686,ml
2026-01,2026-04,718033,JFB FACE CREAM 100G,1.276506,tm
2026-02,2026-04,718033,JFB FACE CREAM 100G,1.098356374,ml
2026-02,2026-04,718033,JFB FACE CREAM 100G,1.1523428390000001,tm
2026-03,2026-04,718033,JFB FACE CREAM 100G,0.983218082,ml
2026-03,2026-04,718033,JFB FACE CREAM 100G,1.15,tm
2025-12,2026-05,718033,JFB FACE CREAM 100G,1.503783382,ml
2025-12,2026-05,718033,JFB FACE CREAM 100G,1.487309875,tm
2026-01,2026-05,718033,JFB FACE CREAM 100G,1.2067442,ml
2026-01,2026-05,718033,JFB FACE CREAM 100G,1.33181748,tm
2026-02,2026-05,718033,JFB FACE CREAM 100G,0.687695,ml
2026-02,2026-05,718033,JFB FACE CREAM 100G,1.514908628,tm
2026-03,2026-05,718033,JFB FACE CREAM 100G,0.927130659,ml
2026-03,2026-05,718033,JFB FACE CREAM 100G,1.36,tm
2026-04,2026-05,718033,JFB FACE CREAM 100G,1.136889863,ml
2026-04,2026-05,718033,JFB FACE CREAM 100G,1.363417765,tm
2026-01,2026-06,718033,JFB FACE CREAM 100G,1.055702714,ml
2026-01,2026-06,718033,JFB FACE CREAM 100G,1.0654875,tm
2026-02,2026-06,718033,JFB FACE CREAM 100G,0.0,ml
2026-02,2026-06,718033,JFB FACE CREAM 100G,1.07,tm
2026-03,2026-06,718033,JFB FACE CREAM 100G,0.695708173,ml
2026-03,2026-06,718033,JFB FACE CREAM 100G,0.95893875,tm
2026-04,2026-06,718033,JFB FACE CREAM 100G,0.576985802,ml
2026-04,2026-06,718033,JFB FACE CREAM 100G,0.95893875,tm
2026-05,2026-06,718033,JFB FACE CREAM 100G,0.589023284,ml
2026-05,2026-06,718033,JFB FACE CREAM 100G,1.1720362500000001,tm
2026-02,2026-07,718033,JFB FACE CREAM 100G,0.674185,ml
2026-02,2026-07,718033,JFB FACE CREAM 100G,1.24,tm
2026-03,2026-07,718033,JFB FACE CREAM 100G,0.780932718,ml
2026-03,2026-07,718033,JFB FACE CREAM 100G,1.11278853,tm
2026-04,2026-07,718033,JFB FACE CREAM 100G,0.750022478,ml
2026-04,2026-07,718033,JFB FACE CREAM 100G,1.11278853,tm
2026-05,2026-07,718033,JFB FACE CREAM 100G,0.986955649,ml
2026-05,2026-07,718033,JFB FACE CREAM 100G,1.36007487,tm
2026-06,2026-07,718033,JFB FACE CREAM 100G,0.993616945,ml
2026-06,2026-07,718033,JFB FACE CREAM 100G,1.36007487,tm
2026-03,2026-08,718033,JFB FACE CREAM 100G,0.760002718,ml
2026-03,2026-08,718033,JFB FACE CREAM 100G,0.816562215,tm
2026-04,2026-08,718033,JFB FACE CREAM 100G,0.804343914,ml
2026-04,2026-08,718033,JFB FACE CREAM 100G,0.993548548,tm
2026-05,2026-08,718033,JFB FACE CREAM 100G,0.356503551,ml
2026-05,2026-08,718033,JFB FACE CREAM 100G,1.092903403,tm
2026-06,2026-08,718033,JFB FACE CREAM 100G,1.55654309,ml
2026-06,2026-08,718033,JFB FACE CREAM 100G,1.092903403,tm
2026-07,2026-08,718033,JFB FACE CREAM 100G,0.6641237739,ml
2026-07,2026-08,718033,JFB FACE CREAM 100G,1.092903403,tm
2026-04,2026-09,718033,JFB FACE CREAM 100G,1.241009385,ml
2026-04,2026-09,718033,JFB FACE CREAM 100G,2.283384492,tm
2026-05,2026-09,718033,JFB FACE CREAM 100G,1.081264279,ml
2026-05,2026-09,718033,JFB FACE CREAM 100G,2.283384492,tm
2026-06,2026-09,718033,JFB FACE CREAM 100G,1.094471744,ml
2026-06,2026-09,718033,JFB FACE CREAM 100G,2.283384492,tm
2026-07,2026-09,718033,JFB FACE CREAM 100G,1.771065668,ml
2026-07,2026-09,718033,JFB FACE CREAM 100G,2.283384492,tm
2026-05,2026-10,718033,JFB FACE CREAM 100G,2.165224513,ml
2026-05,2026-10,718033,JFB FACE CREAM 100G,3.316891575,tm
2026-06,2026-10,718033,JFB FACE CREAM 100G,2.119190491,ml
2026-06,2026-10,718033,JFB FACE CREAM 100G,3.316891575,tm
2026-07,2026-10,718033,JFB FACE CREAM 100G,2.011571332,ml
2026-07,2026-10,718033,JFB FACE CREAM 100G,3.316891575,tm
2026-06,2026-11,718033,JFB FACE CREAM 100G,4.518486523,ml
2026-06,2026-11,718033,JFB FACE CREAM 100G,6.6,tm
2026-07,2026-11,718033,JFB FACE CREAM 100G,4.459305107,ml
2026-07,2026-11,718033,JFB FACE CREAM 100G,6.6,tm
2026-07,2026-12,718033,JFB FACE CREAM 100G,2.680865581,ml
2026-07,2026-12,718033,JFB FACE CREAM 100G,3.833239672,tm
2025-04,2025-05,718035,SX MEN'S SOAP 125G,2.20112441,tm
2025-04,2025-06,718035,SX MEN'S SOAP 125G,2.371082873,tm
2025-05,2025-06,718035,SX MEN'S SOAP 125G,2.371082873,tm
2025-04,2025-07,718035,SX MEN'S SOAP 125G,1.63247178,tm
2025-05,2025-07,718035,SX MEN'S SOAP 125G,1.63247178,tm
2025-06,2025-07,718035,SX MEN'S SOAP 125G,1.63247178,tm
2025-04,2025-08,718035,SX MEN'S SOAP 125G,1.912456544,tm
2025-05,2025-08,718035,SX MEN'S SOAP 125G,1.912456544,tm
2025-06,2025-08,718035,SX MEN'S SOAP 125G,1.912456544,tm
2025-07,2025-08,718035,SX MEN'S SOAP 125G,1.912456544,tm
2025-04,2025-09,718035,SX MEN'S SOAP 125G,1.955234182,tm
2025-05,2025-09,718035,SX MEN'S SOAP 125G,1.955234182,tm
2025-06,2025-09,718035,SX MEN'S SOAP 125G,1.955234182,tm
2025-07,2025-09,718035,SX MEN'S SOAP 125G,1.955234182,tm
2025-05,2025-10,718035,SX MEN'S SOAP 125G,1.05,tm
2025-06,2025-10,718035,SX MEN'S SOAP 125G,1.046851892,tm
2025-07,2025-10,718035,SX MEN'S SOAP 125G,1.046851892,tm
2025-08,2025-10,718035,SX MEN'S SOAP 125G,1.046851892,tm
2025-09,2025-10,718035,SX MEN'S SOAP 125G,0.1080165,tm
2025-06,2025-11,718035,SX MEN'S SOAP 125G,1.679249645,tm
2025-07,2025-11,718035,SX MEN'S SOAP 125G,1.679249645,tm
2025-08,2025-11,718035,SX MEN'S SOAP 125G,1.679249645,tm
2025-09,2025-11,718035,SX MEN'S SOAP 125G,0.11881815,tm
2025-10,2025-11,718035,SX MEN'S SOAP 125G,0.11881815,tm
2025-07,2025-12,718035,SX MEN'S SOAP 125G,1.27,tm
2025-08,2025-12,718035,SX MEN'S SOAP 125G,1.27,tm
2025-09,2025-12,718035,SX MEN'S SOAP 125G,0.106936335,tm
2025-10,2025-12,718035,SX MEN'S SOAP 125G,0.106936335,tm
2025-11,2025-12,718035,SX MEN'S SOAP 125G,0.11881815,tm
2025-08,2026-01,718035,SX MEN'S SOAP 125G,2.05,tm
2025-09,2026-01,718035,SX MEN'S SOAP 125G,0.064161801,tm
2025-10,2026-01,718035,SX MEN'S SOAP 125G,0.064161801,tm
2025-11,2026-01,718035,SX MEN'S SOAP 125G,0.106936335,tm
2025-10,2026-02,718035,SX MEN'S SOAP 125G,0.064161801,tm
2025-11,2026-02,718035,SX MEN'S SOAP 125G,0.064161801,tm
2025-10,2026-03,718035,SX MEN'S SOAP 125G,0.064161801,tm
2025-11,2026-03,718035,SX MEN'S SOAP 125G,0.064161801,tm
2025-11,2026-04,718035,SX MEN'S SOAP 125G,0.064161801,tm
2025-04,2025-05,719462,SAFFOLA HONEY 250G GLS-MBL,0.27487557,ml
2025-04,2025-05,719462,SAFFOLA HONEY 250G GLS-MBL,1.332089993,tm
2025-04,2025-06,719462,SAFFOLA HONEY 250G GLS-MBL,0.27487557,ml
2025-04,2025-06,719462,SAFFOLA HONEY 250G GLS-MBL,1.332089993,tm
2025-05,2025-06,719462,SAFFOLA HONEY 250G GLS-MBL,0.341610243,ml
2025-05,2025-06,719462,SAFFOLA HONEY 250G GLS-MBL,1.332089993,tm
2025-04,2025-07,719462,SAFFOLA HONEY 250G GLS-MBL,0.27487557,ml
2025-04,2025-07,719462,SAFFOLA HONEY 250G GLS-MBL,1.318879777,tm
2025-05,2025-07,719462,SAFFOLA HONEY 250G GLS-MBL,0.297796269,ml
2025-05,2025-07,719462,SAFFOLA HONEY 250G GLS-MBL,1.318879777,tm
2025-06,2025-07,719462,SAFFOLA HONEY 250G GLS-MBL,0.245157334,ml
2025-06,2025-07,719462,SAFFOLA HONEY 250G GLS-MBL,1.31,tm
2025-04,2025-08,719462,SAFFOLA HONEY 250G GLS-MBL,0.27487557,ml
2025-04,2025-08,719462,SAFFOLA HONEY 250G GLS-MBL,1.321616095,tm
2025-05,2025-08,719462,SAFFOLA HONEY 250G GLS-MBL,0.365219151,ml
2025-05,2025-08,719462,SAFFOLA HONEY 250G GLS-MBL,1.321616095,tm
2025-06,2025-08,719462,SAFFOLA HONEY 250G GLS-MBL,0.169340868,ml
2025-06,2025-08,719462,SAFFOLA HONEY 250G GLS-MBL,5.890000000000001,tm
2025-07,2025-08,719462,SAFFOLA HONEY 250G GLS-MBL,0.260600154,ml
2025-07,2025-08,719462,SAFFOLA HONEY 250G GLS-MBL,5.888,tm
2025-04,2025-09,719462,SAFFOLA HONEY 250G GLS-MBL,1.993732791,ml
2025-04,2025-09,719462,SAFFOLA HONEY 250G GLS-MBL,10.938416281999999,tm
2025-05,2025-09,719462,SAFFOLA HONEY 250G GLS-MBL,2.73749391,ml
2025-05,2025-09,719462,SAFFOLA HONEY 250G GLS-MBL,10.938416282,tm
2025-06,2025-09,719462,SAFFOLA HONEY 250G GLS-MBL,4.486103856,ml
2025-06,2025-09,719462,SAFFOLA HONEY 250G GLS-MBL,14.18,tm
2025-07,2025-09,719462,SAFFOLA HONEY 250G GLS-MBL,3.146316667,ml
2025-07,2025-09,719462,SAFFOLA HONEY 250G GLS-MBL,15.02775,tm
2025-08,2025-09,719462,SAFFOLA HONEY 250G GLS-MBL,10.50641028,ml
2025-08,2025-09,719462,SAFFOLA HONEY 250G GLS-MBL,14.19,tm
2025-05,2025-10,719462,SAFFOLA HONEY 250G GLS-MBL,2.382942956,ml
2025-05,2025-10,719462,SAFFOLA HONEY 250G GLS-MBL,10.938416282,tm
2025-06,2025-10,719462,SAFFOLA HONEY 250G GLS-MBL,2.804675,ml
2025-06,2025-10,719462,SAFFOLA HONEY 250G GLS-MBL,12.5,tm
2025-07,2025-10,719462,SAFFOLA HONEY 250G GLS-MBL,1.920360928,ml
2025-07,2025-10,719462,SAFFOLA HONEY 250G GLS-MBL,14.92775,tm
2025-08,2025-10,719462,SAFFOLA HONEY 250G GLS-MBL,6.924090491,ml
2025-08,2025-10,719462,SAFFOLA HONEY 250G GLS-MBL,12.489999999999998,tm
2025-09,2025-10,719462,SAFFOLA HONEY 250G GLS-MBL,7.076366667,ml
2025-09,2025-10,719462,SAFFOLA HONEY 250G GLS-MBL,17.859455875000002,tm
2025-06,2025-11,719462,SAFFOLA HONEY 250G GLS-MBL,3.912569489,ml
2025-06,2025-11,719462,SAFFOLA HONEY 250G GLS-MBL,11.809999999999999,tm
2025-07,2025-11,719462,SAFFOLA HONEY 250G GLS-MBL,3.88520273,ml
2025-07,2025-11,719462,SAFFOLA HONEY 250G GLS-MBL,13.905750000000001,tm
2025-08,2025-11,719462,SAFFOLA HONEY 250G GLS-MBL,8.434532564,ml
2025-08,2025-11,719462,SAFFOLA HONEY 250G GLS-MBL,11.82,tm
2025-09,2025-11,719462,SAFFOLA HONEY 250G GLS-MBL,6.522146006,ml
2025-09,2025-11,719462,SAFFOLA HONEY 250G GLS-MBL,13.847650715,tm
2025-10,2025-11,719462,SAFFOLA HONEY 250G GLS-MBL,8.38056728,ml
2025-10,2025-11,719462,SAFFOLA HONEY 250G GLS-MBL,15.940000000000001,tm
2025-07,2025-12,719462,SAFFOLA HONEY 250G GLS-MBL,2.739830833,ml
2025-07,2025-12,719462,SAFFOLA HONEY 250G GLS-MBL,7.02575,tm
2025-08,2025-12,719462,SAFFOLA HONEY 250G GLS-MBL,4.779316903,ml
2025-08,2025-12,719462,SAFFOLA HONEY 250G GLS-MBL,7.65,tm
2025-09,2025-12,719462,SAFFOLA HONEY 250G GLS-MBL,3.875746667,ml
2025-09,2025-12,719462,SAFFOLA HONEY 250G GLS-MBL,9.148552958,tm
2025-10,2025-12,719462,SAFFOLA HONEY 250G GLS-MBL,4.972753844,ml
2025-10,2025-12,719462,SAFFOLA HONEY 250G GLS-MBL,12.430000000000001,tm
2025-11,2025-12,719462,SAFFOLA HONEY 250G GLS-MBL,4.385119877,ml
2025-11,2025-12,719462,SAFFOLA HONEY 250G GLS-MBL,12.888552958000002,tm
2025-08,2026-01,719462,SAFFOLA HONEY 250G GLS-MBL,1.220978301,ml
2025-08,2026-01,719462,SAFFOLA HONEY 250G GLS-MBL,5.52225,tm
2025-09,2026-01,719462,SAFFOLA HONEY 250G GLS-MBL,3.377411019,ml
2025-09,2026-01,719462,SAFFOLA HONEY 250G GLS-MBL,5.517905,tm
2025-10,2026-01,719462,SAFFOLA HONEY 250G GLS-MBL,3.40295882,ml
2025-10,2026-01,719462,SAFFOLA HONEY 250G GLS-MBL,6.210000000000001,tm
2025-11,2026-01,719462,SAFFOLA HONEY 250G GLS-MBL,5.547031185,ml
2025-11,2026-01,719462,SAFFOLA HONEY 250G GLS-MBL,6.590621444,tm
2025-12,2026-01,719462,SAFFOLA HONEY 250G GLS-MBL,1.835541711,ml
2025-12,2026-01,719462,SAFFOLA HONEY 250G GLS-MBL,8.59,tm
2025-09,2026-02,719462,SAFFOLA HONEY 250G GLS-MBL,0.0,ml
2025-09,2026-02,719462,SAFFOLA HONEY 250G GLS-MBL,1.318879777,tm
2025-10,2026-02,719462,SAFFOLA HONEY 250G GLS-MBL,0.0,ml
2025-10,2026-02,719462,SAFFOLA HONEY 250G GLS-MBL,1.44,tm
2025-11,2026-02,719462,SAFFOLA HONEY 250G GLS-MBL,0.029260193,ml
2025-11,2026-02,719462,SAFFOLA HONEY 250G GLS-MBL,3.131717506,tm
2025-12,2026-02,719462,SAFFOLA HONEY 250G GLS-MBL,0.0,ml
2025-12,2026-02,719462,SAFFOLA HONEY 250G GLS-MBL,3.131717506,tm
2026-01,2026-02,719462,SAFFOLA HONEY 250G GLS-MBL,2.298263889,ml
2026-01,2026-02,719462,SAFFOLA HONEY 250G GLS-MBL,3.131717506,tm
2025-10,2026-03,719462,SAFFOLA HONEY 250G GLS-MBL,0.615497151,ml
2025-10,2026-03,719462,SAFFOLA HONEY 250G GLS-MBL,2.14,tm
2025-11,2026-03,719462,SAFFOLA HONEY 250G GLS-MBL,1.582974409,ml
2025-11,2026-03,719462,SAFFOLA HONEY 250G GLS-MBL,2.702186433,tm
2025-12,2026-03,719462,SAFFOLA HONEY 250G GLS-MBL,3.077475,ml
2025-12,2026-03,719462,SAFFOLA HONEY 250G GLS-MBL,2.702186433,tm
2026-01,2026-03,719462,SAFFOLA HONEY 250G GLS-MBL,1.389908333,ml
2026-01,2026-03,719462,SAFFOLA HONEY 250G GLS-MBL,2.702186433,tm
2026-02,2026-03,719462,SAFFOLA HONEY 250G GLS-MBL,0.570124329,ml
2026-02,2026-03,719462,SAFFOLA HONEY 250G GLS-MBL,2.707186433,tm
2025-11,2026-04,719462,SAFFOLA HONEY 250G GLS-MBL,1.53786102,ml
2025-11,2026-04,719462,SAFFOLA HONEY 250G GLS-MBL,1.064421254,tm
2025-12,2026-04,719462,SAFFOLA HONEY 250G GLS-MBL,0.282986822,ml
2025-12,2026-04,719462,SAFFOLA HONEY 250G GLS-MBL,0.445,tm
2026-01,2026-04,719462,SAFFOLA HONEY 250G GLS-MBL,0.0,ml
2026-01,2026-04,719462,SAFFOLA HONEY 250G GLS-MBL,0.84,tm
2026-02,2026-04,719462,SAFFOLA HONEY 250G GLS-MBL,0.602327553,ml
2026-02,2026-04,719462,SAFFOLA HONEY 250G GLS-MBL,0.717169363,tm
2026-03,2026-04,719462,SAFFOLA HONEY 250G GLS-MBL,0.442679441,ml
2026-03,2026-04,719462,SAFFOLA HONEY 250G GLS-MBL,0.4499,tm
2025-12,2026-05,719462,SAFFOLA HONEY 250G GLS-MBL,0.0,ml
2025-12,2026-05,719462,SAFFOLA HONEY 250G GLS-MBL,0.615,tm
2026-01,2026-05,719462,SAFFOLA HONEY 250G GLS-MBL,0.0,ml
2026-01,2026-05,719462,SAFFOLA HONEY 250G GLS-MBL,0.84,tm
2026-02,2026-05,719462,SAFFOLA HONEY 250G GLS-MBL,0.0,ml
2026-02,2026-05,719462,SAFFOLA HONEY 250G GLS-MBL,0.694549903,tm
2026-03,2026-05,719462,SAFFOLA HONEY 250G GLS-MBL,1.088413073,ml
2026-03,2026-05,719462,SAFFOLA HONEY 250G GLS-MBL,0.6193,tm
2026-04,2026-05,719462,SAFFOLA HONEY 250G GLS-MBL,0.927293845,ml
2026-04,2026-05,719462,SAFFOLA HONEY 250G GLS-MBL,0.6193,tm
2026-01,2026-06,719462,SAFFOLA HONEY 250G GLS-MBL,0.0,ml
2026-01,2026-06,719462,SAFFOLA HONEY 250G GLS-MBL,0.9,tm
2026-02,2026-06,719462,SAFFOLA HONEY 250G GLS-MBL,1.7424,ml
2026-02,2026-06,719462,SAFFOLA HONEY 250G GLS-MBL,0.776684657,tm
2026-03,2026-06,719462,SAFFOLA HONEY 250G GLS-MBL,0.0,ml
2026-03,2026-06,719462,SAFFOLA HONEY 250G GLS-MBL,0.5599000000000001,tm
2026-04,2026-06,719462,SAFFOLA HONEY 250G GLS-MBL,0.0,ml
2026-04,2026-06,719462,SAFFOLA HONEY 250G GLS-MBL,0.5599000000000001,tm
2026-05,2026-06,719462,SAFFOLA HONEY 250G GLS-MBL,0.298514606,ml
2026-05,2026-06,719462,SAFFOLA HONEY 250G GLS-MBL,1.053407363,tm
2026-02,2026-07,719462,SAFFOLA HONEY 250G GLS-MBL,1.7424,ml
2026-02,2026-07,719462,SAFFOLA HONEY 250G GLS-MBL,0.913121473,tm
2026-03,2026-07,719462,SAFFOLA HONEY 250G GLS-MBL,0.0,ml
2026-03,2026-07,719462,SAFFOLA HONEY 250G GLS-MBL,0.9993500000000001,tm
2026-04,2026-07,719462,SAFFOLA HONEY 250G GLS-MBL,1.848641898,ml
2026-04,2026-07,719462,SAFFOLA HONEY 250G GLS-MBL,0.99935,tm
2026-05,2026-07,719462,SAFFOLA HONEY 250G GLS-MBL,0.3075744,ml
2026-05,2026-07,719462,SAFFOLA HONEY 250G GLS-MBL,1.053407363,tm
2026-06,2026-07,719462,SAFFOLA HONEY 250G GLS-MBL,0.370991667,ml
2026-06,2026-07,719462,SAFFOLA HONEY 250G GLS-MBL,1.0534073629999998,tm
2026-03,2026-08,719462,SAFFOLA HONEY 250G GLS-MBL,1.335369436,ml
2026-03,2026-08,719462,SAFFOLA HONEY 250G GLS-MBL,2.6915000000000004,tm
2026-04,2026-08,719462,SAFFOLA HONEY 250G GLS-MBL,4.561697675,ml
2026-04,2026-08,719462,SAFFOLA HONEY 250G GLS-MBL,2.626553424,tm
2026-05,2026-08,719462,SAFFOLA HONEY 250G GLS-MBL,0.641997437,ml
2026-05,2026-08,719462,SAFFOLA HONEY 250G GLS-MBL,5.0,tm
2026-06,2026-08,719462,SAFFOLA HONEY 250G GLS-MBL,0.714211525,ml
2026-06,2026-08,719462,SAFFOLA HONEY 250G GLS-MBL,5.0,tm
2026-07,2026-08,719462,SAFFOLA HONEY 250G GLS-MBL,1.446770813,ml
2026-07,2026-08,719462,SAFFOLA HONEY 250G GLS-MBL,5.0,tm
2026-04,2026-09,719462,SAFFOLA HONEY 250G GLS-MBL,7.177033565,ml
2026-04,2026-09,719462,SAFFOLA HONEY 250G GLS-MBL,17.554188974,tm
2026-05,2026-09,719462,SAFFOLA HONEY 250G GLS-MBL,8.843853437,ml
2026-05,2026-09,719462,SAFFOLA HONEY 250G GLS-MBL,17.554188974,tm
2026-06,2026-09,719462,SAFFOLA HONEY 250G GLS-MBL,5.558636343,ml
2026-06,2026-09,719462,SAFFOLA HONEY 250G GLS-MBL,17.554188974,tm
2026-07,2026-09,719462,SAFFOLA HONEY 250G GLS-MBL,4.79149,ml
2026-07,2026-09,719462,SAFFOLA HONEY 250G GLS-MBL,17.554188974,tm
2026-05,2026-10,719462,SAFFOLA HONEY 250G GLS-MBL,4.527723703,ml
2026-05,2026-10,719462,SAFFOLA HONEY 250G GLS-MBL,13.113559737,tm
2026-06,2026-10,719462,SAFFOLA HONEY 250G GLS-MBL,6.870090403,ml
2026-06,2026-10,719462,SAFFOLA HONEY 250G GLS-MBL,13.113559737,tm
2026-07,2026-10,719462,SAFFOLA HONEY 250G GLS-MBL,7.902479894,ml
2026-07,2026-10,719462,SAFFOLA HONEY 250G GLS-MBL,13.113559737,tm
2026-06,2026-11,719462,SAFFOLA HONEY 250G GLS-MBL,7.120351288,ml
2026-06,2026-11,719462,SAFFOLA HONEY 250G GLS-MBL,13.113559737,tm
2026-07,2026-11,719462,SAFFOLA HONEY 250G GLS-MBL,7.976127097,ml
2026-07,2026-11,719462,SAFFOLA HONEY 250G GLS-MBL,13.113559737,tm
2026-07,2026-12,719462,SAFFOLA HONEY 250G GLS-MBL,3.442456667,ml
2026-07,2026-12,719462,SAFFOLA HONEY 250G GLS-MBL,6.238505341,tm
2025-04,2025-05,719463,SAFFOLA HONEY 500G GLS-MBL,0.095244478,ml
2025-04,2025-05,719463,SAFFOLA HONEY 500G GLS-MBL,1.206710754,tm
2025-04,2025-06,719463,SAFFOLA HONEY 500G GLS-MBL,0.06638141,ml
2025-04,2025-06,719463,SAFFOLA HONEY 500G GLS-MBL,1.206710754,tm
2025-05,2025-06,719463,SAFFOLA HONEY 500G GLS-MBL,0.088916667,ml
2025-05,2025-06,719463,SAFFOLA HONEY 500G GLS-MBL,1.206710754,tm
2025-04,2025-07,719463,SAFFOLA HONEY 500G GLS-MBL,0.077463228,ml
2025-04,2025-07,719463,SAFFOLA HONEY 500G GLS-MBL,1.194743913,tm
2025-05,2025-07,719463,SAFFOLA HONEY 500G GLS-MBL,0.1301,ml
2025-05,2025-07,719463,SAFFOLA HONEY 500G GLS-MBL,1.194743913,tm
2025-06,2025-07,719463,SAFFOLA HONEY 500G GLS-MBL,0.135629132,ml
2025-06,2025-07,719463,SAFFOLA HONEY 500G GLS-MBL,1.195,tm
2025-04,2025-08,719463,SAFFOLA HONEY 500G GLS-MBL,0.103388228,ml
2025-04,2025-08,719463,SAFFOLA HONEY 500G GLS-MBL,1.197222683,tm
2025-05,2025-08,719463,SAFFOLA HONEY 500G GLS-MBL,0.15475,ml
2025-05,2025-08,719463,SAFFOLA HONEY 500G GLS-MBL,1.197222683,tm
2025-06,2025-08,719463,SAFFOLA HONEY 500G GLS-MBL,0.0,ml
2025-06,2025-08,719463,SAFFOLA HONEY 500G GLS-MBL,5.803,tm
2025-07,2025-08,719463,SAFFOLA HONEY 500G GLS-MBL,0.319488443,ml
2025-07,2025-08,719463,SAFFOLA HONEY 500G GLS-MBL,5.743499999999999,tm
2025-04,2025-09,719463,SAFFOLA HONEY 500G GLS-MBL,2.98805,ml
2025-04,2025-09,719463,SAFFOLA HONEY 500G GLS-MBL,9.908868491,tm
2025-05,2025-09,719463,SAFFOLA HONEY 500G GLS-MBL,2.5637,ml
2025-05,2025-09,719463,SAFFOLA HONEY 500G GLS-MBL,9.908868492,tm
2025-06,2025-09,719463,SAFFOLA HONEY 500G GLS-MBL,4.222673499,ml
2025-06,2025-09,719463,SAFFOLA HONEY 500G GLS-MBL,13.953,tm
2025-07,2025-09,719463,SAFFOLA HONEY 500G GLS-MBL,2.289277778,ml
2025-07,2025-09,719463,SAFFOLA HONEY 500G GLS-MBL,14.4195,tm
2025-08,2025-09,719463,SAFFOLA HONEY 500G GLS-MBL,10.89575228,ml
2025-08,2025-09,719463,SAFFOLA HONEY 500G GLS-MBL,13.95,tm
2025-05,2025-10,719463,SAFFOLA HONEY 500G GLS-MBL,2.450078641,ml
2025-05,2025-10,719463,SAFFOLA HONEY 500G GLS-MBL,9.908868492,tm
2025-06,2025-10,719463,SAFFOLA HONEY 500G GLS-MBL,2.974161786,ml
2025-06,2025-10,719463,SAFFOLA HONEY 500G GLS-MBL,12.288,tm
2025-07,2025-10,719463,SAFFOLA HONEY 500G GLS-MBL,2.284249457,ml
2025-07,2025-10,719463,SAFFOLA HONEY 500G GLS-MBL,12.2325,tm
2025-08,2025-10,719463,SAFFOLA HONEY 500G GLS-MBL,7.955420412,ml
2025-08,2025-10,719463,SAFFOLA HONEY 500G GLS-MBL,12.290000000000001,tm
2025-09,2025-10,719463,SAFFOLA HONEY 500G GLS-MBL,7.372874729,ml
2025-09,2025-10,719463,SAFFOLA HONEY 500G GLS-MBL,16.45,tm
2025-06,2025-11,719463,SAFFOLA HONEY 500G GLS-MBL,2.957762763,ml
2025-06,2025-11,719463,SAFFOLA HONEY 500G GLS-MBL,11.628,tm
2025-07,2025-11,719463,SAFFOLA HONEY 500G GLS-MBL,2.887453877,ml
2025-07,2025-11,719463,SAFFOLA HONEY 500G GLS-MBL,12.689499999999999,tm
2025-08,2025-11,719463,SAFFOLA HONEY 500G GLS-MBL,7.736728575,ml
2025-08,2025-11,719463,SAFFOLA HONEY 500G GLS-MBL,11.629999999999999,tm
2025-09,2025-11,719463,SAFFOLA HONEY 500G GLS-MBL,7.754315618,ml
2025-09,2025-11,719463,SAFFOLA HONEY 500G GLS-MBL,14.809999999999999,tm
2025-10,2025-11,719463,SAFFOLA HONEY 500G GLS-MBL,10.81282656,ml
2025-10,2025-11,719463,SAFFOLA HONEY 500G GLS-MBL,15.12,tm
2025-07,2025-12,719463,SAFFOLA HONEY 500G GLS-MBL,2.258222222,ml
2025-07,2025-12,719463,SAFFOLA HONEY 500G GLS-MBL,8.12,tm
2025-08,2025-12,719463,SAFFOLA HONEY 500G GLS-MBL,5.848107684,ml
2025-08,2025-12,719463,SAFFOLA HONEY 500G GLS-MBL,7.5200000000000005,tm
2025-09,2025-12,719463,SAFFOLA HONEY 500G GLS-MBL,6.14505,ml
2025-09,2025-12,719463,SAFFOLA HONEY 500G GLS-MBL,8.52,tm
2025-10,2025-12,719463,SAFFOLA HONEY 500G GLS-MBL,6.049172622,ml
2025-10,2025-12,719463,SAFFOLA HONEY 500G GLS-MBL,11.379999999999999,tm
2025-11,2025-12,719463,SAFFOLA HONEY 500G GLS-MBL,6.29704461,ml
2025-11,2025-12,719463,SAFFOLA HONEY 500G GLS-MBL,12.579691469999998,tm
2025-08,2026-01,719463,SAFFOLA HONEY 500G GLS-MBL,1.869416199,ml
2025-08,2026-01,719463,SAFFOLA HONEY 500G GLS-MBL,5.2,tm
2025-09,2026-01,719463,SAFFOLA HONEY 500G GLS-MBL,3.226543766,ml
2025-09,2026-01,719463,SAFFOLA HONEY 500G GLS-MBL,3.71,tm
2025-10,2026-01,719463,SAFFOLA HONEY 500G GLS-MBL,3.283845746,ml
2025-10,2026-01,719463,SAFFOLA HONEY 500G GLS-MBL,5.52,tm
2025-11,2026-01,719463,SAFFOLA HONEY 500G GLS-MBL,4.73583417,ml
2025-11,2026-01,719463,SAFFOLA HONEY 500G GLS-MBL,6.38646098,tm
2025-12,2026-01,719463,SAFFOLA HONEY 500G GLS-MBL,4.885613337,ml
2025-12,2026-01,719463,SAFFOLA HONEY 500G GLS-MBL,8.39,tm
2025-09,2026-02,719463,SAFFOLA HONEY 500G GLS-MBL,0.926387815,ml
2025-09,2026-02,719463,SAFFOLA HONEY 500G GLS-MBL,1.194743913,tm
2025-10,2026-02,719463,SAFFOLA HONEY 500G GLS-MBL,1.024222718,ml
2025-10,2026-02,719463,SAFFOLA HONEY 500G GLS-MBL,1.4045999999999998,tm
2025-11,2026-02,719463,SAFFOLA HONEY 500G GLS-MBL,0.424694381,ml
2025-11,2026-02,719463,SAFFOLA HONEY 500G GLS-MBL,3.085261343,tm
2025-12,2026-02,719463,SAFFOLA HONEY 500G GLS-MBL,3.438535065,ml
2025-12,2026-02,719463,SAFFOLA HONEY 500G GLS-MBL,3.085261343,tm
2026-01,2026-02,719463,SAFFOLA HONEY 500G GLS-MBL,1.243758547,ml
2026-01,2026-02,719463,SAFFOLA HONEY 500G GLS-MBL,3.085261343,tm
2025-10,2026-03,719463,SAFFOLA HONEY 500G GLS-MBL,1.024222718,ml
2025-10,2026-03,719463,SAFFOLA HONEY 500G GLS-MBL,2.0046,tm
2025-11,2026-03,719463,SAFFOLA HONEY 500G GLS-MBL,3.855617852,ml
2025-11,2026-03,719463,SAFFOLA HONEY 500G GLS-MBL,2.665938294,tm
2025-12,2026-03,719463,SAFFOLA HONEY 500G GLS-MBL,2.4804,ml
2025-12,2026-03,719463,SAFFOLA HONEY 500G GLS-MBL,2.665938294,tm
2026-01,2026-03,719463,SAFFOLA HONEY 500G GLS-MBL,1.63497,ml
2026-01,2026-03,719463,SAFFOLA HONEY 500G GLS-MBL,2.665938294,tm
2026-02,2026-03,719463,SAFFOLA HONEY 500G GLS-MBL,1.459006015,ml
2026-02,2026-03,719463,SAFFOLA HONEY 500G GLS-MBL,2.665938294,tm
2025-11,2026-04,719463,SAFFOLA HONEY 500G GLS-MBL,4.142455042,ml
2025-11,2026-04,719463,SAFFOLA HONEY 500G GLS-MBL,1.0,tm
2025-12,2026-04,719463,SAFFOLA HONEY 500G GLS-MBL,5.102513112,ml
2025-12,2026-04,719463,SAFFOLA HONEY 500G GLS-MBL,0.94,tm
2026-01,2026-04,719463,SAFFOLA HONEY 500G GLS-MBL,0.0,ml
2026-01,2026-04,719463,SAFFOLA HONEY 500G GLS-MBL,0.53,tm
2026-02,2026-04,719463,SAFFOLA HONEY 500G GLS-MBL,1.483840627,ml
2026-02,2026-04,719463,SAFFOLA HONEY 500G GLS-MBL,0.796108742,tm
2026-03,2026-04,719463,SAFFOLA HONEY 500G GLS-MBL,0.875805375,ml
2026-03,2026-04,719463,SAFFOLA HONEY 500G GLS-MBL,0.93885,tm
2025-12,2026-05,719463,SAFFOLA HONEY 500G GLS-MBL,6.14553298,ml
2025-12,2026-05,719463,SAFFOLA HONEY 500G GLS-MBL,0.71,tm
2026-01,2026-05,719463,SAFFOLA HONEY 500G GLS-MBL,0.325784165,ml
2026-01,2026-05,719463,SAFFOLA HONEY 500G GLS-MBL,0.53,tm
2026-02,2026-05,719463,SAFFOLA HONEY 500G GLS-MBL,2.131087786,ml
2026-02,2026-05,719463,SAFFOLA HONEY 500G GLS-MBL,0.770999541,tm
2026-03,2026-05,719463,SAFFOLA HONEY 500G GLS-MBL,0.113703252,ml
2026-03,2026-05,719463,SAFFOLA HONEY 500G GLS-MBL,0.71445,tm
2026-04,2026-05,719463,SAFFOLA HONEY 500G GLS-MBL,0.866672594,ml
2026-04,2026-05,719463,SAFFOLA HONEY 500G GLS-MBL,0.71445,tm
2026-01,2026-06,719463,SAFFOLA HONEY 500G GLS-MBL,0.172300099,ml
2026-01,2026-06,719463,SAFFOLA HONEY 500G GLS-MBL,0.67,tm
2026-02,2026-06,719463,SAFFOLA HONEY 500G GLS-MBL,0.902954167,ml
2026-02,2026-06,719463,SAFFOLA HONEY 500G GLS-MBL,0.862174929,tm
2026-03,2026-06,719463,SAFFOLA HONEY 500G GLS-MBL,0.0,ml
2026-03,2026-06,719463,SAFFOLA HONEY 500G GLS-MBL,0.7320500000000001,tm
2026-04,2026-06,719463,SAFFOLA HONEY 500G GLS-MBL,1.912903136,ml
2026-04,2026-06,719463,SAFFOLA HONEY 500G GLS-MBL,0.7320500000000001,tm
2026-05,2026-06,719463,SAFFOLA HONEY 500G GLS-MBL,0.289428571,ml
2026-05,2026-06,719463,SAFFOLA HONEY 500G GLS-MBL,1.060222088,tm
2026-02,2026-07,719463,SAFFOLA HONEY 500G GLS-MBL,1.249575,ml
2026-02,2026-07,719463,SAFFOLA HONEY 500G GLS-MBL,1.0136294510000001,tm
2026-03,2026-07,719463,SAFFOLA HONEY 500G GLS-MBL,0.0,ml
2026-03,2026-07,719463,SAFFOLA HONEY 500G GLS-MBL,0.82665,tm
2026-04,2026-07,719463,SAFFOLA HONEY 500G GLS-MBL,0.866672594,ml
2026-04,2026-07,719463,SAFFOLA HONEY 500G GLS-MBL,0.8266500000000001,tm
2026-05,2026-07,719463,SAFFOLA HONEY 500G GLS-MBL,0.457207143,ml
2026-05,2026-07,719463,SAFFOLA HONEY 500G GLS-MBL,1.060222088,tm
2026-06,2026-07,719463,SAFFOLA HONEY 500G GLS-MBL,0.317694524,ml
2026-06,2026-07,719463,SAFFOLA HONEY 500G GLS-MBL,1.060222088,tm
2026-03,2026-08,719463,SAFFOLA HONEY 500G GLS-MBL,1.249623333,ml
2026-03,2026-08,719463,SAFFOLA HONEY 500G GLS-MBL,3.0415,tm
2026-04,2026-08,719463,SAFFOLA HONEY 500G GLS-MBL,0.0,ml
2026-04,2026-08,719463,SAFFOLA HONEY 500G GLS-MBL,2.968107835,tm
2026-05,2026-08,719463,SAFFOLA HONEY 500G GLS-MBL,1.324929477,ml
2026-05,2026-08,719463,SAFFOLA HONEY 500G GLS-MBL,4.7,tm
2026-06,2026-08,719463,SAFFOLA HONEY 500G GLS-MBL,0.364471042,ml
2026-06,2026-08,719463,SAFFOLA HONEY 500G GLS-MBL,4.7,tm
2026-07,2026-08,719463,SAFFOLA HONEY 500G GLS-MBL,1.568073797,ml
2026-07,2026-08,719463,SAFFOLA HONEY 500G GLS-MBL,4.7,tm
2026-04,2026-09,719463,SAFFOLA HONEY 500G GLS-MBL,7.844870665,ml
2026-04,2026-09,719463,SAFFOLA HONEY 500G GLS-MBL,15.092606331,tm
2026-05,2026-09,719463,SAFFOLA HONEY 500G GLS-MBL,0.406,ml
2026-05,2026-09,719463,SAFFOLA HONEY 500G GLS-MBL,15.092606331,tm
2026-06,2026-09,719463,SAFFOLA HONEY 500G GLS-MBL,8.904215891,ml
2026-06,2026-09,719463,SAFFOLA HONEY 500G GLS-MBL,15.092606331,tm
2026-07,2026-09,719463,SAFFOLA HONEY 500G GLS-MBL,5.033872141,ml
2026-07,2026-09,719463,SAFFOLA HONEY 500G GLS-MBL,15.092606331,tm
2026-05,2026-10,719463,SAFFOLA HONEY 500G GLS-MBL,5.042228571,ml
2026-05,2026-10,719463,SAFFOLA HONEY 500G GLS-MBL,14.424340096,tm
2026-06,2026-10,719463,SAFFOLA HONEY 500G GLS-MBL,7.964715537,ml
2026-06,2026-10,719463,SAFFOLA HONEY 500G GLS-MBL,14.424340096,tm
2026-07,2026-10,719463,SAFFOLA HONEY 500G GLS-MBL,8.113259287,ml
2026-07,2026-10,719463,SAFFOLA HONEY 500G GLS-MBL,14.424340096,tm
2026-06,2026-11,719463,SAFFOLA HONEY 500G GLS-MBL,7.244889487,ml
2026-06,2026-11,719463,SAFFOLA HONEY 500G GLS-MBL,14.424340096,tm
2026-07,2026-11,719463,SAFFOLA HONEY 500G GLS-MBL,7.467375736,ml
2026-07,2026-11,719463,SAFFOLA HONEY 500G GLS-MBL,14.424340096,tm
2026-07,2026-12,719463,SAFFOLA HONEY 500G GLS-MBL,4.376278113,ml
2026-07,2026-12,719463,SAFFOLA HONEY 500G GLS-MBL,11.378695017,tm
2025-05,2025-09,719513,JFB SOAP 25G SAMPLE,3.3,tm
2025-06,2025-09,719513,JFB SOAP 25G SAMPLE,3.3062500000000004,tm
2025-07,2025-09,719513,JFB SOAP 25G SAMPLE,3.3062500000000004,tm
2025-08,2025-09,719513,JFB SOAP 25G SAMPLE,2.99125,tm
2025-05,2025-10,719513,JFB SOAP 25G SAMPLE,3.5375,tm
2025-06,2025-10,719513,JFB SOAP 25G SAMPLE,3.54,tm
2025-07,2025-10,719513,JFB SOAP 25G SAMPLE,3.54,tm
2025-08,2025-10,719513,JFB SOAP 25G SAMPLE,3.54,tm
2025-09,2025-10,719513,JFB SOAP 25G SAMPLE,4.28875,tm
2025-06,2025-11,719513,JFB SOAP 25G SAMPLE,2.40625,tm
2025-07,2025-11,719513,JFB SOAP 25G SAMPLE,2.40375,tm
2025-08,2025-11,719513,JFB SOAP 25G SAMPLE,2.40375,tm
2025-09,2025-11,719513,JFB SOAP 25G SAMPLE,3.9750000000000005,tm
2025-10,2025-11,719513,JFB SOAP 25G SAMPLE,5.07625,tm
2025-10,2025-12,719513,JFB SOAP 25G SAMPLE,1.5375,tm
2025-11,2025-12,719513,JFB SOAP 25G SAMPLE,3.231525,tm
2025-12,2026-01,719513,JFB SOAP 25G SAMPLE,1.500265491,tm
2025-10,2026-02,719513,JFB SOAP 25G SAMPLE,6.18375,tm
2025-11,2026-02,719513,JFB SOAP 25G SAMPLE,6.18375,tm
2025-12,2026-02,719513,JFB SOAP 25G SAMPLE,6.374274473,tm
2026-01,2026-02,719513,JFB SOAP 25G SAMPLE,6.413326845,tm
2025-10,2026-03,719513,JFB SOAP 25G SAMPLE,2.645625,tm
2025-11,2026-03,719513,JFB SOAP 25G SAMPLE,2.645625,tm
2025-12,2026-03,719513,JFB SOAP 25G SAMPLE,2.7026600359999997,tm
2026-01,2026-03,719513,JFB SOAP 25G SAMPLE,5.36218738,tm
2026-02,2026-03,719513,JFB SOAP 25G SAMPLE,4.524080057,tm
2025-11,2026-04,719513,JFB SOAP 25G SAMPLE,0.191875,tm
2025-12,2026-04,719513,JFB SOAP 25G SAMPLE,0.191875,tm
2026-01,2026-04,719513,JFB SOAP 25G SAMPLE,0.5118,tm
2026-02,2026-04,719513,JFB SOAP 25G SAMPLE,4.674425791,tm
2026-03,2026-04,719513,JFB SOAP 25G SAMPLE,5.556943468,tm
2026-01,2026-05,719513,JFB SOAP 25G SAMPLE,0.338905,tm
2026-02,2026-05,719513,JFB SOAP 25G SAMPLE,0.659499853,tm
2026-03,2026-05,719513,JFB SOAP 25G SAMPLE,1.174451382,tm
2026-04,2026-05,719513,JFB SOAP 25G SAMPLE,2.457093246,tm
2026-01,2026-06,719513,JFB SOAP 25G SAMPLE,0.12363114900000001,tm
2026-02,2026-06,719513,JFB SOAP 25G SAMPLE,0.208371461,tm
2026-03,2026-06,719513,JFB SOAP 25G SAMPLE,0.251679318,tm
2026-04,2026-06,719513,JFB SOAP 25G SAMPLE,0.770806004,tm
2026-05,2026-06,719513,JFB SOAP 25G SAMPLE,1.322573561,tm
2026-02,2026-07,719513,JFB SOAP 25G SAMPLE,0.071122837,tm
2026-03,2026-07,719513,JFB SOAP 25G SAMPLE,0.25633025,tm
2026-04,2026-07,719513,JFB SOAP 25G SAMPLE,0.577967882,tm
2026-05,2026-07,719513,JFB SOAP 25G SAMPLE,0.7108951889999999,tm
2026-06,2026-07,719513,JFB SOAP 25G SAMPLE,1.064804632,tm
2026-03,2026-08,719513,JFB SOAP 25G SAMPLE,0.120920767,tm
2026-04,2026-08,719513,JFB SOAP 25G SAMPLE,0.153840394,tm
2026-05,2026-08,719513,JFB SOAP 25G SAMPLE,0.091658379,tm
2026-06,2026-08,719513,JFB SOAP 25G SAMPLE,0.37736849699999997,tm
2026-07,2026-08,719513,JFB SOAP 25G SAMPLE,0.637425529,tm
2026-04,2026-09,719513,JFB SOAP 25G SAMPLE,2.030850428,tm
2026-05,2026-09,719513,JFB SOAP 25G SAMPLE,2.0307514049999997,tm
2026-06,2026-09,719513,JFB SOAP 25G SAMPLE,2.063251405,tm
2026-07,2026-09,719513,JFB SOAP 25G SAMPLE,0.488735334,tm
2026-05,2026-10,719513,JFB SOAP 25G SAMPLE,2.948862158,tm
2026-06,2026-10,719513,JFB SOAP 25G SAMPLE,2.948862158,tm
2026-07,2026-10,719513,JFB SOAP 25G SAMPLE,0.190089137,tm
2026-06,2026-11,719513,JFB SOAP 25G SAMPLE,4.926636437,tm
2025-05,2025-10,719535,LOTION NM 5ML SAMPLE,6.75,tm
2025-06,2025-10,719535,LOTION NM 5ML SAMPLE,6.75,tm
2025-07,2025-10,719535,LOTION NM 5ML SAMPLE,6.75,tm
2025-08,2025-10,719535,LOTION NM 5ML SAMPLE,5.0,tm
2025-09,2025-10,719535,LOTION NM 5ML SAMPLE,6.75,tm
2025-08,2025-11,719535,LOTION NM 5ML SAMPLE,1.75,tm
2025-10,2025-11,719535,LOTION NM 5ML SAMPLE,2.25,tm
2025-10,2025-12,719535,LOTION NM 5ML SAMPLE,2.298,tm
2025-11,2025-12,719535,LOTION NM 5ML SAMPLE,1.0077005,tm
2025-12,2026-01,719535,LOTION NM 5ML SAMPLE,0.1797605,tm
2026-01,2026-02,719535,LOTION NM 5ML SAMPLE,0.008,tm
2025-04,2025-05,719578,PAEC 75ML APPLICATOR,0.714096711,ml
2025-04,2025-05,719578,PAEC 75ML APPLICATOR,0.822096926,tm
2025-04,2025-06,719578,PAEC 75ML APPLICATOR,0.706837205,ml
2025-04,2025-06,719578,PAEC 75ML APPLICATOR,0.813739489,tm
2025-05,2025-06,719578,PAEC 75ML APPLICATOR,0.705663304,ml
2025-05,2025-06,719578,PAEC 75ML APPLICATOR,1.0,tm
2025-04,2025-07,719578,PAEC 75ML APPLICATOR,0.777621587,ml
2025-04,2025-07,719578,PAEC 75ML APPLICATOR,0.895229324,tm
2025-05,2025-07,719578,PAEC 75ML APPLICATOR,0.697005,ml
2025-05,2025-07,719578,PAEC 75ML APPLICATOR,1.0,tm
2025-06,2025-07,719578,PAEC 75ML APPLICATOR,0.7459725,ml
2025-06,2025-07,719578,PAEC 75ML APPLICATOR,0.890194216,tm
2025-04,2025-08,719578,PAEC 75ML APPLICATOR,0.650176339,ml
2025-04,2025-08,719578,PAEC 75ML APPLICATOR,0.748509217,tm
2025-05,2025-08,719578,PAEC 75ML APPLICATOR,0.6708825,ml
2025-05,2025-08,719578,PAEC 75ML APPLICATOR,1.0,tm
2025-06,2025-08,719578,PAEC 75ML APPLICATOR,0.67521,ml
2025-06,2025-08,719578,PAEC 75ML APPLICATOR,0.805750931,tm
2025-07,2025-08,719578,PAEC 75ML APPLICATOR,0.597223937,ml
2025-07,2025-08,719578,PAEC 75ML APPLICATOR,0.712687525,tm
2025-04,2025-09,719578,PAEC 75ML APPLICATOR,1.019039365,ml
2025-04,2025-09,719578,PAEC 75ML APPLICATOR,1.173159204,tm
2025-05,2025-09,719578,PAEC 75ML APPLICATOR,1.091500624,ml
2025-05,2025-09,719578,PAEC 75ML APPLICATOR,1.0,tm
2025-06,2025-09,719578,PAEC 75ML APPLICATOR,0.701818894,ml
2025-06,2025-09,719578,PAEC 75ML APPLICATOR,0.837504224,tm
2025-07,2025-09,719578,PAEC 75ML APPLICATOR,0.7989925,ml
2025-07,2025-09,719578,PAEC 75ML APPLICATOR,0.953464775,tm
2025-08,2025-09,719578,PAEC 75ML APPLICATOR,0.767383414,ml
2025-08,2025-09,719578,PAEC 75ML APPLICATOR,1.0,tm
2025-05,2025-10,719578,PAEC 75ML APPLICATOR,0.948075,ml
2025-05,2025-10,719578,PAEC 75ML APPLICATOR,1.0,tm
2025-06,2025-10,719578,PAEC 75ML APPLICATOR,0.871668849,ml
2025-06,2025-10,719578,PAEC 75ML APPLICATOR,1.04019192,tm
2025-07,2025-10,719578,PAEC 75ML APPLICATOR,1.374375,ml
2025-07,2025-10,719578,PAEC 75ML APPLICATOR,1.640088173,tm
2025-08,2025-10,719578,PAEC 75ML APPLICATOR,0.721748571,ml
2025-08,2025-10,719578,PAEC 75ML APPLICATOR,1.0,tm
2025-09,2025-10,719578,PAEC 75ML APPLICATOR,1.00601381,ml
2025-09,2025-10,719578,PAEC 75ML APPLICATOR,1.5,tm
2025-06,2025-11,719578,PAEC 75ML APPLICATOR,0.567762295,ml
2025-06,2025-11,719578,PAEC 75ML APPLICATOR,0.67752995,tm
2025-07,2025-11,719578,PAEC 75ML APPLICATOR,0.557715172,ml
2025-07,2025-11,719578,PAEC 75ML APPLICATOR,0.665540378,tm
2025-08,2025-11,719578,PAEC 75ML APPLICATOR,0.6159,ml
2025-08,2025-11,719578,PAEC 75ML APPLICATOR,1.0,tm
2025-09,2025-11,719578,PAEC 75ML APPLICATOR,0.458508955,ml
2025-09,2025-11,719578,PAEC 75ML APPLICATOR,1.0,tm
2025-10,2025-11,719578,PAEC 75ML APPLICATOR,0.80879,ml
2025-10,2025-11,719578,PAEC 75ML APPLICATOR,1.04851594,tm
2025-07,2025-12,719578,PAEC 75ML APPLICATOR,0.432374696,ml
2025-07,2025-12,719578,PAEC 75ML APPLICATOR,0.515967349,tm
2025-08,2025-12,719578,PAEC 75ML APPLICATOR,0.6159,ml
2025-08,2025-12,719578,PAEC 75ML APPLICATOR,1.0,tm
2025-09,2025-12,719578,PAEC 75ML APPLICATOR,0.740468357,ml
2025-09,2025-12,719578,PAEC 75ML APPLICATOR,1.5,tm
2025-10,2025-12,719578,PAEC 75ML APPLICATOR,0.765665,ml
2025-10,2025-12,719578,PAEC 75ML APPLICATOR,1.543664346,tm
2025-11,2025-12,719578,PAEC 75ML APPLICATOR,0.692378919,ml
2025-11,2025-12,719578,PAEC 75ML APPLICATOR,1.5,tm
2025-08,2026-01,719578,PAEC 75ML APPLICATOR,0.750410357,ml
2025-08,2026-01,719578,PAEC 75ML APPLICATOR,1.0,tm
2025-09,2026-01,719578,PAEC 75ML APPLICATOR,0.941127726,ml
2025-09,2026-01,719578,PAEC 75ML APPLICATOR,1.0,tm
2025-10,2026-01,719578,PAEC 75ML APPLICATOR,0.907305,ml
2025-10,2026-01,719578,PAEC 75ML APPLICATOR,1.026198608,tm
2025-11,2026-01,719578,PAEC 75ML APPLICATOR,0.788983403,ml
2025-11,2026-01,719578,PAEC 75ML APPLICATOR,2.0,tm
2025-12,2026-01,719578,PAEC 75ML APPLICATOR,1.057280357,ml
2025-12,2026-01,719578,PAEC 75ML APPLICATOR,5.0,tm
2025-09,2026-02,719578,PAEC 75ML APPLICATOR,0.710664571,ml
2025-09,2026-02,719578,PAEC 75ML APPLICATOR,1.0,tm
2025-10,2026-02,719578,PAEC 75ML APPLICATOR,0.8579275,ml
2025-10,2026-02,719578,PAEC 75ML APPLICATOR,1.026198608,tm
2025-11,2026-02,719578,PAEC 75ML APPLICATOR,1.056075,ml
2025-11,2026-02,719578,PAEC 75ML APPLICATOR,1.0,tm
2025-12,2026-02,719578,PAEC 75ML APPLICATOR,0.883858652,ml
2025-12,2026-02,719578,PAEC 75ML APPLICATOR,1.0,tm
2026-01,2026-02,719578,PAEC 75ML APPLICATOR,1.055186675,ml
2026-01,2026-02,719578,PAEC 75ML APPLICATOR,1.259189949,tm
2025-10,2026-03,719578,PAEC 75ML APPLICATOR,0.885845,ml
2025-10,2026-03,719578,PAEC 75ML APPLICATOR,1.026198608,tm
2025-11,2026-03,719578,PAEC 75ML APPLICATOR,1.056075,ml
2025-11,2026-03,719578,PAEC 75ML APPLICATOR,1.0,tm
2025-12,2026-03,719578,PAEC 75ML APPLICATOR,1.054655571,ml
2025-12,2026-03,719578,PAEC 75ML APPLICATOR,2.0,tm
2026-01,2026-03,719578,PAEC 75ML APPLICATOR,1.229473534,ml
2026-01,2026-03,719578,PAEC 75ML APPLICATOR,1.467172353,tm
2026-02,2026-03,719578,PAEC 75ML APPLICATOR,0.836793243,ml
2026-02,2026-03,719578,PAEC 75ML APPLICATOR,0.99857368,tm
2025-11,2026-04,719578,PAEC 75ML APPLICATOR,1.84815,ml
2025-11,2026-04,719578,PAEC 75ML APPLICATOR,2.0,tm
2025-12,2026-04,719578,PAEC 75ML APPLICATOR,1.104538362,ml
2025-12,2026-04,719578,PAEC 75ML APPLICATOR,2.0,tm
2026-01,2026-04,719578,PAEC 75ML APPLICATOR,1.160215675,ml
2026-01,2026-04,719578,PAEC 75ML APPLICATOR,1.384524607,tm
2026-02,2026-04,719578,PAEC 75ML APPLICATOR,1.491963437,ml
2026-02,2026-04,719578,PAEC 75ML APPLICATOR,3.0,tm
2026-03,2026-04,719578,PAEC 75ML APPLICATOR,1.294964646,ml
2026-03,2026-04,719578,PAEC 75ML APPLICATOR,1.444937473,tm
2025-12,2026-05,719578,PAEC 75ML APPLICATOR,1.150020944,ml
2025-12,2026-05,719578,PAEC 75ML APPLICATOR,4.0,tm
2026-01,2026-05,719578,PAEC 75ML APPLICATOR,1.019961662,ml
2026-01,2026-05,719578,PAEC 75ML APPLICATOR,1.21715475,tm
2026-02,2026-05,719578,PAEC 75ML APPLICATOR,1.555320501,ml
2026-02,2026-05,719578,PAEC 75ML APPLICATOR,1.5,tm
2026-03,2026-05,719578,PAEC 75ML APPLICATOR,1.090955449,ml
2026-03,2026-05,719578,PAEC 75ML APPLICATOR,1.217301502,tm
2026-04,2026-05,719578,PAEC 75ML APPLICATOR,1.052111757,ml
2026-04,2026-05,719578,PAEC 75ML APPLICATOR,1.173959233,tm
2026-01,2026-06,719578,PAEC 75ML APPLICATOR,1.721452801,ml
2026-01,2026-06,719578,PAEC 75ML APPLICATOR,2.054267853,tm
2026-02,2026-06,719578,PAEC 75ML APPLICATOR,2.3680605,ml
2026-02,2026-06,719578,PAEC 75ML APPLICATOR,3.0,tm
2026-03,2026-06,719578,PAEC 75ML APPLICATOR,1.558779578,ml
2026-03,2026-06,719578,PAEC 75ML APPLICATOR,1.739305417,tm
2026-04,2026-06,719578,PAEC 75ML APPLICATOR,2.032202891,ml
2026-04,2026-06,719578,PAEC 75ML APPLICATOR,2.26755697,tm
2026-05,2026-06,719578,PAEC 75ML APPLICATOR,2.006885323,ml
2026-05,2026-06,719578,PAEC 75ML APPLICATOR,2.239307316,tm
2026-02,2026-07,719578,PAEC 75ML APPLICATOR,0.836793243,ml
2026-02,2026-07,719578,PAEC 75ML APPLICATOR,0.99857368,tm
2026-03,2026-07,719578,PAEC 75ML APPLICATOR,1.16113648,ml
2026-03,2026-07,719578,PAEC 75ML APPLICATOR,1.29561036,tm
2026-04,2026-07,719578,PAEC 75ML APPLICATOR,1.052111757,ml
2026-04,2026-07,719578,PAEC 75ML APPLICATOR,1.173959233,tm
2026-05,2026-07,719578,PAEC 75ML APPLICATOR,0.967820923,ml
2026-05,2026-07,719578,PAEC 75ML APPLICATOR,1.079906484,tm
2026-06,2026-07,719578,PAEC 75ML APPLICATOR,0.992853243,ml
2026-06,2026-07,719578,PAEC 75ML APPLICATOR,1.107837855,tm
2026-03,2026-08,719578,PAEC 75ML APPLICATOR,1.207712946,ml
2026-03,2026-08,719578,PAEC 75ML APPLICATOR,1.347580953,tm
2026-04,2026-08,719578,PAEC 75ML APPLICATOR,1.412395478,ml
2026-04,2026-08,719578,PAEC 75ML APPLICATOR,1.575968238,tm
2026-05,2026-08,719578,PAEC 75ML APPLICATOR,1.461001673,ml
2026-05,2026-08,719578,PAEC 75ML APPLICATOR,1.630203629,tm
2026-06,2026-08,719578,PAEC 75ML APPLICATOR,1.12321,ml
2026-06,2026-08,719578,PAEC 75ML APPLICATOR,1.253291527,tm
2026-07,2026-08,719578,PAEC 75ML APPLICATOR,1.20777566,ml
2026-07,2026-08,719578,PAEC 75ML APPLICATOR,2.3,tm
2026-04,2026-09,719578,PAEC 75ML APPLICATOR,1.309604605,ml
2026-04,2026-09,719578,PAEC 75ML APPLICATOR,1.461272918,tm
2026-05,2026-09,719578,PAEC 75ML APPLICATOR,1.286754624,ml
2026-05,2026-09,719578,PAEC 75ML APPLICATOR,1.435776629,tm
2026-06,2026-09,719578,PAEC 75ML APPLICATOR,1.125103918,ml
2026-06,2026-09,719578,PAEC 75ML APPLICATOR,1.255404784,tm
2026-07,2026-09,719578,PAEC 75ML APPLICATOR,1.233196948,ml
2026-07,2026-09,719578,PAEC 75ML APPLICATOR,3.5,tm
2026-05,2026-10,719578,PAEC 75ML APPLICATOR,1.81983652,ml
2026-05,2026-10,719578,PAEC 75ML APPLICATOR,2.030595962,tm
2026-06,2026-10,719578,PAEC 75ML APPLICATOR,1.204963621,ml
2026-06,2026-10,719578,PAEC 75ML APPLICATOR,1.344513222,tm
2026-07,2026-10,719578,PAEC 75ML APPLICATOR,1.424375697,ml
2026-07,2026-10,719578,PAEC 75ML APPLICATOR,1.5,tm
2026-06,2026-11,719578,PAEC 75ML APPLICATOR,1.135114982,ml
2026-06,2026-11,719578,PAEC 75ML APPLICATOR,1.266575252,tm
2026-07,2026-11,719578,PAEC 75ML APPLICATOR,0.9415120626,ml
2026-07,2026-11,719578,PAEC 75ML APPLICATOR,2.0,tm
2026-07,2026-12,719578,PAEC 75ML APPLICATOR,1.312648432,ml
2026-07,2026-12,719578,PAEC 75ML APPLICATOR,3.0,tm
2025-04,2025-05,719726,SX MENS SOAP 75G,1.305080133,tm
2025-04,2025-06,719726,SX MENS SOAP 75G,1.400420321,tm
2025-05,2025-06,719726,SX MENS SOAP 75G,1.400420321,tm
2025-04,2025-07,719726,SX MENS SOAP 75G,0.977586752,tm
2025-05,2025-07,719726,SX MENS SOAP 75G,0.977586752,tm
2025-06,2025-07,719726,SX MENS SOAP 75G,0.977586752,tm
2025-04,2025-08,719726,SX MENS SOAP 75G,1.146364072,tm
2025-05,2025-08,719726,SX MENS SOAP 75G,1.146364072,tm
2025-06,2025-08,719726,SX MENS SOAP 75G,1.146364072,tm
2025-07,2025-08,719726,SX MENS SOAP 75G,1.146364072,tm
2025-04,2025-09,719726,SX MENS SOAP 75G,1.161284987,tm
2025-05,2025-09,719726,SX MENS SOAP 75G,1.161284987,tm
2025-06,2025-09,719726,SX MENS SOAP 75G,1.161284987,tm
2025-07,2025-09,719726,SX MENS SOAP 75G,1.161284987,tm
2025-05,2025-10,719726,SX MENS SOAP 75G,0.68,tm
2025-06,2025-10,719726,SX MENS SOAP 75G,0.681821044,tm
2025-07,2025-10,719726,SX MENS SOAP 75G,0.681821044,tm
2025-08,2025-10,719726,SX MENS SOAP 75G,0.681821044,tm
2025-09,2025-10,719726,SX MENS SOAP 75G,0.0653877,tm
2025-06,2025-11,719726,SX MENS SOAP 75G,1.042310464,tm
2025-07,2025-11,719726,SX MENS SOAP 75G,1.042310464,tm
2025-08,2025-11,719726,SX MENS SOAP 75G,1.042310464,tm
2025-09,2025-11,719726,SX MENS SOAP 75G,0.07192647,tm
2025-10,2025-11,719726,SX MENS SOAP 75G,0.07192647,tm
2025-07,2025-12,719726,SX MENS SOAP 75G,0.81,tm
2025-08,2025-12,719726,SX MENS SOAP 75G,0.81,tm
2025-09,2025-12,719726,SX MENS SOAP 75G,0.064733823,tm
2025-10,2025-12,719726,SX MENS SOAP 75G,0.064733823,tm
2025-11,2025-12,719726,SX MENS SOAP 75G,0.07192647,tm
2025-08,2026-01,719726,SX MENS SOAP 75G,1.2,tm
2025-09,2026-01,719726,SX MENS SOAP 75G,0.038840294,tm
2025-10,2026-01,719726,SX MENS SOAP 75G,0.038840294,tm
2025-11,2026-01,719726,SX MENS SOAP 75G,0.064733823,tm
2025-10,2026-02,719726,SX MENS SOAP 75G,0.038840294,tm
2025-11,2026-02,719726,SX MENS SOAP 75G,0.038840294,tm
2025-10,2026-03,719726,SX MENS SOAP 75G,0.038840294,tm
2025-11,2026-03,719726,SX MENS SOAP 75G,0.038840294,tm
2025-11,2026-04,719726,SX MENS SOAP 75G,0.038840294,tm
2025-04,2025-05,719861,BELIPHOOL 35ML,7.9887937,ml
2025-04,2025-05,719861,BELIPHOOL 35ML,28.0,tm
2025-04,2025-06,719861,BELIPHOOL 35ML,10.10179812,ml
2025-04,2025-06,719861,BELIPHOOL 35ML,8.0,tm
2025-05,2025-06,719861,BELIPHOOL 35ML,8.873966922,ml
2025-05,2025-06,719861,BELIPHOOL 35ML,8.0,tm
2025-04,2025-07,719861,BELIPHOOL 35ML,10.15000262,ml
2025-04,2025-07,719861,BELIPHOOL 35ML,22.0,tm
2025-05,2025-07,719861,BELIPHOOL 35ML,13.99210943,ml
2025-05,2025-07,719861,BELIPHOOL 35ML,25.0,tm
2025-06,2025-07,719861,BELIPHOOL 35ML,18.24921223,ml
2025-06,2025-07,719861,BELIPHOOL 35ML,25.0,tm
2025-04,2025-08,719861,BELIPHOOL 35ML,5.609210329,ml
2025-04,2025-08,719861,BELIPHOOL 35ML,9.0,tm
2025-05,2025-08,719861,BELIPHOOL 35ML,8.873966922,ml
2025-05,2025-08,719861,BELIPHOOL 35ML,10.0,tm
2025-06,2025-08,719861,BELIPHOOL 35ML,6.283886654,ml
2025-06,2025-08,719861,BELIPHOOL 35ML,10.0,tm
2025-07,2025-08,719861,BELIPHOOL 35ML,16.74835695,ml
2025-07,2025-08,719861,BELIPHOOL 35ML,25.0,tm
2025-04,2025-09,719861,BELIPHOOL 35ML,10.33542492,ml
2025-04,2025-09,719861,BELIPHOOL 35ML,24.0,tm
2025-05,2025-09,719861,BELIPHOOL 35ML,14.45739512,ml
2025-05,2025-09,719861,BELIPHOOL 35ML,30.0,tm
2025-06,2025-09,719861,BELIPHOOL 35ML,18.33135038,ml
2025-06,2025-09,719861,BELIPHOOL 35ML,30.0,tm
2025-07,2025-09,719861,BELIPHOOL 35ML,15.45895221,ml
2025-07,2025-09,719861,BELIPHOOL 35ML,12.0,tm
2025-08,2025-09,719861,BELIPHOOL 35ML,11.1848132,ml
2025-08,2025-09,719861,BELIPHOOL 35ML,12.0,tm
2025-05,2025-10,719861,BELIPHOOL 35ML,8.873966922,ml
2025-05,2025-10,719861,BELIPHOOL 35ML,10.0,tm
2025-06,2025-10,719861,BELIPHOOL 35ML,8.683340444,ml
2025-06,2025-10,719861,BELIPHOOL 35ML,10.0,tm
2025-07,2025-10,719861,BELIPHOOL 35ML,9.371008288,ml
2025-07,2025-10,719861,BELIPHOOL 35ML,27.0,tm
2025-08,2025-10,719861,BELIPHOOL 35ML,9.446357212,ml
2025-08,2025-10,719861,BELIPHOOL 35ML,27.0,tm
2025-09,2025-10,719861,BELIPHOOL 35ML,10.04560738,ml
2025-09,2025-10,719861,BELIPHOOL 35ML,35.0,tm
2025-06,2025-11,719861,BELIPHOOL 35ML,20.44258659,ml
2025-06,2025-11,719861,BELIPHOOL 35ML,26.0,tm
2025-07,2025-11,719861,BELIPHOOL 35ML,13.62961752,ml
2025-07,2025-11,719861,BELIPHOOL 35ML,11.0,tm
2025-08,2025-11,719861,BELIPHOOL 35ML,14.20500896,ml
2025-08,2025-11,719861,BELIPHOOL 35ML,11.0,tm
2025-09,2025-11,719861,BELIPHOOL 35ML,15.02228792,ml
2025-09,2025-11,719861,BELIPHOOL 35ML,12.0,tm
2025-10,2025-11,719861,BELIPHOOL 35ML,5.172061965,ml
2025-10,2025-11,719861,BELIPHOOL 35ML,8.0,tm
2025-07,2025-12,719861,BELIPHOOL 35ML,12.42327159,ml
2025-07,2025-12,719861,BELIPHOOL 35ML,28.0,tm
2025-08,2025-12,719861,BELIPHOOL 35ML,13.4051266,ml
2025-08,2025-12,719861,BELIPHOOL 35ML,28.0,tm
2025-09,2025-12,719861,BELIPHOOL 35ML,15.4051095,ml
2025-09,2025-12,719861,BELIPHOOL 35ML,35.0,tm
2025-10,2025-12,719861,BELIPHOOL 35ML,13.53322853,ml
2025-10,2025-12,719861,BELIPHOOL 35ML,35.0,tm
2025-11,2025-12,719861,BELIPHOOL 35ML,16.28806631,ml
2025-11,2025-12,719861,BELIPHOOL 35ML,35.0,tm
2025-08,2026-01,719861,BELIPHOOL 35ML,9.446357212,ml
2025-08,2026-01,719861,BELIPHOOL 35ML,13.0,tm
2025-09,2026-01,719861,BELIPHOOL 35ML,7.710407934,ml
2025-09,2026-01,719861,BELIPHOOL 35ML,13.0,tm
2025-10,2026-01,719861,BELIPHOOL 35ML,10.13640996,ml
2025-10,2026-01,719861,BELIPHOOL 35ML,13.0,tm
2025-11,2026-01,719861,BELIPHOOL 35ML,9.479028423,ml
2025-11,2026-01,719861,BELIPHOOL 35ML,14.0,tm
2025-12,2026-01,719861,BELIPHOOL 35ML,5.7986839,ml
2025-12,2026-01,719861,BELIPHOOL 35ML,13.636,tm
2025-09,2026-02,719861,BELIPHOOL 35ML,32.43090711,ml
2025-09,2026-02,719861,BELIPHOOL 35ML,23.0,tm
2025-10,2026-02,719861,BELIPHOOL 35ML,26.93063553,ml
2025-10,2026-02,719861,BELIPHOOL 35ML,23.0,tm
2025-11,2026-02,719861,BELIPHOOL 35ML,21.13470722,ml
2025-11,2026-02,719861,BELIPHOOL 35ML,34.0,tm
2025-12,2026-02,719861,BELIPHOOL 35ML,21.7356281,ml
2025-12,2026-02,719861,BELIPHOOL 35ML,34.0,tm
2026-01,2026-02,719861,BELIPHOOL 35ML,30.89329131,ml
2026-01,2026-02,719861,BELIPHOOL 35ML,36.31,tm
2025-10,2026-03,719861,BELIPHOOL 35ML,18.74595544,ml
2025-10,2026-03,719861,BELIPHOOL 35ML,40.0,tm
2025-11,2026-03,719861,BELIPHOOL 35ML,19.2062254,ml
2025-11,2026-03,719861,BELIPHOOL 35ML,55.333333333,tm
2025-12,2026-03,719861,BELIPHOOL 35ML,15.75170249,ml
2025-12,2026-03,719861,BELIPHOOL 35ML,53.294666667,tm
2026-01,2026-03,719861,BELIPHOOL 35ML,16.61321815,ml
2026-01,2026-03,719861,BELIPHOOL 35ML,53.294666667,tm
2026-02,2026-03,719861,BELIPHOOL 35ML,14.50805028,ml
2026-02,2026-03,719861,BELIPHOOL 35ML,53.883333333,tm
2025-11,2026-04,719861,BELIPHOOL 35ML,37.77961597,ml
2025-11,2026-04,719861,BELIPHOOL 35ML,12.0,tm
2025-12,2026-04,719861,BELIPHOOL 35ML,27.41224069,ml
2025-12,2026-04,719861,BELIPHOOL 35ML,25.0,tm
2026-01,2026-04,719861,BELIPHOOL 35ML,41.27213698,ml
2026-01,2026-04,719861,BELIPHOOL 35ML,25.0,tm
2026-02,2026-04,719861,BELIPHOOL 35ML,32.35148613,ml
2026-02,2026-04,719861,BELIPHOOL 35ML,25.0,tm
2026-03,2026-04,719861,BELIPHOOL 35ML,26.13892946,ml
2026-03,2026-04,719861,BELIPHOOL 35ML,24.818666667,tm
2025-12,2026-05,719861,BELIPHOOL 35ML,16.63947331,ml
2025-12,2026-05,719861,BELIPHOOL 35ML,44.5455,tm
2026-01,2026-05,719861,BELIPHOOL 35ML,25.28933504,ml
2026-01,2026-05,719861,BELIPHOOL 35ML,44.5455,tm
2026-02,2026-05,719861,BELIPHOOL 35ML,19.75635345,ml
2026-02,2026-05,719861,BELIPHOOL 35ML,45.45,tm
2026-03,2026-05,719861,BELIPHOOL 35ML,23.742307,ml
2026-03,2026-05,719861,BELIPHOOL 35ML,45.45,tm
2026-04,2026-05,719861,BELIPHOOL 35ML,20.93121341,ml
2026-04,2026-05,719861,BELIPHOOL 35ML,42.763333333,tm
2026-01,2026-06,719861,BELIPHOOL 35ML,29.59929708,ml
2026-01,2026-06,719861,BELIPHOOL 35ML,9.666666667,tm
2026-02,2026-06,719861,BELIPHOOL 35ML,22.7227327,ml
2026-02,2026-06,719861,BELIPHOOL 35ML,24.366666666999997,tm
2026-03,2026-06,719861,BELIPHOOL 35ML,15.10444179,ml
2026-03,2026-06,719861,BELIPHOOL 35ML,24.7,tm
2026-04,2026-06,719861,BELIPHOOL 35ML,13.94624373,ml
2026-04,2026-06,719861,BELIPHOOL 35ML,22.7,tm
2026-05,2026-06,719861,BELIPHOOL 35ML,20.1504156,ml
2026-05,2026-06,719861,BELIPHOOL 35ML,31.965333334,tm
2026-02,2026-07,719861,BELIPHOOL 35ML,12.78478453,ml
2026-02,2026-07,719861,BELIPHOOL 35ML,38.826296296,tm
2026-03,2026-07,719861,BELIPHOOL 35ML,10.37959778,ml
2026-03,2026-07,719861,BELIPHOOL 35ML,38.766,tm
2026-04,2026-07,719861,BELIPHOOL 35ML,19.3010972,ml
2026-04,2026-07,719861,BELIPHOOL 35ML,29.0,tm
2026-05,2026-07,719861,BELIPHOOL 35ML,16.07932827,ml
2026-05,2026-07,719861,BELIPHOOL 35ML,29.0,tm
2026-06,2026-07,719861,BELIPHOOL 35ML,9.801678533,ml
2026-06,2026-07,719861,BELIPHOOL 35ML,34.056666667,tm
2026-03,2026-08,719861,BELIPHOOL 35ML,26.5740103,ml
2026-03,2026-08,719861,BELIPHOOL 35ML,15.0,tm
2026-04,2026-08,719861,BELIPHOOL 35ML,14.42945278,ml
2026-04,2026-08,719861,BELIPHOOL 35ML,22.309666667000002,tm
2026-05,2026-08,719861,BELIPHOOL 35ML,21.4224589,ml
2026-05,2026-08,719861,BELIPHOOL 35ML,8.0,tm
2026-06,2026-08,719861,BELIPHOOL 35ML,11.25875732,ml
2026-06,2026-08,719861,BELIPHOOL 35ML,8.0,tm
2026-07,2026-08,719861,BELIPHOOL 35ML,14.187145914,ml
2026-07,2026-08,719861,BELIPHOOL 35ML,9.404333333,tm
2026-04,2026-09,719861,BELIPHOOL 35ML,21.6082691,ml
2026-04,2026-09,719861,BELIPHOOL 35ML,36.0,tm
2026-05,2026-09,719861,BELIPHOOL 35ML,16.56473729,ml
2026-05,2026-09,719861,BELIPHOOL 35ML,36.0,tm
2026-06,2026-09,719861,BELIPHOOL 35ML,15.03794664,ml
2026-06,2026-09,719861,BELIPHOOL 35ML,36.0,tm
2026-07,2026-09,719861,BELIPHOOL 35ML,7.924675974,ml
2026-07,2026-09,719861,BELIPHOOL 35ML,36.0,tm
2026-05,2026-10,719861,BELIPHOOL 35ML,13.65275332,ml
2026-05,2026-10,719861,BELIPHOOL 35ML,10.0,tm
2026-06,2026-10,719861,BELIPHOOL 35ML,11.40579736,ml
2026-06,2026-10,719861,BELIPHOOL 35ML,10.0,tm
2026-07,2026-10,719861,BELIPHOOL 35ML,9.590996906,ml
2026-07,2026-10,719861,BELIPHOOL 35ML,10.0,tm
2026-06,2026-11,719861,BELIPHOOL 35ML,14.37771156,ml
2026-06,2026-11,719861,BELIPHOOL 35ML,36.0,tm
2026-07,2026-11,719861,BELIPHOOL 35ML,12.353877417,ml
2026-07,2026-11,719861,BELIPHOOL 35ML,36.0,tm
2026-07,2026-12,719861,BELIPHOOL 35ML,9.549431719,ml
2026-07,2026-12,719861,BELIPHOOL 35ML,10.0,tm
2025-04,2025-05,720100,JFB SHAMPOO 100ML,1.72342,ml
2025-04,2025-05,720100,JFB SHAMPOO 100ML,2.7,tm
2025-04,2025-06,720100,JFB SHAMPOO 100ML,1.40217463,ml
2025-04,2025-06,720100,JFB SHAMPOO 100ML,2.24,tm
2025-05,2025-06,720100,JFB SHAMPOO 100ML,1.640746067,ml
2025-05,2025-06,720100,JFB SHAMPOO 100ML,2.24,tm
2025-04,2025-07,720100,JFB SHAMPOO 100ML,1.355719707,ml
2025-04,2025-07,720100,JFB SHAMPOO 100ML,1.66,tm
2025-05,2025-07,720100,JFB SHAMPOO 100ML,1.5732464,ml
2025-05,2025-07,720100,JFB SHAMPOO 100ML,1.66,tm
2025-06,2025-07,720100,JFB SHAMPOO 100ML,1.33022,ml
2025-06,2025-07,720100,JFB SHAMPOO 100ML,1.424622037,tm
2025-04,2025-08,720100,JFB SHAMPOO 100ML,1.497173187,ml
2025-04,2025-08,720100,JFB SHAMPOO 100ML,1.75,tm
2025-05,2025-08,720100,JFB SHAMPOO 100ML,1.477346148,ml
2025-05,2025-08,720100,JFB SHAMPOO 100ML,1.75,tm
2025-06,2025-08,720100,JFB SHAMPOO 100ML,1.117920042,ml
2025-06,2025-08,720100,JFB SHAMPOO 100ML,1.197255738,tm
2025-07,2025-08,720100,JFB SHAMPOO 100ML,1.00701628,ml
2025-07,2025-08,720100,JFB SHAMPOO 100ML,1.078481442,tm
2025-04,2025-09,720100,JFB SHAMPOO 100ML,1.457708419,ml
2025-04,2025-09,720100,JFB SHAMPOO 100ML,1.7,tm
2025-05,2025-09,720100,JFB SHAMPOO 100ML,1.722129688,ml
2025-05,2025-09,720100,JFB SHAMPOO 100ML,1.7,tm
2025-06,2025-09,720100,JFB SHAMPOO 100ML,1.59355835,ml
2025-06,2025-09,720100,JFB SHAMPOO 100ML,1.706648782,tm
2025-07,2025-09,720100,JFB SHAMPOO 100ML,1.56731873,ml
2025-07,2025-09,720100,JFB SHAMPOO 100ML,1.678547008,tm
2025-08,2025-09,720100,JFB SHAMPOO 100ML,1.575475486,ml
2025-08,2025-09,720100,JFB SHAMPOO 100ML,1.55,tm
2025-05,2025-10,720100,JFB SHAMPOO 100ML,1.673110923,ml
2025-05,2025-10,720100,JFB SHAMPOO 100ML,1.68,tm
2025-06,2025-10,720100,JFB SHAMPOO 100ML,1.559364676,ml
2025-06,2025-10,720100,JFB SHAMPOO 100ML,1.670028477,tm
2025-07,2025-10,720100,JFB SHAMPOO 100ML,1.517672773,ml
2025-07,2025-10,720100,JFB SHAMPOO 100ML,1.625377815,tm
2025-08,2025-10,720100,JFB SHAMPOO 100ML,1.575475486,ml
2025-08,2025-10,720100,JFB SHAMPOO 100ML,1.91,tm
2025-09,2025-10,720100,JFB SHAMPOO 100ML,1.61140762,ml
2025-09,2025-10,720100,JFB SHAMPOO 100ML,1.631417264,tm
2025-06,2025-11,720100,JFB SHAMPOO 100ML,1.84931751,ml
2025-06,2025-11,720100,JFB SHAMPOO 100ML,1.980558463,tm
2025-07,2025-11,720100,JFB SHAMPOO 100ML,1.82532177,ml
2025-07,2025-11,720100,JFB SHAMPOO 100ML,1.954859812,tm
2025-08,2025-11,720100,JFB SHAMPOO 100ML,1.746600564,ml
2025-08,2025-11,720100,JFB SHAMPOO 100ML,2.35,tm
2025-09,2025-11,720100,JFB SHAMPOO 100ML,1.924223258,ml
2025-09,2025-11,720100,JFB SHAMPOO 100ML,1.927831866,tm
2025-10,2025-11,720100,JFB SHAMPOO 100ML,1.858504066,ml
2025-10,2025-11,720100,JFB SHAMPOO 100ML,1.927831866,tm
2025-07,2025-12,720100,JFB SHAMPOO 100ML,1.142455341,ml
2025-07,2025-12,720100,JFB SHAMPOO 100ML,1.223532239,tm
2025-08,2025-12,720100,JFB SHAMPOO 100ML,1.514313112,ml
2025-08,2025-12,720100,JFB SHAMPOO 100ML,1.46,tm
2025-09,2025-12,720100,JFB SHAMPOO 100ML,1.121745209,ml
2025-09,2025-12,720100,JFB SHAMPOO 100ML,1.164942258,tm
2025-10,2025-12,720100,JFB SHAMPOO 100ML,1.120283235,ml
2025-10,2025-12,720100,JFB SHAMPOO 100ML,1.164942258,tm
2025-11,2025-12,720100,JFB SHAMPOO 100ML,0.92652546,ml
2025-11,2025-12,720100,JFB SHAMPOO 100ML,1.164942258,tm
2025-08,2026-01,720100,JFB SHAMPOO 100ML,1.529022908,ml
2025-08,2026-01,720100,JFB SHAMPOO 100ML,3.89,tm
2025-09,2026-01,720100,JFB SHAMPOO 100ML,1.471908385,ml
2025-09,2026-01,720100,JFB SHAMPOO 100ML,3.07161623,tm
2025-10,2026-01,720100,JFB SHAMPOO 100ML,1.506379902,ml
2025-10,2026-01,720100,JFB SHAMPOO 100ML,3.07161623,tm
2025-11,2026-01,720100,JFB SHAMPOO 100ML,1.510316772,ml
2025-11,2026-01,720100,JFB SHAMPOO 100ML,3.07161623,tm
2025-12,2026-01,720100,JFB SHAMPOO 100ML,1.602916054,ml
2025-12,2026-01,720100,JFB SHAMPOO 100ML,3.07161623,tm
2025-09,2026-02,720100,JFB SHAMPOO 100ML,1.324920861,ml
2025-09,2026-02,720100,JFB SHAMPOO 100ML,2.60332584,tm
2025-10,2026-02,720100,JFB SHAMPOO 100ML,1.506379902,ml
2025-10,2026-02,720100,JFB SHAMPOO 100ML,2.60332584,tm
2025-11,2026-02,720100,JFB SHAMPOO 100ML,0.740384066,ml
2025-11,2026-02,720100,JFB SHAMPOO 100ML,2.60332584,tm
2025-12,2026-02,720100,JFB SHAMPOO 100ML,1.379949612,ml
2025-12,2026-02,720100,JFB SHAMPOO 100ML,2.60332584,tm
2026-01,2026-02,720100,JFB SHAMPOO 100ML,1.561157669,ml
2026-01,2026-02,720100,JFB SHAMPOO 100ML,2.60332584,tm
2025-10,2026-03,720100,JFB SHAMPOO 100ML,2.231125664,ml
2025-10,2026-03,720100,JFB SHAMPOO 100ML,2.23,tm
2025-11,2026-03,720100,JFB SHAMPOO 100ML,1.7949298,ml
2025-11,2026-03,720100,JFB SHAMPOO 100ML,2.23,tm
2025-12,2026-03,720100,JFB SHAMPOO 100ML,1.602916054,ml
2025-12,2026-03,720100,JFB SHAMPOO 100ML,2.23,tm
2026-01,2026-03,720100,JFB SHAMPOO 100ML,1.719863,ml
2026-01,2026-03,720100,JFB SHAMPOO 100ML,2.23,tm
2026-02,2026-03,720100,JFB SHAMPOO 100ML,2.107754636,ml
2026-02,2026-03,720100,JFB SHAMPOO 100ML,2.343295784,tm
2025-11,2026-04,720100,JFB SHAMPOO 100ML,1.639804076,ml
2025-11,2026-04,720100,JFB SHAMPOO 100ML,2.633295784,tm
2025-12,2026-04,720100,JFB SHAMPOO 100ML,1.621997019,ml
2025-12,2026-04,720100,JFB SHAMPOO 100ML,2.042916875,tm
2026-01,2026-04,720100,JFB SHAMPOO 100ML,1.538276533,ml
2026-01,2026-04,720100,JFB SHAMPOO 100ML,2.042916875,tm
2026-02,2026-04,720100,JFB SHAMPOO 100ML,1.719339185,ml
2026-02,2026-04,720100,JFB SHAMPOO 100ML,2.357725563,tm
2026-03,2026-04,720100,JFB SHAMPOO 100ML,1.552259297,ml
2026-03,2026-04,720100,JFB SHAMPOO 100ML,2.357725563,tm
2025-12,2026-05,720100,JFB SHAMPOO 100ML,1.293288213,ml
2025-12,2026-05,720100,JFB SHAMPOO 100ML,1.326959806,tm
2026-01,2026-05,720100,JFB SHAMPOO 100ML,1.434980019,ml
2026-01,2026-05,720100,JFB SHAMPOO 100ML,1.326959806,tm
2026-02,2026-05,720100,JFB SHAMPOO 100ML,1.432016613,ml
2026-02,2026-05,720100,JFB SHAMPOO 100ML,1.959085315,tm
2026-03,2026-05,720100,JFB SHAMPOO 100ML,1.341440023,ml
2026-03,2026-05,720100,JFB SHAMPOO 100ML,2.213176783,tm
2026-04,2026-05,720100,JFB SHAMPOO 100ML,1.586790049,ml
2026-04,2026-05,720100,JFB SHAMPOO 100ML,2.213176783,tm
2026-01,2026-06,720100,JFB SHAMPOO 100ML,1.337741394,ml
2026-01,2026-06,720100,JFB SHAMPOO 100ML,0.867337302,tm
2026-02,2026-06,720100,JFB SHAMPOO 100ML,0.76331442,ml
2026-02,2026-06,720100,JFB SHAMPOO 100ML,1.5,tm
2026-03,2026-06,720100,JFB SHAMPOO 100ML,1.321236765,ml
2026-03,2026-06,720100,JFB SHAMPOO 100ML,2.046514261,tm
2026-04,2026-06,720100,JFB SHAMPOO 100ML,1.5529597,ml
2026-04,2026-06,720100,JFB SHAMPOO 100ML,1.80297117,tm
2026-05,2026-06,720100,JFB SHAMPOO 100ML,1.2474799,ml
2026-05,2026-06,720100,JFB SHAMPOO 100ML,2.20363143,tm
2026-02,2026-07,720100,JFB SHAMPOO 100ML,1.577426865,ml
2026-02,2026-07,720100,JFB SHAMPOO 100ML,2.64,tm
2026-03,2026-07,720100,JFB SHAMPOO 100ML,1.552259297,ml
2026-03,2026-07,720100,JFB SHAMPOO 100ML,2.374305318,tm
2026-04,2026-07,720100,JFB SHAMPOO 100ML,1.68104153,ml
2026-04,2026-07,720100,JFB SHAMPOO 100ML,1.80366799,tm
2026-05,2026-07,720100,JFB SHAMPOO 100ML,1.6632097,ml
2026-05,2026-07,720100,JFB SHAMPOO 100ML,2.901928722,tm
2026-06,2026-07,720100,JFB SHAMPOO 100ML,1.596930038,ml
2026-06,2026-07,720100,JFB SHAMPOO 100ML,2.901928722,tm
2026-03,2026-08,720100,JFB SHAMPOO 100ML,1.372292881,ml
2026-03,2026-08,720100,JFB SHAMPOO 100ML,1.600275372,tm
2026-04,2026-08,720100,JFB SHAMPOO 100ML,0.731904928,ml
2026-04,2026-08,720100,JFB SHAMPOO 100ML,0.785294989,tm
2026-05,2026-08,720100,JFB SHAMPOO 100ML,0.944531382,ml
2026-05,2026-08,720100,JFB SHAMPOO 100ML,1.013431844,tm
2026-06,2026-08,720100,JFB SHAMPOO 100ML,1.205216355,ml
2026-06,2026-08,720100,JFB SHAMPOO 100ML,1.29313293,tm
2026-07,2026-08,720100,JFB SHAMPOO 100ML,0.6424834593,ml
2026-07,2026-08,720100,JFB SHAMPOO 100ML,0.689350518,tm
2026-04,2026-09,720100,JFB SHAMPOO 100ML,1.185828554,ml
2026-04,2026-09,720100,JFB SHAMPOO 100ML,1.272330853,tm
2026-05,2026-09,720100,JFB SHAMPOO 100ML,1.191111886,ml
2026-05,2026-09,720100,JFB SHAMPOO 100ML,1.277999587,tm
2026-06,2026-09,720100,JFB SHAMPOO 100ML,1.205467264,ml
2026-06,2026-09,720100,JFB SHAMPOO 100ML,1.293402142,tm
2026-07,2026-09,720100,JFB SHAMPOO 100ML,1.483047422,ml
2026-07,2026-09,720100,JFB SHAMPOO 100ML,1.591230861,tm
2026-05,2026-10,720100,JFB SHAMPOO 100ML,1.512669862,ml
2026-05,2026-10,720100,JFB SHAMPOO 100ML,1.623014161,tm
2026-06,2026-10,720100,JFB SHAMPOO 100ML,1.5889771,ml
2026-06,2026-10,720100,JFB SHAMPOO 100ML,1.704887762,tm
2026-07,2026-10,720100,JFB SHAMPOO 100ML,1.466452497,ml
2026-07,2026-10,720100,JFB SHAMPOO 100ML,1.573425392,tm
2026-06,2026-11,720100,JFB SHAMPOO 100ML,1.849316255,ml
2026-06,2026-11,720100,JFB SHAMPOO 100ML,1.984217803,tm
2026-07,2026-11,720100,JFB SHAMPOO 100ML,1.744974881,ml
2026-07,2026-11,720100,JFB SHAMPOO 100ML,1.872265068,tm
2026-07,2026-12,720100,JFB SHAMPOO 100ML,1.41578872,ml
2026-07,2026-12,720100,JFB SHAMPOO 100ML,1.519065858,tm
2025-04,2025-05,720101,JFB SHAMPOO 200ML,0.8766999,ml
2025-04,2025-05,720101,JFB SHAMPOO 200ML,1.68,tm
2025-04,2025-06,720101,JFB SHAMPOO 200ML,0.8189,ml
2025-04,2025-06,720101,JFB SHAMPOO 200ML,1.67,tm
2025-05,2025-06,720101,JFB SHAMPOO 200ML,0.87864693,ml
2025-05,2025-06,720101,JFB SHAMPOO 200ML,1.67,tm
2025-04,2025-07,720101,JFB SHAMPOO 200ML,0.550016784,ml
2025-04,2025-07,720101,JFB SHAMPOO 200ML,0.93,tm
2025-05,2025-07,720101,JFB SHAMPOO 200ML,0.754782987,ml
2025-05,2025-07,720101,JFB SHAMPOO 200ML,0.93,tm
2025-06,2025-07,720101,JFB SHAMPOO 200ML,0.69525701,ml
2025-06,2025-07,720101,JFB SHAMPOO 200ML,0.857284048,tm
2025-04,2025-08,720101,JFB SHAMPOO 200ML,0.798746221,ml
2025-04,2025-08,720101,JFB SHAMPOO 200ML,1.14,tm
2025-05,2025-08,720101,JFB SHAMPOO 200ML,0.913599733,ml
2025-05,2025-08,720101,JFB SHAMPOO 200ML,1.14,tm
2025-06,2025-08,720101,JFB SHAMPOO 200ML,1.107569258,ml
2025-06,2025-08,720101,JFB SHAMPOO 200ML,1.365684119,tm
2025-07,2025-08,720101,JFB SHAMPOO 200ML,0.557324695,ml
2025-07,2025-08,720101,JFB SHAMPOO 200ML,0.687207124,tm
2025-04,2025-09,720101,JFB SHAMPOO 200ML,0.843391132,ml
2025-04,2025-09,720101,JFB SHAMPOO 200ML,1.11,tm
2025-05,2025-09,720101,JFB SHAMPOO 200ML,0.903154706,ml
2025-05,2025-09,720101,JFB SHAMPOO 200ML,1.11,tm
2025-06,2025-09,720101,JFB SHAMPOO 200ML,0.894920478,ml
2025-06,2025-09,720101,JFB SHAMPOO 200ML,1.103478337,tm
2025-07,2025-09,720101,JFB SHAMPOO 200ML,0.957390841,ml
2025-07,2025-09,720101,JFB SHAMPOO 200ML,1.180507185,tm
2025-08,2025-09,720101,JFB SHAMPOO 200ML,0.891502676,ml
2025-08,2025-09,720101,JFB SHAMPOO 200ML,1.01,tm
2025-05,2025-10,720101,JFB SHAMPOO 200ML,0.968294866,ml
2025-05,2025-10,720101,JFB SHAMPOO 200ML,1.09,tm
2025-06,2025-10,720101,JFB SHAMPOO 200ML,0.840116081,ml
2025-06,2025-10,720101,JFB SHAMPOO 200ML,1.035901981,tm
2025-07,2025-10,720101,JFB SHAMPOO 200ML,0.884205872,ml
2025-07,2025-10,720101,JFB SHAMPOO 200ML,1.090266734,tm
2025-08,2025-10,720101,JFB SHAMPOO 200ML,0.891502676,ml
2025-08,2025-10,720101,JFB SHAMPOO 200ML,1.27,tm
2025-09,2025-10,720101,JFB SHAMPOO 200ML,0.779279036,ml
2025-09,2025-10,720101,JFB SHAMPOO 200ML,0.986968675,tm
2025-06,2025-11,720101,JFB SHAMPOO 200ML,1.013177292,ml
2025-06,2025-11,720101,JFB SHAMPOO 200ML,1.249294458,tm
2025-07,2025-11,720101,JFB SHAMPOO 200ML,0.884205872,ml
2025-07,2025-11,720101,JFB SHAMPOO 200ML,1.090266734,tm
2025-08,2025-11,720101,JFB SHAMPOO 200ML,1.052500651,ml
2025-08,2025-11,720101,JFB SHAMPOO 200ML,1.4,tm
2025-09,2025-11,720101,JFB SHAMPOO 200ML,0.892768176,ml
2025-09,2025-11,720101,JFB SHAMPOO 200ML,1.166292465,tm
2025-10,2025-11,720101,JFB SHAMPOO 200ML,0.845011022,ml
2025-10,2025-11,720101,JFB SHAMPOO 200ML,1.166292465,tm
2025-07,2025-12,720101,JFB SHAMPOO 200ML,0.572277828,ml
2025-07,2025-12,720101,JFB SHAMPOO 200ML,0.705645028,tm
2025-08,2025-12,720101,JFB SHAMPOO 200ML,0.578954619,ml
2025-08,2025-12,720101,JFB SHAMPOO 200ML,0.81,tm
2025-09,2025-12,720101,JFB SHAMPOO 200ML,0.529493941,ml
2025-09,2025-12,720101,JFB SHAMPOO 200ML,0.704762382,tm
2025-10,2025-12,720101,JFB SHAMPOO 200ML,0.412207398,ml
2025-10,2025-12,720101,JFB SHAMPOO 200ML,0.704762382,tm
2025-11,2025-12,720101,JFB SHAMPOO 200ML,0.626801143,ml
2025-11,2025-12,720101,JFB SHAMPOO 200ML,0.704762382,tm
2025-08,2026-01,720101,JFB SHAMPOO 200ML,0.558894353,ml
2025-08,2026-01,720101,JFB SHAMPOO 200ML,2.09,tm
2025-09,2026-01,720101,JFB SHAMPOO 200ML,0.758491722,ml
2025-09,2026-01,720101,JFB SHAMPOO 200ML,1.858254824,tm
2025-10,2026-01,720101,JFB SHAMPOO 200ML,0.877045419,ml
2025-10,2026-01,720101,JFB SHAMPOO 200ML,1.858254824,tm
2025-11,2026-01,720101,JFB SHAMPOO 200ML,0.890226146,ml
2025-11,2026-01,720101,JFB SHAMPOO 200ML,1.858254824,tm
2025-12,2026-01,720101,JFB SHAMPOO 200ML,0.796878089,ml
2025-12,2026-01,720101,JFB SHAMPOO 200ML,1.858254824,tm
2025-09,2026-02,720101,JFB SHAMPOO 200ML,0.673877646,ml
2025-09,2026-02,720101,JFB SHAMPOO 200ML,1.574950267,tm
2025-10,2026-02,720101,JFB SHAMPOO 200ML,0.877702908,ml
2025-10,2026-02,720101,JFB SHAMPOO 200ML,1.574950267,tm
2025-11,2026-02,720101,JFB SHAMPOO 200ML,0.756205686,ml
2025-11,2026-02,720101,JFB SHAMPOO 200ML,1.574950267,tm
2025-12,2026-02,720101,JFB SHAMPOO 200ML,0.625532109,ml
2025-12,2026-02,720101,JFB SHAMPOO 200ML,1.574950267,tm
2026-01,2026-02,720101,JFB SHAMPOO 200ML,0.818086472,ml
2026-01,2026-02,720101,JFB SHAMPOO 200ML,1.574950267,tm
2025-10,2026-03,720101,JFB SHAMPOO 200ML,0.721983329,ml
2025-10,2026-03,720101,JFB SHAMPOO 200ML,1.45,tm
2025-11,2026-03,720101,JFB SHAMPOO 200ML,0.966210509,ml
2025-11,2026-03,720101,JFB SHAMPOO 200ML,1.45,tm
2025-12,2026-03,720101,JFB SHAMPOO 200ML,0.893919004,ml
2025-12,2026-03,720101,JFB SHAMPOO 200ML,1.45,tm
2026-01,2026-03,720101,JFB SHAMPOO 200ML,1.05994584,ml
2026-01,2026-03,720101,JFB SHAMPOO 200ML,1.45,tm
2026-02,2026-03,720101,JFB SHAMPOO 200ML,1.040272283,ml
2026-02,2026-03,720101,JFB SHAMPOO 200ML,1.208352915,tm
2025-11,2026-04,720101,JFB SHAMPOO 200ML,1.245348554,ml
2025-11,2026-04,720101,JFB SHAMPOO 200ML,1.568352915,tm
2025-12,2026-04,720101,JFB SHAMPOO 200ML,1.253237501,ml
2025-12,2026-04,720101,JFB SHAMPOO 200ML,1.12856125,tm
2026-01,2026-04,720101,JFB SHAMPOO 200ML,1.024102387,ml
2026-01,2026-04,720101,JFB SHAMPOO 200ML,1.12856125,tm
2026-02,2026-04,720101,JFB SHAMPOO 200ML,0.952823449,ml
2026-02,2026-04,720101,JFB SHAMPOO 200ML,1.532057113,tm
2026-03,2026-04,720101,JFB SHAMPOO 200ML,0.881851429,ml
2026-03,2026-04,720101,JFB SHAMPOO 200ML,1.532057113,tm
2025-12,2026-05,720101,JFB SHAMPOO 200ML,0.729905253,ml
2025-12,2026-05,720101,JFB SHAMPOO 200ML,0.81978375,tm
2026-01,2026-05,720101,JFB SHAMPOO 200ML,0.706875757,ml
2026-01,2026-05,720101,JFB SHAMPOO 200ML,0.81978375,tm
2026-02,2026-05,720101,JFB SHAMPOO 200ML,0.66084463,ml
2026-02,2026-05,720101,JFB SHAMPOO 200ML,1.25036931,tm
2026-03,2026-05,720101,JFB SHAMPOO 200ML,0.6411371,ml
2026-03,2026-05,720101,JFB SHAMPOO 200ML,1.395332379,tm
2026-04,2026-05,720101,JFB SHAMPOO 200ML,1.044603311,ml
2026-04,2026-05,720101,JFB SHAMPOO 200ML,1.395332379,tm
2026-01,2026-06,720101,JFB SHAMPOO 200ML,0.688048189,ml
2026-01,2026-06,720101,JFB SHAMPOO 200ML,0.556164909,tm
2026-02,2026-06,720101,JFB SHAMPOO 200ML,0.726948187,ml
2026-02,2026-06,720101,JFB SHAMPOO 200ML,0.84,tm
2026-03,2026-06,720101,JFB SHAMPOO 200ML,0.514854682,ml
2026-03,2026-06,720101,JFB SHAMPOO 200ML,1.045603063,tm
2026-04,2026-06,720101,JFB SHAMPOO 200ML,0.892545013,ml
2026-04,2026-06,720101,JFB SHAMPOO 200ML,1.0288971,tm
2026-05,2026-06,720101,JFB SHAMPOO 200ML,0.322703842,ml
2026-05,2026-06,720101,JFB SHAMPOO 200ML,1.2575409,tm
2026-02,2026-07,720101,JFB SHAMPOO 200ML,0.878124839,ml
2026-02,2026-07,720101,JFB SHAMPOO 200ML,1.51,tm
2026-03,2026-07,720101,JFB SHAMPOO 200ML,0.85476751,ml
2026-03,2026-07,720101,JFB SHAMPOO 200ML,1.358887414,tm
2026-04,2026-07,720101,JFB SHAMPOO 200ML,1.103269523,ml
2026-04,2026-07,720101,JFB SHAMPOO 200ML,1.358887414,tm
2026-05,2026-07,720101,JFB SHAMPOO 200ML,0.699653929,ml
2026-05,2026-07,720101,JFB SHAMPOO 200ML,1.660862395,tm
2026-06,2026-07,720101,JFB SHAMPOO 200ML,0.851612159,ml
2026-06,2026-07,720101,JFB SHAMPOO 200ML,1.660862395,tm
2026-03,2026-08,720101,JFB SHAMPOO 200ML,0.604766933,ml
2026-03,2026-08,720101,JFB SHAMPOO 200ML,0.9589269,tm
2026-04,2026-08,720101,JFB SHAMPOO 200ML,0.795223873,ml
2026-04,2026-08,720101,JFB SHAMPOO 200ML,0.9589269,tm
2026-05,2026-08,720101,JFB SHAMPOO 200ML,0.379092654,ml
2026-05,2026-08,720101,JFB SHAMPOO 200ML,1.172021766,tm
2026-06,2026-08,720101,JFB SHAMPOO 200ML,0.847374305,ml
2026-06,2026-08,720101,JFB SHAMPOO 200ML,1.108278474,tm
2026-07,2026-08,720101,JFB SHAMPOO 200ML,0.67553895,ml
2026-07,2026-08,720101,JFB SHAMPOO 200ML,0.883535495,tm
2026-04,2026-09,720101,JFB SHAMPOO 200ML,0.847198888,ml
2026-04,2026-09,720101,JFB SHAMPOO 200ML,0.912,tm
2026-05,2026-09,720101,JFB SHAMPOO 200ML,0.175474656,ml
2026-05,2026-09,720101,JFB SHAMPOO 200ML,1.139259,tm
2026-06,2026-09,720101,JFB SHAMPOO 200ML,0.851612159,ml
2026-06,2026-09,720101,JFB SHAMPOO 200ML,1.113821151,tm
2026-07,2026-09,720101,JFB SHAMPOO 200ML,0.7667361844,ml
2026-07,2026-09,720101,JFB SHAMPOO 200ML,1.002812102,tm
2026-05,2026-10,720101,JFB SHAMPOO 200ML,0.8469342,ml
2026-05,2026-10,720101,JFB SHAMPOO 200ML,1.40415,tm
2026-06,2026-10,720101,JFB SHAMPOO 200ML,0.837908232,ml
2026-06,2026-10,720101,JFB SHAMPOO 200ML,1.095897823,tm
2026-07,2026-10,720101,JFB SHAMPOO 200ML,0.9615273333,ml
2026-07,2026-10,720101,JFB SHAMPOO 200ML,1.257578899,tm
2026-06,2026-11,720101,JFB SHAMPOO 200ML,0.898636657,ml
2026-06,2026-11,720101,JFB SHAMPOO 200ML,1.17532436,tm
2026-07,2026-11,720101,JFB SHAMPOO 200ML,1.026689,ml
2026-07,2026-11,720101,JFB SHAMPOO 200ML,1.34280366,tm
2026-07,2026-12,720101,JFB SHAMPOO 200ML,0.7186940487,ml
2026-07,2026-12,720101,JFB SHAMPOO 200ML,0.939977928,tm
2025-04,2025-05,720181,LIVON SERUM 20ML MBL,0.052337448,ml
2025-04,2025-05,720181,LIVON SERUM 20ML MBL,0.088291369,tm
2025-04,2025-06,720181,LIVON SERUM 20ML MBL,0.04997586,ml
2025-04,2025-06,720181,LIVON SERUM 20ML MBL,0.084307455,tm
2025-05,2025-06,720181,LIVON SERUM 20ML MBL,0.060172546,ml
2025-05,2025-06,720181,LIVON SERUM 20ML MBL,0.35,tm
2025-04,2025-07,720181,LIVON SERUM 20ML MBL,0.047625781,ml
2025-04,2025-07,720181,LIVON SERUM 20ML MBL,0.080342958,tm
2025-05,2025-07,720181,LIVON SERUM 20ML MBL,0.064471164,ml
2025-05,2025-07,720181,LIVON SERUM 20ML MBL,0.23,tm
2025-06,2025-07,720181,LIVON SERUM 20ML MBL,0.063984013,ml
2025-06,2025-07,720181,LIVON SERUM 20ML MBL,0.23,tm
2025-04,2025-08,720181,LIVON SERUM 20ML MBL,0.064304966,ml
2025-04,2025-08,720181,LIVON SERUM 20ML MBL,0.108480136,tm
2025-05,2025-08,720181,LIVON SERUM 20ML MBL,0.061634645,ml
2025-05,2025-08,720181,LIVON SERUM 20ML MBL,0.24,tm
2025-06,2025-08,720181,LIVON SERUM 20ML MBL,0.064975368,ml
2025-06,2025-08,720181,LIVON SERUM 20ML MBL,0.21,tm
2025-07,2025-08,720181,LIVON SERUM 20ML MBL,0.047120417,ml
2025-07,2025-08,720181,LIVON SERUM 20ML MBL,0.21,tm
2025-04,2025-09,720181,LIVON SERUM 20ML MBL,0.064304966,ml
2025-04,2025-09,720181,LIVON SERUM 20ML MBL,0.108480136,tm
2025-05,2025-09,720181,LIVON SERUM 20ML MBL,0.075080033,ml
2025-05,2025-09,720181,LIVON SERUM 20ML MBL,0.24,tm
2025-06,2025-09,720181,LIVON SERUM 20ML MBL,0.063737811,ml
2025-06,2025-09,720181,LIVON SERUM 20ML MBL,0.171738028,tm
2025-07,2025-09,720181,LIVON SERUM 20ML MBL,0.067546907,ml
2025-07,2025-09,720181,LIVON SERUM 20ML MBL,0.171738028,tm
2025-08,2025-09,720181,LIVON SERUM 20ML MBL,0.0647484,ml
2025-08,2025-09,720181,LIVON SERUM 20ML MBL,0.171738028,tm
2025-05,2025-10,720181,LIVON SERUM 20ML MBL,0.0754878,ml
2025-05,2025-10,720181,LIVON SERUM 20ML MBL,0.23,tm
2025-06,2025-10,720181,LIVON SERUM 20ML MBL,0.072722803,ml
2025-06,2025-10,720181,LIVON SERUM 20ML MBL,0.165905206,tm
2025-07,2025-10,720181,LIVON SERUM 20ML MBL,0.067546907,ml
2025-07,2025-10,720181,LIVON SERUM 20ML MBL,0.165905206,tm
2025-08,2025-10,720181,LIVON SERUM 20ML MBL,0.0642345,ml
2025-08,2025-10,720181,LIVON SERUM 20ML MBL,0.165905206,tm
2025-09,2025-10,720181,LIVON SERUM 20ML MBL,0.079591711,ml
2025-09,2025-10,720181,LIVON SERUM 20ML MBL,0.165905206,tm
2025-06,2025-11,720181,LIVON SERUM 20ML MBL,0.06123497,ml
2025-06,2025-11,720181,LIVON SERUM 20ML MBL,0.185168476,tm
2025-07,2025-11,720181,LIVON SERUM 20ML MBL,0.043847281,ml
2025-07,2025-11,720181,LIVON SERUM 20ML MBL,0.185168476,tm
2025-08,2025-11,720181,LIVON SERUM 20ML MBL,0.046872334,ml
2025-08,2025-11,720181,LIVON SERUM 20ML MBL,0.185168476,tm
2025-09,2025-11,720181,LIVON SERUM 20ML MBL,0.050998782,ml
2025-09,2025-11,720181,LIVON SERUM 20ML MBL,0.165905206,tm
2025-10,2025-11,720181,LIVON SERUM 20ML MBL,0.048499269,ml
2025-10,2025-11,720181,LIVON SERUM 20ML MBL,0.215175367,tm
2025-07,2025-12,720181,LIVON SERUM 20ML MBL,0.041576392,ml
2025-07,2025-12,720181,LIVON SERUM 20ML MBL,0.185168476,tm
2025-08,2025-12,720181,LIVON SERUM 20ML MBL,0.044727255,ml
2025-08,2025-12,720181,LIVON SERUM 20ML MBL,0.185168476,tm
2025-09,2025-12,720181,LIVON SERUM 20ML MBL,0.051327366,ml
2025-09,2025-12,720181,LIVON SERUM 20ML MBL,0.165905206,tm
2025-10,2025-12,720181,LIVON SERUM 20ML MBL,0.045719483,ml
2025-10,2025-12,720181,LIVON SERUM 20ML MBL,0.210248351,tm
2025-11,2025-12,720181,LIVON SERUM 20ML MBL,0.039370435,ml
2025-11,2025-12,720181,LIVON SERUM 20ML MBL,0.165905206,tm
2025-08,2026-01,720181,LIVON SERUM 20ML MBL,0.0741513,ml
2025-08,2026-01,720181,LIVON SERUM 20ML MBL,0.185168476,tm
2025-09,2026-01,720181,LIVON SERUM 20ML MBL,0.058460273,ml
2025-09,2026-01,720181,LIVON SERUM 20ML MBL,0.179301849,tm
2025-10,2026-01,720181,LIVON SERUM 20ML MBL,0.060337058,ml
2025-10,2026-01,720181,LIVON SERUM 20ML MBL,0.205907736,tm
2025-11,2026-01,720181,LIVON SERUM 20ML MBL,0.0563682,ml
2025-11,2026-01,720181,LIVON SERUM 20ML MBL,0.179301849,tm
2025-12,2026-01,720181,LIVON SERUM 20ML MBL,0.045268451,ml
2025-12,2026-01,720181,LIVON SERUM 20ML MBL,0.149301849,tm
2025-09,2026-02,720181,LIVON SERUM 20ML MBL,0.061048727,ml
2025-09,2026-02,720181,LIVON SERUM 20ML MBL,0.173714286,tm
2025-10,2026-02,720181,LIVON SERUM 20ML MBL,0.06244248,ml
2025-10,2026-02,720181,LIVON SERUM 20ML MBL,0.204311056,tm
2025-11,2026-02,720181,LIVON SERUM 20ML MBL,0.0575005,ml
2025-11,2026-02,720181,LIVON SERUM 20ML MBL,0.173714286,tm
2025-12,2026-02,720181,LIVON SERUM 20ML MBL,0.044272684,ml
2025-12,2026-02,720181,LIVON SERUM 20ML MBL,0.153714286,tm
2026-01,2026-02,720181,LIVON SERUM 20ML MBL,0.04496776,ml
2026-01,2026-02,720181,LIVON SERUM 20ML MBL,0.153714286,tm
2025-10,2026-03,720181,LIVON SERUM 20ML MBL,0.056018809,ml
2025-10,2026-03,720181,LIVON SERUM 20ML MBL,0.245256394,tm
2025-11,2026-03,720181,LIVON SERUM 20ML MBL,0.02819307,ml
2025-11,2026-03,720181,LIVON SERUM 20ML MBL,0.214659624,tm
2025-12,2026-03,720181,LIVON SERUM 20ML MBL,0.032976471,ml
2025-12,2026-03,720181,LIVON SERUM 20ML MBL,0.153714286,tm
2026-01,2026-03,720181,LIVON SERUM 20ML MBL,0.04240536,ml
2026-01,2026-03,720181,LIVON SERUM 20ML MBL,0.153714286,tm
2026-02,2026-03,720181,LIVON SERUM 20ML MBL,0.041862996,ml
2026-02,2026-03,720181,LIVON SERUM 20ML MBL,0.214659624,tm
2025-11,2026-04,720181,LIVON SERUM 20ML MBL,0.0571787,ml
2025-11,2026-04,720181,LIVON SERUM 20ML MBL,0.214659624,tm
2025-12,2026-04,720181,LIVON SERUM 20ML MBL,0.046019569,ml
2025-12,2026-04,720181,LIVON SERUM 20ML MBL,0.171064,tm
2026-01,2026-04,720181,LIVON SERUM 20ML MBL,0.04226348,ml
2026-01,2026-04,720181,LIVON SERUM 20ML MBL,0.07795963,tm
2026-02,2026-04,720181,LIVON SERUM 20ML MBL,0.049576072,ml
2026-02,2026-04,720181,LIVON SERUM 20ML MBL,0.1881704,tm
2026-03,2026-04,720181,LIVON SERUM 20ML MBL,0.0407906,ml
2026-03,2026-04,720181,LIVON SERUM 20ML MBL,0.1881704,tm
2025-12,2026-05,720181,LIVON SERUM 20ML MBL,0.044029091,ml
2025-12,2026-05,720181,LIVON SERUM 20ML MBL,0.150261737,tm
2026-01,2026-05,720181,LIVON SERUM 20ML MBL,0.04086768,ml
2026-01,2026-05,720181,LIVON SERUM 20ML MBL,0.075384924,tm
2026-02,2026-05,720181,LIVON SERUM 20ML MBL,0.04218214,ml
2026-02,2026-05,720181,LIVON SERUM 20ML MBL,0.16528791,tm
2026-03,2026-05,720181,LIVON SERUM 20ML MBL,0.0407906,ml
2026-03,2026-05,720181,LIVON SERUM 20ML MBL,0.16528791,tm
2026-04,2026-05,720181,LIVON SERUM 20ML MBL,0.099046926,ml
2026-04,2026-05,720181,LIVON SERUM 20ML MBL,0.160132,tm
2026-01,2026-06,720181,LIVON SERUM 20ML MBL,0.04086768,ml
2026-01,2026-06,720181,LIVON SERUM 20ML MBL,0.075384924,tm
2026-02,2026-06,720181,LIVON SERUM 20ML MBL,0.04247524,ml
2026-03,2026-06,720181,LIVON SERUM 20ML MBL,0.0407906,ml
2026-04,2026-06,720181,LIVON SERUM 20ML MBL,0.088333237,ml
2026-04,2026-06,720181,LIVON SERUM 20ML MBL,0.1304259,tm
2026-05,2026-06,720181,LIVON SERUM 20ML MBL,0.04040526,ml
2026-05,2026-06,720181,LIVON SERUM 20ML MBL,0.1304259,tm
2026-02,2026-07,720181,LIVON SERUM 20ML MBL,0.04218214,ml
2026-03,2026-07,720181,LIVON SERUM 20ML MBL,0.0407906,ml
2026-04,2026-07,720181,LIVON SERUM 20ML MBL,0.100053307,ml
2026-05,2026-07,720181,LIVON SERUM 20ML MBL,0.049893765,ml
2026-06,2026-07,720181,LIVON SERUM 20ML MBL,0.0379329,ml
2026-06,2026-07,720181,LIVON SERUM 20ML MBL,0.13,tm
2026-03,2026-08,720181,LIVON SERUM 20ML MBL,0.0407906,ml
2026-04,2026-08,720181,LIVON SERUM 20ML MBL,0.165655152,ml
2026-05,2026-08,720181,LIVON SERUM 20ML MBL,0.051334328,ml
2026-06,2026-08,720181,LIVON SERUM 20ML MBL,0.028539697,ml
2026-07,2026-08,720181,LIVON SERUM 20ML MBL,0.06655312061,ml
2026-07,2026-08,720181,LIVON SERUM 20ML MBL,0.13,tm
2026-04,2026-09,720181,LIVON SERUM 20ML MBL,0.079347882,ml
2026-05,2026-09,720181,LIVON SERUM 20ML MBL,0.04040526,ml
2026-06,2026-09,720181,LIVON SERUM 20ML MBL,0.029365299,ml
2026-07,2026-09,720181,LIVON SERUM 20ML MBL,0.04393573333,ml
2026-05,2026-10,720181,LIVON SERUM 20ML MBL,0.029918651,ml
2026-06,2026-10,720181,LIVON SERUM 20ML MBL,0.027520926,ml
2026-07,2026-10,720181,LIVON SERUM 20ML MBL,0.04397633333,ml
2026-06,2026-11,720181,LIVON SERUM 20ML MBL,0.025783092,ml
2026-07,2026-11,720181,LIVON SERUM 20ML MBL,0.04372676739,ml
2026-07,2026-12,720181,LIVON SERUM 20ML MBL,0.02739525529,ml
2025-04,2025-05,720182,LIVON SERUM 50ML MBL,0.104780996,ml
2025-04,2025-05,720182,LIVON SERUM 50ML MBL,0.18389112,tm
2025-04,2025-06,720182,LIVON SERUM 50ML MBL,0.099254313,ml
2025-04,2025-06,720182,LIVON SERUM 50ML MBL,0.174191767,tm
2025-05,2025-06,720182,LIVON SERUM 50ML MBL,0.108438225,ml
2025-05,2025-06,720182,LIVON SERUM 50ML MBL,0.61,tm
2025-04,2025-07,720182,LIVON SERUM 50ML MBL,0.105354002,ml
2025-04,2025-07,720182,LIVON SERUM 50ML MBL,0.184896748,tm
2025-05,2025-07,720182,LIVON SERUM 50ML MBL,0.124935879,ml
2025-05,2025-07,720182,LIVON SERUM 50ML MBL,0.41,tm
2025-06,2025-07,720182,LIVON SERUM 50ML MBL,0.097145773,ml
2025-06,2025-07,720182,LIVON SERUM 50ML MBL,0.49,tm
2025-04,2025-08,720182,LIVON SERUM 50ML MBL,0.133908755,ml
2025-04,2025-08,720182,LIVON SERUM 50ML MBL,0.235010468,tm
2025-05,2025-08,720182,LIVON SERUM 50ML MBL,0.122911734,ml
2025-05,2025-08,720182,LIVON SERUM 50ML MBL,0.42,tm
2025-06,2025-08,720182,LIVON SERUM 50ML MBL,0.11236661,ml
2025-06,2025-08,720182,LIVON SERUM 50ML MBL,0.47,tm
2025-07,2025-08,720182,LIVON SERUM 50ML MBL,0.106529256,ml
2025-07,2025-08,720182,LIVON SERUM 50ML MBL,0.47,tm
2025-04,2025-09,720182,LIVON SERUM 50ML MBL,0.133908755,ml
2025-04,2025-09,720182,LIVON SERUM 50ML MBL,0.235010468,tm
2025-05,2025-09,720182,LIVON SERUM 50ML MBL,0.103902923,ml
2025-05,2025-09,720182,LIVON SERUM 50ML MBL,0.42,tm
2025-06,2025-09,720182,LIVON SERUM 50ML MBL,0.108143603,ml
2025-06,2025-09,720182,LIVON SERUM 50ML MBL,0.387624959,tm
2025-07,2025-09,720182,LIVON SERUM 50ML MBL,0.148313,ml
2025-07,2025-09,720182,LIVON SERUM 50ML MBL,0.387624959,tm
2025-08,2025-09,720182,LIVON SERUM 50ML MBL,0.110074575,ml
2025-08,2025-09,720182,LIVON SERUM 50ML MBL,0.387624959,tm
2025-05,2025-10,720182,LIVON SERUM 50ML MBL,0.169411694,ml
2025-05,2025-10,720182,LIVON SERUM 50ML MBL,0.41,tm
2025-06,2025-10,720182,LIVON SERUM 50ML MBL,0.17954756,ml
2025-06,2025-10,720182,LIVON SERUM 50ML MBL,0.372187006,tm
2025-07,2025-10,720182,LIVON SERUM 50ML MBL,0.148313,ml
2025-07,2025-10,720182,LIVON SERUM 50ML MBL,0.372187006,tm
2025-08,2025-10,720182,LIVON SERUM 50ML MBL,0.140159962,ml
2025-08,2025-10,720182,LIVON SERUM 50ML MBL,0.372187006,tm
2025-09,2025-10,720182,LIVON SERUM 50ML MBL,0.152507125,ml
2025-09,2025-10,720182,LIVON SERUM 50ML MBL,0.372187006,tm
2025-06,2025-11,720182,LIVON SERUM 50ML MBL,0.099697589,ml
2025-06,2025-11,720182,LIVON SERUM 50ML MBL,0.424555067,tm
2025-07,2025-11,720182,LIVON SERUM 50ML MBL,0.092494279,ml
2025-07,2025-11,720182,LIVON SERUM 50ML MBL,0.424555067,tm
2025-08,2025-11,720182,LIVON SERUM 50ML MBL,0.102618972,ml
2025-08,2025-11,720182,LIVON SERUM 50ML MBL,0.424555067,tm
2025-09,2025-11,720182,LIVON SERUM 50ML MBL,0.123860454,ml
2025-09,2025-11,720182,LIVON SERUM 50ML MBL,0.372187006,tm
2025-10,2025-11,720182,LIVON SERUM 50ML MBL,0.11744682,ml
2025-10,2025-11,720182,LIVON SERUM 50ML MBL,0.400576246,tm
2025-07,2025-12,720182,LIVON SERUM 50ML MBL,0.087815954,ml
2025-07,2025-12,720182,LIVON SERUM 50ML MBL,0.424555067,tm
2025-08,2025-12,720182,LIVON SERUM 50ML MBL,0.08791874,ml
2025-08,2025-12,720182,LIVON SERUM 50ML MBL,0.424555067,tm
2025-09,2025-12,720182,LIVON SERUM 50ML MBL,0.098072097,ml
2025-09,2025-12,720182,LIVON SERUM 50ML MBL,0.372187006,tm
2025-10,2025-12,720182,LIVON SERUM 50ML MBL,0.103944297,ml
2025-10,2025-12,720182,LIVON SERUM 50ML MBL,0.397737322,tm
2025-11,2025-12,720182,LIVON SERUM 50ML MBL,0.093907516,ml
2025-11,2025-12,720182,LIVON SERUM 50ML MBL,0.372187006,tm
2025-08,2026-01,720182,LIVON SERUM 50ML MBL,0.139088168,ml
2025-08,2026-01,720182,LIVON SERUM 50ML MBL,0.424555067,tm
2025-09,2026-01,720182,LIVON SERUM 50ML MBL,0.148019365,ml
2025-09,2026-01,720182,LIVON SERUM 50ML MBL,0.396118622,tm
2025-10,2026-01,720182,LIVON SERUM 50ML MBL,0.133803111,ml
2025-10,2026-01,720182,LIVON SERUM 50ML MBL,0.411448811,tm
2025-11,2026-01,720182,LIVON SERUM 50ML MBL,0.136467874,ml
2025-11,2026-01,720182,LIVON SERUM 50ML MBL,0.396118622,tm
2025-12,2026-01,720182,LIVON SERUM 50ML MBL,0.132174897,ml
2025-12,2026-01,720182,LIVON SERUM 50ML MBL,0.316118622,tm
2025-09,2026-02,720182,LIVON SERUM 50ML MBL,0.144871387,ml
2025-09,2026-02,720182,LIVON SERUM 50ML MBL,0.381122223,tm
2025-10,2026-02,720182,LIVON SERUM 50ML MBL,0.1403208,ml
2025-10,2026-02,720182,LIVON SERUM 50ML MBL,0.398751941,tm
2025-11,2026-02,720182,LIVON SERUM 50ML MBL,0.136467874,ml
2025-11,2026-02,720182,LIVON SERUM 50ML MBL,0.381122223,tm
2025-12,2026-02,720182,LIVON SERUM 50ML MBL,0.132174897,ml
2025-12,2026-02,720182,LIVON SERUM 50ML MBL,0.321122223,tm
2026-01,2026-02,720182,LIVON SERUM 50ML MBL,0.110818,ml
2026-01,2026-02,720182,LIVON SERUM 50ML MBL,0.321122223,tm
2025-10,2026-03,720182,LIVON SERUM 50ML MBL,0.132390037,ml
2025-10,2026-03,720182,LIVON SERUM 50ML MBL,0.482896535,tm
2025-11,2026-03,720182,LIVON SERUM 50ML MBL,0.097586973,ml
2025-11,2026-03,720182,LIVON SERUM 50ML MBL,0.465266817,tm
2025-12,2026-03,720182,LIVON SERUM 50ML MBL,0.08929206,ml
2025-12,2026-03,720182,LIVON SERUM 50ML MBL,0.371122223,tm
2026-01,2026-03,720182,LIVON SERUM 50ML MBL,0.121314,ml
2026-01,2026-03,720182,LIVON SERUM 50ML MBL,0.371122223,tm
2026-02,2026-03,720182,LIVON SERUM 50ML MBL,0.100991,ml
2026-02,2026-03,720182,LIVON SERUM 50ML MBL,0.465266817,tm
2025-11,2026-04,720182,LIVON SERUM 50ML MBL,0.136467874,ml
2025-11,2026-04,720182,LIVON SERUM 50ML MBL,0.465266817,tm
2025-12,2026-04,720182,LIVON SERUM 50ML MBL,0.132174897,ml
2025-12,2026-04,720182,LIVON SERUM 50ML MBL,0.27035,tm
2026-01,2026-04,720182,LIVON SERUM 50ML MBL,0.126637,ml
2026-01,2026-04,720182,LIVON SERUM 50ML MBL,0.210217396,tm
2026-02,2026-04,720182,LIVON SERUM 50ML MBL,0.102467864,ml
2026-02,2026-04,720182,LIVON SERUM 50ML MBL,0.297385,tm
2026-03,2026-04,720182,LIVON SERUM 50ML MBL,0.117001833,ml
2026-03,2026-04,720182,LIVON SERUM 50ML MBL,0.297385,tm
2025-12,2026-05,720182,LIVON SERUM 50ML MBL,0.132174897,ml
2025-12,2026-05,720182,LIVON SERUM 50ML MBL,0.325686772,tm
2026-01,2026-05,720182,LIVON SERUM 50ML MBL,0.115981,ml
2026-01,2026-05,720182,LIVON SERUM 50ML MBL,0.192528438,tm
2026-02,2026-05,720182,LIVON SERUM 50ML MBL,0.106768,ml
2026-02,2026-05,720182,LIVON SERUM 50ML MBL,0.358255449,tm
2026-03,2026-05,720182,LIVON SERUM 50ML MBL,0.100774,ml
2026-03,2026-05,720182,LIVON SERUM 50ML MBL,0.358255449,tm
2026-04,2026-05,720182,LIVON SERUM 50ML MBL,0.195600091,ml
2026-04,2026-05,720182,LIVON SERUM 50ML MBL,0.2553,tm
2026-01,2026-06,720182,LIVON SERUM 50ML MBL,0.129466,ml
2026-01,2026-06,720182,LIVON SERUM 50ML MBL,0.214913535,tm
2026-02,2026-06,720182,LIVON SERUM 50ML MBL,0.106748,ml
2026-03,2026-06,720182,LIVON SERUM 50ML MBL,0.100774,ml
2026-04,2026-06,720182,LIVON SERUM 50ML MBL,0.152313402,ml
2026-04,2026-06,720182,LIVON SERUM 50ML MBL,0.2,tm
2026-05,2026-06,720182,LIVON SERUM 50ML MBL,0.099461826,ml
2026-05,2026-06,720182,LIVON SERUM 50ML MBL,0.2,tm
2026-02,2026-07,720182,LIVON SERUM 50ML MBL,0.106768,ml
2026-03,2026-07,720182,LIVON SERUM 50ML MBL,0.100774,ml
2026-04,2026-07,720182,LIVON SERUM 50ML MBL,0.191542541,ml
2026-05,2026-07,720182,LIVON SERUM 50ML MBL,0.109529094,ml
2026-06,2026-07,720182,LIVON SERUM 50ML MBL,0.106024457,ml
2026-06,2026-07,720182,LIVON SERUM 50ML MBL,0.21,tm
2026-03,2026-08,720182,LIVON SERUM 50ML MBL,0.100774,ml
2026-04,2026-08,720182,LIVON SERUM 50ML MBL,0.336305923,ml
2026-05,2026-08,720182,LIVON SERUM 50ML MBL,0.111265566,ml
2026-06,2026-08,720182,LIVON SERUM 50ML MBL,0.099956429,ml
2026-07,2026-08,720182,LIVON SERUM 50ML MBL,0.1079709997,ml
2026-07,2026-08,720182,LIVON SERUM 50ML MBL,0.21,tm
2026-04,2026-09,720182,LIVON SERUM 50ML MBL,0.202803941,ml
2026-05,2026-09,720182,LIVON SERUM 50ML MBL,0.10523,ml
2026-06,2026-09,720182,LIVON SERUM 50ML MBL,0.112584081,ml
2026-07,2026-09,720182,LIVON SERUM 50ML MBL,0.08948388889,ml
2026-05,2026-10,720182,LIVON SERUM 50ML MBL,0.085092846,ml
2026-06,2026-10,720182,LIVON SERUM 50ML MBL,0.107531003,ml
2026-07,2026-10,720182,LIVON SERUM 50ML MBL,0.08811722222,ml
2026-06,2026-11,720182,LIVON SERUM 50ML MBL,0.109208425,ml
2026-07,2026-11,720182,LIVON SERUM 50ML MBL,0.05624646658,ml
2026-07,2026-12,720182,LIVON SERUM 50ML MBL,0.06347416786,ml
2025-04,2025-05,720183,LIVON SERUM 100ML MBL,0.058380596,ml
2025-04,2025-05,720183,LIVON SERUM 100ML MBL,0.150856816,tm
2025-04,2025-06,720183,LIVON SERUM 100ML MBL,0.068106696,ml
2025-04,2025-06,720183,LIVON SERUM 100ML MBL,0.175989283,tm
2025-05,2025-06,720183,LIVON SERUM 100ML MBL,0.051709945,ml
2025-05,2025-06,720183,LIVON SERUM 100ML MBL,0.4,tm
2025-04,2025-07,720183,LIVON SERUM 100ML MBL,0.048951291,ml
2025-04,2025-07,720183,LIVON SERUM 100ML MBL,0.126491272,tm
2025-05,2025-07,720183,LIVON SERUM 100ML MBL,0.048752746,ml
2025-05,2025-07,720183,LIVON SERUM 100ML MBL,0.27,tm
2025-06,2025-07,720183,LIVON SERUM 100ML MBL,0.059508349,ml
2025-06,2025-07,720183,LIVON SERUM 100ML MBL,0.48,tm
2025-04,2025-08,720183,LIVON SERUM 100ML MBL,0.06952535,ml
2025-04,2025-08,720183,LIVON SERUM 100ML MBL,0.179655117,tm
2025-05,2025-08,720183,LIVON SERUM 100ML MBL,0.045795547,ml
2025-05,2025-08,720183,LIVON SERUM 100ML MBL,0.28,tm
2025-06,2025-08,720183,LIVON SERUM 100ML MBL,0.062334574,ml
2025-06,2025-08,720183,LIVON SERUM 100ML MBL,0.43,tm
2025-07,2025-08,720183,LIVON SERUM 100ML MBL,0.075754727,ml
2025-07,2025-08,720183,LIVON SERUM 100ML MBL,0.43,tm
2025-04,2025-09,720183,LIVON SERUM 100ML MBL,0.06952535,ml
2025-04,2025-09,720183,LIVON SERUM 100ML MBL,0.179655117,tm
2025-05,2025-09,720183,LIVON SERUM 100ML MBL,0.042838349,ml
2025-05,2025-09,720183,LIVON SERUM 100ML MBL,0.28,tm
2025-06,2025-09,720183,LIVON SERUM 100ML MBL,0.060965983,ml
2025-06,2025-09,720183,LIVON SERUM 100ML MBL,0.384675831,tm
2025-07,2025-09,720183,LIVON SERUM 100ML MBL,0.073604,ml
2025-07,2025-09,720183,LIVON SERUM 100ML MBL,0.384675831,tm
2025-08,2025-09,720183,LIVON SERUM 100ML MBL,0.06716544,ml
2025-08,2025-09,720183,LIVON SERUM 100ML MBL,0.384675831,tm
2025-05,2025-10,720183,LIVON SERUM 100ML MBL,0.077359159,ml
2025-05,2025-10,720183,LIVON SERUM 100ML MBL,0.27,tm
2025-06,2025-10,720183,LIVON SERUM 100ML MBL,0.065206,ml
2025-06,2025-10,720183,LIVON SERUM 100ML MBL,0.369116433,tm
2025-07,2025-10,720183,LIVON SERUM 100ML MBL,0.0847572,ml
2025-07,2025-10,720183,LIVON SERUM 100ML MBL,0.369116433,tm
2025-08,2025-10,720183,LIVON SERUM 100ML MBL,0.079896,ml
2025-08,2025-10,720183,LIVON SERUM 100ML MBL,0.369116433,tm
2025-09,2025-10,720183,LIVON SERUM 100ML MBL,0.064692,ml
2025-09,2025-10,720183,LIVON SERUM 100ML MBL,0.369116433,tm
2025-06,2025-11,720183,LIVON SERUM 100ML MBL,0.030371804,ml
2025-06,2025-11,720183,LIVON SERUM 100ML MBL,0.422020446,tm
2025-07,2025-11,720183,LIVON SERUM 100ML MBL,0.049969258,ml
2025-07,2025-11,720183,LIVON SERUM 100ML MBL,0.422020446,tm
2025-08,2025-11,720183,LIVON SERUM 100ML MBL,0.044771711,ml
2025-08,2025-11,720183,LIVON SERUM 100ML MBL,0.422020446,tm
2025-09,2025-11,720183,LIVON SERUM 100ML MBL,0.034737286,ml
2025-09,2025-11,720183,LIVON SERUM 100ML MBL,0.369116433,tm
2025-10,2025-11,720183,LIVON SERUM 100ML MBL,0.061113333,ml
2025-10,2025-11,720183,LIVON SERUM 100ML MBL,0.414313233,tm
2025-07,2025-12,720183,LIVON SERUM 100ML MBL,0.06168444,ml
2025-07,2025-12,720183,LIVON SERUM 100ML MBL,0.422020446,tm
2025-08,2025-12,720183,LIVON SERUM 100ML MBL,0.057335079,ml
2025-08,2025-12,720183,LIVON SERUM 100ML MBL,0.422020446,tm
2025-09,2025-12,720183,LIVON SERUM 100ML MBL,0.048583212,ml
2025-09,2025-12,720183,LIVON SERUM 100ML MBL,0.369116433,tm
2025-10,2025-12,720183,LIVON SERUM 100ML MBL,0.064021226,ml
2025-10,2025-12,720183,LIVON SERUM 100ML MBL,0.409793553,tm
2025-11,2025-12,720183,LIVON SERUM 100ML MBL,0.059254667,ml
2025-11,2025-12,720183,LIVON SERUM 100ML MBL,0.369116433,tm
2025-08,2026-01,720183,LIVON SERUM 100ML MBL,0.07908,ml
2025-08,2026-01,720183,LIVON SERUM 100ML MBL,0.422020446,tm
2025-09,2026-01,720183,LIVON SERUM 100ML MBL,0.065932,ml
2025-09,2026-01,720183,LIVON SERUM 100ML MBL,0.392203191,tm
2025-10,2026-01,720183,LIVON SERUM 100ML MBL,0.098724469,ml
2025-10,2026-01,720183,LIVON SERUM 100ML MBL,0.416609463,tm
2025-11,2026-01,720183,LIVON SERUM 100ML MBL,0.061839368,ml
2025-11,2026-01,720183,LIVON SERUM 100ML MBL,0.392203191,tm
2025-12,2026-01,720183,LIVON SERUM 100ML MBL,0.055890985,ml
2025-12,2026-01,720183,LIVON SERUM 100ML MBL,0.332203191,tm
2025-09,2026-02,720183,LIVON SERUM 100ML MBL,0.065868,ml
2025-09,2026-02,720183,LIVON SERUM 100ML MBL,0.377070213,tm
2025-10,2026-02,720183,LIVON SERUM 100ML MBL,0.061395333,ml
2025-10,2026-02,720183,LIVON SERUM 100ML MBL,0.405137426,tm
2025-11,2026-02,720183,LIVON SERUM 100ML MBL,0.059321193,ml
2025-11,2026-02,720183,LIVON SERUM 100ML MBL,0.377070213,tm
2025-12,2026-02,720183,LIVON SERUM 100ML MBL,0.04811,ml
2025-12,2026-02,720183,LIVON SERUM 100ML MBL,0.327070213,tm
2026-01,2026-02,720183,LIVON SERUM 100ML MBL,0.03349,ml
2026-01,2026-02,720183,LIVON SERUM 100ML MBL,0.327070213,tm
2025-10,2026-03,720183,LIVON SERUM 100ML MBL,0.024836084,ml
2025-10,2026-03,720183,LIVON SERUM 100ML MBL,0.487772362,tm
2025-11,2026-03,720183,LIVON SERUM 100ML MBL,0.041922796,ml
2025-11,2026-03,720183,LIVON SERUM 100ML MBL,0.459705149,tm
2025-12,2026-03,720183,LIVON SERUM 100ML MBL,0.03269112,ml
2025-12,2026-03,720183,LIVON SERUM 100ML MBL,0.377070213,tm
2026-01,2026-03,720183,LIVON SERUM 100ML MBL,0.03349,ml
2026-01,2026-03,720183,LIVON SERUM 100ML MBL,0.377070213,tm
2026-02,2026-03,720183,LIVON SERUM 100ML MBL,0.029386,ml
2026-02,2026-03,720183,LIVON SERUM 100ML MBL,0.459705149,tm
2025-11,2026-04,720183,LIVON SERUM 100ML MBL,0.059308561,ml
2025-11,2026-04,720183,LIVON SERUM 100ML MBL,0.459705149,tm
2025-12,2026-04,720183,LIVON SERUM 100ML MBL,0.04811,ml
2025-12,2026-04,720183,LIVON SERUM 100ML MBL,0.183399,tm
2026-01,2026-04,720183,LIVON SERUM 100ML MBL,0.03349,ml
2026-01,2026-04,720183,LIVON SERUM 100ML MBL,0.074969947,tm
2026-02,2026-04,720183,LIVON SERUM 100ML MBL,0.015231964,ml
2026-02,2026-04,720183,LIVON SERUM 100ML MBL,0.2017389,tm
2026-03,2026-04,720183,LIVON SERUM 100ML MBL,0.025350234,ml
2026-03,2026-04,720183,LIVON SERUM 100ML MBL,0.2017389,tm
2025-12,2026-05,720183,LIVON SERUM 100ML MBL,0.04811,ml
2025-12,2026-05,720183,LIVON SERUM 100ML MBL,0.321793605,tm
2026-01,2026-05,720183,LIVON SERUM 100ML MBL,0.03349,ml
2026-01,2026-05,720183,LIVON SERUM 100ML MBL,0.074969947,tm
2026-02,2026-05,720183,LIVON SERUM 100ML MBL,0.029375333,ml
2026-02,2026-05,720183,LIVON SERUM 100ML MBL,0.353972965,tm
2026-03,2026-05,720183,LIVON SERUM 100ML MBL,0.036884838,ml
2026-03,2026-05,720183,LIVON SERUM 100ML MBL,0.353972965,tm
2026-04,2026-05,720183,LIVON SERUM 100ML MBL,0.188319047,ml
2026-04,2026-05,720183,LIVON SERUM 100ML MBL,0.1884,tm
2026-01,2026-06,720183,LIVON SERUM 100ML MBL,0.03349,ml
2026-01,2026-06,720183,LIVON SERUM 100ML MBL,0.074969947,tm
2026-02,2026-06,720183,LIVON SERUM 100ML MBL,0.029375333,ml
2026-03,2026-06,720183,LIVON SERUM 100ML MBL,0.036884838,ml
2026-04,2026-06,720183,LIVON SERUM 100ML MBL,0.245165587,ml
2026-04,2026-06,720183,LIVON SERUM 100ML MBL,0.17017,tm
2026-05,2026-06,720183,LIVON SERUM 100ML MBL,0.042922222,ml
2026-05,2026-06,720183,LIVON SERUM 100ML MBL,0.17017,tm
2026-02,2026-07,720183,LIVON SERUM 100ML MBL,0.029375333,ml
2026-03,2026-07,720183,LIVON SERUM 100ML MBL,0.036884838,ml
2026-04,2026-07,720183,LIVON SERUM 100ML MBL,0.16285,ml
2026-05,2026-07,720183,LIVON SERUM 100ML MBL,0.0531961,ml
2026-06,2026-07,720183,LIVON SERUM 100ML MBL,0.03714893,ml
2026-06,2026-07,720183,LIVON SERUM 100ML MBL,0.16,tm
2026-03,2026-08,720183,LIVON SERUM 100ML MBL,0.036884838,ml
2026-04,2026-08,720183,LIVON SERUM 100ML MBL,0.206666667,ml
2026-05,2026-08,720183,LIVON SERUM 100ML MBL,0.057916243,ml
2026-06,2026-08,720183,LIVON SERUM 100ML MBL,0.043444557,ml
2026-07,2026-08,720183,LIVON SERUM 100ML MBL,0.03550883552,ml
2026-07,2026-08,720183,LIVON SERUM 100ML MBL,0.16,tm
2026-04,2026-09,720183,LIVON SERUM 100ML MBL,0.17866925,ml
2026-05,2026-09,720183,LIVON SERUM 100ML MBL,0.041647067,ml
2026-06,2026-09,720183,LIVON SERUM 100ML MBL,0.044622806,ml
2026-07,2026-09,720183,LIVON SERUM 100ML MBL,0.02364666667,ml
2026-05,2026-10,720183,LIVON SERUM 100ML MBL,0.016210841,ml
2026-06,2026-10,720183,LIVON SERUM 100ML MBL,0.055707307,ml
2026-07,2026-10,720183,LIVON SERUM 100ML MBL,0.02355733333,ml
2026-06,2026-11,720183,LIVON SERUM 100ML MBL,0.05113083,ml
2026-07,2026-11,720183,LIVON SERUM 100ML MBL,0.0002617438548,ml
2026-07,2026-12,720183,LIVON SERUM 100ML MBL,0.02677764944,ml
2025-04,2025-05,720359,REDKING COOLING OIL 2.5ML-N,1.257715131,ml
2025-04,2025-05,720359,REDKING COOLING OIL 2.5ML-N,0.9,tm
2025-04,2025-06,720359,REDKING COOLING OIL 2.5ML-N,0.624971501,ml
2025-04,2025-06,720359,REDKING COOLING OIL 2.5ML-N,0.6,tm
2025-05,2025-06,720359,REDKING COOLING OIL 2.5ML-N,0.343644371,ml
2025-05,2025-06,720359,REDKING COOLING OIL 2.5ML-N,0.368601646,tm
2025-04,2025-07,720359,REDKING COOLING OIL 2.5ML-N,0.533864253,ml
2025-04,2025-07,720359,REDKING COOLING OIL 2.5ML-N,0.782129082,tm
2025-05,2025-07,720359,REDKING COOLING OIL 2.5ML-N,0.266013553,ml
2025-05,2025-07,720359,REDKING COOLING OIL 2.5ML-N,0.285332867,tm
2025-06,2025-07,720359,REDKING COOLING OIL 2.5ML-N,0.341305974,ml
2025-06,2025-07,720359,REDKING COOLING OIL 2.5ML-N,0.366102879,tm
2025-04,2025-08,720359,REDKING COOLING OIL 2.5ML-N,0.906552246,ml
2025-04,2025-08,720359,REDKING COOLING OIL 2.5ML-N,0.862688363,tm
2025-05,2025-08,720359,REDKING COOLING OIL 2.5ML-N,0.66957312,ml
2025-05,2025-08,720359,REDKING COOLING OIL 2.5ML-N,0.718201068,tm
2025-06,2025-08,720359,REDKING COOLING OIL 2.5ML-N,0.419271325,ml
2025-06,2025-08,720359,REDKING COOLING OIL 2.5ML-N,0.449732647,tm
2025-07,2025-08,720359,REDKING COOLING OIL 2.5ML-N,0.282306463,ml
2025-07,2025-08,720359,REDKING COOLING OIL 2.5ML-N,0.302816877,tm
2025-04,2025-09,720359,REDKING COOLING OIL 2.5ML-N,0.649108368,ml
2025-04,2025-09,720359,REDKING COOLING OIL 2.5ML-N,0.469133702,tm
2025-05,2025-09,720359,REDKING COOLING OIL 2.5ML-N,0.391450098,ml
2025-05,2025-09,720359,REDKING COOLING OIL 2.5ML-N,0.419879278,tm
2025-06,2025-09,720359,REDKING COOLING OIL 2.5ML-N,0.193159328,ml
2025-06,2025-09,720359,REDKING COOLING OIL 2.5ML-N,0.207192934,tm
2025-07,2025-09,720359,REDKING COOLING OIL 2.5ML-N,0.173137774,ml
2025-07,2025-09,720359,REDKING COOLING OIL 2.5ML-N,0.185716754,tm
2025-08,2025-09,720359,REDKING COOLING OIL 2.5ML-N,0.233117054,ml
2025-08,2025-09,720359,REDKING COOLING OIL 2.5ML-N,0.250053708,tm
2025-05,2025-10,720359,REDKING COOLING OIL 2.5ML-N,0.383195918,ml
2025-05,2025-10,720359,REDKING COOLING OIL 2.5ML-N,0.411025636,tm
2025-06,2025-10,720359,REDKING COOLING OIL 2.5ML-N,0.341305974,ml
2025-06,2025-10,720359,REDKING COOLING OIL 2.5ML-N,0.366102879,tm
2025-07,2025-10,720359,REDKING COOLING OIL 2.5ML-N,0.140395391,ml
2025-07,2025-10,720359,REDKING COOLING OIL 2.5ML-N,0.150595538,tm
2025-08,2025-10,720359,REDKING COOLING OIL 2.5ML-N,0.163248425,ml
2025-08,2025-10,720359,REDKING COOLING OIL 2.5ML-N,0.175108914,tm
2025-09,2025-10,720359,REDKING COOLING OIL 2.5ML-N,0.22859695,ml
2025-09,2025-10,720359,REDKING COOLING OIL 2.5ML-N,0.245205206,tm
2025-06,2025-11,720359,REDKING COOLING OIL 2.5ML-N,0.341305974,ml
2025-06,2025-11,720359,REDKING COOLING OIL 2.5ML-N,0.366102879,tm
2025-07,2025-11,720359,REDKING COOLING OIL 2.5ML-N,0.097030266,ml
2025-07,2025-11,720359,REDKING COOLING OIL 2.5ML-N,0.104079807,tm
2025-08,2025-11,720359,REDKING COOLING OIL 2.5ML-N,0.124536271,ml
2025-08,2025-11,720359,REDKING COOLING OIL 2.5ML-N,0.133584205,tm
2025-09,2025-11,720359,REDKING COOLING OIL 2.5ML-N,0.103287338,ml
2025-09,2025-11,720359,REDKING COOLING OIL 2.5ML-N,0.110791473,tm
2025-10,2025-11,720359,REDKING COOLING OIL 2.5ML-N,0.1737208,ml
2025-10,2025-11,720359,REDKING COOLING OIL 2.5ML-N,0.23204929,tm
2025-07,2025-12,720359,REDKING COOLING OIL 2.5ML-N,0.328204795,ml
2025-07,2025-12,720359,REDKING COOLING OIL 2.5ML-N,0.35204986,tm
2025-08,2025-12,720359,REDKING COOLING OIL 2.5ML-N,0.091232186,ml
2025-08,2025-12,720359,REDKING COOLING OIL 2.5ML-N,0.097860479,tm
2025-09,2025-12,720359,REDKING COOLING OIL 2.5ML-N,0.08553417,ml
2025-09,2025-12,720359,REDKING COOLING OIL 2.5ML-N,0.091748485,tm
2025-10,2025-12,720359,REDKING COOLING OIL 2.5ML-N,0.072295997,ml
2025-10,2025-12,720359,REDKING COOLING OIL 2.5ML-N,0.205798222,tm
2025-11,2025-12,720359,REDKING COOLING OIL 2.5ML-N,0.102217847,ml
2025-11,2025-12,720359,REDKING COOLING OIL 2.5ML-N,0.085850322,tm
2025-08,2026-01,720359,REDKING COOLING OIL 2.5ML-N,0.235295933,ml
2025-08,2026-01,720359,REDKING COOLING OIL 2.5ML-N,0.25239089,tm
2025-09,2026-01,720359,REDKING COOLING OIL 2.5ML-N,0.224243938,ml
2025-09,2026-01,720359,REDKING COOLING OIL 2.5ML-N,0.240535934,tm
2025-10,2026-01,720359,REDKING COOLING OIL 2.5ML-N,0.220772543,ml
2025-10,2026-01,720359,REDKING COOLING OIL 2.5ML-N,0.197843818,tm
2025-11,2026-01,720359,REDKING COOLING OIL 2.5ML-N,0.24082341,ml
2025-11,2026-01,720359,REDKING COOLING OIL 2.5ML-N,0.140383318,tm
2025-12,2026-01,720359,REDKING COOLING OIL 2.5ML-N,0.210284254,ml
2025-12,2026-01,720359,REDKING COOLING OIL 2.5ML-N,0.140383318,tm
2025-09,2026-02,720359,REDKING COOLING OIL 2.5ML-N,0.423633975,ml
2025-09,2026-02,720359,REDKING COOLING OIL 2.5ML-N,0.742140636,tm
2025-10,2026-02,720359,REDKING COOLING OIL 2.5ML-N,0.396864814,ml
2025-10,2026-02,720359,REDKING COOLING OIL 2.5ML-N,0.70364454,tm
2025-11,2026-02,720359,REDKING COOLING OIL 2.5ML-N,0.430576806,ml
2025-11,2026-02,720359,REDKING COOLING OIL 2.5ML-N,0.859079482,tm
2025-12,2026-02,720359,REDKING COOLING OIL 2.5ML-N,0.4303154,ml
2025-12,2026-02,720359,REDKING COOLING OIL 2.5ML-N,0.859079482,tm
2026-01,2026-02,720359,REDKING COOLING OIL 2.5ML-N,0.374497867,ml
2026-01,2026-02,720359,REDKING COOLING OIL 2.5ML-N,0.859079482,tm
2025-10,2026-03,720359,REDKING COOLING OIL 2.5ML-N,0.393903214,ml
2025-10,2026-03,720359,REDKING COOLING OIL 2.5ML-N,1.076033438,tm
2025-11,2026-03,720359,REDKING COOLING OIL 2.5ML-N,0.432332029,ml
2025-11,2026-03,720359,REDKING COOLING OIL 2.5ML-N,0.914100174,tm
2025-12,2026-03,720359,REDKING COOLING OIL 2.5ML-N,0.421530318,ml
2025-12,2026-03,720359,REDKING COOLING OIL 2.5ML-N,0.914100174,tm
2026-01,2026-03,720359,REDKING COOLING OIL 2.5ML-N,0.391942394,ml
2026-01,2026-03,720359,REDKING COOLING OIL 2.5ML-N,0.914100174,tm
2026-02,2026-03,720359,REDKING COOLING OIL 2.5ML-N,0.466359311,ml
2026-02,2026-03,720359,REDKING COOLING OIL 2.5ML-N,1.5,tm
2025-11,2026-04,720359,REDKING COOLING OIL 2.5ML-N,0.425015724,ml
2025-11,2026-04,720359,REDKING COOLING OIL 2.5ML-N,0.639870122,tm
2025-12,2026-04,720359,REDKING COOLING OIL 2.5ML-N,0.416688991,ml
2025-12,2026-04,720359,REDKING COOLING OIL 2.5ML-N,0.4700113,tm
2026-01,2026-04,720359,REDKING COOLING OIL 2.5ML-N,0.418273572,ml
2026-01,2026-04,720359,REDKING COOLING OIL 2.5ML-N,0.4700113,tm
2026-02,2026-04,720359,REDKING COOLING OIL 2.5ML-N,0.476965778,ml
2026-02,2026-04,720359,REDKING COOLING OIL 2.5ML-N,1.0,tm
2026-03,2026-04,720359,REDKING COOLING OIL 2.5ML-N,0.436685913,ml
2026-03,2026-04,720359,REDKING COOLING OIL 2.5ML-N,1.2,tm
2025-12,2026-05,720359,REDKING COOLING OIL 2.5ML-N,0.607618498,ml
2025-12,2026-05,720359,REDKING COOLING OIL 2.5ML-N,0.3838982,tm
2026-01,2026-05,720359,REDKING COOLING OIL 2.5ML-N,0.485262927,ml
2026-01,2026-05,720359,REDKING COOLING OIL 2.5ML-N,0.3838982,tm
2026-02,2026-05,720359,REDKING COOLING OIL 2.5ML-N,0.709212671,ml
2026-02,2026-05,720359,REDKING COOLING OIL 2.5ML-N,0.907771862,tm
2026-03,2026-05,720359,REDKING COOLING OIL 2.5ML-N,0.569771831,ml
2026-03,2026-05,720359,REDKING COOLING OIL 2.5ML-N,1.01,tm
2026-04,2026-05,720359,REDKING COOLING OIL 2.5ML-N,0.908721508,ml
2026-04,2026-05,720359,REDKING COOLING OIL 2.5ML-N,0.907771862,tm
2026-01,2026-06,720359,REDKING COOLING OIL 2.5ML-N,0.472176027,ml
2026-01,2026-06,720359,REDKING COOLING OIL 2.5ML-N,0.200007827,tm
2026-02,2026-06,720359,REDKING COOLING OIL 2.5ML-N,0.4255336,ml
2026-02,2026-06,720359,REDKING COOLING OIL 2.5ML-N,0.029110121,tm
2026-03,2026-06,720359,REDKING COOLING OIL 2.5ML-N,0.554085453,ml
2026-03,2026-06,720359,REDKING COOLING OIL 2.5ML-N,0.470821983,tm
2026-04,2026-06,720359,REDKING COOLING OIL 2.5ML-N,0.803715715,ml
2026-04,2026-06,720359,REDKING COOLING OIL 2.5ML-N,0.576398136,tm
2026-05,2026-06,720359,REDKING COOLING OIL 2.5ML-N,0.84882638,ml
2026-05,2026-06,720359,REDKING COOLING OIL 2.5ML-N,1.3,tm
2026-02,2026-07,720359,REDKING COOLING OIL 2.5ML-N,0.270627155,ml
2026-02,2026-07,720359,REDKING COOLING OIL 2.5ML-N,0.698769037,tm
2026-03,2026-07,720359,REDKING COOLING OIL 2.5ML-N,0.676506086,ml
2026-03,2026-07,720359,REDKING COOLING OIL 2.5ML-N,1.13,tm
2026-04,2026-07,720359,REDKING COOLING OIL 2.5ML-N,0.652934639,ml
2026-04,2026-07,720359,REDKING COOLING OIL 2.5ML-N,0.698769037,tm
2026-05,2026-07,720359,REDKING COOLING OIL 2.5ML-N,0.683917819,ml
2026-05,2026-07,720359,REDKING COOLING OIL 2.5ML-N,1.2,tm
2026-06,2026-07,720359,REDKING COOLING OIL 2.5ML-N,0.308629294,ml
2026-06,2026-07,720359,REDKING COOLING OIL 2.5ML-N,1.2,tm
2026-03,2026-08,720359,REDKING COOLING OIL 2.5ML-N,0.807319429,ml
2026-03,2026-08,720359,REDKING COOLING OIL 2.5ML-N,1.17,tm
2026-04,2026-08,720359,REDKING COOLING OIL 2.5ML-N,0.996124373,ml
2026-04,2026-08,720359,REDKING COOLING OIL 2.5ML-N,0.246978711,tm
2026-05,2026-08,720359,REDKING COOLING OIL 2.5ML-N,0.79799222,ml
2026-05,2026-08,720359,REDKING COOLING OIL 2.5ML-N,0.45,tm
2026-06,2026-08,720359,REDKING COOLING OIL 2.5ML-N,0.515225571,ml
2026-06,2026-08,720359,REDKING COOLING OIL 2.5ML-N,0.45,tm
2026-07,2026-08,720359,REDKING COOLING OIL 2.5ML-N,0.5155917244,ml
2026-07,2026-08,720359,REDKING COOLING OIL 2.5ML-N,0.45,tm
2026-04,2026-09,720359,REDKING COOLING OIL 2.5ML-N,0.693319223,ml
2026-04,2026-09,720359,REDKING COOLING OIL 2.5ML-N,0.137043065,tm
2026-05,2026-09,720359,REDKING COOLING OIL 2.5ML-N,0.168937072,ml
2026-05,2026-09,720359,REDKING COOLING OIL 2.5ML-N,0.3,tm
2026-06,2026-09,720359,REDKING COOLING OIL 2.5ML-N,0.173636855,ml
2026-06,2026-09,720359,REDKING COOLING OIL 2.5ML-N,0.3,tm
2026-07,2026-09,720359,REDKING COOLING OIL 2.5ML-N,0.2547874243,ml
2026-07,2026-09,720359,REDKING COOLING OIL 2.5ML-N,0.3,tm
2026-05,2026-10,720359,REDKING COOLING OIL 2.5ML-N,0.942824481,ml
2026-05,2026-10,720359,REDKING COOLING OIL 2.5ML-N,0.2,tm
2026-06,2026-10,720359,REDKING COOLING OIL 2.5ML-N,0.257108488,ml
2026-06,2026-10,720359,REDKING COOLING OIL 2.5ML-N,0.2,tm
2026-07,2026-10,720359,REDKING COOLING OIL 2.5ML-N,0.2739665219,ml
2026-07,2026-10,720359,REDKING COOLING OIL 2.5ML-N,0.2,tm
2026-06,2026-11,720359,REDKING COOLING OIL 2.5ML-N,0.227822406,ml
2026-06,2026-11,720359,REDKING COOLING OIL 2.5ML-N,0.1,tm
2026-07,2026-11,720359,REDKING COOLING OIL 2.5ML-N,0.2208677058,ml
2026-07,2026-11,720359,REDKING COOLING OIL 2.5ML-N,0.1,tm
2026-07,2026-12,720359,REDKING COOLING OIL 2.5ML-N,0.1986809341,ml
2026-07,2026-12,720359,REDKING COOLING OIL 2.5ML-N,0.1,tm
2025-04,2025-05,720360,REDKING COOLING OIL 100ML-N,4.420650985,ml
2025-04,2025-05,720360,REDKING COOLING OIL 100ML-N,13.9,tm
2025-04,2025-06,720360,REDKING COOLING OIL 100ML-N,1.974850344,ml
2025-04,2025-06,720360,REDKING COOLING OIL 100ML-N,4.0,tm
2025-05,2025-06,720360,REDKING COOLING OIL 100ML-N,1.776850085,ml
2025-05,2025-06,720360,REDKING COOLING OIL 100ML-N,4.0,tm
2025-04,2025-07,720360,REDKING COOLING OIL 100ML-N,4.484662274,ml
2025-04,2025-07,720360,REDKING COOLING OIL 100ML-N,2.515652579,tm
2025-05,2025-07,720360,REDKING COOLING OIL 100ML-N,4.133238752,ml
2025-05,2025-07,720360,REDKING COOLING OIL 100ML-N,2.515652579,tm
2025-06,2025-07,720360,REDKING COOLING OIL 100ML-N,3.40016488,ml
2025-06,2025-07,720360,REDKING COOLING OIL 100ML-N,2.5162,tm
2025-04,2025-08,720360,REDKING COOLING OIL 100ML-N,2.449997685,ml
2025-04,2025-08,720360,REDKING COOLING OIL 100ML-N,1.760519317,tm
2025-05,2025-08,720360,REDKING COOLING OIL 100ML-N,2.749903841,ml
2025-05,2025-08,720360,REDKING COOLING OIL 100ML-N,1.760519317,tm
2025-06,2025-08,720360,REDKING COOLING OIL 100ML-N,2.527038057,ml
2025-06,2025-08,720360,REDKING COOLING OIL 100ML-N,1.7609,tm
2025-07,2025-08,720360,REDKING COOLING OIL 100ML-N,1.835397412,ml
2025-07,2025-08,720360,REDKING COOLING OIL 100ML-N,3.8209,tm
2025-04,2025-09,720360,REDKING COOLING OIL 100ML-N,0.961291339,ml
2025-04,2025-09,720360,REDKING COOLING OIL 100ML-N,0.919717266,tm
2025-05,2025-09,720360,REDKING COOLING OIL 100ML-N,1.959197006,ml
2025-05,2025-09,720360,REDKING COOLING OIL 100ML-N,0.9197172659999999,tm
2025-06,2025-09,720360,REDKING COOLING OIL 100ML-N,1.275996878,ml
2025-06,2025-09,720360,REDKING COOLING OIL 100ML-N,0.9179,tm
2025-07,2025-09,720360,REDKING COOLING OIL 100ML-N,2.029105946,ml
2025-07,2025-09,720360,REDKING COOLING OIL 100ML-N,0.9179,tm
2025-08,2025-09,720360,REDKING COOLING OIL 100ML-N,1.812831072,ml
2025-08,2025-09,720360,REDKING COOLING OIL 100ML-N,0.9179,tm
2025-05,2025-10,720360,REDKING COOLING OIL 100ML-N,2.075608525,ml
2025-05,2025-10,720360,REDKING COOLING OIL 100ML-N,1.25,tm
2025-06,2025-10,720360,REDKING COOLING OIL 100ML-N,2.261830775,ml
2025-06,2025-10,720360,REDKING COOLING OIL 100ML-N,1.250020831,tm
2025-07,2025-10,720360,REDKING COOLING OIL 100ML-N,1.925189427,ml
2025-07,2025-10,720360,REDKING COOLING OIL 100ML-N,1.250020831,tm
2025-08,2025-10,720360,REDKING COOLING OIL 100ML-N,1.9534289,ml
2025-08,2025-10,720360,REDKING COOLING OIL 100ML-N,1.250020831,tm
2025-09,2025-10,720360,REDKING COOLING OIL 100ML-N,1.378500546,ml
2025-09,2025-10,720360,REDKING COOLING OIL 100ML-N,1.250020831,tm
2025-06,2025-11,720360,REDKING COOLING OIL 100ML-N,1.950776806,ml
2025-06,2025-11,720360,REDKING COOLING OIL 100ML-N,0.639812533,tm
2025-07,2025-11,720360,REDKING COOLING OIL 100ML-N,1.787761158,ml
2025-07,2025-11,720360,REDKING COOLING OIL 100ML-N,0.639812533,tm
2025-08,2025-11,720360,REDKING COOLING OIL 100ML-N,1.432852006,ml
2025-08,2025-11,720360,REDKING COOLING OIL 100ML-N,0.639812533,tm
2025-09,2025-11,720360,REDKING COOLING OIL 100ML-N,1.43377656,ml
2025-09,2025-11,720360,REDKING COOLING OIL 100ML-N,0.639812533,tm
2025-10,2025-11,720360,REDKING COOLING OIL 100ML-N,0.950720984,ml
2025-10,2025-11,720360,REDKING COOLING OIL 100ML-N,0.661951903,tm
2025-07,2025-12,720360,REDKING COOLING OIL 100ML-N,1.950509455,ml
2025-07,2025-12,720360,REDKING COOLING OIL 100ML-N,0.54,tm
2025-08,2025-12,720360,REDKING COOLING OIL 100ML-N,0.445121675,ml
2025-08,2025-12,720360,REDKING COOLING OIL 100ML-N,0.54,tm
2025-09,2025-12,720360,REDKING COOLING OIL 100ML-N,1.201878531,ml
2025-09,2025-12,720360,REDKING COOLING OIL 100ML-N,0.548414579,tm
2025-10,2025-12,720360,REDKING COOLING OIL 100ML-N,1.073063422,ml
2025-10,2025-12,720360,REDKING COOLING OIL 100ML-N,0.568340012,tm
2025-11,2025-12,720360,REDKING COOLING OIL 100ML-N,0.911302747,ml
2025-11,2025-12,720360,REDKING COOLING OIL 100ML-N,0.719832618,tm
2025-08,2026-01,720360,REDKING COOLING OIL 100ML-N,1.454783496,ml
2025-08,2026-01,720360,REDKING COOLING OIL 100ML-N,0.54,tm
2025-09,2026-01,720360,REDKING COOLING OIL 100ML-N,1.173263738,ml
2025-09,2026-01,720360,REDKING COOLING OIL 100ML-N,0.498757299,tm
2025-10,2026-01,720360,REDKING COOLING OIL 100ML-N,0.976584824,ml
2025-10,2026-01,720360,REDKING COOLING OIL 100ML-N,0.510712558,tm
2025-11,2026-01,720360,REDKING COOLING OIL 100ML-N,0.647832243,ml
2025-11,2026-01,720360,REDKING COOLING OIL 100ML-N,1.177077594,tm
2025-12,2026-01,720360,REDKING COOLING OIL 100ML-N,0.799538425,ml
2025-12,2026-01,720360,REDKING COOLING OIL 100ML-N,1.177077594,tm
2025-09,2026-02,720360,REDKING COOLING OIL 100ML-N,4.9398892,ml
2025-09,2026-02,720360,REDKING COOLING OIL 100ML-N,8.93311203,tm
2025-10,2026-02,720360,REDKING COOLING OIL 100ML-N,4.744620526,ml
2025-10,2026-02,720360,REDKING COOLING OIL 100ML-N,4.492070018,tm
2025-11,2026-02,720360,REDKING COOLING OIL 100ML-N,4.929454482,ml
2025-11,2026-02,720360,REDKING COOLING OIL 100ML-N,7.203157943,tm
2025-12,2026-02,720360,REDKING COOLING OIL 100ML-N,5.237920677,ml
2025-12,2026-02,720360,REDKING COOLING OIL 100ML-N,7.2,tm
2026-01,2026-02,720360,REDKING COOLING OIL 100ML-N,4.93312221,ml
2026-01,2026-02,720360,REDKING COOLING OIL 100ML-N,7.2,tm
2025-10,2026-03,720360,REDKING COOLING OIL 100ML-N,6.575098861,ml
2025-10,2026-03,720360,REDKING COOLING OIL 100ML-N,6.817940101,tm
2025-11,2026-03,720360,REDKING COOLING OIL 100ML-N,6.789844926,ml
2025-11,2026-03,720360,REDKING COOLING OIL 100ML-N,7.664492134,tm
2025-12,2026-03,720360,REDKING COOLING OIL 100ML-N,6.437620382,ml
2025-12,2026-03,720360,REDKING COOLING OIL 100ML-N,7.664492134,tm
2026-01,2026-03,720360,REDKING COOLING OIL 100ML-N,5.674802523,ml
2026-01,2026-03,720360,REDKING COOLING OIL 100ML-N,7.664492134,tm
2026-02,2026-03,720360,REDKING COOLING OIL 100ML-N,7.532901224,ml
2026-02,2026-03,720360,REDKING COOLING OIL 100ML-N,6.590000000000001,tm
2025-11,2026-04,720360,REDKING COOLING OIL 100ML-N,3.1934779,ml
2025-11,2026-04,720360,REDKING COOLING OIL 100ML-N,5.380144494,tm
2025-12,2026-04,720360,REDKING COOLING OIL 100ML-N,4.672964769,ml
2025-12,2026-04,720360,REDKING COOLING OIL 100ML-N,3.52,tm
2026-01,2026-04,720360,REDKING COOLING OIL 100ML-N,3.714527367,ml
2026-01,2026-04,720360,REDKING COOLING OIL 100ML-N,3.52,tm
2026-02,2026-04,720360,REDKING COOLING OIL 100ML-N,4.261065288,ml
2026-02,2026-04,720360,REDKING COOLING OIL 100ML-N,8.473313355,tm
2026-03,2026-04,720360,REDKING COOLING OIL 100ML-N,3.291228074,ml
2026-03,2026-04,720360,REDKING COOLING OIL 100ML-N,8.0,tm
2025-12,2026-05,720360,REDKING COOLING OIL 100ML-N,6.84665688,ml
2025-12,2026-05,720360,REDKING COOLING OIL 100ML-N,8.66,tm
2026-01,2026-05,720360,REDKING COOLING OIL 100ML-N,3.723834332,ml
2026-01,2026-05,720360,REDKING COOLING OIL 100ML-N,8.66,tm
2026-02,2026-05,720360,REDKING COOLING OIL 100ML-N,5.728642509,ml
2026-02,2026-05,720360,REDKING COOLING OIL 100ML-N,6.266061532,tm
2026-03,2026-05,720360,REDKING COOLING OIL 100ML-N,5.7243781,ml
2026-03,2026-05,720360,REDKING COOLING OIL 100ML-N,6.84,tm
2026-04,2026-05,720360,REDKING COOLING OIL 100ML-N,6.9780718,ml
2026-04,2026-05,720360,REDKING COOLING OIL 100ML-N,7.266061532,tm
2026-01,2026-06,720360,REDKING COOLING OIL 100ML-N,4.156096418,ml
2026-01,2026-06,720360,REDKING COOLING OIL 100ML-N,5.039325814,tm
2026-02,2026-06,720360,REDKING COOLING OIL 100ML-N,4.081155148,ml
2026-02,2026-06,720360,REDKING COOLING OIL 100ML-N,5.474910297,tm
2026-03,2026-06,720360,REDKING COOLING OIL 100ML-N,5.1913542,ml
2026-03,2026-06,720360,REDKING COOLING OIL 100ML-N,4.448117948,tm
2026-04,2026-06,720360,REDKING COOLING OIL 100ML-N,3.540837874,ml
2026-04,2026-06,720360,REDKING COOLING OIL 100ML-N,4.613652944,tm
2026-05,2026-06,720360,REDKING COOLING OIL 100ML-N,4.43318395,ml
2026-05,2026-06,720360,REDKING COOLING OIL 100ML-N,7.713652944000001,tm
2026-02,2026-07,720360,REDKING COOLING OIL 100ML-N,0.854494478,ml
2026-02,2026-07,720360,REDKING COOLING OIL 100ML-N,5.593144083,tm
2026-03,2026-07,720360,REDKING COOLING OIL 100ML-N,2.37683929,ml
2026-03,2026-07,720360,REDKING COOLING OIL 100ML-N,3.59,tm
2026-04,2026-07,720360,REDKING COOLING OIL 100ML-N,0.347165556,ml
2026-04,2026-07,720360,REDKING COOLING OIL 100ML-N,5.593144083,tm
2026-05,2026-07,720360,REDKING COOLING OIL 100ML-N,1.998570049,ml
2026-05,2026-07,720360,REDKING COOLING OIL 100ML-N,5.493144083,tm
2026-06,2026-07,720360,REDKING COOLING OIL 100ML-N,0.671919867,ml
2026-06,2026-07,720360,REDKING COOLING OIL 100ML-N,5.493144083,tm
2026-03,2026-08,720360,REDKING COOLING OIL 100ML-N,3.431983875,ml
2026-03,2026-08,720360,REDKING COOLING OIL 100ML-N,2.11,tm
2026-04,2026-08,720360,REDKING COOLING OIL 100ML-N,3.9883663,ml
2026-04,2026-08,720360,REDKING COOLING OIL 100ML-N,1.976887133,tm
2026-05,2026-08,720360,REDKING COOLING OIL 100ML-N,4.889237521,ml
2026-05,2026-08,720360,REDKING COOLING OIL 100ML-N,1.976887133,tm
2026-06,2026-08,720360,REDKING COOLING OIL 100ML-N,3.234701059,ml
2026-06,2026-08,720360,REDKING COOLING OIL 100ML-N,1.976887133,tm
2026-07,2026-08,720360,REDKING COOLING OIL 100ML-N,2.508429865,ml
2026-07,2026-08,720360,REDKING COOLING OIL 100ML-N,1.976887133,tm
2026-04,2026-09,720360,REDKING COOLING OIL 100ML-N,0.63674,ml
2026-04,2026-09,720360,REDKING COOLING OIL 100ML-N,1.096931275,tm
2026-05,2026-09,720360,REDKING COOLING OIL 100ML-N,1.000961673,ml
2026-05,2026-09,720360,REDKING COOLING OIL 100ML-N,1.062795186,tm
2026-06,2026-09,720360,REDKING COOLING OIL 100ML-N,1.49519453,ml
2026-06,2026-09,720360,REDKING COOLING OIL 100ML-N,1.096931275,tm
2026-07,2026-09,720360,REDKING COOLING OIL 100ML-N,1.511577879,ml
2026-07,2026-09,720360,REDKING COOLING OIL 100ML-N,1.096931275,tm
2026-05,2026-10,720360,REDKING COOLING OIL 100ML-N,0.826485571,ml
2026-05,2026-10,720360,REDKING COOLING OIL 100ML-N,0.877540979,tm
2026-06,2026-10,720360,REDKING COOLING OIL 100ML-N,1.522225884,ml
2026-06,2026-10,720360,REDKING COOLING OIL 100ML-N,1.060768705,tm
2026-07,2026-10,720360,REDKING COOLING OIL 100ML-N,1.511577879,ml
2026-07,2026-10,720360,REDKING COOLING OIL 100ML-N,0.9,tm
2026-06,2026-11,720360,REDKING COOLING OIL 100ML-N,1.325500312,ml
2026-06,2026-11,720360,REDKING COOLING OIL 100ML-N,0.75,tm
2026-07,2026-11,720360,REDKING COOLING OIL 100ML-N,1.512337561,ml
2026-07,2026-11,720360,REDKING COOLING OIL 100ML-N,0.75,tm
2026-07,2026-12,720360,REDKING COOLING OIL 100ML-N,1.708049903,ml
2026-07,2026-12,720360,REDKING COOLING OIL 100ML-N,0.75,tm
2025-04,2025-05,720361,REDKING COOLING OIL 200ML-N,5.004338773,ml
2025-04,2025-05,720361,REDKING COOLING OIL 200ML-N,10.6,tm
2025-04,2025-06,720361,REDKING COOLING OIL 200ML-N,1.023020905,ml
2025-04,2025-06,720361,REDKING COOLING OIL 200ML-N,3.4,tm
2025-05,2025-06,720361,REDKING COOLING OIL 200ML-N,1.244845504,ml
2025-05,2025-06,720361,REDKING COOLING OIL 200ML-N,3.7108,tm
2025-04,2025-07,720361,REDKING COOLING OIL 200ML-N,3.418435346,ml
2025-04,2025-07,720361,REDKING COOLING OIL 200ML-N,1.793281393,tm
2025-05,2025-07,720361,REDKING COOLING OIL 200ML-N,2.00188985,ml
2025-05,2025-07,720361,REDKING COOLING OIL 200ML-N,1.483281393,tm
2025-06,2025-07,720361,REDKING COOLING OIL 200ML-N,2.696737987,ml
2025-06,2025-07,720361,REDKING COOLING OIL 200ML-N,1.789,tm
2025-04,2025-08,720361,REDKING COOLING OIL 200ML-N,1.6150574,ml
2025-04,2025-08,720361,REDKING COOLING OIL 200ML-N,1.254985112,tm
2025-05,2025-08,720361,REDKING COOLING OIL 200ML-N,1.948604,ml
2025-05,2025-08,720361,REDKING COOLING OIL 200ML-N,1.254985112,tm
2025-06,2025-08,720361,REDKING COOLING OIL 200ML-N,1.2683988,ml
2025-06,2025-08,720361,REDKING COOLING OIL 200ML-N,1.252,tm
2025-07,2025-08,720361,REDKING COOLING OIL 200ML-N,1.314301554,ml
2025-07,2025-08,720361,REDKING COOLING OIL 200ML-N,2.722,tm
2025-04,2025-09,720361,REDKING COOLING OIL 200ML-N,0.28664468,ml
2025-04,2025-09,720361,REDKING COOLING OIL 200ML-N,0.655619887,tm
2025-05,2025-09,720361,REDKING COOLING OIL 200ML-N,2.0755039,ml
2025-05,2025-09,720361,REDKING COOLING OIL 200ML-N,0.655619887,tm
2025-06,2025-09,720361,REDKING COOLING OIL 200ML-N,1.292228677,ml
2025-06,2025-09,720361,REDKING COOLING OIL 200ML-N,0.6646,tm
2025-07,2025-09,720361,REDKING COOLING OIL 200ML-N,0.778730436,ml
2025-07,2025-09,720361,REDKING COOLING OIL 200ML-N,0.6646,tm
2025-08,2025-09,720361,REDKING COOLING OIL 200ML-N,1.363329199,ml
2025-08,2025-09,720361,REDKING COOLING OIL 200ML-N,0.6646,tm
2025-05,2025-10,720361,REDKING COOLING OIL 200ML-N,1.6648242,ml
2025-05,2025-10,720361,REDKING COOLING OIL 200ML-N,1.185913607,tm
2025-06,2025-10,720361,REDKING COOLING OIL 200ML-N,0.087856378,ml
2025-06,2025-10,720361,REDKING COOLING OIL 200ML-N,0.891076581,tm
2025-07,2025-10,720361,REDKING COOLING OIL 200ML-N,0.684216602,ml
2025-07,2025-10,720361,REDKING COOLING OIL 200ML-N,0.891076581,tm
2025-08,2025-10,720361,REDKING COOLING OIL 200ML-N,1.355940127,ml
2025-08,2025-10,720361,REDKING COOLING OIL 200ML-N,0.891076581,tm
2025-09,2025-10,720361,REDKING COOLING OIL 200ML-N,1.389655191,ml
2025-09,2025-10,720361,REDKING COOLING OIL 200ML-N,0.261076581,tm
2025-06,2025-11,720361,REDKING COOLING OIL 200ML-N,0.192799061,ml
2025-06,2025-11,720361,REDKING COOLING OIL 200ML-N,0.456089971,tm
2025-07,2025-11,720361,REDKING COOLING OIL 200ML-N,0.5929115,ml
2025-07,2025-11,720361,REDKING COOLING OIL 200ML-N,0.456089971,tm
2025-08,2025-11,720361,REDKING COOLING OIL 200ML-N,0.0,ml
2025-08,2025-11,720361,REDKING COOLING OIL 200ML-N,0.456089971,tm
2025-09,2025-11,720361,REDKING COOLING OIL 200ML-N,1.308078891,ml
2025-09,2025-11,720361,REDKING COOLING OIL 200ML-N,0.456089971,tm
2025-10,2025-11,720361,REDKING COOLING OIL 200ML-N,0.629754146,ml
2025-10,2025-11,720361,REDKING COOLING OIL 200ML-N,0.456089971,tm
2025-07,2025-12,720361,REDKING COOLING OIL 200ML-N,0.606841364,ml
2025-07,2025-12,720361,REDKING COOLING OIL 200ML-N,0.39,tm
2025-08,2025-12,720361,REDKING COOLING OIL 200ML-N,0.606924466,ml
2025-08,2025-12,720361,REDKING COOLING OIL 200ML-N,0.39,tm
2025-09,2025-12,720361,REDKING COOLING OIL 200ML-N,0.100852692,ml
2025-09,2025-12,720361,REDKING COOLING OIL 200ML-N,0.390936995,tm
2025-10,2025-12,720361,REDKING COOLING OIL 200ML-N,0.853538615,ml
2025-10,2025-12,720361,REDKING COOLING OIL 200ML-N,0.390936995,tm
2025-11,2025-12,720361,REDKING COOLING OIL 200ML-N,0.664546251,ml
2025-11,2025-12,720361,REDKING COOLING OIL 200ML-N,0.55114506,tm
2025-08,2026-01,720361,REDKING COOLING OIL 200ML-N,0.0,ml
2025-08,2026-01,720361,REDKING COOLING OIL 200ML-N,0.39,tm
2025-09,2026-01,720361,REDKING COOLING OIL 200ML-N,0.0,ml
2025-09,2026-01,720361,REDKING COOLING OIL 200ML-N,0.355538833,tm
2025-10,2026-01,720361,REDKING COOLING OIL 200ML-N,1.985938358,ml
2025-10,2026-01,720361,REDKING COOLING OIL 200ML-N,0.355538833,tm
2025-11,2026-01,720361,REDKING COOLING OIL 200ML-N,1.934065447,ml
2025-11,2026-01,720361,REDKING COOLING OIL 200ML-N,0.901237989,tm
2025-12,2026-01,720361,REDKING COOLING OIL 200ML-N,0.721314037,ml
2025-12,2026-01,720361,REDKING COOLING OIL 200ML-N,0.901237989,tm
2025-09,2026-02,720361,REDKING COOLING OIL 200ML-N,3.1700778,ml
2025-09,2026-02,720361,REDKING COOLING OIL 200ML-N,6.4047473329999995,tm
2025-10,2026-02,720361,REDKING COOLING OIL 200ML-N,4.222768184,ml
2025-10,2026-02,720361,REDKING COOLING OIL 200ML-N,3.1927948199999996,tm
2025-11,2026-02,720361,REDKING COOLING OIL 200ML-N,4.22922857,ml
2025-11,2026-02,720361,REDKING COOLING OIL 200ML-N,5.515150075,tm
2025-12,2026-02,720361,REDKING COOLING OIL 200ML-N,5.7429407,ml
2025-12,2026-02,720361,REDKING COOLING OIL 200ML-N,5.52,tm
2026-01,2026-02,720361,REDKING COOLING OIL 200ML-N,5.16083576,ml
2026-01,2026-02,720361,REDKING COOLING OIL 200ML-N,5.51,tm
2025-10,2026-03,720361,REDKING COOLING OIL 200ML-N,2.027904749,ml
2025-10,2026-03,720361,REDKING COOLING OIL 200ML-N,3.192794819,tm
2025-11,2026-03,720361,REDKING COOLING OIL 200ML-N,1.99099281,ml
2025-11,2026-03,720361,REDKING COOLING OIL 200ML-N,5.868373941,tm
2025-12,2026-03,720361,REDKING COOLING OIL 200ML-N,3.259985915,ml
2025-12,2026-03,720361,REDKING COOLING OIL 200ML-N,5.868373941,tm
2026-01,2026-03,720361,REDKING COOLING OIL 200ML-N,3.186474622,ml
2026-01,2026-03,720361,REDKING COOLING OIL 200ML-N,5.868373941000001,tm
2026-02,2026-03,720361,REDKING COOLING OIL 200ML-N,4.60683368,ml
2026-02,2026-03,720361,REDKING COOLING OIL 200ML-N,6.1000000000000005,tm
2025-11,2026-04,720361,REDKING COOLING OIL 200ML-N,3.267378792,ml
2025-11,2026-04,720361,REDKING COOLING OIL 200ML-N,4.131861759,tm
2025-12,2026-04,720361,REDKING COOLING OIL 200ML-N,3.41496951,ml
2025-12,2026-04,720361,REDKING COOLING OIL 200ML-N,3.68,tm
2026-01,2026-04,720361,REDKING COOLING OIL 200ML-N,3.085304667,ml
2026-01,2026-04,720361,REDKING COOLING OIL 200ML-N,3.68,tm
2026-02,2026-04,720361,REDKING COOLING OIL 200ML-N,3.8289942,ml
2026-02,2026-04,720361,REDKING COOLING OIL 200ML-N,5.937461625999999,tm
2026-03,2026-04,720361,REDKING COOLING OIL 200ML-N,3.356784533,ml
2026-03,2026-04,720361,REDKING COOLING OIL 200ML-N,5.54,tm
2025-12,2026-05,720361,REDKING COOLING OIL 200ML-N,4.516369441,ml
2025-12,2026-05,720361,REDKING COOLING OIL 200ML-N,4.51,tm
2026-01,2026-05,720361,REDKING COOLING OIL 200ML-N,3.754532586,ml
2026-01,2026-05,720361,REDKING COOLING OIL 200ML-N,4.51,tm
2026-02,2026-05,720361,REDKING COOLING OIL 200ML-N,4.0588708,ml
2026-02,2026-05,720361,REDKING COOLING OIL 200ML-N,4.587394106,tm
2026-03,2026-05,720361,REDKING COOLING OIL 200ML-N,3.5560756,ml
2026-03,2026-05,720361,REDKING COOLING OIL 200ML-N,4.98,tm
2026-04,2026-05,720361,REDKING COOLING OIL 200ML-N,3.0422981,ml
2026-04,2026-05,720361,REDKING COOLING OIL 200ML-N,5.0873941060000005,tm
2026-01,2026-06,720361,REDKING COOLING OIL 200ML-N,3.353339504,ml
2026-01,2026-06,720361,REDKING COOLING OIL 200ML-N,3.136111128,tm
2026-02,2026-06,720361,REDKING COOLING OIL 200ML-N,3.6082936,ml
2026-02,2026-06,720361,REDKING COOLING OIL 200ML-N,1.677829337,tm
2026-03,2026-06,720361,REDKING COOLING OIL 200ML-N,3.374409467,ml
2026-03,2026-06,720361,REDKING COOLING OIL 200ML-N,2.981485069,tm
2026-04,2026-06,720361,REDKING COOLING OIL 200ML-N,3.858527054,ml
2026-04,2026-06,720361,REDKING COOLING OIL 200ML-N,3.23028792,tm
2026-05,2026-06,720361,REDKING COOLING OIL 200ML-N,2.65087464,ml
2026-05,2026-06,720361,REDKING COOLING OIL 200ML-N,4.13028792,tm
2026-02,2026-07,720361,REDKING COOLING OIL 200ML-N,0.4740597,ml
2026-02,2026-07,720361,REDKING COOLING OIL 200ML-N,3.916086881,tm
2026-03,2026-07,720361,REDKING COOLING OIL 200ML-N,1.939298258,ml
2026-03,2026-07,720361,REDKING COOLING OIL 200ML-N,4.56,tm
2026-04,2026-07,720361,REDKING COOLING OIL 200ML-N,1.028537565,ml
2026-04,2026-07,720361,REDKING COOLING OIL 200ML-N,3.916086881,tm
2026-05,2026-07,720361,REDKING COOLING OIL 200ML-N,0.373896444,ml
2026-05,2026-07,720361,REDKING COOLING OIL 200ML-N,3.716086881,tm
2026-06,2026-07,720361,REDKING COOLING OIL 200ML-N,0.793988119,ml
2026-06,2026-07,720361,REDKING COOLING OIL 200ML-N,3.716086881,tm
2026-03,2026-08,720361,REDKING COOLING OIL 200ML-N,0.700329971,ml
2026-03,2026-08,720361,REDKING COOLING OIL 200ML-N,1.0,tm
2026-04,2026-08,720361,REDKING COOLING OIL 200ML-N,1.7240593,ml
2026-04,2026-08,720361,REDKING COOLING OIL 200ML-N,1.384134156,tm
2026-05,2026-08,720361,REDKING COOLING OIL 200ML-N,1.891061692,ml
2026-05,2026-08,720361,REDKING COOLING OIL 200ML-N,1.384134156,tm
2026-06,2026-08,720361,REDKING COOLING OIL 200ML-N,1.304018819,ml
2026-06,2026-08,720361,REDKING COOLING OIL 200ML-N,1.384134156,tm
2026-07,2026-08,720361,REDKING COOLING OIL 200ML-N,1.759463676,ml
2026-07,2026-08,720361,REDKING COOLING OIL 200ML-N,1.384134156,tm
2026-04,2026-09,720361,REDKING COOLING OIL 200ML-N,0.7993597,ml
2026-04,2026-09,720361,REDKING COOLING OIL 200ML-N,0.76802566,tm
2026-05,2026-09,720361,REDKING COOLING OIL 200ML-N,0.0,ml
2026-05,2026-09,720361,REDKING COOLING OIL 200ML-N,0.76802566,tm
2026-06,2026-09,720361,REDKING COOLING OIL 200ML-N,0.273593654,ml
2026-06,2026-09,720361,REDKING COOLING OIL 200ML-N,0.76802566,tm
2026-07,2026-09,720361,REDKING COOLING OIL 200ML-N,1.390447988,ml
2026-07,2026-09,720361,REDKING COOLING OIL 200ML-N,0.76802566,tm
2026-05,2026-10,720361,REDKING COOLING OIL 200ML-N,0.65897558,ml
2026-05,2026-10,720361,REDKING COOLING OIL 200ML-N,0.742706133,tm
2026-06,2026-10,720361,REDKING COOLING OIL 200ML-N,0.526828543,ml
2026-06,2026-10,720361,REDKING COOLING OIL 200ML-N,0.742706133,tm
2026-07,2026-10,720361,REDKING COOLING OIL 200ML-N,0.9456512697,ml
2026-07,2026-10,720361,REDKING COOLING OIL 200ML-N,0.6,tm
2026-06,2026-11,720361,REDKING COOLING OIL 200ML-N,0.5200171,ml
2026-06,2026-11,720361,REDKING COOLING OIL 200ML-N,0.55,tm
2026-07,2026-11,720361,REDKING COOLING OIL 200ML-N,0.8593100534,ml
2026-07,2026-11,720361,REDKING COOLING OIL 200ML-N,0.55,tm
2026-07,2026-12,720361,REDKING COOLING OIL 200ML-N,0.9224785128,ml
2026-07,2026-12,720361,REDKING COOLING OIL 200ML-N,0.55,tm
2025-04,2025-05,720704,SAFFOLA HONEY 100G INHOUSE,0.14182,ml
2025-04,2025-05,720704,SAFFOLA HONEY 100G INHOUSE,0.386046645,tm
2025-04,2025-06,720704,SAFFOLA HONEY 100G INHOUSE,0.29984,ml
2025-04,2025-06,720704,SAFFOLA HONEY 100G INHOUSE,0.386046645,tm
2025-05,2025-06,720704,SAFFOLA HONEY 100G INHOUSE,0.410290161,ml
2025-05,2025-06,720704,SAFFOLA HONEY 100G INHOUSE,0.386046645,tm
2025-04,2025-07,720704,SAFFOLA HONEY 100G INHOUSE,0.3188,ml
2025-04,2025-07,720704,SAFFOLA HONEY 100G INHOUSE,0.382218255,tm
2025-05,2025-07,720704,SAFFOLA HONEY 100G INHOUSE,0.443332319,ml
2025-05,2025-07,720704,SAFFOLA HONEY 100G INHOUSE,0.382218255,tm
2025-06,2025-07,720704,SAFFOLA HONEY 100G INHOUSE,0.463236908,ml
2025-06,2025-07,720704,SAFFOLA HONEY 100G INHOUSE,0.382218255,tm
2025-04,2025-08,720704,SAFFOLA HONEY 100G INHOUSE,0.606536667,ml
2025-04,2025-08,720704,SAFFOLA HONEY 100G INHOUSE,0.383011255,tm
2025-05,2025-08,720704,SAFFOLA HONEY 100G INHOUSE,0.473121254,ml
2025-05,2025-08,720704,SAFFOLA HONEY 100G INHOUSE,0.383011255,tm
2025-06,2025-08,720704,SAFFOLA HONEY 100G INHOUSE,0.575107601,ml
2025-06,2025-08,720704,SAFFOLA HONEY 100G INHOUSE,1.62,tm
2025-07,2025-08,720704,SAFFOLA HONEY 100G INHOUSE,0.07939,ml
2025-07,2025-08,720704,SAFFOLA HONEY 100G INHOUSE,1.62,tm
2025-04,2025-09,720704,SAFFOLA HONEY 100G INHOUSE,2.482906667,ml
2025-04,2025-09,720704,SAFFOLA HONEY 100G INHOUSE,3.170010231,tm
2025-05,2025-09,720704,SAFFOLA HONEY 100G INHOUSE,2.520518335,ml
2025-05,2025-09,720704,SAFFOLA HONEY 100G INHOUSE,3.170010231,tm
2025-06,2025-09,720704,SAFFOLA HONEY 100G INHOUSE,1.936111946,ml
2025-06,2025-09,720704,SAFFOLA HONEY 100G INHOUSE,3.9,tm
2025-07,2025-09,720704,SAFFOLA HONEY 100G INHOUSE,2.109003333,ml
2025-07,2025-09,720704,SAFFOLA HONEY 100G INHOUSE,3.9,tm
2025-08,2025-09,720704,SAFFOLA HONEY 100G INHOUSE,2.553529747,ml
2025-08,2025-09,720704,SAFFOLA HONEY 100G INHOUSE,3.9,tm
2025-05,2025-10,720704,SAFFOLA HONEY 100G INHOUSE,2.0431,ml
2025-05,2025-10,720704,SAFFOLA HONEY 100G INHOUSE,3.170010231,tm
2025-06,2025-10,720704,SAFFOLA HONEY 100G INHOUSE,2.5624,ml
2025-06,2025-10,720704,SAFFOLA HONEY 100G INHOUSE,3.43,tm
2025-07,2025-10,720704,SAFFOLA HONEY 100G INHOUSE,2.846500657,ml
2025-07,2025-10,720704,SAFFOLA HONEY 100G INHOUSE,3.43,tm
2025-08,2025-10,720704,SAFFOLA HONEY 100G INHOUSE,2.297063668,ml
2025-08,2025-10,720704,SAFFOLA HONEY 100G INHOUSE,3.43,tm
2025-09,2025-10,720704,SAFFOLA HONEY 100G INHOUSE,1.899552,ml
2025-09,2025-10,720704,SAFFOLA HONEY 100G INHOUSE,3.78,tm
2025-06,2025-11,720704,SAFFOLA HONEY 100G INHOUSE,2.990430626,ml
2025-06,2025-11,720704,SAFFOLA HONEY 100G INHOUSE,3.25,tm
2025-07,2025-11,720704,SAFFOLA HONEY 100G INHOUSE,2.910578336,ml
2025-07,2025-11,720704,SAFFOLA HONEY 100G INHOUSE,3.25,tm
2025-08,2025-11,720704,SAFFOLA HONEY 100G INHOUSE,2.475212673,ml
2025-08,2025-11,720704,SAFFOLA HONEY 100G INHOUSE,3.25,tm
2025-09,2025-11,720704,SAFFOLA HONEY 100G INHOUSE,2.351043777,ml
2025-09,2025-11,720704,SAFFOLA HONEY 100G INHOUSE,3.63,tm
2025-10,2025-11,720704,SAFFOLA HONEY 100G INHOUSE,2.616446333,ml
2025-10,2025-11,720704,SAFFOLA HONEY 100G INHOUSE,4.3,tm
2025-07,2025-12,720704,SAFFOLA HONEY 100G INHOUSE,1.940356667,ml
2025-07,2025-12,720704,SAFFOLA HONEY 100G INHOUSE,2.0952,tm
2025-08,2025-12,720704,SAFFOLA HONEY 100G INHOUSE,1.56758315,ml
2025-08,2025-12,720704,SAFFOLA HONEY 100G INHOUSE,2.0952,tm
2025-09,2025-12,720704,SAFFOLA HONEY 100G INHOUSE,1.697158,ml
2025-09,2025-12,720704,SAFFOLA HONEY 100G INHOUSE,1.75,tm
2025-10,2025-12,720704,SAFFOLA HONEY 100G INHOUSE,2.381840957,ml
2025-10,2025-12,720704,SAFFOLA HONEY 100G INHOUSE,2.82,tm
2025-11,2025-12,720704,SAFFOLA HONEY 100G INHOUSE,1.791271893,ml
2025-11,2025-12,720704,SAFFOLA HONEY 100G INHOUSE,2.831623479,tm
2025-08,2026-01,720704,SAFFOLA HONEY 100G INHOUSE,0.821086414,ml
2025-08,2026-01,720704,SAFFOLA HONEY 100G INHOUSE,1.5152,tm
2025-09,2026-01,720704,SAFFOLA HONEY 100G INHOUSE,0.62859565,ml
2025-09,2026-01,720704,SAFFOLA HONEY 100G INHOUSE,0.75,tm
2025-10,2026-01,720704,SAFFOLA HONEY 100G INHOUSE,0.0,ml
2025-10,2026-01,720704,SAFFOLA HONEY 100G INHOUSE,1.9,tm
2025-11,2026-01,720704,SAFFOLA HONEY 100G INHOUSE,2.516605343,ml
2025-11,2026-01,720704,SAFFOLA HONEY 100G INHOUSE,2.554415653,tm
2025-12,2026-01,720704,SAFFOLA HONEY 100G INHOUSE,1.029499011,ml
2025-12,2026-01,720704,SAFFOLA HONEY 100G INHOUSE,2.554415653,tm
2025-09,2026-02,720704,SAFFOLA HONEY 100G INHOUSE,0.62859565,ml
2025-09,2026-02,720704,SAFFOLA HONEY 100G INHOUSE,0.382218255,tm
2025-10,2026-02,720704,SAFFOLA HONEY 100G INHOUSE,0.0,ml
2025-10,2026-02,720704,SAFFOLA HONEY 100G INHOUSE,0.4,tm
2025-11,2026-02,720704,SAFFOLA HONEY 100G INHOUSE,2.199155306,ml
2025-11,2026-02,720704,SAFFOLA HONEY 100G INHOUSE,0.894045478,tm
2025-12,2026-02,720704,SAFFOLA HONEY 100G INHOUSE,0.0,ml
2025-12,2026-02,720704,SAFFOLA HONEY 100G INHOUSE,0.894045478,tm
2026-01,2026-02,720704,SAFFOLA HONEY 100G INHOUSE,0.104022237,ml
2026-01,2026-02,720704,SAFFOLA HONEY 100G INHOUSE,0.864045478,tm
2025-10,2026-03,720704,SAFFOLA HONEY 100G INHOUSE,0.0,ml
2025-10,2026-03,720704,SAFFOLA HONEY 100G INHOUSE,0.6,tm
2025-11,2026-03,720704,SAFFOLA HONEY 100G INHOUSE,0.0,ml
2025-11,2026-03,720704,SAFFOLA HONEY 100G INHOUSE,0.766324696,tm
2025-12,2026-03,720704,SAFFOLA HONEY 100G INHOUSE,1.26747,ml
2025-12,2026-03,720704,SAFFOLA HONEY 100G INHOUSE,0.766324696,tm
2026-01,2026-03,720704,SAFFOLA HONEY 100G INHOUSE,0.61658,ml
2026-01,2026-03,720704,SAFFOLA HONEY 100G INHOUSE,0.736324696,tm
2026-02,2026-03,720704,SAFFOLA HONEY 100G INHOUSE,0.44955,ml
2026-02,2026-03,720704,SAFFOLA HONEY 100G INHOUSE,0.766324696,tm
2025-11,2026-04,720704,SAFFOLA HONEY 100G INHOUSE,0.0,ml
2025-11,2026-04,720704,SAFFOLA HONEY 100G INHOUSE,0.500968906,tm
2025-12,2026-04,720704,SAFFOLA HONEY 100G INHOUSE,0.0,ml
2025-12,2026-04,720704,SAFFOLA HONEY 100G INHOUSE,0.19,tm
2026-01,2026-04,720704,SAFFOLA HONEY 100G INHOUSE,0.759958802,ml
2026-01,2026-04,720704,SAFFOLA HONEY 100G INHOUSE,0.17,tm
2026-02,2026-04,720704,SAFFOLA HONEY 100G INHOUSE,0.921435546,ml
2026-02,2026-04,720704,SAFFOLA HONEY 100G INHOUSE,0.245326323,tm
2026-03,2026-04,720704,SAFFOLA HONEY 100G INHOUSE,0.238027574,ml
2026-03,2026-04,720704,SAFFOLA HONEY 100G INHOUSE,0.1925,tm
2025-12,2026-05,720704,SAFFOLA HONEY 100G INHOUSE,0.0,ml
2025-12,2026-05,720704,SAFFOLA HONEY 100G INHOUSE,0.19,tm
2026-01,2026-05,720704,SAFFOLA HONEY 100G INHOUSE,1.322333824,ml
2026-01,2026-05,720704,SAFFOLA HONEY 100G INHOUSE,0.17,tm
2026-02,2026-05,720704,SAFFOLA HONEY 100G INHOUSE,0.967011428,ml
2026-02,2026-05,720704,SAFFOLA HONEY 100G INHOUSE,0.237588752,tm
2026-03,2026-05,720704,SAFFOLA HONEY 100G INHOUSE,0.348842969,ml
2026-03,2026-05,720704,SAFFOLA HONEY 100G INHOUSE,0.18942,tm
2026-04,2026-05,720704,SAFFOLA HONEY 100G INHOUSE,0.46733,ml
2026-04,2026-05,720704,SAFFOLA HONEY 100G INHOUSE,0.18942,tm
2026-01,2026-06,720704,SAFFOLA HONEY 100G INHOUSE,1.431872054,ml
2026-01,2026-06,720704,SAFFOLA HONEY 100G INHOUSE,0.17,tm
2026-02,2026-06,720704,SAFFOLA HONEY 100G INHOUSE,0.43021,ml
2026-02,2026-06,720704,SAFFOLA HONEY 100G INHOUSE,0.265685067,tm
2026-03,2026-06,720704,SAFFOLA HONEY 100G INHOUSE,0.332646789,ml
2026-03,2026-06,720704,SAFFOLA HONEY 100G INHOUSE,0.44143,tm
2026-04,2026-06,720704,SAFFOLA HONEY 100G INHOUSE,0.102301498,ml
2026-04,2026-06,720704,SAFFOLA HONEY 100G INHOUSE,0.44143,tm
2026-05,2026-06,720704,SAFFOLA HONEY 100G INHOUSE,0.12380498,ml
2026-05,2026-06,720704,SAFFOLA HONEY 100G INHOUSE,0.6,tm
2026-02,2026-07,720704,SAFFOLA HONEY 100G INHOUSE,0.4299,ml
2026-02,2026-07,720704,SAFFOLA HONEY 100G INHOUSE,0.312356808,tm
2026-03,2026-07,720704,SAFFOLA HONEY 100G INHOUSE,0.358561492,ml
2026-03,2026-07,720704,SAFFOLA HONEY 100G INHOUSE,0.18667,tm
2026-04,2026-07,720704,SAFFOLA HONEY 100G INHOUSE,0.75861,ml
2026-04,2026-07,720704,SAFFOLA HONEY 100G INHOUSE,0.18667,tm
2026-05,2026-07,720704,SAFFOLA HONEY 100G INHOUSE,0.18785292,ml
2026-05,2026-07,720704,SAFFOLA HONEY 100G INHOUSE,0.6,tm
2026-06,2026-07,720704,SAFFOLA HONEY 100G INHOUSE,0.43767,ml
2026-06,2026-07,720704,SAFFOLA HONEY 100G INHOUSE,0.6,tm
2026-03,2026-08,720704,SAFFOLA HONEY 100G INHOUSE,1.21587381,ml
2026-03,2026-08,720704,SAFFOLA HONEY 100G INHOUSE,0.93534,tm
2026-04,2026-08,720704,SAFFOLA HONEY 100G INHOUSE,0.732551889,ml
2026-04,2026-08,720704,SAFFOLA HONEY 100G INHOUSE,0.912770009,tm
2026-05,2026-08,720704,SAFFOLA HONEY 100G INHOUSE,3.336300921,ml
2026-05,2026-08,720704,SAFFOLA HONEY 100G INHOUSE,0.912770009,tm
2026-06,2026-08,720704,SAFFOLA HONEY 100G INHOUSE,2.563134127,ml
2026-06,2026-08,720704,SAFFOLA HONEY 100G INHOUSE,0.912770009,tm
2026-07,2026-08,720704,SAFFOLA HONEY 100G INHOUSE,0.61195,ml
2026-07,2026-08,720704,SAFFOLA HONEY 100G INHOUSE,0.912770009,tm
2026-04,2026-09,720704,SAFFOLA HONEY 100G INHOUSE,3.96605,ml
2026-04,2026-09,720704,SAFFOLA HONEY 100G INHOUSE,7.182342785,tm
2026-05,2026-09,720704,SAFFOLA HONEY 100G INHOUSE,4.65903151,ml
2026-05,2026-09,720704,SAFFOLA HONEY 100G INHOUSE,7.182342785,tm
2026-06,2026-09,720704,SAFFOLA HONEY 100G INHOUSE,1.76376299,ml
2026-06,2026-09,720704,SAFFOLA HONEY 100G INHOUSE,7.182342785,tm
2026-07,2026-09,720704,SAFFOLA HONEY 100G INHOUSE,3.31019,ml
2026-07,2026-09,720704,SAFFOLA HONEY 100G INHOUSE,7.182342785,tm
2026-05,2026-10,720704,SAFFOLA HONEY 100G INHOUSE,2.936520602,ml
2026-05,2026-10,720704,SAFFOLA HONEY 100G INHOUSE,3.10090419,tm
2026-06,2026-10,720704,SAFFOLA HONEY 100G INHOUSE,3.161958614,ml
2026-06,2026-10,720704,SAFFOLA HONEY 100G INHOUSE,3.10090419,tm
2026-07,2026-10,720704,SAFFOLA HONEY 100G INHOUSE,3.10579874,ml
2026-07,2026-10,720704,SAFFOLA HONEY 100G INHOUSE,3.10090419,tm
2026-06,2026-11,720704,SAFFOLA HONEY 100G INHOUSE,2.952349016,ml
2026-06,2026-11,720704,SAFFOLA HONEY 100G INHOUSE,3.10090419,tm
2026-07,2026-11,720704,SAFFOLA HONEY 100G INHOUSE,2.890276796,ml
2026-07,2026-11,720704,SAFFOLA HONEY 100G INHOUSE,3.10090419,tm
2026-07,2026-12,720704,SAFFOLA HONEY 100G INHOUSE,1.96995,ml
2026-07,2026-12,720704,SAFFOLA HONEY 100G INHOUSE,4.055207216,tm
2025-04,2025-05,720814,JFB COMBO PACK OLWPF 450ML,0.854188471,ml
2025-04,2025-05,720814,JFB COMBO PACK OLWPF 450ML,1.23642036,tm
2025-04,2025-06,720814,JFB COMBO PACK OLWPF 450ML,0.805224619,ml
2025-04,2025-06,720814,JFB COMBO PACK OLWPF 450ML,1.102697116,tm
2025-05,2025-06,720814,JFB COMBO PACK OLWPF 450ML,0.776979698,ml
2025-05,2025-06,720814,JFB COMBO PACK OLWPF 450ML,1.102697116,tm
2025-04,2025-07,720814,JFB COMBO PACK OLWPF 450ML,0.636517492,ml
2025-04,2025-07,720814,JFB COMBO PACK OLWPF 450ML,1.26,tm
2025-05,2025-07,720814,JFB COMBO PACK OLWPF 450ML,0.779725753,ml
2025-05,2025-07,720814,JFB COMBO PACK OLWPF 450ML,1.26,tm
2025-06,2025-07,720814,JFB COMBO PACK OLWPF 450ML,0.848533577,ml
2025-06,2025-07,720814,JFB COMBO PACK OLWPF 450ML,1.44575,tm
2025-04,2025-08,720814,JFB COMBO PACK OLWPF 450ML,0.606936802,ml
2025-04,2025-08,720814,JFB COMBO PACK OLWPF 450ML,2.72,tm
2025-05,2025-08,720814,JFB COMBO PACK OLWPF 450ML,1.083160577,ml
2025-05,2025-08,720814,JFB COMBO PACK OLWPF 450ML,2.72,tm
2025-06,2025-08,720814,JFB COMBO PACK OLWPF 450ML,1.3086,ml
2025-06,2025-08,720814,JFB COMBO PACK OLWPF 450ML,3.12645,tm
2025-07,2025-08,720814,JFB COMBO PACK OLWPF 450ML,1.759806667,ml
2025-07,2025-08,720814,JFB COMBO PACK OLWPF 450ML,3.13,tm
2025-04,2025-09,720814,JFB COMBO PACK OLWPF 450ML,2.062424037,ml
2025-04,2025-09,720814,JFB COMBO PACK OLWPF 450ML,4.14,tm
2025-05,2025-09,720814,JFB COMBO PACK OLWPF 450ML,2.493243784,ml
2025-05,2025-09,720814,JFB COMBO PACK OLWPF 450ML,4.14,tm
2025-06,2025-09,720814,JFB COMBO PACK OLWPF 450ML,2.076123035,ml
2025-06,2025-09,720814,JFB COMBO PACK OLWPF 450ML,4.7603,tm
2025-07,2025-09,720814,JFB COMBO PACK OLWPF 450ML,1.887739121,ml
2025-07,2025-09,720814,JFB COMBO PACK OLWPF 450ML,4.76,tm
2025-08,2025-09,720814,JFB COMBO PACK OLWPF 450ML,2.614215449,ml
2025-08,2025-09,720814,JFB COMBO PACK OLWPF 450ML,2.64,tm
2025-05,2025-10,720814,JFB COMBO PACK OLWPF 450ML,2.932560436,ml
2025-05,2025-10,720814,JFB COMBO PACK OLWPF 450ML,3.86,tm
2025-06,2025-10,720814,JFB COMBO PACK OLWPF 450ML,2.922820793,ml
2025-06,2025-10,720814,JFB COMBO PACK OLWPF 450ML,4.4375,tm
2025-07,2025-10,720814,JFB COMBO PACK OLWPF 450ML,2.796923844,ml
2025-07,2025-10,720814,JFB COMBO PACK OLWPF 450ML,4.44,tm
2025-08,2025-10,720814,JFB COMBO PACK OLWPF 450ML,2.728321524,ml
2025-08,2025-10,720814,JFB COMBO PACK OLWPF 450ML,4.44,tm
2025-09,2025-10,720814,JFB COMBO PACK OLWPF 450ML,1.646343,ml
2025-09,2025-10,720814,JFB COMBO PACK OLWPF 450ML,3.44,tm
2025-06,2025-11,720814,JFB COMBO PACK OLWPF 450ML,2.526624751,ml
2025-06,2025-11,720814,JFB COMBO PACK OLWPF 450ML,2.84705,tm
2025-07,2025-11,720814,JFB COMBO PACK OLWPF 450ML,2.37064902,ml
2025-07,2025-11,720814,JFB COMBO PACK OLWPF 450ML,2.85,tm
2025-08,2025-11,720814,JFB COMBO PACK OLWPF 450ML,2.346485562,ml
2025-08,2025-11,720814,JFB COMBO PACK OLWPF 450ML,2.85,tm
2025-09,2025-11,720814,JFB COMBO PACK OLWPF 450ML,2.330291936,ml
2025-09,2025-11,720814,JFB COMBO PACK OLWPF 450ML,3.85,tm
2025-10,2025-11,720814,JFB COMBO PACK OLWPF 450ML,1.48709169,ml
2025-10,2025-11,720814,JFB COMBO PACK OLWPF 450ML,2.173726259,tm
2025-07,2025-12,720814,JFB COMBO PACK OLWPF 450ML,2.067020231,ml
2025-07,2025-12,720814,JFB COMBO PACK OLWPF 450ML,3.24,tm
2025-08,2025-12,720814,JFB COMBO PACK OLWPF 450ML,1.997265482,ml
2025-08,2025-12,720814,JFB COMBO PACK OLWPF 450ML,3.24,tm
2025-09,2025-12,720814,JFB COMBO PACK OLWPF 450ML,1.95911392,ml
2025-09,2025-12,720814,JFB COMBO PACK OLWPF 450ML,3.24,tm
2025-10,2025-12,720814,JFB COMBO PACK OLWPF 450ML,1.43064,ml
2025-10,2025-12,720814,JFB COMBO PACK OLWPF 450ML,2.473925269,tm
2025-11,2025-12,720814,JFB COMBO PACK OLWPF 450ML,2.075187745,ml
2025-11,2025-12,720814,JFB COMBO PACK OLWPF 450ML,2.473925269,tm
2025-08,2026-01,720814,JFB COMBO PACK OLWPF 450ML,1.072327861,ml
2025-08,2026-01,720814,JFB COMBO PACK OLWPF 450ML,3.88,tm
2025-09,2026-01,720814,JFB COMBO PACK OLWPF 450ML,1.057805158,ml
2025-09,2026-01,720814,JFB COMBO PACK OLWPF 450ML,3.88,tm
2025-10,2026-01,720814,JFB COMBO PACK OLWPF 450ML,0.67694918,ml
2025-10,2026-01,720814,JFB COMBO PACK OLWPF 450ML,2.96309421,tm
2025-11,2026-01,720814,JFB COMBO PACK OLWPF 450ML,1.950285533,ml
2025-11,2026-01,720814,JFB COMBO PACK OLWPF 450ML,2.96309421,tm
2025-12,2026-01,720814,JFB COMBO PACK OLWPF 450ML,1.693370108,ml
2025-12,2026-01,720814,JFB COMBO PACK OLWPF 450ML,2.96309421,tm
2025-09,2026-02,720814,JFB COMBO PACK OLWPF 450ML,1.218927498,ml
2025-09,2026-02,720814,JFB COMBO PACK OLWPF 450ML,2.722794095,tm
2025-10,2026-02,720814,JFB COMBO PACK OLWPF 450ML,1.075989664,ml
2025-10,2026-02,720814,JFB COMBO PACK OLWPF 450ML,1.023478678,tm
2025-11,2026-02,720814,JFB COMBO PACK OLWPF 450ML,1.924117458,ml
2025-11,2026-02,720814,JFB COMBO PACK OLWPF 450ML,1.023478678,tm
2025-12,2026-02,720814,JFB COMBO PACK OLWPF 450ML,1.838946216,ml
2025-12,2026-02,720814,JFB COMBO PACK OLWPF 450ML,1.023478678,tm
2026-01,2026-02,720814,JFB COMBO PACK OLWPF 450ML,1.133896399,ml
2026-01,2026-02,720814,JFB COMBO PACK OLWPF 450ML,1.330550796,tm
2025-10,2026-03,720814,JFB COMBO PACK OLWPF 450ML,0.85995568,ml
2025-10,2026-03,720814,JFB COMBO PACK OLWPF 450ML,1.696249453,tm
2025-11,2026-03,720814,JFB COMBO PACK OLWPF 450ML,1.994257464,ml
2025-11,2026-03,720814,JFB COMBO PACK OLWPF 450ML,1.696249453,tm
2025-12,2026-03,720814,JFB COMBO PACK OLWPF 450ML,1.519364401,ml
2025-12,2026-03,720814,JFB COMBO PACK OLWPF 450ML,1.696249453,tm
2026-01,2026-03,720814,JFB COMBO PACK OLWPF 450ML,1.065375,ml
2026-01,2026-03,720814,JFB COMBO PACK OLWPF 450ML,1.330550796,tm
2026-02,2026-03,720814,JFB COMBO PACK OLWPF 450ML,1.021612473,ml
2026-02,2026-03,720814,JFB COMBO PACK OLWPF 450ML,1.870550796,tm
2025-11,2026-04,720814,JFB COMBO PACK OLWPF 450ML,2.004582352,ml
2025-11,2026-04,720814,JFB COMBO PACK OLWPF 450ML,1.870550796,tm
2025-12,2026-04,720814,JFB COMBO PACK OLWPF 450ML,1.056334227,ml
2025-12,2026-04,720814,JFB COMBO PACK OLWPF 450ML,1.923699375,tm
2026-01,2026-04,720814,JFB COMBO PACK OLWPF 450ML,1.085715,ml
2026-01,2026-04,720814,JFB COMBO PACK OLWPF 450ML,1.49,tm
2026-02,2026-04,720814,JFB COMBO PACK OLWPF 450ML,1.026468,ml
2026-02,2026-04,720814,JFB COMBO PACK OLWPF 450ML,1.528194819,tm
2026-03,2026-04,720814,JFB COMBO PACK OLWPF 450ML,1.241503652,ml
2026-03,2026-04,720814,JFB COMBO PACK OLWPF 450ML,1.528194819,tm
2025-12,2026-05,720814,JFB COMBO PACK OLWPF 450ML,0.984218478,ml
2025-12,2026-05,720814,JFB COMBO PACK OLWPF 450ML,1.925015625,tm
2026-01,2026-05,720814,JFB COMBO PACK OLWPF 450ML,1.06335,ml
2026-01,2026-05,720814,JFB COMBO PACK OLWPF 450ML,1.65,tm
2026-02,2026-05,720814,JFB COMBO PACK OLWPF 450ML,1.406025,ml
2026-02,2026-05,720814,JFB COMBO PACK OLWPF 450ML,2.102070224,tm
2026-03,2026-05,720814,JFB COMBO PACK OLWPF 450ML,1.072248213,ml
2026-03,2026-05,720814,JFB COMBO PACK OLWPF 450ML,1.891863202,tm
2026-04,2026-05,720814,JFB COMBO PACK OLWPF 450ML,1.730486585,ml
2026-04,2026-05,720814,JFB COMBO PACK OLWPF 450ML,1.891863202,tm
2026-01,2026-06,720814,JFB COMBO PACK OLWPF 450ML,1.00755,ml
2026-01,2026-06,720814,JFB COMBO PACK OLWPF 450ML,1.22,tm
2026-02,2026-06,720814,JFB COMBO PACK OLWPF 450ML,1.082000915,ml
2026-02,2026-06,720814,JFB COMBO PACK OLWPF 450ML,1.42,tm
2026-03,2026-06,720814,JFB COMBO PACK OLWPF 450ML,0.998816875,ml
2026-03,2026-06,720814,JFB COMBO PACK OLWPF 450ML,1.2803427,tm
2026-04,2026-06,720814,JFB COMBO PACK OLWPF 450ML,1.056236472,ml
2026-04,2026-06,720814,JFB COMBO PACK OLWPF 450ML,1.2803427,tm
2026-05,2026-06,720814,JFB COMBO PACK OLWPF 450ML,1.039928874,ml
2026-05,2026-06,720814,JFB COMBO PACK OLWPF 450ML,1.72134963,tm
2026-02,2026-07,720814,JFB COMBO PACK OLWPF 450ML,1.17668219,ml
2026-02,2026-07,720814,JFB COMBO PACK OLWPF 450ML,1.71,tm
2026-03,2026-07,720814,JFB COMBO PACK OLWPF 450ML,1.324805456,ml
2026-03,2026-07,720814,JFB COMBO PACK OLWPF 450ML,1.538330332,tm
2026-04,2026-07,720814,JFB COMBO PACK OLWPF 450ML,1.39070423,ml
2026-04,2026-07,720814,JFB COMBO PACK OLWPF 450ML,1.538330332,tm
2026-05,2026-07,720814,JFB COMBO PACK OLWPF 450ML,1.227675159,ml
2026-05,2026-07,720814,JFB COMBO PACK OLWPF 450ML,2.068199669,tm
2026-06,2026-07,720814,JFB COMBO PACK OLWPF 450ML,0.920202612,ml
2026-06,2026-07,720814,JFB COMBO PACK OLWPF 450ML,2.068199669,tm
2026-03,2026-08,720814,JFB COMBO PACK OLWPF 450ML,1.56988973,ml
2026-03,2026-08,720814,JFB COMBO PACK OLWPF 450ML,2.62001142,tm
2026-04,2026-08,720814,JFB COMBO PACK OLWPF 450ML,2.062787999,ml
2026-04,2026-08,720814,JFB COMBO PACK OLWPF 450ML,2.655913385,tm
2026-05,2026-08,720814,JFB COMBO PACK OLWPF 450ML,1.48773194,ml
2026-05,2026-08,720814,JFB COMBO PACK OLWPF 450ML,3.213655195,tm
2026-06,2026-08,720814,JFB COMBO PACK OLWPF 450ML,1.462910526,ml
2026-06,2026-08,720814,JFB COMBO PACK OLWPF 450ML,3.213655195,tm
2026-07,2026-08,720814,JFB COMBO PACK OLWPF 450ML,1.499407052,ml
2026-07,2026-08,720814,JFB COMBO PACK OLWPF 450ML,3.213655195,tm
2026-04,2026-09,720814,JFB COMBO PACK OLWPF 450ML,2.2541175,ml
2026-04,2026-09,720814,JFB COMBO PACK OLWPF 450ML,3.114400928,tm
2026-05,2026-09,720814,JFB COMBO PACK OLWPF 450ML,1.486736918,ml
2026-05,2026-09,720814,JFB COMBO PACK OLWPF 450ML,3.425841021,tm
2026-06,2026-09,720814,JFB COMBO PACK OLWPF 450ML,2.42199,ml
2026-06,2026-09,720814,JFB COMBO PACK OLWPF 450ML,3.425841021,tm
2026-07,2026-09,720814,JFB COMBO PACK OLWPF 450ML,1.47366,ml
2026-07,2026-09,720814,JFB COMBO PACK OLWPF 450ML,3.425841021,tm
2026-05,2026-10,720814,JFB COMBO PACK OLWPF 450ML,2.865111607,ml
2026-05,2026-10,720814,JFB COMBO PACK OLWPF 450ML,5.698757112,tm
2026-06,2026-10,720814,JFB COMBO PACK OLWPF 450ML,2.74401,ml
2026-06,2026-10,720814,JFB COMBO PACK OLWPF 450ML,5.698757112,tm
2026-07,2026-10,720814,JFB COMBO PACK OLWPF 450ML,2.503366266,ml
2026-07,2026-10,720814,JFB COMBO PACK OLWPF 450ML,5.698757112,tm
2026-06,2026-11,720814,JFB COMBO PACK OLWPF 450ML,2.57787,ml
2026-06,2026-11,720814,JFB COMBO PACK OLWPF 450ML,4.5,tm
2026-07,2026-11,720814,JFB COMBO PACK OLWPF 450ML,2.018655,ml
2026-07,2026-11,720814,JFB COMBO PACK OLWPF 450ML,4.5,tm
2026-07,2026-12,720814,JFB COMBO PACK OLWPF 450ML,1.41273,ml
2026-07,2026-12,720814,JFB COMBO PACK OLWPF 450ML,2.375706789,tm
2025-04,2025-05,720821,JFB OIL 100ML (COMBO- 720814),0.27476008,tm
2025-04,2025-06,720821,JFB OIL 100ML (COMBO- 720814),0.245043803,tm
2025-05,2025-06,720821,JFB OIL 100ML (COMBO- 720814),0.245043803,tm
2025-04,2025-07,720821,JFB OIL 100ML (COMBO- 720814),0.28,tm
2025-05,2025-07,720821,JFB OIL 100ML (COMBO- 720814),0.28,tm
2025-06,2025-07,720821,JFB OIL 100ML (COMBO- 720814),0.321277778,tm
2025-04,2025-08,720821,JFB OIL 100ML (COMBO- 720814),0.604444444,tm
2025-05,2025-08,720821,JFB OIL 100ML (COMBO- 720814),0.604444444,tm
2025-06,2025-08,720821,JFB OIL 100ML (COMBO- 720814),0.694766667,tm
2025-07,2025-08,720821,JFB OIL 100ML (COMBO- 720814),0.695555556,tm
2025-04,2025-09,720821,JFB OIL 100ML (COMBO- 720814),0.92,tm
2025-05,2025-09,720821,JFB OIL 100ML (COMBO- 720814),0.92,tm
2025-06,2025-09,720821,JFB OIL 100ML (COMBO- 720814),1.057844444,tm
2025-07,2025-09,720821,JFB OIL 100ML (COMBO- 720814),1.057777778,tm
2025-08,2025-09,720821,JFB OIL 100ML (COMBO- 720814),0.586666667,tm
2025-05,2025-10,720821,JFB OIL 100ML (COMBO- 720814),0.857777778,tm
2025-06,2025-10,720821,JFB OIL 100ML (COMBO- 720814),0.986111111,tm
2025-07,2025-10,720821,JFB OIL 100ML (COMBO- 720814),0.986666667,tm
2025-08,2025-10,720821,JFB OIL 100ML (COMBO- 720814),0.986666667,tm
2025-09,2025-10,720821,JFB OIL 100ML (COMBO- 720814),0.764444444,tm
2025-06,2025-11,720821,JFB OIL 100ML (COMBO- 720814),0.632677778,tm
2025-07,2025-11,720821,JFB OIL 100ML (COMBO- 720814),0.633333333,tm
2025-08,2025-11,720821,JFB OIL 100ML (COMBO- 720814),0.633333333,tm
2025-09,2025-11,720821,JFB OIL 100ML (COMBO- 720814),0.855555556,tm
2025-10,2025-11,720821,JFB OIL 100ML (COMBO- 720814),0.48305028,tm
2025-07,2025-12,720821,JFB OIL 100ML (COMBO- 720814),0.72,tm
2025-08,2025-12,720821,JFB OIL 100ML (COMBO- 720814),0.72,tm
2025-09,2025-12,720821,JFB OIL 100ML (COMBO- 720814),0.72,tm
2025-10,2025-12,720821,JFB OIL 100ML (COMBO- 720814),0.549761171,tm
2025-11,2025-12,720821,JFB OIL 100ML (COMBO- 720814),0.549761171,tm
2025-08,2026-01,720821,JFB OIL 100ML (COMBO- 720814),0.862222222,tm
2025-09,2026-01,720821,JFB OIL 100ML (COMBO- 720814),0.862222222,tm
2025-10,2026-01,720821,JFB OIL 100ML (COMBO- 720814),0.65846538,tm
2025-11,2026-01,720821,JFB OIL 100ML (COMBO- 720814),0.65846538,tm
2025-12,2026-01,720821,JFB OIL 100ML (COMBO- 720814),0.65846538,tm
2025-09,2026-02,720821,JFB OIL 100ML (COMBO- 720814),0.605065355,tm
2025-10,2026-02,720821,JFB OIL 100ML (COMBO- 720814),0.227439706,tm
2025-11,2026-02,720821,JFB OIL 100ML (COMBO- 720814),0.227439706,tm
2025-12,2026-02,720821,JFB OIL 100ML (COMBO- 720814),0.227439706,tm
2026-01,2026-02,720821,JFB OIL 100ML (COMBO- 720814),0.295677955,tm
2025-10,2026-03,720821,JFB OIL 100ML (COMBO- 720814),0.376944323,tm
2025-11,2026-03,720821,JFB OIL 100ML (COMBO- 720814),0.376944323,tm
2025-12,2026-03,720821,JFB OIL 100ML (COMBO- 720814),0.376944323,tm
2026-01,2026-03,720821,JFB OIL 100ML (COMBO- 720814),0.295677955,tm
2026-02,2026-03,720821,JFB OIL 100ML (COMBO- 720814),0.415677955,tm
2025-11,2026-04,720821,JFB OIL 100ML (COMBO- 720814),0.415677955,tm
2025-12,2026-04,720821,JFB OIL 100ML (COMBO- 720814),0.42748875,tm
2026-01,2026-04,720821,JFB OIL 100ML (COMBO- 720814),0.331111111,tm
2026-02,2026-04,720821,JFB OIL 100ML (COMBO- 720814),0.339598849,tm
2026-03,2026-04,720821,JFB OIL 100ML (COMBO- 720814),0.339598849,tm
2025-12,2026-05,720821,JFB OIL 100ML (COMBO- 720814),0.42778125,tm
2026-01,2026-05,720821,JFB OIL 100ML (COMBO- 720814),0.366666667,tm
2026-02,2026-05,720821,JFB OIL 100ML (COMBO- 720814),0.467126716,tm
2026-03,2026-05,720821,JFB OIL 100ML (COMBO- 720814),0.420414045,tm
2026-04,2026-05,720821,JFB OIL 100ML (COMBO- 720814),0.420414045,tm
2026-01,2026-06,720821,JFB OIL 100ML (COMBO- 720814),0.271111111,tm
2026-02,2026-06,720821,JFB OIL 100ML (COMBO- 720814),0.315555556,tm
2026-03,2026-06,720821,JFB OIL 100ML (COMBO- 720814),0.2845206,tm
2026-04,2026-06,720821,JFB OIL 100ML (COMBO- 720814),0.2845206,tm
2026-05,2026-06,720821,JFB OIL 100ML (COMBO- 720814),0.38252214,tm
2026-02,2026-07,720821,JFB OIL 100ML (COMBO- 720814),0.38,tm
2026-03,2026-07,720821,JFB OIL 100ML (COMBO- 720814),0.341851185,tm
2026-04,2026-07,720821,JFB OIL 100ML (COMBO- 720814),0.341851185,tm
2026-05,2026-07,720821,JFB OIL 100ML (COMBO- 720814),0.459599926,tm
2026-06,2026-07,720821,JFB OIL 100ML (COMBO- 720814),0.459599926,tm
2026-03,2026-08,720821,JFB OIL 100ML (COMBO- 720814),0.58222476,tm
2026-04,2026-08,720821,JFB OIL 100ML (COMBO- 720814),0.590202974,tm
2026-05,2026-08,720821,JFB OIL 100ML (COMBO- 720814),0.714145599,tm
2026-06,2026-08,720821,JFB OIL 100ML (COMBO- 720814),0.714145599,tm
2026-07,2026-08,720821,JFB OIL 100ML (COMBO- 720814),0.714145599,tm
2026-04,2026-09,720821,JFB OIL 100ML (COMBO- 720814),0.692089095,tm
2026-05,2026-09,720821,JFB OIL 100ML (COMBO- 720814),0.761298005,tm
2026-06,2026-09,720821,JFB OIL 100ML (COMBO- 720814),0.761298005,tm
2026-07,2026-09,720821,JFB OIL 100ML (COMBO- 720814),0.761298005,tm
2026-05,2026-10,720821,JFB OIL 100ML (COMBO- 720814),1.266390469,tm
2026-06,2026-10,720821,JFB OIL 100ML (COMBO- 720814),1.266390469,tm
2026-07,2026-10,720821,JFB OIL 100ML (COMBO- 720814),1.266390469,tm
2026-06,2026-11,720821,JFB OIL 100ML (COMBO- 720814),1.0,tm
2026-07,2026-11,720821,JFB OIL 100ML (COMBO- 720814),1.0,tm
2026-07,2026-12,720821,JFB OIL 100ML (COMBO- 720814),0.527934842,tm
2025-04,2025-05,720824,JFB LTN 100ML (COMBO- 720814),0.27476008,tm
2025-04,2025-06,720824,JFB LTN 100ML (COMBO- 720814),0.245043803,tm
2025-05,2025-06,720824,JFB LTN 100ML (COMBO- 720814),0.245043803,tm
2025-04,2025-07,720824,JFB LTN 100ML (COMBO- 720814),0.28,tm
2025-05,2025-07,720824,JFB LTN 100ML (COMBO- 720814),0.28,tm
2025-06,2025-07,720824,JFB LTN 100ML (COMBO- 720814),0.321277778,tm
2025-04,2025-08,720824,JFB LTN 100ML (COMBO- 720814),0.604444444,tm
2025-05,2025-08,720824,JFB LTN 100ML (COMBO- 720814),0.604444444,tm
2025-06,2025-08,720824,JFB LTN 100ML (COMBO- 720814),0.694766667,tm
2025-07,2025-08,720824,JFB LTN 100ML (COMBO- 720814),0.695555556,tm
2025-04,2025-09,720824,JFB LTN 100ML (COMBO- 720814),0.92,tm
2025-05,2025-09,720824,JFB LTN 100ML (COMBO- 720814),0.92,tm
2025-06,2025-09,720824,JFB LTN 100ML (COMBO- 720814),1.057844444,tm
2025-07,2025-09,720824,JFB LTN 100ML (COMBO- 720814),1.057777778,tm
2025-08,2025-09,720824,JFB LTN 100ML (COMBO- 720814),0.586666667,tm
2025-05,2025-10,720824,JFB LTN 100ML (COMBO- 720814),0.857777778,tm
2025-06,2025-10,720824,JFB LTN 100ML (COMBO- 720814),0.986111111,tm
2025-07,2025-10,720824,JFB LTN 100ML (COMBO- 720814),0.986666667,tm
2025-08,2025-10,720824,JFB LTN 100ML (COMBO- 720814),0.986666667,tm
2025-09,2025-10,720824,JFB LTN 100ML (COMBO- 720814),0.764444444,tm
2025-06,2025-11,720824,JFB LTN 100ML (COMBO- 720814),0.632677778,tm
2025-07,2025-11,720824,JFB LTN 100ML (COMBO- 720814),0.633333333,tm
2025-08,2025-11,720824,JFB LTN 100ML (COMBO- 720814),0.633333333,tm
2025-09,2025-11,720824,JFB LTN 100ML (COMBO- 720814),0.855555556,tm
2025-10,2025-11,720824,JFB LTN 100ML (COMBO- 720814),0.48305028,tm
2025-07,2025-12,720824,JFB LTN 100ML (COMBO- 720814),0.72,tm
2025-08,2025-12,720824,JFB LTN 100ML (COMBO- 720814),0.72,tm
2025-09,2025-12,720824,JFB LTN 100ML (COMBO- 720814),0.72,tm
2025-10,2025-12,720824,JFB LTN 100ML (COMBO- 720814),0.549761171,tm
2025-11,2025-12,720824,JFB LTN 100ML (COMBO- 720814),0.549761171,tm
2025-08,2026-01,720824,JFB LTN 100ML (COMBO- 720814),0.862222222,tm
2025-09,2026-01,720824,JFB LTN 100ML (COMBO- 720814),0.862222222,tm
2025-10,2026-01,720824,JFB LTN 100ML (COMBO- 720814),0.65846538,tm
2025-11,2026-01,720824,JFB LTN 100ML (COMBO- 720814),0.65846538,tm
2025-12,2026-01,720824,JFB LTN 100ML (COMBO- 720814),0.65846538,tm
2025-09,2026-02,720824,JFB LTN 100ML (COMBO- 720814),0.605065355,tm
2025-10,2026-02,720824,JFB LTN 100ML (COMBO- 720814),0.227439706,tm
2025-11,2026-02,720824,JFB LTN 100ML (COMBO- 720814),0.227439706,tm
2025-12,2026-02,720824,JFB LTN 100ML (COMBO- 720814),0.227439706,tm
2026-01,2026-02,720824,JFB LTN 100ML (COMBO- 720814),0.295677955,tm
2025-10,2026-03,720824,JFB LTN 100ML (COMBO- 720814),0.376944323,tm
2025-11,2026-03,720824,JFB LTN 100ML (COMBO- 720814),0.376944323,tm
2025-12,2026-03,720824,JFB LTN 100ML (COMBO- 720814),0.376944323,tm
2026-01,2026-03,720824,JFB LTN 100ML (COMBO- 720814),0.295677955,tm
2026-02,2026-03,720824,JFB LTN 100ML (COMBO- 720814),0.415677955,tm
2025-11,2026-04,720824,JFB LTN 100ML (COMBO- 720814),0.415677955,tm
2025-12,2026-04,720824,JFB LTN 100ML (COMBO- 720814),0.42748875,tm
2026-01,2026-04,720824,JFB LTN 100ML (COMBO- 720814),0.331111111,tm
2026-02,2026-04,720824,JFB LTN 100ML (COMBO- 720814),0.339598849,tm
2026-03,2026-04,720824,JFB LTN 100ML (COMBO- 720814),0.339598849,tm
2025-12,2026-05,720824,JFB LTN 100ML (COMBO- 720814),0.42778125,tm
2026-01,2026-05,720824,JFB LTN 100ML (COMBO- 720814),0.366666667,tm
2026-02,2026-05,720824,JFB LTN 100ML (COMBO- 720814),0.467126716,tm
2026-03,2026-05,720824,JFB LTN 100ML (COMBO- 720814),0.420414045,tm
2026-04,2026-05,720824,JFB LTN 100ML (COMBO- 720814),0.420414045,tm
2026-01,2026-06,720824,JFB LTN 100ML (COMBO- 720814),0.271111111,tm
2026-02,2026-06,720824,JFB LTN 100ML (COMBO- 720814),0.315555556,tm
2026-03,2026-06,720824,JFB LTN 100ML (COMBO- 720814),0.2845206,tm
2026-04,2026-06,720824,JFB LTN 100ML (COMBO- 720814),0.2845206,tm
2026-05,2026-06,720824,JFB LTN 100ML (COMBO- 720814),0.38252214,tm
2026-02,2026-07,720824,JFB LTN 100ML (COMBO- 720814),0.38,tm
2026-03,2026-07,720824,JFB LTN 100ML (COMBO- 720814),0.341851185,tm
2026-04,2026-07,720824,JFB LTN 100ML (COMBO- 720814),0.341851185,tm
2026-05,2026-07,720824,JFB LTN 100ML (COMBO- 720814),0.459599926,tm
2026-06,2026-07,720824,JFB LTN 100ML (COMBO- 720814),0.459599926,tm
2026-03,2026-08,720824,JFB LTN 100ML (COMBO- 720814),0.58222476,tm
2026-04,2026-08,720824,JFB LTN 100ML (COMBO- 720814),0.590202974,tm
2026-05,2026-08,720824,JFB LTN 100ML (COMBO- 720814),0.714145599,tm
2026-06,2026-08,720824,JFB LTN 100ML (COMBO- 720814),0.714145599,tm
2026-07,2026-08,720824,JFB LTN 100ML (COMBO- 720814),0.714145599,tm
2026-04,2026-09,720824,JFB LTN 100ML (COMBO- 720814),0.692089095,tm
2026-05,2026-09,720824,JFB LTN 100ML (COMBO- 720814),0.761298005,tm
2026-06,2026-09,720824,JFB LTN 100ML (COMBO- 720814),0.761298005,tm
2026-07,2026-09,720824,JFB LTN 100ML (COMBO- 720814),0.761298005,tm
2026-05,2026-10,720824,JFB LTN 100ML (COMBO- 720814),1.266390469,tm
2026-06,2026-10,720824,JFB LTN 100ML (COMBO- 720814),1.266390469,tm
2026-07,2026-10,720824,JFB LTN 100ML (COMBO- 720814),1.266390469,tm
2026-06,2026-11,720824,JFB LTN 100ML (COMBO- 720814),1.0,tm
2026-07,2026-11,720824,JFB LTN 100ML (COMBO- 720814),1.0,tm
2026-07,2026-12,720824,JFB LTN 100ML (COMBO- 720814),0.527934842,tm
2025-04,2025-05,720825,JFB WASH 100ML (COMBO- 720814),0.27476008,tm
2025-04,2025-06,720825,JFB WASH 100ML (COMBO- 720814),0.245043803,tm
2025-05,2025-06,720825,JFB WASH 100ML (COMBO- 720814),0.245043803,tm
2025-04,2025-07,720825,JFB WASH 100ML (COMBO- 720814),0.28,tm
2025-05,2025-07,720825,JFB WASH 100ML (COMBO- 720814),0.28,tm
2025-06,2025-07,720825,JFB WASH 100ML (COMBO- 720814),0.321277778,tm
2025-04,2025-08,720825,JFB WASH 100ML (COMBO- 720814),0.604444444,tm
2025-05,2025-08,720825,JFB WASH 100ML (COMBO- 720814),0.604444444,tm
2025-06,2025-08,720825,JFB WASH 100ML (COMBO- 720814),0.694766667,tm
2025-07,2025-08,720825,JFB WASH 100ML (COMBO- 720814),0.695555556,tm
2025-04,2025-09,720825,JFB WASH 100ML (COMBO- 720814),0.92,tm
2025-05,2025-09,720825,JFB WASH 100ML (COMBO- 720814),0.92,tm
2025-06,2025-09,720825,JFB WASH 100ML (COMBO- 720814),1.057844444,tm
2025-07,2025-09,720825,JFB WASH 100ML (COMBO- 720814),1.057777778,tm
2025-08,2025-09,720825,JFB WASH 100ML (COMBO- 720814),0.586666667,tm
2025-05,2025-10,720825,JFB WASH 100ML (COMBO- 720814),0.857777778,tm
2025-06,2025-10,720825,JFB WASH 100ML (COMBO- 720814),0.986111111,tm
2025-07,2025-10,720825,JFB WASH 100ML (COMBO- 720814),0.986666667,tm
2025-08,2025-10,720825,JFB WASH 100ML (COMBO- 720814),0.986666667,tm
2025-09,2025-10,720825,JFB WASH 100ML (COMBO- 720814),0.764444444,tm
2025-06,2025-11,720825,JFB WASH 100ML (COMBO- 720814),0.632677778,tm
2025-07,2025-11,720825,JFB WASH 100ML (COMBO- 720814),0.633333333,tm
2025-08,2025-11,720825,JFB WASH 100ML (COMBO- 720814),0.633333333,tm
2025-09,2025-11,720825,JFB WASH 100ML (COMBO- 720814),0.855555556,tm
2025-10,2025-11,720825,JFB WASH 100ML (COMBO- 720814),0.48305028,tm
2025-07,2025-12,720825,JFB WASH 100ML (COMBO- 720814),0.72,tm
2025-08,2025-12,720825,JFB WASH 100ML (COMBO- 720814),0.72,tm
2025-09,2025-12,720825,JFB WASH 100ML (COMBO- 720814),0.72,tm
2025-10,2025-12,720825,JFB WASH 100ML (COMBO- 720814),0.549761171,tm
2025-11,2025-12,720825,JFB WASH 100ML (COMBO- 720814),0.549761171,tm
2025-08,2026-01,720825,JFB WASH 100ML (COMBO- 720814),0.862222222,tm
2025-09,2026-01,720825,JFB WASH 100ML (COMBO- 720814),0.862222222,tm
2025-10,2026-01,720825,JFB WASH 100ML (COMBO- 720814),0.65846538,tm
2025-11,2026-01,720825,JFB WASH 100ML (COMBO- 720814),0.65846538,tm
2025-12,2026-01,720825,JFB WASH 100ML (COMBO- 720814),0.65846538,tm
2025-09,2026-02,720825,JFB WASH 100ML (COMBO- 720814),0.605065355,tm
2025-10,2026-02,720825,JFB WASH 100ML (COMBO- 720814),0.227439706,tm
2025-11,2026-02,720825,JFB WASH 100ML (COMBO- 720814),0.227439706,tm
2025-12,2026-02,720825,JFB WASH 100ML (COMBO- 720814),0.227439706,tm
2026-01,2026-02,720825,JFB WASH 100ML (COMBO- 720814),0.295677955,tm
2025-10,2026-03,720825,JFB WASH 100ML (COMBO- 720814),0.376944323,tm
2025-11,2026-03,720825,JFB WASH 100ML (COMBO- 720814),0.376944323,tm
2025-12,2026-03,720825,JFB WASH 100ML (COMBO- 720814),0.376944323,tm
2026-01,2026-03,720825,JFB WASH 100ML (COMBO- 720814),0.295677955,tm
2026-02,2026-03,720825,JFB WASH 100ML (COMBO- 720814),0.415677955,tm
2025-11,2026-04,720825,JFB WASH 100ML (COMBO- 720814),0.415677955,tm
2025-12,2026-04,720825,JFB WASH 100ML (COMBO- 720814),0.42748875,tm
2026-01,2026-04,720825,JFB WASH 100ML (COMBO- 720814),0.331111111,tm
2026-02,2026-04,720825,JFB WASH 100ML (COMBO- 720814),0.339598849,tm
2026-03,2026-04,720825,JFB WASH 100ML (COMBO- 720814),0.339598849,tm
2025-12,2026-05,720825,JFB WASH 100ML (COMBO- 720814),0.42778125,tm
2026-01,2026-05,720825,JFB WASH 100ML (COMBO- 720814),0.366666667,tm
2026-02,2026-05,720825,JFB WASH 100ML (COMBO- 720814),0.467126716,tm
2026-03,2026-05,720825,JFB WASH 100ML (COMBO- 720814),0.420414045,tm
2026-04,2026-05,720825,JFB WASH 100ML (COMBO- 720814),0.420414045,tm
2026-01,2026-06,720825,JFB WASH 100ML (COMBO- 720814),0.271111111,tm
2026-02,2026-06,720825,JFB WASH 100ML (COMBO- 720814),0.315555556,tm
2026-03,2026-06,720825,JFB WASH 100ML (COMBO- 720814),0.2845206,tm
2026-04,2026-06,720825,JFB WASH 100ML (COMBO- 720814),0.2845206,tm
2026-05,2026-06,720825,JFB WASH 100ML (COMBO- 720814),0.38252214,tm
2026-02,2026-07,720825,JFB WASH 100ML (COMBO- 720814),0.38,tm
2026-03,2026-07,720825,JFB WASH 100ML (COMBO- 720814),0.341851185,tm
2026-04,2026-07,720825,JFB WASH 100ML (COMBO- 720814),0.341851185,tm
2026-05,2026-07,720825,JFB WASH 100ML (COMBO- 720814),0.459599926,tm
2026-06,2026-07,720825,JFB WASH 100ML (COMBO- 720814),0.459599926,tm
2026-03,2026-08,720825,JFB WASH 100ML (COMBO- 720814),0.58222476,tm
2026-04,2026-08,720825,JFB WASH 100ML (COMBO- 720814),0.590202974,tm
2026-05,2026-08,720825,JFB WASH 100ML (COMBO- 720814),0.714145599,tm
2026-06,2026-08,720825,JFB WASH 100ML (COMBO- 720814),0.714145599,tm
2026-07,2026-08,720825,JFB WASH 100ML (COMBO- 720814),0.714145599,tm
2026-04,2026-09,720825,JFB WASH 100ML (COMBO- 720814),0.692089095,tm
2026-05,2026-09,720825,JFB WASH 100ML (COMBO- 720814),0.761298005,tm
2026-06,2026-09,720825,JFB WASH 100ML (COMBO- 720814),0.761298005,tm
2026-07,2026-09,720825,JFB WASH 100ML (COMBO- 720814),0.761298005,tm
2026-05,2026-10,720825,JFB WASH 100ML (COMBO- 720814),1.266390469,tm
2026-06,2026-10,720825,JFB WASH 100ML (COMBO- 720814),1.266390469,tm
2026-07,2026-10,720825,JFB WASH 100ML (COMBO- 720814),1.266390469,tm
2026-06,2026-11,720825,JFB WASH 100ML (COMBO- 720814),1.0,tm
2026-07,2026-11,720825,JFB WASH 100ML (COMBO- 720814),1.0,tm
2026-07,2026-12,720825,JFB WASH 100ML (COMBO- 720814),0.527934842,tm
2025-04,2025-05,720826,JFB F.CR 50G (COMBO- 720814),0.13738004,tm
2025-04,2025-06,720826,JFB F.CR 50G (COMBO- 720814),0.122521902,tm
2025-05,2025-06,720826,JFB F.CR 50G (COMBO- 720814),0.122521902,tm
2025-04,2025-07,720826,JFB F.CR 50G (COMBO- 720814),0.14,tm
2025-05,2025-07,720826,JFB F.CR 50G (COMBO- 720814),0.14,tm
2025-06,2025-07,720826,JFB F.CR 50G (COMBO- 720814),0.160638889,tm
2025-04,2025-08,720826,JFB F.CR 50G (COMBO- 720814),0.302222222,tm
2025-05,2025-08,720826,JFB F.CR 50G (COMBO- 720814),0.302222222,tm
2025-06,2025-08,720826,JFB F.CR 50G (COMBO- 720814),0.347383333,tm
2025-07,2025-08,720826,JFB F.CR 50G (COMBO- 720814),0.347777778,tm
2025-04,2025-09,720826,JFB F.CR 50G (COMBO- 720814),0.46,tm
2025-05,2025-09,720826,JFB F.CR 50G (COMBO- 720814),0.46,tm
2025-06,2025-09,720826,JFB F.CR 50G (COMBO- 720814),0.528922222,tm
2025-07,2025-09,720826,JFB F.CR 50G (COMBO- 720814),0.528888889,tm
2025-08,2025-09,720826,JFB F.CR 50G (COMBO- 720814),0.293333333,tm
2025-05,2025-10,720826,JFB F.CR 50G (COMBO- 720814),0.428888889,tm
2025-06,2025-10,720826,JFB F.CR 50G (COMBO- 720814),0.493055556,tm
2025-07,2025-10,720826,JFB F.CR 50G (COMBO- 720814),0.493333333,tm
2025-08,2025-10,720826,JFB F.CR 50G (COMBO- 720814),0.493333333,tm
2025-09,2025-10,720826,JFB F.CR 50G (COMBO- 720814),0.382222222,tm
2025-06,2025-11,720826,JFB F.CR 50G (COMBO- 720814),0.316338889,tm
2025-07,2025-11,720826,JFB F.CR 50G (COMBO- 720814),0.316666667,tm
2025-08,2025-11,720826,JFB F.CR 50G (COMBO- 720814),0.316666667,tm
2025-09,2025-11,720826,JFB F.CR 50G (COMBO- 720814),0.427777778,tm
2025-10,2025-11,720826,JFB F.CR 50G (COMBO- 720814),0.24152514,tm
2025-07,2025-12,720826,JFB F.CR 50G (COMBO- 720814),0.36,tm
2025-08,2025-12,720826,JFB F.CR 50G (COMBO- 720814),0.36,tm
2025-09,2025-12,720826,JFB F.CR 50G (COMBO- 720814),0.36,tm
2025-10,2025-12,720826,JFB F.CR 50G (COMBO- 720814),0.274880585,tm
2025-11,2025-12,720826,JFB F.CR 50G (COMBO- 720814),0.274880585,tm
2025-08,2026-01,720826,JFB F.CR 50G (COMBO- 720814),0.431111111,tm
2025-09,2026-01,720826,JFB F.CR 50G (COMBO- 720814),0.431111111,tm
2025-10,2026-01,720826,JFB F.CR 50G (COMBO- 720814),0.32923269,tm
2025-11,2026-01,720826,JFB F.CR 50G (COMBO- 720814),0.32923269,tm
2025-12,2026-01,720826,JFB F.CR 50G (COMBO- 720814),0.32923269,tm
2025-09,2026-02,720826,JFB F.CR 50G (COMBO- 720814),0.302532677,tm
2025-10,2026-02,720826,JFB F.CR 50G (COMBO- 720814),0.113719853,tm
2025-11,2026-02,720826,JFB F.CR 50G (COMBO- 720814),0.113719853,tm
2025-12,2026-02,720826,JFB F.CR 50G (COMBO- 720814),0.113719853,tm
2026-01,2026-02,720826,JFB F.CR 50G (COMBO- 720814),0.147838977,tm
2025-10,2026-03,720826,JFB F.CR 50G (COMBO- 720814),0.188472161,tm
2025-11,2026-03,720826,JFB F.CR 50G (COMBO- 720814),0.188472161,tm
2025-12,2026-03,720826,JFB F.CR 50G (COMBO- 720814),0.188472161,tm
2026-01,2026-03,720826,JFB F.CR 50G (COMBO- 720814),0.147838977,tm
2026-02,2026-03,720826,JFB F.CR 50G (COMBO- 720814),0.207838977,tm
2025-11,2026-04,720826,JFB F.CR 50G (COMBO- 720814),0.207838977,tm
2025-12,2026-04,720826,JFB F.CR 50G (COMBO- 720814),0.213744375,tm
2026-01,2026-04,720826,JFB F.CR 50G (COMBO- 720814),0.165555556,tm
2026-02,2026-04,720826,JFB F.CR 50G (COMBO- 720814),0.169799424,tm
2026-03,2026-04,720826,JFB F.CR 50G (COMBO- 720814),0.169799424,tm
2025-12,2026-05,720826,JFB F.CR 50G (COMBO- 720814),0.213890625,tm
2026-01,2026-05,720826,JFB F.CR 50G (COMBO- 720814),0.183333333,tm
2026-02,2026-05,720826,JFB F.CR 50G (COMBO- 720814),0.233563358,tm
2026-03,2026-05,720826,JFB F.CR 50G (COMBO- 720814),0.210207022,tm
2026-04,2026-05,720826,JFB F.CR 50G (COMBO- 720814),0.210207022,tm
2026-01,2026-06,720826,JFB F.CR 50G (COMBO- 720814),0.135555556,tm
2026-02,2026-06,720826,JFB F.CR 50G (COMBO- 720814),0.157777778,tm
2026-03,2026-06,720826,JFB F.CR 50G (COMBO- 720814),0.1422603,tm
2026-04,2026-06,720826,JFB F.CR 50G (COMBO- 720814),0.1422603,tm
2026-05,2026-06,720826,JFB F.CR 50G (COMBO- 720814),0.19126107,tm
2026-02,2026-07,720826,JFB F.CR 50G (COMBO- 720814),0.19,tm
2026-03,2026-07,720826,JFB F.CR 50G (COMBO- 720814),0.170925592,tm
2026-04,2026-07,720826,JFB F.CR 50G (COMBO- 720814),0.170925592,tm
2026-05,2026-07,720826,JFB F.CR 50G (COMBO- 720814),0.229799963,tm
2026-06,2026-07,720826,JFB F.CR 50G (COMBO- 720814),0.229799963,tm
2026-03,2026-08,720826,JFB F.CR 50G (COMBO- 720814),0.29111238,tm
2026-04,2026-08,720826,JFB F.CR 50G (COMBO- 720814),0.295101487,tm
2026-05,2026-08,720826,JFB F.CR 50G (COMBO- 720814),0.357072799,tm
2026-06,2026-08,720826,JFB F.CR 50G (COMBO- 720814),0.357072799,tm
2026-07,2026-08,720826,JFB F.CR 50G (COMBO- 720814),0.357072799,tm
2026-04,2026-09,720826,JFB F.CR 50G (COMBO- 720814),0.346044548,tm
2026-05,2026-09,720826,JFB F.CR 50G (COMBO- 720814),0.380649002,tm
2026-06,2026-09,720826,JFB F.CR 50G (COMBO- 720814),0.380649002,tm
2026-07,2026-09,720826,JFB F.CR 50G (COMBO- 720814),0.380649002,tm
2026-05,2026-10,720826,JFB F.CR 50G (COMBO- 720814),0.633195235,tm
2026-06,2026-10,720826,JFB F.CR 50G (COMBO- 720814),0.633195235,tm
2026-07,2026-10,720826,JFB F.CR 50G (COMBO- 720814),0.633195235,tm
2026-06,2026-11,720826,JFB F.CR 50G (COMBO- 720814),0.5,tm
2026-07,2026-11,720826,JFB F.CR 50G (COMBO- 720814),0.5,tm
2026-07,2026-12,720826,JFB F.CR 50G (COMBO- 720814),0.263967421,tm
2025-04,2025-05,720827,JFB PWDR 100G (COMBO- 720814),0.27476008,tm
2025-04,2025-06,720827,JFB PWDR 100G (COMBO- 720814),0.245043803,tm
2025-05,2025-06,720827,JFB PWDR 100G (COMBO- 720814),0.245043803,tm
2025-04,2025-07,720827,JFB PWDR 100G (COMBO- 720814),0.28,tm
2025-05,2025-07,720827,JFB PWDR 100G (COMBO- 720814),0.28,tm
2025-06,2025-07,720827,JFB PWDR 100G (COMBO- 720814),0.321277778,tm
2025-04,2025-08,720827,JFB PWDR 100G (COMBO- 720814),0.604444444,tm
2025-05,2025-08,720827,JFB PWDR 100G (COMBO- 720814),0.604444444,tm
2025-06,2025-08,720827,JFB PWDR 100G (COMBO- 720814),0.694766667,tm
2025-07,2025-08,720827,JFB PWDR 100G (COMBO- 720814),0.695555556,tm
2025-04,2025-09,720827,JFB PWDR 100G (COMBO- 720814),0.92,tm
2025-05,2025-09,720827,JFB PWDR 100G (COMBO- 720814),0.92,tm
2025-06,2025-09,720827,JFB PWDR 100G (COMBO- 720814),1.057844444,tm
2025-07,2025-09,720827,JFB PWDR 100G (COMBO- 720814),1.057777778,tm
2025-08,2025-09,720827,JFB PWDR 100G (COMBO- 720814),0.586666667,tm
2025-05,2025-10,720827,JFB PWDR 100G (COMBO- 720814),0.857777778,tm
2025-06,2025-10,720827,JFB PWDR 100G (COMBO- 720814),0.986111111,tm
2025-07,2025-10,720827,JFB PWDR 100G (COMBO- 720814),0.986666667,tm
2025-08,2025-10,720827,JFB PWDR 100G (COMBO- 720814),0.986666667,tm
2025-09,2025-10,720827,JFB PWDR 100G (COMBO- 720814),0.764444444,tm
2025-06,2025-11,720827,JFB PWDR 100G (COMBO- 720814),0.632677778,tm
2025-07,2025-11,720827,JFB PWDR 100G (COMBO- 720814),0.633333333,tm
2025-08,2025-11,720827,JFB PWDR 100G (COMBO- 720814),0.633333333,tm
2025-09,2025-11,720827,JFB PWDR 100G (COMBO- 720814),0.855555556,tm
2025-10,2025-11,720827,JFB PWDR 100G (COMBO- 720814),0.48305028,tm
2025-07,2025-12,720827,JFB PWDR 100G (COMBO- 720814),0.72,tm
2025-08,2025-12,720827,JFB PWDR 100G (COMBO- 720814),0.72,tm
2025-09,2025-12,720827,JFB PWDR 100G (COMBO- 720814),0.72,tm
2025-10,2025-12,720827,JFB PWDR 100G (COMBO- 720814),0.549761171,tm
2025-11,2025-12,720827,JFB PWDR 100G (COMBO- 720814),0.549761171,tm
2025-08,2026-01,720827,JFB PWDR 100G (COMBO- 720814),0.862222222,tm
2025-09,2026-01,720827,JFB PWDR 100G (COMBO- 720814),0.862222222,tm
2025-10,2026-01,720827,JFB PWDR 100G (COMBO- 720814),0.65846538,tm
2025-11,2026-01,720827,JFB PWDR 100G (COMBO- 720814),0.65846538,tm
2025-12,2026-01,720827,JFB PWDR 100G (COMBO- 720814),0.65846538,tm
2025-09,2026-02,720827,JFB PWDR 100G (COMBO- 720814),0.605065355,tm
2025-10,2026-02,720827,JFB PWDR 100G (COMBO- 720814),0.227439706,tm
2025-11,2026-02,720827,JFB PWDR 100G (COMBO- 720814),0.227439706,tm
2025-12,2026-02,720827,JFB PWDR 100G (COMBO- 720814),0.227439706,tm
2026-01,2026-02,720827,JFB PWDR 100G (COMBO- 720814),0.295677955,tm
2025-10,2026-03,720827,JFB PWDR 100G (COMBO- 720814),0.376944323,tm
2025-11,2026-03,720827,JFB PWDR 100G (COMBO- 720814),0.376944323,tm
2025-12,2026-03,720827,JFB PWDR 100G (COMBO- 720814),0.376944323,tm
2026-01,2026-03,720827,JFB PWDR 100G (COMBO- 720814),0.295677955,tm
2026-02,2026-03,720827,JFB PWDR 100G (COMBO- 720814),0.415677955,tm
2025-11,2026-04,720827,JFB PWDR 100G (COMBO- 720814),0.415677955,tm
2025-12,2026-04,720827,JFB PWDR 100G (COMBO- 720814),0.42748875,tm
2026-01,2026-04,720827,JFB PWDR 100G (COMBO- 720814),0.331111111,tm
2026-02,2026-04,720827,JFB PWDR 100G (COMBO- 720814),0.339598849,tm
2026-03,2026-04,720827,JFB PWDR 100G (COMBO- 720814),0.339598849,tm
2025-12,2026-05,720827,JFB PWDR 100G (COMBO- 720814),0.42778125,tm
2026-01,2026-05,720827,JFB PWDR 100G (COMBO- 720814),0.366666667,tm
2026-02,2026-05,720827,JFB PWDR 100G (COMBO- 720814),0.467126716,tm
2026-03,2026-05,720827,JFB PWDR 100G (COMBO- 720814),0.420414045,tm
2026-04,2026-05,720827,JFB PWDR 100G (COMBO- 720814),0.420414045,tm
2026-01,2026-06,720827,JFB PWDR 100G (COMBO- 720814),0.271111111,tm
2026-02,2026-06,720827,JFB PWDR 100G (COMBO- 720814),0.315555556,tm
2026-03,2026-06,720827,JFB PWDR 100G (COMBO- 720814),0.2845206,tm
2026-04,2026-06,720827,JFB PWDR 100G (COMBO- 720814),0.2845206,tm
2026-05,2026-06,720827,JFB PWDR 100G (COMBO- 720814),0.38252214,tm
2026-02,2026-07,720827,JFB PWDR 100G (COMBO- 720814),0.38,tm
2026-03,2026-07,720827,JFB PWDR 100G (COMBO- 720814),0.341851185,tm
2026-04,2026-07,720827,JFB PWDR 100G (COMBO- 720814),0.341851185,tm
2026-05,2026-07,720827,JFB PWDR 100G (COMBO- 720814),0.459599926,tm
2026-06,2026-07,720827,JFB PWDR 100G (COMBO- 720814),0.459599926,tm
2026-03,2026-08,720827,JFB PWDR 100G (COMBO- 720814),0.58222476,tm
2026-04,2026-08,720827,JFB PWDR 100G (COMBO- 720814),0.590202974,tm
2026-05,2026-08,720827,JFB PWDR 100G (COMBO- 720814),0.714145599,tm
2026-06,2026-08,720827,JFB PWDR 100G (COMBO- 720814),0.714145599,tm
2026-07,2026-08,720827,JFB PWDR 100G (COMBO- 720814),0.714145599,tm
2026-04,2026-09,720827,JFB PWDR 100G (COMBO- 720814),0.692089095,tm
2026-05,2026-09,720827,JFB PWDR 100G (COMBO- 720814),0.761298005,tm
2026-06,2026-09,720827,JFB PWDR 100G (COMBO- 720814),0.761298005,tm
2026-07,2026-09,720827,JFB PWDR 100G (COMBO- 720814),0.761298005,tm
2026-05,2026-10,720827,JFB PWDR 100G (COMBO- 720814),1.266390469,tm
2026-06,2026-10,720827,JFB PWDR 100G (COMBO- 720814),1.266390469,tm
2026-07,2026-10,720827,JFB PWDR 100G (COMBO- 720814),1.266390469,tm
2026-06,2026-11,720827,JFB PWDR 100G (COMBO- 720814),1.0,tm
2026-07,2026-11,720827,JFB PWDR 100G (COMBO- 720814),1.0,tm
2026-07,2026-12,720827,JFB PWDR 100G (COMBO- 720814),0.527934842,tm
2025-04,2025-05,721129,HC BROWN PASTE 25G,1.185194491,ml
2025-04,2025-05,721129,HC BROWN PASTE 25G,2.0,tm
2025-04,2025-06,721129,HC BROWN PASTE 25G,1.156973658,ml
2025-04,2025-06,721129,HC BROWN PASTE 25G,1.39,tm
2025-05,2025-06,721129,HC BROWN PASTE 25G,1.112006284,ml
2025-05,2025-06,721129,HC BROWN PASTE 25G,1.39,tm
2025-04,2025-07,721129,HC BROWN PASTE 25G,1.139716191,ml
2025-04,2025-07,721129,HC BROWN PASTE 25G,0.75,tm
2025-05,2025-07,721129,HC BROWN PASTE 25G,0.993677997,ml
2025-05,2025-07,721129,HC BROWN PASTE 25G,0.75,tm
2025-06,2025-07,721129,HC BROWN PASTE 25G,1.025312475,ml
2025-06,2025-07,721129,HC BROWN PASTE 25G,1.99755,tm
2025-04,2025-08,721129,HC BROWN PASTE 25G,1.116885591,ml
2025-04,2025-08,721129,HC BROWN PASTE 25G,2.0,tm
2025-05,2025-08,721129,HC BROWN PASTE 25G,1.278748709,ml
2025-05,2025-08,721129,HC BROWN PASTE 25G,2.0,tm
2025-06,2025-08,721129,HC BROWN PASTE 25G,1.7562049,ml
2025-06,2025-08,721129,HC BROWN PASTE 25G,2.0042,tm
2025-07,2025-08,721129,HC BROWN PASTE 25G,1.2420065,ml
2025-07,2025-08,721129,HC BROWN PASTE 25G,2.0042,tm
2025-04,2025-09,721129,HC BROWN PASTE 25G,1.163128524,ml
2025-04,2025-09,721129,HC BROWN PASTE 25G,0.75,tm
2025-05,2025-09,721129,HC BROWN PASTE 25G,1.403342934,ml
2025-05,2025-09,721129,HC BROWN PASTE 25G,0.75,tm
2025-06,2025-09,721129,HC BROWN PASTE 25G,1.451308072,ml
2025-06,2025-09,721129,HC BROWN PASTE 25G,2.002875,tm
2025-07,2025-09,721129,HC BROWN PASTE 25G,1.386337785,ml
2025-07,2025-09,721129,HC BROWN PASTE 25G,2.002875,tm
2025-08,2025-09,721129,HC BROWN PASTE 25G,1.638943899,ml
2025-08,2025-09,721129,HC BROWN PASTE 25G,2.002875,tm
2025-05,2025-10,721129,HC BROWN PASTE 25G,1.117724303,ml
2025-05,2025-10,721129,HC BROWN PASTE 25G,0.75,tm
2025-06,2025-10,721129,HC BROWN PASTE 25G,1.145852909,ml
2025-06,2025-10,721129,HC BROWN PASTE 25G,0.752875,tm
2025-07,2025-10,721129,HC BROWN PASTE 25G,1.093348827,ml
2025-07,2025-10,721129,HC BROWN PASTE 25G,0.752875,tm
2025-08,2025-10,721129,HC BROWN PASTE 25G,1.442260236,ml
2025-08,2025-10,721129,HC BROWN PASTE 25G,0.752875,tm
2025-09,2025-10,721129,HC BROWN PASTE 25G,1.358681898,ml
2025-09,2025-10,721129,HC BROWN PASTE 25G,2.0,tm
2025-06,2025-11,721129,HC BROWN PASTE 25G,1.739299671,ml
2025-06,2025-11,721129,HC BROWN PASTE 25G,1.752875,tm
2025-07,2025-11,721129,HC BROWN PASTE 25G,1.303226305,ml
2025-07,2025-11,721129,HC BROWN PASTE 25G,1.752875,tm
2025-08,2025-11,721129,HC BROWN PASTE 25G,1.3775664,ml
2025-08,2025-11,721129,HC BROWN PASTE 25G,1.752875,tm
2025-09,2025-11,721129,HC BROWN PASTE 25G,1.524623049,ml
2025-09,2025-11,721129,HC BROWN PASTE 25G,2.5,tm
2025-10,2025-11,721129,HC BROWN PASTE 25G,1.4764893,ml
2025-10,2025-11,721129,HC BROWN PASTE 25G,2.5,tm
2025-07,2025-12,721129,HC BROWN PASTE 25G,1.255059505,ml
2025-07,2025-12,721129,HC BROWN PASTE 25G,0.752875,tm
2025-08,2025-12,721129,HC BROWN PASTE 25G,1.5666942,ml
2025-08,2025-12,721129,HC BROWN PASTE 25G,0.752875,tm
2025-09,2025-12,721129,HC BROWN PASTE 25G,1.642669512,ml
2025-09,2025-12,721129,HC BROWN PASTE 25G,1.5,tm
2025-10,2025-12,721129,HC BROWN PASTE 25G,1.4191718,ml
2025-10,2025-12,721129,HC BROWN PASTE 25G,1.5,tm
2025-11,2025-12,721129,HC BROWN PASTE 25G,1.558733762,ml
2025-11,2025-12,721129,HC BROWN PASTE 25G,1.5,tm
2025-08,2026-01,721129,HC BROWN PASTE 25G,1.5725718,ml
2025-08,2026-01,721129,HC BROWN PASTE 25G,0.752875,tm
2025-09,2026-01,721129,HC BROWN PASTE 25G,1.555464148,ml
2025-09,2026-01,721129,HC BROWN PASTE 25G,0.75,tm
2025-10,2026-01,721129,HC BROWN PASTE 25G,1.4322367,ml
2025-10,2026-01,721129,HC BROWN PASTE 25G,0.75,tm
2025-11,2026-01,721129,HC BROWN PASTE 25G,1.751000387,ml
2025-11,2026-01,721129,HC BROWN PASTE 25G,0.75,tm
2025-12,2026-01,721129,HC BROWN PASTE 25G,1.885138908,ml
2025-12,2026-01,721129,HC BROWN PASTE 25G,2.036580014,tm
2025-09,2026-02,721129,HC BROWN PASTE 25G,2.460014252,ml
2025-09,2026-02,721129,HC BROWN PASTE 25G,2.0,tm
2025-10,2026-02,721129,HC BROWN PASTE 25G,2.218394187,ml
2025-10,2026-02,721129,HC BROWN PASTE 25G,2.0,tm
2025-11,2026-02,721129,HC BROWN PASTE 25G,2.244612967,ml
2025-11,2026-02,721129,HC BROWN PASTE 25G,2.5,tm
2025-12,2026-02,721129,HC BROWN PASTE 25G,2.445544865,ml
2025-12,2026-02,721129,HC BROWN PASTE 25G,2.642005728,tm
2026-01,2026-02,721129,HC BROWN PASTE 25G,2.006415712,ml
2026-01,2026-02,721129,HC BROWN PASTE 25G,2.5,tm
2025-10,2026-03,721129,HC BROWN PASTE 25G,2.32825187,ml
2025-10,2026-03,721129,HC BROWN PASTE 25G,1.0,tm
2025-11,2026-03,721129,HC BROWN PASTE 25G,1.989018995,ml
2025-11,2026-03,721129,HC BROWN PASTE 25G,2.0,tm
2025-12,2026-03,721129,HC BROWN PASTE 25G,1.32287544,ml
2025-12,2026-03,721129,HC BROWN PASTE 25G,1.429147566,tm
2026-01,2026-03,721129,HC BROWN PASTE 25G,1.855618914,ml
2026-01,2026-03,721129,HC BROWN PASTE 25G,2.0,tm
2026-02,2026-03,721129,HC BROWN PASTE 25G,1.406098626,ml
2026-02,2026-03,721129,HC BROWN PASTE 25G,2.0,tm
2025-11,2026-04,721129,HC BROWN PASTE 25G,1.607708613,ml
2025-11,2026-04,721129,HC BROWN PASTE 25G,1.0,tm
2025-12,2026-04,721129,HC BROWN PASTE 25G,1.4936866,ml
2025-12,2026-04,721129,HC BROWN PASTE 25G,1.613680701,tm
2026-01,2026-04,721129,HC BROWN PASTE 25G,1.70666877,ml
2026-01,2026-04,721129,HC BROWN PASTE 25G,2.0,tm
2026-02,2026-04,721129,HC BROWN PASTE 25G,1.547410929,ml
2026-02,2026-04,721129,HC BROWN PASTE 25G,2.0,tm
2026-03,2026-04,721129,HC BROWN PASTE 25G,1.649329726,ml
2026-03,2026-04,721129,HC BROWN PASTE 25G,2.0,tm
2025-12,2026-05,721129,HC BROWN PASTE 25G,1.938482502,ml
2025-12,2026-05,721129,HC BROWN PASTE 25G,2.094208922,tm
2026-01,2026-05,721129,HC BROWN PASTE 25G,1.903339672,ml
2026-01,2026-05,721129,HC BROWN PASTE 25G,3.0,tm
2026-02,2026-05,721129,HC BROWN PASTE 25G,1.960024466,ml
2026-02,2026-05,721129,HC BROWN PASTE 25G,3.0,tm
2026-03,2026-05,721129,HC BROWN PASTE 25G,1.881558056,ml
2026-03,2026-05,721129,HC BROWN PASTE 25G,3.0,tm
2026-04,2026-05,721129,HC BROWN PASTE 25G,2.412657282,ml
2026-04,2026-05,721129,HC BROWN PASTE 25G,3.0,tm
2026-01,2026-06,721129,HC BROWN PASTE 25G,1.447987,ml
2026-01,2026-06,721129,HC BROWN PASTE 25G,1.9,tm
2026-02,2026-06,721129,HC BROWN PASTE 25G,1.680639536,ml
2026-02,2026-06,721129,HC BROWN PASTE 25G,1.8,tm
2026-03,2026-06,721129,HC BROWN PASTE 25G,1.576531252,ml
2026-03,2026-06,721129,HC BROWN PASTE 25G,1.5,tm
2026-04,2026-06,721129,HC BROWN PASTE 25G,1.630989125,ml
2026-04,2026-06,721129,HC BROWN PASTE 25G,1.5,tm
2026-05,2026-06,721129,HC BROWN PASTE 25G,1.546959473,ml
2026-05,2026-06,721129,HC BROWN PASTE 25G,1.5,tm
2026-02,2026-07,721129,HC BROWN PASTE 25G,1.639870973,ml
2026-02,2026-07,721129,HC BROWN PASTE 25G,1.8,tm
2026-03,2026-07,721129,HC BROWN PASTE 25G,1.704488778,ml
2026-03,2026-07,721129,HC BROWN PASTE 25G,2.0,tm
2026-04,2026-07,721129,HC BROWN PASTE 25G,1.835185662,ml
2026-04,2026-07,721129,HC BROWN PASTE 25G,2.0,tm
2026-05,2026-07,721129,HC BROWN PASTE 25G,1.916812561,ml
2026-05,2026-07,721129,HC BROWN PASTE 25G,2.0,tm
2026-06,2026-07,721129,HC BROWN PASTE 25G,1.689944136,ml
2026-06,2026-07,721129,HC BROWN PASTE 25G,2.0,tm
2026-03,2026-08,721129,HC BROWN PASTE 25G,1.824499755,ml
2026-03,2026-08,721129,HC BROWN PASTE 25G,2.0,tm
2026-04,2026-08,721129,HC BROWN PASTE 25G,2.566687283,ml
2026-04,2026-08,721129,HC BROWN PASTE 25G,2.0,tm
2026-05,2026-08,721129,HC BROWN PASTE 25G,2.15156644,ml
2026-05,2026-08,721129,HC BROWN PASTE 25G,2.0,tm
2026-06,2026-08,721129,HC BROWN PASTE 25G,1.751072758,ml
2026-06,2026-08,721129,HC BROWN PASTE 25G,2.0,tm
2026-07,2026-08,721129,HC BROWN PASTE 25G,2.223389892,ml
2026-07,2026-08,721129,HC BROWN PASTE 25G,2.288762314,tm
2026-04,2026-09,721129,HC BROWN PASTE 25G,1.695518354,ml
2026-04,2026-09,721129,HC BROWN PASTE 25G,2.0,tm
2026-05,2026-09,721129,HC BROWN PASTE 25G,1.648362373,ml
2026-05,2026-09,721129,HC BROWN PASTE 25G,2.0,tm
2026-06,2026-09,721129,HC BROWN PASTE 25G,1.656815987,ml
2026-06,2026-09,721129,HC BROWN PASTE 25G,2.0,tm
2026-07,2026-09,721129,HC BROWN PASTE 25G,1.722489857,ml
2026-07,2026-09,721129,HC BROWN PASTE 25G,1.773134746,tm
2026-05,2026-10,721129,HC BROWN PASTE 25G,1.42361957,ml
2026-05,2026-10,721129,HC BROWN PASTE 25G,2.0,tm
2026-06,2026-10,721129,HC BROWN PASTE 25G,1.326262555,ml
2026-06,2026-10,721129,HC BROWN PASTE 25G,2.0,tm
2026-07,2026-10,721129,HC BROWN PASTE 25G,1.429054877,ml
2026-07,2026-10,721129,HC BROWN PASTE 25G,1.471072149,tm
2026-06,2026-11,721129,HC BROWN PASTE 25G,1.844206898,ml
2026-06,2026-11,721129,HC BROWN PASTE 25G,2.0,tm
2026-07,2026-11,721129,HC BROWN PASTE 25G,2.231012413,ml
2026-07,2026-11,721129,HC BROWN PASTE 25G,2.296608954,tm
2026-07,2026-12,721129,HC BROWN PASTE 25G,2.272515875,ml
2026-07,2026-12,721129,HC BROWN PASTE 25G,2.339332706,tm
2025-04,2025-05,721172,HC COLOR SHAMPOO 18ML,0.186090333,ml
2025-04,2025-05,721172,HC COLOR SHAMPOO 18ML,0.88,tm
2025-04,2025-06,721172,HC COLOR SHAMPOO 18ML,0.186090333,ml
2025-04,2025-06,721172,HC COLOR SHAMPOO 18ML,0.4,tm
2025-05,2025-06,721172,HC COLOR SHAMPOO 18ML,0.260109,ml
2025-05,2025-06,721172,HC COLOR SHAMPOO 18ML,0.4,tm
2025-04,2025-07,721172,HC COLOR SHAMPOO 18ML,0.186090333,ml
2025-04,2025-07,721172,HC COLOR SHAMPOO 18ML,0.3,tm
2025-05,2025-07,721172,HC COLOR SHAMPOO 18ML,0.260109,ml
2025-05,2025-07,721172,HC COLOR SHAMPOO 18ML,0.3,tm
2025-06,2025-07,721172,HC COLOR SHAMPOO 18ML,0.286021333,ml
2025-06,2025-07,721172,HC COLOR SHAMPOO 18ML,0.3,tm
2025-04,2025-08,721172,HC COLOR SHAMPOO 18ML,0.186090333,ml
2025-04,2025-08,721172,HC COLOR SHAMPOO 18ML,0.5,tm
2025-05,2025-08,721172,HC COLOR SHAMPOO 18ML,0.260109,ml
2025-05,2025-08,721172,HC COLOR SHAMPOO 18ML,0.5,tm
2025-06,2025-08,721172,HC COLOR SHAMPOO 18ML,0.286021333,ml
2025-06,2025-08,721172,HC COLOR SHAMPOO 18ML,0.5,tm
2025-07,2025-08,721172,HC COLOR SHAMPOO 18ML,0.307206333,ml
2025-07,2025-08,721172,HC COLOR SHAMPOO 18ML,0.5,tm
2025-04,2025-09,721172,HC COLOR SHAMPOO 18ML,0.186090333,ml
2025-04,2025-09,721172,HC COLOR SHAMPOO 18ML,0.3,tm
2025-05,2025-09,721172,HC COLOR SHAMPOO 18ML,0.260109,ml
2025-05,2025-09,721172,HC COLOR SHAMPOO 18ML,0.3,tm
2025-06,2025-09,721172,HC COLOR SHAMPOO 18ML,0.286021333,ml
2025-06,2025-09,721172,HC COLOR SHAMPOO 18ML,0.3,tm
2025-07,2025-09,721172,HC COLOR SHAMPOO 18ML,0.307206333,ml
2025-07,2025-09,721172,HC COLOR SHAMPOO 18ML,0.3,tm
2025-08,2025-09,721172,HC COLOR SHAMPOO 18ML,0.237306509,ml
2025-08,2025-09,721172,HC COLOR SHAMPOO 18ML,0.3,tm
2025-05,2025-10,721172,HC COLOR SHAMPOO 18ML,0.260109,ml
2025-05,2025-10,721172,HC COLOR SHAMPOO 18ML,0.4,tm
2025-06,2025-10,721172,HC COLOR SHAMPOO 18ML,0.286021333,ml
2025-06,2025-10,721172,HC COLOR SHAMPOO 18ML,0.4,tm
2025-07,2025-10,721172,HC COLOR SHAMPOO 18ML,0.307206333,ml
2025-07,2025-10,721172,HC COLOR SHAMPOO 18ML,0.4,tm
2025-08,2025-10,721172,HC COLOR SHAMPOO 18ML,0.237306509,ml
2025-08,2025-10,721172,HC COLOR SHAMPOO 18ML,0.4,tm
2025-09,2025-10,721172,HC COLOR SHAMPOO 18ML,0.11530364,ml
2025-06,2025-11,721172,HC COLOR SHAMPOO 18ML,0.286021333,ml
2025-06,2025-11,721172,HC COLOR SHAMPOO 18ML,0.5,tm
2025-07,2025-11,721172,HC COLOR SHAMPOO 18ML,0.307206333,ml
2025-07,2025-11,721172,HC COLOR SHAMPOO 18ML,0.5,tm
2025-08,2025-11,721172,HC COLOR SHAMPOO 18ML,0.237306509,ml
2025-08,2025-11,721172,HC COLOR SHAMPOO 18ML,0.5,tm
2025-09,2025-11,721172,HC COLOR SHAMPOO 18ML,0.11530364,ml
2025-10,2025-11,721172,HC COLOR SHAMPOO 18ML,0.08163701,ml
2025-07,2025-12,721172,HC COLOR SHAMPOO 18ML,0.307206333,ml
2025-07,2025-12,721172,HC COLOR SHAMPOO 18ML,0.4,tm
2025-08,2025-12,721172,HC COLOR SHAMPOO 18ML,0.228585713,ml
2025-08,2025-12,721172,HC COLOR SHAMPOO 18ML,0.4,tm
2025-09,2025-12,721172,HC COLOR SHAMPOO 18ML,0.11530364,ml
2025-10,2025-12,721172,HC COLOR SHAMPOO 18ML,0.08041616,ml
2025-11,2025-12,721172,HC COLOR SHAMPOO 18ML,0.130684099,ml
2025-08,2026-01,721172,HC COLOR SHAMPOO 18ML,0.240975211,ml
2025-08,2026-01,721172,HC COLOR SHAMPOO 18ML,0.4,tm
2025-09,2026-01,721172,HC COLOR SHAMPOO 18ML,0.12229208,ml
2025-10,2026-01,721172,HC COLOR SHAMPOO 18ML,0.07662796,ml
2025-11,2026-01,721172,HC COLOR SHAMPOO 18ML,0.117207482,ml
2025-12,2026-01,721172,HC COLOR SHAMPOO 18ML,0.044405917,ml
2025-09,2026-02,721172,HC COLOR SHAMPOO 18ML,0.13474676,ml
2025-10,2026-02,721172,HC COLOR SHAMPOO 18ML,0.094382315,ml
2025-11,2026-02,721172,HC COLOR SHAMPOO 18ML,0.105035054,ml
2025-12,2026-02,721172,HC COLOR SHAMPOO 18ML,0.044405917,ml
2026-01,2026-02,721172,HC COLOR SHAMPOO 18ML,0.03059768,ml
2025-10,2026-03,721172,HC COLOR SHAMPOO 18ML,0.090594115,ml
2025-11,2026-03,721172,HC COLOR SHAMPOO 18ML,0.119529583,ml
2025-12,2026-03,721172,HC COLOR SHAMPOO 18ML,0.191635098,ml
2026-01,2026-03,721172,HC COLOR SHAMPOO 18ML,0.151186446,ml
2026-02,2026-03,721172,HC COLOR SHAMPOO 18ML,0.0202295,ml
2025-11,2026-04,721172,HC COLOR SHAMPOO 18ML,0.11289614,ml
2025-12,2026-04,721172,HC COLOR SHAMPOO 18ML,0.075014296,ml
2026-01,2026-04,721172,HC COLOR SHAMPOO 18ML,0.412723642,ml
2026-02,2026-04,721172,HC COLOR SHAMPOO 18ML,0.0202901,ml
2026-03,2026-04,721172,HC COLOR SHAMPOO 18ML,0.017889047,ml
2025-12,2026-05,721172,HC COLOR SHAMPOO 18ML,0.276703378,ml
2026-01,2026-05,721172,HC COLOR SHAMPOO 18ML,0.222862068,ml
2026-02,2026-05,721172,HC COLOR SHAMPOO 18ML,0.0715919,ml
2026-03,2026-05,721172,HC COLOR SHAMPOO 18ML,0.017928473,ml
2026-01,2026-06,721172,HC COLOR SHAMPOO 18ML,0.03059768,ml
2026-02,2026-06,721172,HC COLOR SHAMPOO 18ML,0.0337372,ml
2026-03,2026-06,721172,HC COLOR SHAMPOO 18ML,0.034541327,ml
2026-02,2026-07,721172,HC COLOR SHAMPOO 18ML,0.0234154,ml
2026-03,2026-07,721172,HC COLOR SHAMPOO 18ML,0.017928473,ml
2026-03,2026-08,721172,HC COLOR SHAMPOO 18ML,0.017928473,ml
2026-07,2026-08,721172,HC COLOR SHAMPOO 18ML,0.4,tm
2026-07,2026-09,721172,HC COLOR SHAMPOO 18ML,0.3,tm
2026-07,2026-10,721172,HC COLOR SHAMPOO 18ML,0.3,tm
2026-07,2026-11,721172,HC COLOR SHAMPOO 18ML,0.5,tm
2026-07,2026-12,721172,HC COLOR SHAMPOO 18ML,0.5,tm
2025-04,2025-05,721530,BELIPHOOL 15ML,2.5,tm
2025-04,2025-06,721530,BELIPHOOL 15ML,2.5,tm
2025-04,2025-07,721530,BELIPHOOL 15ML,2.5,tm
2025-07,2025-08,721530,BELIPHOOL 15ML,7.5,tm
2025-09,2025-10,721530,BELIPHOOL 15ML,0.80712,tm
2025-10,2025-11,721530,BELIPHOOL 15ML,0.15609,tm
2025-12,2026-01,721530,BELIPHOOL 15ML,0.048075,tm
2026-01,2026-02,721530,BELIPHOOL 15ML,0.03,tm
2025-04,2025-05,722024,PA ONION HAIR OIL 200ML,3.445577462,ml
2025-04,2025-05,722024,PA ONION HAIR OIL 200ML,10.0,tm
2025-04,2025-06,722024,PA ONION HAIR OIL 200ML,3.398421977,ml
2025-04,2025-06,722024,PA ONION HAIR OIL 200ML,7.0,tm
2025-05,2025-06,722024,PA ONION HAIR OIL 200ML,4.489769158,ml
2025-05,2025-06,722024,PA ONION HAIR OIL 200ML,7.0,tm
2025-04,2025-07,722024,PA ONION HAIR OIL 200ML,6.20816249,ml
2025-04,2025-07,722024,PA ONION HAIR OIL 200ML,8.0,tm
2025-05,2025-07,722024,PA ONION HAIR OIL 200ML,4.644913352,ml
2025-05,2025-07,722024,PA ONION HAIR OIL 200ML,8.0,tm
2025-06,2025-07,722024,PA ONION HAIR OIL 200ML,3.983004828,ml
2025-06,2025-07,722024,PA ONION HAIR OIL 200ML,5.9222726,tm
2025-04,2025-08,722024,PA ONION HAIR OIL 200ML,3.745248998,ml
2025-04,2025-08,722024,PA ONION HAIR OIL 200ML,8.0,tm
2025-05,2025-08,722024,PA ONION HAIR OIL 200ML,4.367825719,ml
2025-05,2025-08,722024,PA ONION HAIR OIL 200ML,8.0,tm
2025-06,2025-08,722024,PA ONION HAIR OIL 200ML,4.2303997,ml
2025-06,2025-08,722024,PA ONION HAIR OIL 200ML,6.290120478,tm
2025-07,2025-08,722024,PA ONION HAIR OIL 200ML,3.754513033,ml
2025-07,2025-08,722024,PA ONION HAIR OIL 200ML,9.1,tm
2025-04,2025-09,722024,PA ONION HAIR OIL 200ML,3.766208667,ml
2025-04,2025-09,722024,PA ONION HAIR OIL 200ML,6.0,tm
2025-05,2025-09,722024,PA ONION HAIR OIL 200ML,4.644913352,ml
2025-05,2025-09,722024,PA ONION HAIR OIL 200ML,6.0,tm
2025-06,2025-09,722024,PA ONION HAIR OIL 200ML,4.527435425,ml
2025-06,2025-09,722024,PA ONION HAIR OIL 200ML,6.731778627,tm
2025-07,2025-09,722024,PA ONION HAIR OIL 200ML,3.814550221,ml
2025-07,2025-09,722024,PA ONION HAIR OIL 200ML,6.6,tm
2025-08,2025-09,722024,PA ONION HAIR OIL 200ML,4.716428247,ml
2025-08,2025-09,722024,PA ONION HAIR OIL 200ML,12.0,tm
2025-05,2025-10,722024,PA ONION HAIR OIL 200ML,4.644913352,ml
2025-05,2025-10,722024,PA ONION HAIR OIL 200ML,6.0,tm
2025-06,2025-10,722024,PA ONION HAIR OIL 200ML,4.2803391,ml
2025-06,2025-10,722024,PA ONION HAIR OIL 200ML,6.364374654,tm
2025-07,2025-10,722024,PA ONION HAIR OIL 200ML,3.814550221,ml
2025-07,2025-10,722024,PA ONION HAIR OIL 200ML,6.0,tm
2025-08,2025-10,722024,PA ONION HAIR OIL 200ML,4.599730297,ml
2025-08,2025-10,722024,PA ONION HAIR OIL 200ML,6.0,tm
2025-09,2025-10,722024,PA ONION HAIR OIL 200ML,4.451630364,ml
2025-09,2025-10,722024,PA ONION HAIR OIL 200ML,8.0541432,tm
2025-06,2025-11,722024,PA ONION HAIR OIL 200ML,4.1697793,ml
2025-06,2025-11,722024,PA ONION HAIR OIL 200ML,6.199984877,tm
2025-07,2025-11,722024,PA ONION HAIR OIL 200ML,3.804090421,ml
2025-07,2025-11,722024,PA ONION HAIR OIL 200ML,8.0,tm
2025-08,2025-11,722024,PA ONION HAIR OIL 200ML,4.433118025,ml
2025-08,2025-11,722024,PA ONION HAIR OIL 200ML,8.0,tm
2025-09,2025-11,722024,PA ONION HAIR OIL 200ML,4.58319706,ml
2025-09,2025-11,722024,PA ONION HAIR OIL 200ML,9.75955752,tm
2025-10,2025-11,722024,PA ONION HAIR OIL 200ML,4.140816832,ml
2025-10,2025-11,722024,PA ONION HAIR OIL 200ML,9.75955752,tm
2025-07,2025-12,722024,PA ONION HAIR OIL 200ML,3.814550221,ml
2025-07,2025-12,722024,PA ONION HAIR OIL 200ML,8.0,tm
2025-08,2025-12,722024,PA ONION HAIR OIL 200ML,3.890133038,ml
2025-08,2025-12,722024,PA ONION HAIR OIL 200ML,8.0,tm
2025-09,2025-12,722024,PA ONION HAIR OIL 200ML,4.392466936,ml
2025-09,2025-12,722024,PA ONION HAIR OIL 200ML,9.533601768,tm
2025-10,2025-12,722024,PA ONION HAIR OIL 200ML,4.122867139,ml
2025-10,2025-12,722024,PA ONION HAIR OIL 200ML,9.533601768,tm
2025-11,2025-12,722024,PA ONION HAIR OIL 200ML,3.843432007,ml
2025-11,2025-12,722024,PA ONION HAIR OIL 200ML,7.504743781,tm
2025-08,2026-01,722024,PA ONION HAIR OIL 200ML,4.269767649,ml
2025-08,2026-01,722024,PA ONION HAIR OIL 200ML,6.0,tm
2025-09,2026-01,722024,PA ONION HAIR OIL 200ML,4.28475287,ml
2025-09,2026-01,722024,PA ONION HAIR OIL 200ML,7.220161061,tm
2025-10,2026-01,722024,PA ONION HAIR OIL 200ML,4.140816832,ml
2025-10,2026-01,722024,PA ONION HAIR OIL 200ML,7.220161061,tm
2025-11,2026-01,722024,PA ONION HAIR OIL 200ML,3.987451884,ml
2025-11,2026-01,722024,PA ONION HAIR OIL 200ML,5.928884865,tm
2025-12,2026-01,722024,PA ONION HAIR OIL 200ML,3.187519752,ml
2025-12,2026-01,722024,PA ONION HAIR OIL 200ML,5.5,tm
2025-09,2026-02,722024,PA ONION HAIR OIL 200ML,4.28475287,ml
2025-09,2026-02,722024,PA ONION HAIR OIL 200ML,8.098144955,tm
2025-10,2026-02,722024,PA ONION HAIR OIL 200ML,4.069556546,ml
2025-10,2026-02,722024,PA ONION HAIR OIL 200ML,8.098144955,tm
2025-11,2026-02,722024,PA ONION HAIR OIL 200ML,3.965386306,ml
2025-11,2026-02,722024,PA ONION HAIR OIL 200ML,5.896075873,tm
2025-12,2026-02,722024,PA ONION HAIR OIL 200ML,1.912299896,ml
2025-12,2026-02,722024,PA ONION HAIR OIL 200ML,6.5,tm
2026-01,2026-02,722024,PA ONION HAIR OIL 200ML,4.151817707,ml
2026-01,2026-02,722024,PA ONION HAIR OIL 200ML,6.5,tm
2025-10,2026-03,722024,PA ONION HAIR OIL 200ML,4.269642769,ml
2025-10,2026-03,722024,PA ONION HAIR OIL 200ML,9.098144955,tm
2025-11,2026-03,722024,PA ONION HAIR OIL 200ML,4.239763774,ml
2025-11,2026-03,722024,PA ONION HAIR OIL 200ML,6.304043785,tm
2025-12,2026-03,722024,PA ONION HAIR OIL 200ML,5.084195337,ml
2025-12,2026-03,722024,PA ONION HAIR OIL 200ML,7.0,tm
2026-01,2026-03,722024,PA ONION HAIR OIL 200ML,4.837023708,ml
2026-01,2026-03,722024,PA ONION HAIR OIL 200ML,7.0,tm
2026-02,2026-03,722024,PA ONION HAIR OIL 200ML,4.226794841,ml
2026-02,2026-03,722024,PA ONION HAIR OIL 200ML,7.0,tm
2025-11,2026-04,722024,PA ONION HAIR OIL 200ML,4.301291565,ml
2025-11,2026-04,722024,PA ONION HAIR OIL 200ML,6.395528573,tm
2025-12,2026-04,722024,PA ONION HAIR OIL 200ML,2.388354272,ml
2025-12,2026-04,722024,PA ONION HAIR OIL 200ML,5.198144955,tm
2026-01,2026-04,722024,PA ONION HAIR OIL 200ML,3.633260431,ml
2026-01,2026-04,722024,PA ONION HAIR OIL 200ML,5.198144955,tm
2026-02,2026-04,722024,PA ONION HAIR OIL 200ML,3.785922446,ml
2026-02,2026-04,722024,PA ONION HAIR OIL 200ML,5.72,tm
2026-03,2026-04,722024,PA ONION HAIR OIL 200ML,3.526642811,ml
2026-03,2026-04,722024,PA ONION HAIR OIL 200ML,6.2,tm
2025-12,2026-05,722024,PA ONION HAIR OIL 200ML,5.772481189,ml
2025-12,2026-05,722024,PA ONION HAIR OIL 200ML,8.0,tm
2026-01,2026-05,722024,PA ONION HAIR OIL 200ML,5.592054845,ml
2026-01,2026-05,722024,PA ONION HAIR OIL 200ML,8.0,tm
2026-02,2026-05,722024,PA ONION HAIR OIL 200ML,4.406663364,ml
2026-02,2026-05,722024,PA ONION HAIR OIL 200ML,8.8,tm
2026-03,2026-05,722024,PA ONION HAIR OIL 200ML,4.153359508,ml
2026-03,2026-05,722024,PA ONION HAIR OIL 200ML,8.3,tm
2026-04,2026-05,722024,PA ONION HAIR OIL 200ML,8.140154512,ml
2026-04,2026-05,722024,PA ONION HAIR OIL 200ML,8.4,tm
2026-01,2026-06,722024,PA ONION HAIR OIL 200ML,4.277190129,ml
2026-01,2026-06,722024,PA ONION HAIR OIL 200ML,5.298144955,tm
2026-02,2026-06,722024,PA ONION HAIR OIL 200ML,4.226938977,ml
2026-02,2026-06,722024,PA ONION HAIR OIL 200ML,5.2,tm
2026-03,2026-06,722024,PA ONION HAIR OIL 200ML,4.153359508,ml
2026-03,2026-06,722024,PA ONION HAIR OIL 200ML,6.0,tm
2026-04,2026-06,722024,PA ONION HAIR OIL 200ML,5.607063229,ml
2026-04,2026-06,722024,PA ONION HAIR OIL 200ML,5.5,tm
2026-05,2026-06,722024,PA ONION HAIR OIL 200ML,4.110330389,ml
2026-05,2026-06,722024,PA ONION HAIR OIL 200ML,5.5,tm
2026-02,2026-07,722024,PA ONION HAIR OIL 200ML,4.226938977,ml
2026-02,2026-07,722024,PA ONION HAIR OIL 200ML,7.0,tm
2026-03,2026-07,722024,PA ONION HAIR OIL 200ML,4.153359508,ml
2026-03,2026-07,722024,PA ONION HAIR OIL 200ML,6.0,tm
2026-04,2026-07,722024,PA ONION HAIR OIL 200ML,6.554719535,ml
2026-04,2026-07,722024,PA ONION HAIR OIL 200ML,6.3,tm
2026-05,2026-07,722024,PA ONION HAIR OIL 200ML,4.353341951,ml
2026-05,2026-07,722024,PA ONION HAIR OIL 200ML,7.0,tm
2026-06,2026-07,722024,PA ONION HAIR OIL 200ML,4.31894922,ml
2026-06,2026-07,722024,PA ONION HAIR OIL 200ML,7.0,tm
2026-03,2026-08,722024,PA ONION HAIR OIL 200ML,3.714256587,ml
2026-03,2026-08,722024,PA ONION HAIR OIL 200ML,6.5,tm
2026-04,2026-08,722024,PA ONION HAIR OIL 200ML,5.607063229,ml
2026-04,2026-08,722024,PA ONION HAIR OIL 200ML,5.5,tm
2026-05,2026-08,722024,PA ONION HAIR OIL 200ML,3.982220053,ml
2026-05,2026-08,722024,PA ONION HAIR OIL 200ML,5.5,tm
2026-06,2026-08,722024,PA ONION HAIR OIL 200ML,3.850795615,ml
2026-06,2026-08,722024,PA ONION HAIR OIL 200ML,5.5,tm
2026-07,2026-08,722024,PA ONION HAIR OIL 200ML,3.542768942,ml
2026-07,2026-08,722024,PA ONION HAIR OIL 200ML,5.151343334,tm
2026-04,2026-09,722024,PA ONION HAIR OIL 200ML,6.189638742,ml
2026-04,2026-09,722024,PA ONION HAIR OIL 200ML,6.4,tm
2026-05,2026-09,722024,PA ONION HAIR OIL 200ML,4.328973041,ml
2026-05,2026-09,722024,PA ONION HAIR OIL 200ML,6.4,tm
2026-06,2026-09,722024,PA ONION HAIR OIL 200ML,4.318917603,ml
2026-06,2026-09,722024,PA ONION HAIR OIL 200ML,6.4,tm
2026-07,2026-09,722024,PA ONION HAIR OIL 200ML,4.5678709,ml
2026-07,2026-09,722024,PA ONION HAIR OIL 200ML,6.641887095,tm
2026-05,2026-10,722024,PA ONION HAIR OIL 200ML,3.721578303,ml
2026-05,2026-10,722024,PA ONION HAIR OIL 200ML,4.8,tm
2026-06,2026-10,722024,PA ONION HAIR OIL 200ML,3.850795615,ml
2026-06,2026-10,722024,PA ONION HAIR OIL 200ML,4.8,tm
2026-07,2026-10,722024,PA ONION HAIR OIL 200ML,3.969291503,ml
2026-07,2026-10,722024,PA ONION HAIR OIL 200ML,5.771526075,tm
2026-06,2026-11,722024,PA ONION HAIR OIL 200ML,3.602918841,ml
2026-06,2026-11,722024,PA ONION HAIR OIL 200ML,6.5,tm
2026-07,2026-11,722024,PA ONION HAIR OIL 200ML,2.269547398,ml
2026-07,2026-11,722024,PA ONION HAIR OIL 200ML,3.30002268,tm
2026-07,2026-12,722024,PA ONION HAIR OIL 200ML,3.969291503,ml
2026-07,2026-12,722024,PA ONION HAIR OIL 200ML,5.771526075,tm
2025-07,2025-09,723420,BELI CHLD (F W BELI 200ML) 0TK 84X34ML,3.325625,tm
2025-08,2025-09,723420,BELI CHLD (F W BELI 200ML) 0TK 84X34ML,3.325625,tm
2025-09,2025-10,723420,BELI CHLD (F W BELI 200ML) 0TK 84X34ML,1.415696176,tm
2025-09,2025-11,723420,BELI CHLD (F W BELI 200ML) 0TK 84X34ML,1.1994209770000002,tm
2025-10,2025-11,723420,BELI CHLD (F W BELI 200ML) 0TK 84X34ML,2.021607566,tm
2025-09,2025-12,723420,BELI CHLD (F W BELI 200ML) 0TK 84X34ML,0.153902347,tm
2025-10,2025-12,723420,BELI CHLD (F W BELI 200ML) 0TK 84X34ML,0.132343434,tm
2025-11,2026-01,723420,BELI CHLD (F W BELI 200ML) 0TK 84X34ML,1.087643,tm
2025-12,2026-01,723420,BELI CHLD (F W BELI 200ML) 0TK 84X34ML,0.41032397200000004,tm
2025-12,2026-02,723420,BELI CHLD (F W BELI 200ML) 0TK 84X34ML,0.374413028,tm
2026-01,2026-02,723420,BELI CHLD (F W BELI 200ML) 0TK 84X34ML,0.16575,tm
2026-01,2026-03,723420,BELI CHLD (F W BELI 200ML) 0TK 84X34ML,0.35646875,tm
2026-02,2026-03,723420,BELI CHLD (F W BELI 200ML) 0TK 84X34ML,0.052568976,tm
2026-01,2026-04,723420,BELI CHLD (F W BELI 200ML) 0TK 84X34ML,0.01753125,tm
2026-02,2026-04,723420,BELI CHLD (F W BELI 200ML) 0TK 84X34ML,0.047306024,tm
2026-03,2026-04,723420,BELI CHLD (F W BELI 200ML) 0TK 84X34ML,0.05525,tm
2026-02,2026-05,723420,BELI CHLD (F W BELI 200ML) 0TK 84X34ML,0.0860625,tm
2026-03,2026-05,723420,BELI CHLD (F W BELI 200ML) 0TK 84X34ML,0.0223125,tm
2026-04,2026-05,723420,BELI CHLD (F W BELI 200ML) 0TK 84X34ML,0.031875,tm
2026-04,2026-06,723420,BELI CHLD (F W BELI 200ML) 0TK 84X34ML,0.010625,tm
2026-05,2026-06,723420,BELI CHLD (F W BELI 200ML) 0TK 84X34ML,0.0255,tm
2026-06,2026-07,723420,BELI CHLD (F W BELI 200ML) 0TK 84X34ML,0.02125,tm
2026-07,2026-08,723420,BELI CHLD (F W BELI 200ML) 0TK 84X34ML,0.02125,tm
2025-04,2025-05,723527,PN SHMP DM 200TK 24X170ML,0.350011522,ml
2025-04,2025-05,723527,PN SHMP DM 200TK 24X170ML,1.18351586,tm
2025-04,2025-06,723527,PN SHMP DM 200TK 24X170ML,0.30535956,ml
2025-04,2025-06,723527,PN SHMP DM 200TK 24X170ML,0.845368472,tm
2025-05,2025-06,723527,PN SHMP DM 200TK 24X170ML,0.472977714,ml
2025-05,2025-06,723527,PN SHMP DM 200TK 24X170ML,0.845368472,tm
2025-04,2025-07,723527,PN SHMP DM 200TK 24X170ML,0.37328,ml
2025-04,2025-07,723527,PN SHMP DM 200TK 24X170ML,1.18351586,tm
2025-05,2025-07,723527,PN SHMP DM 200TK 24X170ML,0.351462339,ml
2025-05,2025-07,723527,PN SHMP DM 200TK 24X170ML,1.18351586,tm
2025-06,2025-07,723527,PN SHMP DM 200TK 24X170ML,0.374571597,ml
2025-06,2025-07,723527,PN SHMP DM 200TK 24X170ML,1.18351586,tm
2025-04,2025-08,723527,PN SHMP DM 200TK 24X170ML,0.468787392,ml
2025-04,2025-08,723527,PN SHMP DM 200TK 24X170ML,0.845368472,tm
2025-05,2025-08,723527,PN SHMP DM 200TK 24X170ML,0.526982243,ml
2025-05,2025-08,723527,PN SHMP DM 200TK 24X170ML,0.845368472,tm
2025-06,2025-08,723527,PN SHMP DM 200TK 24X170ML,0.421378243,ml
2025-06,2025-08,723527,PN SHMP DM 200TK 24X170ML,0.845368472,tm
2025-07,2025-08,723527,PN SHMP DM 200TK 24X170ML,0.532945092,ml
2025-07,2025-08,723527,PN SHMP DM 200TK 24X170ML,1.24966132,tm
2025-04,2025-09,723527,PN SHMP DM 200TK 24X170ML,0.338782418,ml
2025-04,2025-09,723527,PN SHMP DM 200TK 24X170ML,1.18351586,tm
2025-05,2025-09,723527,PN SHMP DM 200TK 24X170ML,0.335537239,ml
2025-05,2025-09,723527,PN SHMP DM 200TK 24X170ML,1.38351586,tm
2025-06,2025-09,723527,PN SHMP DM 200TK 24X170ML,0.310793439,ml
2025-06,2025-09,723527,PN SHMP DM 200TK 24X170ML,1.18351586,tm
2025-07,2025-09,723527,PN SHMP DM 200TK 24X170ML,0.298646327,ml
2025-07,2025-09,723527,PN SHMP DM 200TK 24X170ML,0.700272445,tm
2025-08,2025-09,723527,PN SHMP DM 200TK 24X170ML,0.374719759,ml
2025-08,2025-09,723527,PN SHMP DM 200TK 24X170ML,1.18351586,tm
2025-05,2025-10,723527,PN SHMP DM 200TK 24X170ML,0.335537239,ml
2025-05,2025-10,723527,PN SHMP DM 200TK 24X170ML,1.0,tm
2025-06,2025-10,723527,PN SHMP DM 200TK 24X170ML,0.444456233,ml
2025-06,2025-10,723527,PN SHMP DM 200TK 24X170ML,0.743924255,tm
2025-07,2025-10,723527,PN SHMP DM 200TK 24X170ML,0.273695318,ml
2025-07,2025-10,723527,PN SHMP DM 200TK 24X170ML,0.641766774,tm
2025-08,2025-10,723527,PN SHMP DM 200TK 24X170ML,0.410757679,ml
2025-08,2025-10,723527,PN SHMP DM 200TK 24X170ML,0.743924255,tm
2025-09,2025-10,723527,PN SHMP DM 200TK 24X170ML,0.305473498,ml
2025-09,2025-10,723527,PN SHMP DM 200TK 24X170ML,0.716280946,tm
2025-06,2025-11,723527,PN SHMP DM 200TK 24X170ML,0.412771006,ml
2025-06,2025-11,723527,PN SHMP DM 200TK 24X170ML,0.743924255,tm
2025-07,2025-11,723527,PN SHMP DM 200TK 24X170ML,0.440439127,ml
2025-07,2025-11,723527,PN SHMP DM 200TK 24X170ML,1.032751307,tm
2025-08,2025-11,723527,PN SHMP DM 200TK 24X170ML,0.515618677,ml
2025-08,2025-11,723527,PN SHMP DM 200TK 24X170ML,0.743924255,tm
2025-09,2025-11,723527,PN SHMP DM 200TK 24X170ML,0.458557706,ml
2025-09,2025-11,723527,PN SHMP DM 200TK 24X170ML,1.075236147,tm
2025-10,2025-11,723527,PN SHMP DM 200TK 24X170ML,0.339063556,ml
2025-10,2025-11,723527,PN SHMP DM 200TK 24X170ML,1.143536368,tm
2025-07,2025-12,723527,PN SHMP DM 200TK 24X170ML,0.269253946,ml
2025-07,2025-12,723527,PN SHMP DM 200TK 24X170ML,0.631352547,tm
2025-08,2025-12,723527,PN SHMP DM 200TK 24X170ML,0.3605028,ml
2025-08,2025-12,723527,PN SHMP DM 200TK 24X170ML,1.18,tm
2025-09,2025-12,723527,PN SHMP DM 200TK 24X170ML,0.267997103,ml
2025-09,2025-12,723527,PN SHMP DM 200TK 24X170ML,0.628405475,tm
2025-10,2025-12,723527,PN SHMP DM 200TK 24X170ML,0.123372153,ml
2025-10,2025-12,723527,PN SHMP DM 200TK 24X170ML,1.307494923,tm
2025-11,2025-12,723527,PN SHMP DM 200TK 24X170ML,0.157682591,ml
2025-11,2025-12,723527,PN SHMP DM 200TK 24X170ML,0.91648414,tm
2025-08,2026-01,723527,PN SHMP DM 200TK 24X170ML,0.546175539,ml
2025-08,2026-01,723527,PN SHMP DM 200TK 24X170ML,0.74,tm
2025-09,2026-01,723527,PN SHMP DM 200TK 24X170ML,0.496469182,ml
2025-09,2026-01,723527,PN SHMP DM 200TK 24X170ML,1.164131807,tm
2025-10,2026-01,723527,PN SHMP DM 200TK 24X170ML,0.367145372,ml
2025-10,2026-01,723527,PN SHMP DM 200TK 24X170ML,0.862700464,tm
2025-11,2026-01,723527,PN SHMP DM 200TK 24X170ML,0.495248556,ml
2025-11,2026-01,723527,PN SHMP DM 200TK 24X170ML,0.743924255,tm
2025-12,2026-01,723527,PN SHMP DM 200TK 24X170ML,0.2546486,ml
2025-12,2026-01,723527,PN SHMP DM 200TK 24X170ML,0.743924255,tm
2025-09,2026-02,723527,PN SHMP DM 200TK 24X170ML,0.366721384,ml
2025-09,2026-02,723527,PN SHMP DM 200TK 24X170ML,0.85989633,tm
2025-10,2026-02,723527,PN SHMP DM 200TK 24X170ML,0.27743656,ml
2025-10,2026-02,723527,PN SHMP DM 200TK 24X170ML,1.023598232,tm
2025-11,2026-02,723527,PN SHMP DM 200TK 24X170ML,0.239036503,ml
2025-11,2026-02,723527,PN SHMP DM 200TK 24X170ML,1.256075745,tm
2025-12,2026-02,723527,PN SHMP DM 200TK 24X170ML,0.346531406,ml
2025-12,2026-02,723527,PN SHMP DM 200TK 24X170ML,1.256075745,tm
2026-01,2026-02,723527,PN SHMP DM 200TK 24X170ML,0.494161444,ml
2026-01,2026-02,723527,PN SHMP DM 200TK 24X170ML,1.158720573,tm
2025-10,2026-03,723527,PN SHMP DM 200TK 24X170ML,0.262409854,ml
2025-10,2026-03,723527,PN SHMP DM 200TK 24X170ML,1.023598232,tm
2025-11,2026-03,723527,PN SHMP DM 200TK 24X170ML,0.418556888,ml
2025-11,2026-03,723527,PN SHMP DM 200TK 24X170ML,1.352589555,tm
2025-12,2026-03,723527,PN SHMP DM 200TK 24X170ML,0.385906,ml
2025-12,2026-03,723527,PN SHMP DM 200TK 24X170ML,1.352589555,tm
2026-01,2026-03,723527,PN SHMP DM 200TK 24X170ML,0.276819247,ml
2026-01,2026-03,723527,PN SHMP DM 200TK 24X170ML,0.649091831,tm
2026-02,2026-03,723527,PN SHMP DM 200TK 24X170ML,0.2606183,ml
2026-02,2026-03,723527,PN SHMP DM 200TK 24X170ML,1.352589555,tm
2025-11,2026-04,723527,PN SHMP DM 200TK 24X170ML,0.649477299,ml
2025-11,2026-04,723527,PN SHMP DM 200TK 24X170ML,0.83190237,tm
2025-12,2026-04,723527,PN SHMP DM 200TK 24X170ML,0.522245443,ml
2025-12,2026-04,723527,PN SHMP DM 200TK 24X170ML,1.5,tm
2026-01,2026-04,723527,PN SHMP DM 200TK 24X170ML,0.275871797,ml
2026-01,2026-04,723527,PN SHMP DM 200TK 24X170ML,0.646870229,tm
2026-02,2026-04,723527,PN SHMP DM 200TK 24X170ML,0.255862571,ml
2026-02,2026-04,723527,PN SHMP DM 200TK 24X170ML,0.8,tm
2026-03,2026-04,723527,PN SHMP DM 200TK 24X170ML,0.381982667,ml
2026-03,2026-04,723527,PN SHMP DM 200TK 24X170ML,0.8,tm
2025-12,2026-05,723527,PN SHMP DM 200TK 24X170ML,0.345666192,ml
2025-12,2026-05,723527,PN SHMP DM 200TK 24X170ML,1.88351586,tm
2026-01,2026-05,723527,PN SHMP DM 200TK 24X170ML,0.287913649,ml
2026-01,2026-05,723527,PN SHMP DM 200TK 24X170ML,0.675106227,tm
2026-02,2026-05,723527,PN SHMP DM 200TK 24X170ML,0.253983043,ml
2026-02,2026-05,723527,PN SHMP DM 200TK 24X170ML,1.18351586,tm
2026-03,2026-05,723527,PN SHMP DM 200TK 24X170ML,0.293677268,ml
2026-03,2026-05,723527,PN SHMP DM 200TK 24X170ML,0.8,tm
2026-04,2026-05,723527,PN SHMP DM 200TK 24X170ML,1.065110761,ml
2026-04,2026-05,723527,PN SHMP DM 200TK 24X170ML,0.8,tm
2026-01,2026-06,723527,PN SHMP DM 200TK 24X170ML,0.252672341,ml
2026-01,2026-06,723527,PN SHMP DM 200TK 24X170ML,0.592471637,tm
2026-02,2026-06,723527,PN SHMP DM 200TK 24X170ML,0.278703802,ml
2026-02,2026-06,723527,PN SHMP DM 200TK 24X170ML,0.8,tm
2026-03,2026-06,723527,PN SHMP DM 200TK 24X170ML,0.343804567,ml
2026-03,2026-06,723527,PN SHMP DM 200TK 24X170ML,0.8,tm
2026-04,2026-06,723527,PN SHMP DM 200TK 24X170ML,0.702373432,ml
2026-04,2026-06,723527,PN SHMP DM 200TK 24X170ML,0.8,tm
2026-05,2026-06,723527,PN SHMP DM 200TK 24X170ML,0.273531953,ml
2026-05,2026-06,723527,PN SHMP DM 200TK 24X170ML,0.8,tm
2026-02,2026-07,723527,PN SHMP DM 200TK 24X170ML,0.249238393,ml
2026-02,2026-07,723527,PN SHMP DM 200TK 24X170ML,1.0,tm
2026-03,2026-07,723527,PN SHMP DM 200TK 24X170ML,0.317798215,ml
2026-03,2026-07,723527,PN SHMP DM 200TK 24X170ML,0.8,tm
2026-04,2026-07,723527,PN SHMP DM 200TK 24X170ML,0.661231754,ml
2026-04,2026-07,723527,PN SHMP DM 200TK 24X170ML,0.8,tm
2026-05,2026-07,723527,PN SHMP DM 200TK 24X170ML,0.363589316,ml
2026-05,2026-07,723527,PN SHMP DM 200TK 24X170ML,0.8,tm
2026-06,2026-07,723527,PN SHMP DM 200TK 24X170ML,0.321828243,ml
2026-06,2026-07,723527,PN SHMP DM 200TK 24X170ML,0.8,tm
2026-03,2026-08,723527,PN SHMP DM 200TK 24X170ML,0.099659431,ml
2026-03,2026-08,723527,PN SHMP DM 200TK 24X170ML,0.8,tm
2026-04,2026-08,723527,PN SHMP DM 200TK 24X170ML,0.089883966,ml
2026-04,2026-08,723527,PN SHMP DM 200TK 24X170ML,0.8,tm
2026-05,2026-08,723527,PN SHMP DM 200TK 24X170ML,0.313918261,ml
2026-05,2026-08,723527,PN SHMP DM 200TK 24X170ML,0.8,tm
2026-06,2026-08,723527,PN SHMP DM 200TK 24X170ML,0.283641383,ml
2026-06,2026-08,723527,PN SHMP DM 200TK 24X170ML,0.8,tm
2026-07,2026-08,723527,PN SHMP DM 200TK 24X170ML,0.2647379005,ml
2026-07,2026-08,723527,PN SHMP DM 200TK 24X170ML,0.642675659,tm
2026-04,2026-09,723527,PN SHMP DM 200TK 24X170ML,0.638360016,ml
2026-04,2026-09,723527,PN SHMP DM 200TK 24X170ML,0.6,tm
2026-05,2026-09,723527,PN SHMP DM 200TK 24X170ML,0.303143543,ml
2026-05,2026-09,723527,PN SHMP DM 200TK 24X170ML,0.6,tm
2026-06,2026-09,723527,PN SHMP DM 200TK 24X170ML,0.321828243,ml
2026-06,2026-09,723527,PN SHMP DM 200TK 24X170ML,0.6,tm
2026-07,2026-09,723527,PN SHMP DM 200TK 24X170ML,0.2647379005,ml
2026-07,2026-09,723527,PN SHMP DM 200TK 24X170ML,0.642675659,tm
2026-05,2026-10,723527,PN SHMP DM 200TK 24X170ML,0.296979983,ml
2026-05,2026-10,723527,PN SHMP DM 200TK 24X170ML,0.8,tm
2026-06,2026-10,723527,PN SHMP DM 200TK 24X170ML,0.283145887,ml
2026-06,2026-10,723527,PN SHMP DM 200TK 24X170ML,0.8,tm
2026-07,2026-10,723527,PN SHMP DM 200TK 24X170ML,0.2777907979,ml
2026-07,2026-10,723527,PN SHMP DM 200TK 24X170ML,0.674362771,tm
2026-06,2026-11,723527,PN SHMP DM 200TK 24X170ML,0.283863208,ml
2026-06,2026-11,723527,PN SHMP DM 200TK 24X170ML,0.8,tm
2026-07,2026-11,723527,PN SHMP DM 200TK 24X170ML,0.2811961291,ml
2026-07,2026-11,723527,PN SHMP DM 200TK 24X170ML,0.682629526,tm
2026-07,2026-12,723527,PN SHMP DM 200TK 24X170ML,0.2782848004,ml
2026-07,2026-12,723527,PN SHMP DM 200TK 24X170ML,0.675562007,tm
2025-04,2025-05,723532,PN SHMP NC 370TK 24X340ML,9.333651554,ml
2025-04,2025-05,723532,PN SHMP NC 370TK 24X340ML,18.0,tm
2025-04,2025-06,723532,PN SHMP NC 370TK 24X340ML,8.59690769,ml
2025-04,2025-06,723532,PN SHMP NC 370TK 24X340ML,8.8,tm
2025-05,2025-06,723532,PN SHMP NC 370TK 24X340ML,11.40592513,ml
2025-05,2025-06,723532,PN SHMP NC 370TK 24X340ML,12.8,tm
2025-04,2025-07,723532,PN SHMP NC 370TK 24X340ML,6.05001142,ml
2025-04,2025-07,723532,PN SHMP NC 370TK 24X340ML,16.09756098,tm
2025-05,2025-07,723532,PN SHMP NC 370TK 24X340ML,6.896551907,ml
2025-05,2025-07,723532,PN SHMP NC 370TK 24X340ML,18.09756098,tm
2025-06,2025-07,723532,PN SHMP NC 370TK 24X340ML,7.561892594,ml
2025-06,2025-07,723532,PN SHMP NC 370TK 24X340ML,18.09756098,tm
2025-04,2025-08,723532,PN SHMP NC 370TK 24X340ML,5.839638121,ml
2025-04,2025-08,723532,PN SHMP NC 370TK 24X340ML,11.926829268,tm
2025-05,2025-08,723532,PN SHMP NC 370TK 24X340ML,9.465783538,ml
2025-05,2025-08,723532,PN SHMP NC 370TK 24X340ML,14.426829268,tm
2025-06,2025-08,723532,PN SHMP NC 370TK 24X340ML,8.481664797,ml
2025-06,2025-08,723532,PN SHMP NC 370TK 24X340ML,13.926829268,tm
2025-07,2025-08,723532,PN SHMP NC 370TK 24X340ML,8.368823775,ml
2025-07,2025-08,723532,PN SHMP NC 370TK 24X340ML,13.926829268,tm
2025-04,2025-09,723532,PN SHMP NC 370TK 24X340ML,6.413472104,ml
2025-04,2025-09,723532,PN SHMP NC 370TK 24X340ML,15.09756098,tm
2025-05,2025-09,723532,PN SHMP NC 370TK 24X340ML,6.933421216,ml
2025-05,2025-09,723532,PN SHMP NC 370TK 24X340ML,18.19756098,tm
2025-06,2025-09,723532,PN SHMP NC 370TK 24X340ML,8.303192472,ml
2025-06,2025-09,723532,PN SHMP NC 370TK 24X340ML,18.49756098,tm
2025-07,2025-09,723532,PN SHMP NC 370TK 24X340ML,7.376085814,ml
2025-07,2025-09,723532,PN SHMP NC 370TK 24X340ML,25.8972696,tm
2025-08,2025-09,723532,PN SHMP NC 370TK 24X340ML,8.837340844,ml
2025-08,2025-09,723532,PN SHMP NC 370TK 24X340ML,25.8972696,tm
2025-05,2025-10,723532,PN SHMP NC 370TK 24X340ML,7.007390286,ml
2025-05,2025-10,723532,PN SHMP NC 370TK 24X340ML,12.975609756,tm
2025-06,2025-10,723532,PN SHMP NC 370TK 24X340ML,7.984849767,ml
2025-06,2025-10,723532,PN SHMP NC 370TK 24X340ML,10.975609756,tm
2025-07,2025-10,723532,PN SHMP NC 370TK 24X340ML,7.434231526,ml
2025-07,2025-10,723532,PN SHMP NC 370TK 24X340ML,10.975609756,tm
2025-08,2025-10,723532,PN SHMP NC 370TK 24X340ML,8.829478278,ml
2025-08,2025-10,723532,PN SHMP NC 370TK 24X340ML,10.975609756,tm
2025-09,2025-10,723532,PN SHMP NC 370TK 24X340ML,6.965424885,ml
2025-09,2025-10,723532,PN SHMP NC 370TK 24X340ML,11.597826717,tm
2025-06,2025-11,723532,PN SHMP NC 370TK 24X340ML,9.042754936,ml
2025-06,2025-11,723532,PN SHMP NC 370TK 24X340ML,10.975609756,tm
2025-07,2025-11,723532,PN SHMP NC 370TK 24X340ML,8.661809673,ml
2025-07,2025-11,723532,PN SHMP NC 370TK 24X340ML,10.975609756,tm
2025-08,2025-11,723532,PN SHMP NC 370TK 24X340ML,9.460116168,ml
2025-08,2025-11,723532,PN SHMP NC 370TK 24X340ML,10.975609756,tm
2025-09,2025-11,723532,PN SHMP NC 370TK 24X340ML,9.169158857,ml
2025-09,2025-11,723532,PN SHMP NC 370TK 24X340ML,11.39710641,tm
2025-10,2025-11,723532,PN SHMP NC 370TK 24X340ML,8.5907743,ml
2025-10,2025-11,723532,PN SHMP NC 370TK 24X340ML,16.785395872,tm
2025-07,2025-12,723532,PN SHMP NC 370TK 24X340ML,7.434231526,ml
2025-07,2025-12,723532,PN SHMP NC 370TK 24X340ML,14.1,tm
2025-08,2025-12,723532,PN SHMP NC 370TK 24X340ML,8.715753733,ml
2025-08,2025-12,723532,PN SHMP NC 370TK 24X340ML,14.1,tm
2025-09,2025-12,723532,PN SHMP NC 370TK 24X340ML,6.68416918,ml
2025-09,2025-12,723532,PN SHMP NC 370TK 24X340ML,12.175421265,tm
2025-10,2025-12,723532,PN SHMP NC 370TK 24X340ML,6.512136006,ml
2025-10,2025-12,723532,PN SHMP NC 370TK 24X340ML,12.175421265,tm
2025-11,2025-12,723532,PN SHMP NC 370TK 24X340ML,6.026774456,ml
2025-11,2025-12,723532,PN SHMP NC 370TK 24X340ML,39.77312,tm
2025-08,2026-01,723532,PN SHMP NC 370TK 24X340ML,10.06814548,ml
2025-08,2026-01,723532,PN SHMP NC 370TK 24X340ML,10.0,tm
2025-09,2026-01,723532,PN SHMP NC 370TK 24X340ML,12.80415606,ml
2025-09,2026-01,723532,PN SHMP NC 370TK 24X340ML,14.503044419,tm
2025-10,2026-01,723532,PN SHMP NC 370TK 24X340ML,7.85566585,ml
2025-10,2026-01,723532,PN SHMP NC 370TK 24X340ML,14.503044419,tm
2025-11,2026-01,723532,PN SHMP NC 370TK 24X340ML,12.02899344,ml
2025-11,2026-01,723532,PN SHMP NC 370TK 24X340ML,16.475609755999997,tm
2025-12,2026-01,723532,PN SHMP NC 370TK 24X340ML,12.00591003,ml
2025-12,2026-01,723532,PN SHMP NC 370TK 24X340ML,16.475609756,tm
2025-09,2026-02,723532,PN SHMP NC 370TK 24X340ML,15.45885986,ml
2025-09,2026-02,723532,PN SHMP NC 370TK 24X340ML,9.979208244,tm
2025-10,2026-02,723532,PN SHMP NC 370TK 24X340ML,8.026489189,ml
2025-10,2026-02,723532,PN SHMP NC 370TK 24X340ML,15.979208244,tm
2025-11,2026-02,723532,PN SHMP NC 370TK 24X340ML,12.69570692,ml
2025-11,2026-02,723532,PN SHMP NC 370TK 24X340ML,19.975609756,tm
2025-12,2026-02,723532,PN SHMP NC 370TK 24X340ML,13.76425783,ml
2025-12,2026-02,723532,PN SHMP NC 370TK 24X340ML,19.975609756,tm
2026-01,2026-02,723532,PN SHMP NC 370TK 24X340ML,9.499806353,ml
2026-01,2026-02,723532,PN SHMP NC 370TK 24X340ML,19.98,tm
2025-10,2026-03,723532,PN SHMP NC 370TK 24X340ML,8.10916093,ml
2025-10,2026-03,723532,PN SHMP NC 370TK 24X340ML,9.979208244,tm
2025-11,2026-03,723532,PN SHMP NC 370TK 24X340ML,15.16688495,ml
2025-11,2026-03,723532,PN SHMP NC 370TK 24X340ML,15.68292683,tm
2025-12,2026-03,723532,PN SHMP NC 370TK 24X340ML,15.73932255,ml
2025-12,2026-03,723532,PN SHMP NC 370TK 24X340ML,15.68292683,tm
2026-01,2026-03,723532,PN SHMP NC 370TK 24X340ML,9.236396056,ml
2026-01,2026-03,723532,PN SHMP NC 370TK 24X340ML,15.68292683,tm
2026-02,2026-03,723532,PN SHMP NC 370TK 24X340ML,9.277238512,ml
2026-02,2026-03,723532,PN SHMP NC 370TK 24X340ML,15.68292683,tm
2025-11,2026-04,723532,PN SHMP NC 370TK 24X340ML,15.44601933,ml
2025-11,2026-04,723532,PN SHMP NC 370TK 24X340ML,9.667717096,tm
2025-12,2026-04,723532,PN SHMP NC 370TK 24X340ML,15.33220424,ml
2025-12,2026-04,723532,PN SHMP NC 370TK 24X340ML,22.3,tm
2026-01,2026-04,723532,PN SHMP NC 370TK 24X340ML,9.409317091,ml
2026-01,2026-04,723532,PN SHMP NC 370TK 24X340ML,20.6,tm
2026-02,2026-04,723532,PN SHMP NC 370TK 24X340ML,10.03193474,ml
2026-02,2026-04,723532,PN SHMP NC 370TK 24X340ML,20.6,tm
2026-03,2026-04,723532,PN SHMP NC 370TK 24X340ML,10.02844221,ml
2026-03,2026-04,723532,PN SHMP NC 370TK 24X340ML,20.0,tm
2025-12,2026-05,723532,PN SHMP NC 370TK 24X340ML,11.51572702,ml
2025-12,2026-05,723532,PN SHMP NC 370TK 24X340ML,39.3,tm
2026-01,2026-05,723532,PN SHMP NC 370TK 24X340ML,9.585154563,ml
2026-01,2026-05,723532,PN SHMP NC 370TK 24X340ML,37.6,tm
2026-02,2026-05,723532,PN SHMP NC 370TK 24X340ML,10.4874836,ml
2026-02,2026-05,723532,PN SHMP NC 370TK 24X340ML,37.6,tm
2026-03,2026-05,723532,PN SHMP NC 370TK 24X340ML,10.60366572,ml
2026-03,2026-05,723532,PN SHMP NC 370TK 24X340ML,26.0,tm
2026-04,2026-05,723532,PN SHMP NC 370TK 24X340ML,22.1523234,ml
2026-04,2026-05,723532,PN SHMP NC 370TK 24X340ML,26.0,tm
2026-01,2026-06,723532,PN SHMP NC 370TK 24X340ML,7.368240965,ml
2026-01,2026-06,723532,PN SHMP NC 370TK 24X340ML,15.1,tm
2026-02,2026-06,723532,PN SHMP NC 370TK 24X340ML,6.176332892,ml
2026-02,2026-06,723532,PN SHMP NC 370TK 24X340ML,15.1,tm
2026-03,2026-06,723532,PN SHMP NC 370TK 24X340ML,8.790577708,ml
2026-03,2026-06,723532,PN SHMP NC 370TK 24X340ML,18.2,tm
2026-04,2026-06,723532,PN SHMP NC 370TK 24X340ML,13.58824057,ml
2026-04,2026-06,723532,PN SHMP NC 370TK 24X340ML,18.2,tm
2026-05,2026-06,723532,PN SHMP NC 370TK 24X340ML,9.102070026,ml
2026-05,2026-06,723532,PN SHMP NC 370TK 24X340ML,18.200000000000003,tm
2026-02,2026-07,723532,PN SHMP NC 370TK 24X340ML,10.46753019,ml
2026-02,2026-07,723532,PN SHMP NC 370TK 24X340ML,18.7,tm
2026-03,2026-07,723532,PN SHMP NC 370TK 24X340ML,6.193149734,ml
2026-03,2026-07,723532,PN SHMP NC 370TK 24X340ML,16.0,tm
2026-04,2026-07,723532,PN SHMP NC 370TK 24X340ML,15.62945663,ml
2026-04,2026-07,723532,PN SHMP NC 370TK 24X340ML,13.0,tm
2026-05,2026-07,723532,PN SHMP NC 370TK 24X340ML,10.06288385,ml
2026-05,2026-07,723532,PN SHMP NC 370TK 24X340ML,13.0,tm
2026-06,2026-07,723532,PN SHMP NC 370TK 24X340ML,11.13022728,ml
2026-06,2026-07,723532,PN SHMP NC 370TK 24X340ML,13.0,tm
2026-03,2026-08,723532,PN SHMP NC 370TK 24X340ML,7.137884075,ml
2026-03,2026-08,723532,PN SHMP NC 370TK 24X340ML,14.0,tm
2026-04,2026-08,723532,PN SHMP NC 370TK 24X340ML,12.2183147,ml
2026-04,2026-08,723532,PN SHMP NC 370TK 24X340ML,14.0,tm
2026-05,2026-08,723532,PN SHMP NC 370TK 24X340ML,6.568079519,ml
2026-05,2026-08,723532,PN SHMP NC 370TK 24X340ML,14.0,tm
2026-06,2026-08,723532,PN SHMP NC 370TK 24X340ML,10.02410538,ml
2026-06,2026-08,723532,PN SHMP NC 370TK 24X340ML,14.0,tm
2026-07,2026-08,723532,PN SHMP NC 370TK 24X340ML,6.228569586,ml
2026-07,2026-08,723532,PN SHMP NC 370TK 24X340ML,7.723999837,tm
2026-04,2026-09,723532,PN SHMP NC 370TK 24X340ML,13.63639377,ml
2026-04,2026-09,723532,PN SHMP NC 370TK 24X340ML,10.0,tm
2026-05,2026-09,723532,PN SHMP NC 370TK 24X340ML,7.389568091,ml
2026-05,2026-09,723532,PN SHMP NC 370TK 24X340ML,10.0,tm
2026-06,2026-09,723532,PN SHMP NC 370TK 24X340ML,11.55721335,ml
2026-06,2026-09,723532,PN SHMP NC 370TK 24X340ML,10.0,tm
2026-07,2026-09,723532,PN SHMP NC 370TK 24X340ML,11.505499945,ml
2026-07,2026-09,723532,PN SHMP NC 370TK 24X340ML,14.267879402,tm
2026-05,2026-10,723532,PN SHMP NC 370TK 24X340ML,6.439447751,ml
2026-05,2026-10,723532,PN SHMP NC 370TK 24X340ML,15.0,tm
2026-06,2026-10,723532,PN SHMP NC 370TK 24X340ML,9.120745232,ml
2026-06,2026-10,723532,PN SHMP NC 370TK 24X340ML,15.0,tm
2026-07,2026-10,723532,PN SHMP NC 370TK 24X340ML,8.647261966,ml
2026-07,2026-10,723532,PN SHMP NC 370TK 24X340ML,10.723401111,tm
2026-06,2026-11,723532,PN SHMP NC 370TK 24X340ML,10.02410538,ml
2026-06,2026-11,723532,PN SHMP NC 370TK 24X340ML,14.0,tm
2026-07,2026-11,723532,PN SHMP NC 370TK 24X340ML,9.31884158,ml
2026-07,2026-11,723532,PN SHMP NC 370TK 24X340ML,11.556221674,tm
2026-07,2026-12,723532,PN SHMP NC 370TK 24X340ML,12.149619949,ml
2026-07,2026-12,723532,PN SHMP NC 370TK 24X340ML,15.066647521,tm
2025-04,2025-05,723533,PN SHMP ONION 240TK 24X175ML,1.301924364,ml
2025-04,2025-05,723533,PN SHMP ONION 240TK 24X175ML,1.543915529,tm
2025-04,2025-06,723533,PN SHMP ONION 240TK 24X175ML,1.214113257,ml
2025-04,2025-06,723533,PN SHMP ONION 240TK 24X175ML,1.102796806,tm
2025-05,2025-06,723533,PN SHMP ONION 240TK 24X175ML,1.103687852,ml
2025-05,2025-06,723533,PN SHMP ONION 240TK 24X175ML,1.602796806,tm
2025-04,2025-07,723533,PN SHMP ONION 240TK 24X175ML,0.705365376,ml
2025-04,2025-07,723533,PN SHMP ONION 240TK 24X175ML,1.543915529,tm
2025-05,2025-07,723533,PN SHMP ONION 240TK 24X175ML,0.674075313,ml
2025-05,2025-07,723533,PN SHMP ONION 240TK 24X175ML,2.003915529,tm
2025-06,2025-07,723533,PN SHMP ONION 240TK 24X175ML,0.821637893,ml
2025-06,2025-07,723533,PN SHMP ONION 240TK 24X175ML,2.543915529,tm
2025-04,2025-08,723533,PN SHMP ONION 240TK 24X175ML,0.71114755,ml
2025-04,2025-08,723533,PN SHMP ONION 240TK 24X175ML,1.102796806,tm
2025-05,2025-08,723533,PN SHMP ONION 240TK 24X175ML,0.923452015,ml
2025-05,2025-08,723533,PN SHMP ONION 240TK 24X175ML,1.602796806,tm
2025-06,2025-08,723533,PN SHMP ONION 240TK 24X175ML,0.925500297,ml
2025-06,2025-08,723533,PN SHMP ONION 240TK 24X175ML,1.102796806,tm
2025-07,2025-08,723533,PN SHMP ONION 240TK 24X175ML,1.298389793,ml
2025-07,2025-08,723533,PN SHMP ONION 240TK 24X175ML,1.102796806,tm
2025-04,2025-09,723533,PN SHMP ONION 240TK 24X175ML,0.850051585,ml
2025-04,2025-09,723533,PN SHMP ONION 240TK 24X175ML,1.543915529,tm
2025-05,2025-09,723533,PN SHMP ONION 240TK 24X175ML,0.6694152,ml
2025-05,2025-09,723533,PN SHMP ONION 240TK 24X175ML,2.043915529,tm
2025-06,2025-09,723533,PN SHMP ONION 240TK 24X175ML,0.890609126,ml
2025-06,2025-09,723533,PN SHMP ONION 240TK 24X175ML,1.543915529,tm
2025-07,2025-09,723533,PN SHMP ONION 240TK 24X175ML,0.837105069,ml
2025-07,2025-09,723533,PN SHMP ONION 240TK 24X175ML,1.543915529,tm
2025-08,2025-09,723533,PN SHMP ONION 240TK 24X175ML,0.83891715,ml
2025-08,2025-09,723533,PN SHMP ONION 240TK 24X175ML,1.543915529,tm
2025-05,2025-10,723533,PN SHMP ONION 240TK 24X175ML,0.700518733,ml
2025-05,2025-10,723533,PN SHMP ONION 240TK 24X175ML,1.470461189,tm
2025-06,2025-10,723533,PN SHMP ONION 240TK 24X175ML,0.813078233,ml
2025-06,2025-10,723533,PN SHMP ONION 240TK 24X175ML,0.970461189,tm
2025-07,2025-10,723533,PN SHMP ONION 240TK 24X175ML,0.835264092,ml
2025-07,2025-10,723533,PN SHMP ONION 240TK 24X175ML,0.970461189,tm
2025-08,2025-10,723533,PN SHMP ONION 240TK 24X175ML,0.7993004,ml
2025-08,2025-10,723533,PN SHMP ONION 240TK 24X175ML,0.970461189,tm
2025-09,2025-10,723533,PN SHMP ONION 240TK 24X175ML,0.594129083,ml
2025-09,2025-10,723533,PN SHMP ONION 240TK 24X175ML,0.994072775,tm
2025-06,2025-11,723533,PN SHMP ONION 240TK 24X175ML,1.075074626,ml
2025-06,2025-11,723533,PN SHMP ONION 240TK 24X175ML,0.970461189,tm
2025-07,2025-11,723533,PN SHMP ONION 240TK 24X175ML,0.996655634,ml
2025-07,2025-11,723533,PN SHMP ONION 240TK 24X175ML,0.970461189,tm
2025-08,2025-11,723533,PN SHMP ONION 240TK 24X175ML,1.29576755,ml
2025-08,2025-11,723533,PN SHMP ONION 240TK 24X175ML,0.970461189,tm
2025-09,2025-11,723533,PN SHMP ONION 240TK 24X175ML,1.107351748,ml
2025-09,2025-11,723533,PN SHMP ONION 240TK 24X175ML,0.986652296,tm
2025-10,2025-11,723533,PN SHMP ONION 240TK 24X175ML,0.759066498,ml
2025-10,2025-11,723533,PN SHMP ONION 240TK 24X175ML,1.4881888,tm
2025-07,2025-12,723533,PN SHMP ONION 240TK 24X175ML,0.833664296,ml
2025-07,2025-12,723533,PN SHMP ONION 240TK 24X175ML,1.5,tm
2025-08,2025-12,723533,PN SHMP ONION 240TK 24X175ML,0.79686682,ml
2025-08,2025-12,723533,PN SHMP ONION 240TK 24X175ML,1.5,tm
2025-09,2025-12,723533,PN SHMP ONION 240TK 24X175ML,0.834987498,ml
2025-09,2025-12,723533,PN SHMP ONION 240TK 24X175ML,1.44474499,tm
2025-10,2025-12,723533,PN SHMP ONION 240TK 24X175ML,0.997756698,ml
2025-10,2025-12,723533,PN SHMP ONION 240TK 24X175ML,1.44474499,tm
2025-11,2025-12,723533,PN SHMP ONION 240TK 24X175ML,0.648477806,ml
2025-11,2025-12,723533,PN SHMP ONION 240TK 24X175ML,1.723115529,tm
2025-08,2026-01,723533,PN SHMP ONION 240TK 24X175ML,1.379806062,ml
2025-08,2026-01,723533,PN SHMP ONION 240TK 24X175ML,1.0,tm
2025-09,2026-01,723533,PN SHMP ONION 240TK 24X175ML,1.172061034,ml
2025-09,2026-01,723533,PN SHMP ONION 240TK 24X175ML,1.125406669,tm
2025-10,2026-01,723533,PN SHMP ONION 240TK 24X175ML,1.377248033,ml
2025-10,2026-01,723533,PN SHMP ONION 240TK 24X175ML,1.125406669,tm
2025-11,2026-01,723533,PN SHMP ONION 240TK 24X175ML,1.480667933,ml
2025-11,2026-01,723533,PN SHMP ONION 240TK 24X175ML,1.752967531,tm
2025-12,2026-01,723533,PN SHMP ONION 240TK 24X175ML,1.375370089,ml
2025-12,2026-01,723533,PN SHMP ONION 240TK 24X175ML,1.75,tm
2025-09,2026-02,723533,PN SHMP ONION 240TK 24X175ML,1.178004673,ml
2025-09,2026-02,723533,PN SHMP ONION 240TK 24X175ML,1.074397177,tm
2025-10,2026-02,723533,PN SHMP ONION 240TK 24X175ML,1.532555408,ml
2025-10,2026-02,723533,PN SHMP ONION 240TK 24X175ML,1.074397177,tm
2025-11,2026-02,723533,PN SHMP ONION 240TK 24X175ML,0.922808585,ml
2025-11,2026-02,723533,PN SHMP ONION 240TK 24X175ML,3.514461189,tm
2025-12,2026-02,723533,PN SHMP ONION 240TK 24X175ML,1.063788606,ml
2025-12,2026-02,723533,PN SHMP ONION 240TK 24X175ML,3.706381189,tm
2026-01,2026-02,723533,PN SHMP ONION 240TK 24X175ML,1.12332246,ml
2026-01,2026-02,723533,PN SHMP ONION 240TK 24X175ML,3.514461189,tm
2025-10,2026-03,723533,PN SHMP ONION 240TK 24X175ML,1.07471612,ml
2025-10,2026-03,723533,PN SHMP ONION 240TK 24X175ML,1.074397177,tm
2025-11,2026-03,723533,PN SHMP ONION 240TK 24X175ML,0.969918766,ml
2025-11,2026-03,723533,PN SHMP ONION 240TK 24X175ML,2.88847489,tm
2025-12,2026-03,723533,PN SHMP ONION 240TK 24X175ML,0.823196446,ml
2025-12,2026-03,723533,PN SHMP ONION 240TK 24X175ML,2.88847489,tm
2026-01,2026-03,723533,PN SHMP ONION 240TK 24X175ML,0.954302872,ml
2026-01,2026-03,723533,PN SHMP ONION 240TK 24X175ML,2.88847489,tm
2026-02,2026-03,723533,PN SHMP ONION 240TK 24X175ML,0.701835832,ml
2026-02,2026-03,723533,PN SHMP ONION 240TK 24X175ML,2.26447489,tm
2025-11,2026-04,723533,PN SHMP ONION 240TK 24X175ML,1.716177882,ml
2025-11,2026-04,723533,PN SHMP ONION 240TK 24X175ML,1.87243303,tm
2025-12,2026-04,723533,PN SHMP ONION 240TK 24X175ML,1.49186621,ml
2025-12,2026-04,723533,PN SHMP ONION 240TK 24X175ML,2.392,tm
2026-01,2026-04,723533,PN SHMP ONION 240TK 24X175ML,1.615505953,ml
2026-01,2026-04,723533,PN SHMP ONION 240TK 24X175ML,2.179950122,tm
2026-02,2026-04,723533,PN SHMP ONION 240TK 24X175ML,0.997022832,ml
2026-02,2026-04,723533,PN SHMP ONION 240TK 24X175ML,1.5,tm
2026-03,2026-04,723533,PN SHMP ONION 240TK 24X175ML,1.137457128,ml
2026-03,2026-04,723533,PN SHMP ONION 240TK 24X175ML,2.5,tm
2025-12,2026-05,723533,PN SHMP ONION 240TK 24X175ML,1.265923925,ml
2025-12,2026-05,723533,PN SHMP ONION 240TK 24X175ML,2.435915529,tm
2026-01,2026-05,723533,PN SHMP ONION 240TK 24X175ML,1.346095854,ml
2026-01,2026-05,723533,PN SHMP ONION 240TK 24X175ML,1.816410405,tm
2026-02,2026-05,723533,PN SHMP ONION 240TK 24X175ML,1.010508096,ml
2026-02,2026-05,723533,PN SHMP ONION 240TK 24X175ML,1.543915529,tm
2026-03,2026-05,723533,PN SHMP ONION 240TK 24X175ML,1.007127798,ml
2026-03,2026-05,723533,PN SHMP ONION 240TK 24X175ML,3.0,tm
2026-04,2026-05,723533,PN SHMP ONION 240TK 24X175ML,2.098753816,ml
2026-04,2026-05,723533,PN SHMP ONION 240TK 24X175ML,3.0871681730000002,tm
2026-01,2026-06,723533,PN SHMP ONION 240TK 24X175ML,0.55697927,ml
2026-01,2026-06,723533,PN SHMP ONION 240TK 24X175ML,0.751583134,tm
2026-02,2026-06,723533,PN SHMP ONION 240TK 24X175ML,0.787995557,ml
2026-02,2026-06,723533,PN SHMP ONION 240TK 24X175ML,2.0,tm
2026-03,2026-06,723533,PN SHMP ONION 240TK 24X175ML,0.734732961,ml
2026-03,2026-06,723533,PN SHMP ONION 240TK 24X175ML,2.5,tm
2026-04,2026-06,723533,PN SHMP ONION 240TK 24X175ML,1.409782664,ml
2026-04,2026-06,723533,PN SHMP ONION 240TK 24X175ML,2.073724006,tm
2026-05,2026-06,723533,PN SHMP ONION 240TK 24X175ML,0.751295474,ml
2026-05,2026-06,723533,PN SHMP ONION 240TK 24X175ML,2.5,tm
2026-02,2026-07,723533,PN SHMP ONION 240TK 24X175ML,1.036277117,ml
2026-02,2026-07,723533,PN SHMP ONION 240TK 24X175ML,1.543915529,tm
2026-03,2026-07,723533,PN SHMP ONION 240TK 24X175ML,0.699380413,ml
2026-03,2026-07,723533,PN SHMP ONION 240TK 24X175ML,2.6,tm
2026-04,2026-07,723533,PN SHMP ONION 240TK 24X175ML,1.086167237,ml
2026-04,2026-07,723533,PN SHMP ONION 240TK 24X175ML,1.59770093,tm
2026-05,2026-07,723533,PN SHMP ONION 240TK 24X175ML,1.204636454,ml
2026-05,2026-07,723533,PN SHMP ONION 240TK 24X175ML,2.5,tm
2026-06,2026-07,723533,PN SHMP ONION 240TK 24X175ML,1.118311703,ml
2026-06,2026-07,723533,PN SHMP ONION 240TK 24X175ML,2.5,tm
2026-03,2026-08,723533,PN SHMP ONION 240TK 24X175ML,1.054372471,ml
2026-03,2026-08,723533,PN SHMP ONION 240TK 24X175ML,2.5,tm
2026-04,2026-08,723533,PN SHMP ONION 240TK 24X175ML,1.167224923,ml
2026-04,2026-08,723533,PN SHMP ONION 240TK 24X175ML,1.716932975,tm
2026-05,2026-08,723533,PN SHMP ONION 240TK 24X175ML,0.723535696,ml
2026-05,2026-08,723533,PN SHMP ONION 240TK 24X175ML,2.5,tm
2026-06,2026-08,723533,PN SHMP ONION 240TK 24X175ML,0.70742178,ml
2026-06,2026-08,723533,PN SHMP ONION 240TK 24X175ML,2.5,tm
2026-07,2026-08,723533,PN SHMP ONION 240TK 24X175ML,0.6620483424,ml
2026-07,2026-08,723533,PN SHMP ONION 240TK 24X175ML,0.97384198,tm
2026-04,2026-09,723533,PN SHMP ONION 240TK 24X175ML,1.2911861,ml
2026-04,2026-09,723533,PN SHMP ONION 240TK 24X175ML,1.899274037,tm
2026-05,2026-09,723533,PN SHMP ONION 240TK 24X175ML,0.723535696,ml
2026-05,2026-09,723533,PN SHMP ONION 240TK 24X175ML,2.0,tm
2026-06,2026-09,723533,PN SHMP ONION 240TK 24X175ML,0.732287276,ml
2026-06,2026-09,723533,PN SHMP ONION 240TK 24X175ML,2.0,tm
2026-07,2026-09,723533,PN SHMP ONION 240TK 24X175ML,0.87884617,ml
2026-07,2026-09,723533,PN SHMP ONION 240TK 24X175ML,1.29274139,tm
2026-05,2026-10,723533,PN SHMP ONION 240TK 24X175ML,0.723535696,ml
2026-05,2026-10,723533,PN SHMP ONION 240TK 24X175ML,2.5,tm
2026-06,2026-10,723533,PN SHMP ONION 240TK 24X175ML,0.732823434,ml
2026-06,2026-10,723533,PN SHMP ONION 240TK 24X175ML,2.5,tm
2026-07,2026-10,723533,PN SHMP ONION 240TK 24X175ML,0.7385550835,ml
2026-07,2026-10,723533,PN SHMP ONION 240TK 24X175ML,1.086379798,tm
2026-06,2026-11,723533,PN SHMP ONION 240TK 24X175ML,0.71571595,ml
2026-06,2026-11,723533,PN SHMP ONION 240TK 24X175ML,2.5,tm
2026-07,2026-11,723533,PN SHMP ONION 240TK 24X175ML,0.7237013175,ml
2026-07,2026-11,723533,PN SHMP ONION 240TK 24X175ML,1.064530607,tm
2026-07,2026-12,723533,PN SHMP ONION 240TK 24X175ML,0.86042391,ml
2026-07,2026-12,723533,PN SHMP ONION 240TK 24X175ML,1.265643112,tm
2025-04,2025-05,723534,PN SHMP ONION 390TK 24X345ML,2.13150673,ml
2025-04,2025-05,723534,PN SHMP ONION 390TK 24X345ML,2.599153541,tm
2025-04,2025-06,723534,PN SHMP ONION 390TK 24X345ML,1.737067123,ml
2025-04,2025-06,723534,PN SHMP ONION 390TK 24X345ML,1.856538243,tm
2025-05,2025-06,723534,PN SHMP ONION 390TK 24X345ML,1.81403769,ml
2025-05,2025-06,723534,PN SHMP ONION 390TK 24X345ML,2.356538243,tm
2025-04,2025-07,723534,PN SHMP ONION 390TK 24X345ML,1.349500343,ml
2025-04,2025-07,723534,PN SHMP ONION 390TK 24X345ML,2.599153541,tm
2025-05,2025-07,723534,PN SHMP ONION 390TK 24X345ML,1.650584056,ml
2025-05,2025-07,723534,PN SHMP ONION 390TK 24X345ML,4.009153541,tm
2025-06,2025-07,723534,PN SHMP ONION 390TK 24X345ML,1.614253573,ml
2025-06,2025-07,723534,PN SHMP ONION 390TK 24X345ML,3.599153541,tm
2025-04,2025-08,723534,PN SHMP ONION 390TK 24X345ML,1.352724482,ml
2025-04,2025-08,723534,PN SHMP ONION 390TK 24X345ML,1.856538243,tm
2025-05,2025-08,723534,PN SHMP ONION 390TK 24X345ML,1.427888668,ml
2025-05,2025-08,723534,PN SHMP ONION 390TK 24X345ML,2.856538243,tm
2025-06,2025-08,723534,PN SHMP ONION 390TK 24X345ML,1.709046363,ml
2025-06,2025-08,723534,PN SHMP ONION 390TK 24X345ML,1.856538243,tm
2025-07,2025-08,723534,PN SHMP ONION 390TK 24X345ML,1.890305484,ml
2025-07,2025-08,723534,PN SHMP ONION 390TK 24X345ML,1.856538243,tm
2025-04,2025-09,723534,PN SHMP ONION 390TK 24X345ML,1.1261494,ml
2025-04,2025-09,723534,PN SHMP ONION 390TK 24X345ML,2.599153541,tm
2025-05,2025-09,723534,PN SHMP ONION 390TK 24X345ML,1.646933956,ml
2025-05,2025-09,723534,PN SHMP ONION 390TK 24X345ML,3.009153541,tm
2025-06,2025-09,723534,PN SHMP ONION 390TK 24X345ML,1.364467251,ml
2025-06,2025-09,723534,PN SHMP ONION 390TK 24X345ML,3.799153541,tm
2025-07,2025-09,723534,PN SHMP ONION 390TK 24X345ML,2.040663704,ml
2025-07,2025-09,723534,PN SHMP ONION 390TK 24X345ML,6.11267005,tm
2025-08,2025-09,723534,PN SHMP ONION 390TK 24X345ML,1.018043159,ml
2025-08,2025-09,723534,PN SHMP ONION 390TK 24X345ML,6.11267005,tm
2025-05,2025-10,723534,PN SHMP ONION 390TK 24X345ML,1.646933956,ml
2025-05,2025-10,723534,PN SHMP ONION 390TK 24X345ML,2.033753654,tm
2025-06,2025-10,723534,PN SHMP ONION 390TK 24X345ML,1.95602294,ml
2025-06,2025-10,723534,PN SHMP ONION 390TK 24X345ML,1.633753654,tm
2025-07,2025-10,723534,PN SHMP ONION 390TK 24X345ML,2.040663704,ml
2025-07,2025-10,723534,PN SHMP ONION 390TK 24X345ML,1.633753654,tm
2025-08,2025-10,723534,PN SHMP ONION 390TK 24X345ML,2.03202942,ml
2025-08,2025-10,723534,PN SHMP ONION 390TK 24X345ML,1.633753654,tm
2025-09,2025-10,723534,PN SHMP ONION 390TK 24X345ML,1.738558795,ml
2025-09,2025-10,723534,PN SHMP ONION 390TK 24X345ML,1.726372584,tm
2025-06,2025-11,723534,PN SHMP ONION 390TK 24X345ML,1.876207732,ml
2025-06,2025-11,723534,PN SHMP ONION 390TK 24X345ML,1.633753654,tm
2025-07,2025-11,723534,PN SHMP ONION 390TK 24X345ML,1.822216167,ml
2025-07,2025-11,723534,PN SHMP ONION 390TK 24X345ML,1.633753654,tm
2025-08,2025-11,723534,PN SHMP ONION 390TK 24X345ML,2.104054757,ml
2025-08,2025-11,723534,PN SHMP ONION 390TK 24X345ML,1.633753654,tm
2025-09,2025-11,723534,PN SHMP ONION 390TK 24X345ML,2.093281461,ml
2025-09,2025-11,723534,PN SHMP ONION 390TK 24X345ML,1.696494742,tm
2025-10,2025-11,723534,PN SHMP ONION 390TK 24X345ML,2.079640447,ml
2025-10,2025-11,723534,PN SHMP ONION 390TK 24X345ML,2.496494742,tm
2025-07,2025-12,723534,PN SHMP ONION 390TK 24X345ML,2.040663704,ml
2025-07,2025-12,723534,PN SHMP ONION 390TK 24X345ML,2.6,tm
2025-08,2025-12,723534,PN SHMP ONION 390TK 24X345ML,2.01478772,ml
2025-08,2025-12,723534,PN SHMP ONION 390TK 24X345ML,2.6,tm
2025-09,2025-12,723534,PN SHMP ONION 390TK 24X345ML,1.668493622,ml
2025-09,2025-12,723534,PN SHMP ONION 390TK 24X345ML,2.244770521,tm
2025-10,2025-12,723534,PN SHMP ONION 390TK 24X345ML,1.932615737,ml
2025-10,2025-12,723534,PN SHMP ONION 390TK 24X345ML,2.24477052,tm
2025-11,2025-12,723534,PN SHMP ONION 390TK 24X345ML,1.407080417,ml
2025-11,2025-12,723534,PN SHMP ONION 390TK 24X345ML,9.96992,tm
2025-08,2026-01,723534,PN SHMP ONION 390TK 24X345ML,1.640249353,ml
2025-08,2026-01,723534,PN SHMP ONION 390TK 24X345ML,1.63,tm
2025-09,2026-01,723534,PN SHMP ONION 390TK 24X345ML,1.67662524,ml
2025-09,2026-01,723534,PN SHMP ONION 390TK 24X345ML,2.375233434,tm
2025-10,2026-01,723534,PN SHMP ONION 390TK 24X345ML,2.239205205,ml
2025-10,2026-01,723534,PN SHMP ONION 390TK 24X345ML,2.375233434,tm
2025-11,2026-01,723534,PN SHMP ONION 390TK 24X345ML,1.723790636,ml
2025-11,2026-01,723534,PN SHMP ONION 390TK 24X345ML,2.8337536539999997,tm
2025-12,2026-01,723534,PN SHMP ONION 390TK 24X345ML,2.181237608,ml
2025-12,2026-01,723534,PN SHMP ONION 390TK 24X345ML,2.833753654,tm
2025-09,2026-02,723534,PN SHMP ONION 390TK 24X345ML,0.935683085,ml
2025-09,2026-02,723534,PN SHMP ONION 390TK 24X345ML,2.044178242,tm
2025-10,2026-02,723534,PN SHMP ONION 390TK 24X345ML,1.504207774,ml
2025-10,2026-02,723534,PN SHMP ONION 390TK 24X345ML,2.044178242,tm
2025-11,2026-02,723534,PN SHMP ONION 390TK 24X345ML,0.522478718,ml
2025-11,2026-02,723534,PN SHMP ONION 390TK 24X345ML,4.633753654,tm
2025-12,2026-02,723534,PN SHMP ONION 390TK 24X345ML,1.114174269,ml
2025-12,2026-02,723534,PN SHMP ONION 390TK 24X345ML,4.633753654,tm
2026-01,2026-02,723534,PN SHMP ONION 390TK 24X345ML,1.561382539,ml
2026-01,2026-02,723534,PN SHMP ONION 390TK 24X345ML,4.63,tm
2025-10,2026-03,723534,PN SHMP ONION 390TK 24X345ML,1.940492703,ml
2025-10,2026-03,723534,PN SHMP ONION 390TK 24X345ML,2.044178242,tm
2025-11,2026-03,723534,PN SHMP ONION 390TK 24X345ML,1.030992131,ml
2025-11,2026-03,723534,PN SHMP ONION 390TK 24X345ML,2.970461189,tm
2025-12,2026-03,723534,PN SHMP ONION 390TK 24X345ML,1.443341069,ml
2025-12,2026-03,723534,PN SHMP ONION 390TK 24X345ML,2.970461189,tm
2026-01,2026-03,723534,PN SHMP ONION 390TK 24X345ML,2.135409138,ml
2026-01,2026-03,723534,PN SHMP ONION 390TK 24X345ML,2.975,tm
2026-02,2026-03,723534,PN SHMP ONION 390TK 24X345ML,1.96280026,ml
2026-02,2026-03,723534,PN SHMP ONION 390TK 24X345ML,2.92,tm
2025-11,2026-04,723534,PN SHMP ONION 390TK 24X345ML,2.19292534,ml
2025-11,2026-04,723534,PN SHMP ONION 390TK 24X345ML,1.799019909,tm
2025-12,2026-04,723534,PN SHMP ONION 390TK 24X345ML,2.369770173,ml
2025-12,2026-04,723534,PN SHMP ONION 390TK 24X345ML,2.544,tm
2026-01,2026-04,723534,PN SHMP ONION 390TK 24X345ML,2.137705318,ml
2026-01,2026-04,723534,PN SHMP ONION 390TK 24X345ML,2.0,tm
2026-02,2026-04,723534,PN SHMP ONION 390TK 24X345ML,2.163630899,ml
2026-02,2026-04,723534,PN SHMP ONION 390TK 24X345ML,2.0,tm
2026-03,2026-04,723534,PN SHMP ONION 390TK 24X345ML,2.105363951,ml
2026-03,2026-04,723534,PN SHMP ONION 390TK 24X345ML,3.0,tm
2025-12,2026-05,723534,PN SHMP ONION 390TK 24X345ML,3.738893107,ml
2025-12,2026-05,723534,PN SHMP ONION 390TK 24X345ML,6.243153541,tm
2026-01,2026-05,723534,PN SHMP ONION 390TK 24X345ML,2.339958042,ml
2026-01,2026-05,723534,PN SHMP ONION 390TK 24X345ML,5.699153541,tm
2026-02,2026-05,723534,PN SHMP ONION 390TK 24X345ML,2.2162343,ml
2026-02,2026-05,723534,PN SHMP ONION 390TK 24X345ML,5.699153541,tm
2026-03,2026-05,723534,PN SHMP ONION 390TK 24X345ML,2.478226916,ml
2026-03,2026-05,723534,PN SHMP ONION 390TK 24X345ML,4.0,tm
2026-04,2026-05,723534,PN SHMP ONION 390TK 24X345ML,5.200224803,ml
2026-04,2026-05,723534,PN SHMP ONION 390TK 24X345ML,4.0,tm
2026-01,2026-06,723534,PN SHMP ONION 390TK 24X345ML,2.06146408,ml
2026-01,2026-06,723534,PN SHMP ONION 390TK 24X345ML,2.0,tm
2026-02,2026-06,723534,PN SHMP ONION 390TK 24X345ML,1.850695288,ml
2026-02,2026-06,723534,PN SHMP ONION 390TK 24X345ML,2.0,tm
2026-03,2026-06,723534,PN SHMP ONION 390TK 24X345ML,1.7169302,ml
2026-03,2026-06,723534,PN SHMP ONION 390TK 24X345ML,3.0,tm
2026-04,2026-06,723534,PN SHMP ONION 390TK 24X345ML,3.856983752,ml
2026-04,2026-06,723534,PN SHMP ONION 390TK 24X345ML,3.0,tm
2026-05,2026-06,723534,PN SHMP ONION 390TK 24X345ML,1.903298143,ml
2026-05,2026-06,723534,PN SHMP ONION 390TK 24X345ML,3.0,tm
2026-02,2026-07,723534,PN SHMP ONION 390TK 24X345ML,2.316287518,ml
2026-02,2026-07,723534,PN SHMP ONION 390TK 24X345ML,3.3,tm
2026-03,2026-07,723534,PN SHMP ONION 390TK 24X345ML,1.871576972,ml
2026-03,2026-07,723534,PN SHMP ONION 390TK 24X345ML,3.5,tm
2026-04,2026-07,723534,PN SHMP ONION 390TK 24X345ML,3.807726706,ml
2026-04,2026-07,723534,PN SHMP ONION 390TK 24X345ML,3.5,tm
2026-05,2026-07,723534,PN SHMP ONION 390TK 24X345ML,2.831361226,ml
2026-05,2026-07,723534,PN SHMP ONION 390TK 24X345ML,3.5,tm
2026-06,2026-07,723534,PN SHMP ONION 390TK 24X345ML,2.372172239,ml
2026-06,2026-07,723534,PN SHMP ONION 390TK 24X345ML,3.5,tm
2026-03,2026-08,723534,PN SHMP ONION 390TK 24X345ML,1.866265742,ml
2026-03,2026-08,723534,PN SHMP ONION 390TK 24X345ML,3.0,tm
2026-04,2026-08,723534,PN SHMP ONION 390TK 24X345ML,3.795242042,ml
2026-04,2026-08,723534,PN SHMP ONION 390TK 24X345ML,3.0,tm
2026-05,2026-08,723534,PN SHMP ONION 390TK 24X345ML,1.588938348,ml
2026-05,2026-08,723534,PN SHMP ONION 390TK 24X345ML,3.0,tm
2026-06,2026-08,723534,PN SHMP ONION 390TK 24X345ML,1.668763779,ml
2026-06,2026-08,723534,PN SHMP ONION 390TK 24X345ML,3.0,tm
2026-07,2026-08,723534,PN SHMP ONION 390TK 24X345ML,1.783841584,ml
2026-07,2026-08,723534,PN SHMP ONION 390TK 24X345ML,2.885789107,tm
2026-04,2026-09,723534,PN SHMP ONION 390TK 24X345ML,3.7622238,ml
2026-04,2026-09,723534,PN SHMP ONION 390TK 24X345ML,2.2,tm
2026-05,2026-09,723534,PN SHMP ONION 390TK 24X345ML,1.598349331,ml
2026-05,2026-09,723534,PN SHMP ONION 390TK 24X345ML,2.2,tm
2026-06,2026-09,723534,PN SHMP ONION 390TK 24X345ML,2.420646745,ml
2026-06,2026-09,723534,PN SHMP ONION 390TK 24X345ML,2.2,tm
2026-07,2026-09,723534,PN SHMP ONION 390TK 24X345ML,1.83870531,ml
2026-07,2026-09,723534,PN SHMP ONION 390TK 24X345ML,2.974544265,tm
2026-05,2026-10,723534,PN SHMP ONION 390TK 24X345ML,1.53699995,ml
2026-05,2026-10,723534,PN SHMP ONION 390TK 24X345ML,3.0,tm
2026-06,2026-10,723534,PN SHMP ONION 390TK 24X345ML,1.648646863,ml
2026-06,2026-10,723534,PN SHMP ONION 390TK 24X345ML,3.0,tm
2026-07,2026-10,723534,PN SHMP ONION 390TK 24X345ML,1.915049909,ml
2026-07,2026-10,723534,PN SHMP ONION 390TK 24X345ML,3.098049858,tm
2026-06,2026-11,723534,PN SHMP ONION 390TK 24X345ML,1.942179639,ml
2026-06,2026-11,723534,PN SHMP ONION 390TK 24X345ML,2.5,tm
2026-07,2026-11,723534,PN SHMP ONION 390TK 24X345ML,1.691212611,ml
2026-07,2026-11,723534,PN SHMP ONION 390TK 24X345ML,2.735939657,tm
2026-07,2026-12,723534,PN SHMP ONION 390TK 24X345ML,1.907395852,ml
2026-07,2026-12,723534,PN SHMP ONION 390TK 24X345ML,3.085667596,tm
2025-04,2025-05,723535,PN SHMP NC SCHT 0TK 960X5ML,7.0600000000000005,tm
2025-04,2025-06,723535,PN SHMP NC SCHT 0TK 960X5ML,2.666666667,tm
2025-05,2025-06,723535,PN SHMP NC SCHT 0TK 960X5ML,5.219106667,tm
2025-04,2025-07,723535,PN SHMP NC SCHT 0TK 960X5ML,5.28,tm
2025-05,2025-07,723535,PN SHMP NC SCHT 0TK 960X5ML,7.103333462,tm
2025-06,2025-07,723535,PN SHMP NC SCHT 0TK 960X5ML,5.946666667000001,tm
2025-04,2025-08,723535,PN SHMP NC SCHT 0TK 960X5ML,2.933333333,tm
2025-05,2025-08,723535,PN SHMP NC SCHT 0TK 960X5ML,3.936434218,tm
2025-06,2025-08,723535,PN SHMP NC SCHT 0TK 960X5ML,3.333333333,tm
2025-07,2025-08,723535,PN SHMP NC SCHT 0TK 960X5ML,3.333333333,tm
2025-05,2025-09,723535,PN SHMP NC SCHT 0TK 960X5ML,0.25792959800000004,tm
2025-07,2025-09,723535,PN SHMP NC SCHT 0TK 960X5ML,1.0,tm
2025-08,2025-09,723535,PN SHMP NC SCHT 0TK 960X5ML,1.0,tm
2025-05,2025-10,723535,PN SHMP NC SCHT 0TK 960X5ML,1.237182721,tm
2025-06,2025-10,723535,PN SHMP NC SCHT 0TK 960X5ML,1.0,tm
2025-09,2025-10,723535,PN SHMP NC SCHT 0TK 960X5ML,3.2731419820000003,tm
2025-09,2025-11,723535,PN SHMP NC SCHT 0TK 960X5ML,0.502417994,tm
2025-10,2025-11,723535,PN SHMP NC SCHT 0TK 960X5ML,1.9782779940000002,tm
2025-09,2025-12,723535,PN SHMP NC SCHT 0TK 960X5ML,0.441387399,tm
2025-10,2025-12,723535,PN SHMP NC SCHT 0TK 960X5ML,0.757387399,tm
2025-11,2025-12,723535,PN SHMP NC SCHT 0TK 960X5ML,1.064007474,tm
2025-09,2026-01,723535,PN SHMP NC SCHT 0TK 960X5ML,0.3564411,tm
2025-10,2026-01,723535,PN SHMP NC SCHT 0TK 960X5ML,0.5134411,tm
2025-11,2026-01,723535,PN SHMP NC SCHT 0TK 960X5ML,0.501178885,tm
2025-12,2026-01,723535,PN SHMP NC SCHT 0TK 960X5ML,0.670718885,tm
2025-09,2026-02,723535,PN SHMP NC SCHT 0TK 960X5ML,0.671471524,tm
2025-10,2026-02,723535,PN SHMP NC SCHT 0TK 960X5ML,0.694740173,tm
2025-11,2026-02,723535,PN SHMP NC SCHT 0TK 960X5ML,0.696798582,tm
2025-12,2026-02,723535,PN SHMP NC SCHT 0TK 960X5ML,0.733275192,tm
2026-01,2026-02,723535,PN SHMP NC SCHT 0TK 960X5ML,0.7932751920000001,tm
2025-10,2026-03,723535,PN SHMP NC SCHT 0TK 960X5ML,0.208,tm
2025-11,2026-03,723535,PN SHMP NC SCHT 0TK 960X5ML,0.801153706,tm
2025-12,2026-03,723535,PN SHMP NC SCHT 0TK 960X5ML,0.857906108,tm
2026-01,2026-03,723535,PN SHMP NC SCHT 0TK 960X5ML,0.9734870389999999,tm
2026-02,2026-03,723535,PN SHMP NC SCHT 0TK 960X5ML,0.910153706,tm
2025-11,2026-04,723535,PN SHMP NC SCHT 0TK 960X5ML,0.20992802,tm
2025-12,2026-04,723535,PN SHMP NC SCHT 0TK 960X5ML,0.275653148,tm
2026-01,2026-04,723535,PN SHMP NC SCHT 0TK 960X5ML,0.360037769,tm
2026-02,2026-04,723535,PN SHMP NC SCHT 0TK 960X5ML,0.533046294,tm
2026-03,2026-04,723535,PN SHMP NC SCHT 0TK 960X5ML,0.792933333,tm
2025-12,2026-05,723535,PN SHMP NC SCHT 0TK 960X5ML,0.24525333300000002,tm
2026-01,2026-05,723535,PN SHMP NC SCHT 0TK 960X5ML,0.186666667,tm
2026-02,2026-05,723535,PN SHMP NC SCHT 0TK 960X5ML,0.176666667,tm
2026-03,2026-05,723535,PN SHMP NC SCHT 0TK 960X5ML,0.093333333,tm
2026-04,2026-05,723535,PN SHMP NC SCHT 0TK 960X5ML,0.598203467,tm
2026-01,2026-06,723535,PN SHMP NC SCHT 0TK 960X5ML,0.151666667,tm
2026-02,2026-06,723535,PN SHMP NC SCHT 0TK 960X5ML,0.166666667,tm
2026-03,2026-06,723535,PN SHMP NC SCHT 0TK 960X5ML,0.063333333,tm
2026-04,2026-06,723535,PN SHMP NC SCHT 0TK 960X5ML,0.104463199,tm
2026-05,2026-06,723535,PN SHMP NC SCHT 0TK 960X5ML,0.296374596,tm
2026-02,2026-07,723535,PN SHMP NC SCHT 0TK 960X5ML,0.236752137,tm
2026-03,2026-07,723535,PN SHMP NC SCHT 0TK 960X5ML,0.063333333,tm
2026-04,2026-07,723535,PN SHMP NC SCHT 0TK 960X5ML,0.063333333,tm
2026-05,2026-07,723535,PN SHMP NC SCHT 0TK 960X5ML,0.366825404,tm
2026-06,2026-07,723535,PN SHMP NC SCHT 0TK 960X5ML,0.49806611700000003,tm
2026-03,2026-08,723535,PN SHMP NC SCHT 0TK 960X5ML,0.063333333,tm
2026-04,2026-08,723535,PN SHMP NC SCHT 0TK 960X5ML,0.063333333,tm
2026-05,2026-08,723535,PN SHMP NC SCHT 0TK 960X5ML,0.063333333,tm
2026-06,2026-08,723535,PN SHMP NC SCHT 0TK 960X5ML,0.101933883,tm
2026-07,2026-08,723535,PN SHMP NC SCHT 0TK 960X5ML,0.193411345,tm
2026-04,2026-09,723535,PN SHMP NC SCHT 0TK 960X5ML,0.063333333,tm
2026-05,2026-09,723535,PN SHMP NC SCHT 0TK 960X5ML,0.063333333,tm
2026-06,2026-09,723535,PN SHMP NC SCHT 0TK 960X5ML,0.063333333,tm
2026-07,2026-09,723535,PN SHMP NC SCHT 0TK 960X5ML,0.124362188,tm
2026-05,2026-10,723535,PN SHMP NC SCHT 0TK 960X5ML,0.063333333,tm
2026-06,2026-10,723535,PN SHMP NC SCHT 0TK 960X5ML,0.063333333,tm
2026-07,2026-10,723535,PN SHMP NC SCHT 0TK 960X5ML,0.063333333,tm
2026-06,2026-11,723535,PN SHMP NC SCHT 0TK 960X5ML,0.093333333,tm
2026-07,2026-11,723535,PN SHMP NC SCHT 0TK 960X5ML,0.093333333,tm
2026-07,2026-12,723535,PN SHMP NC SCHT 0TK 960X5ML,0.063333333,tm
2025-04,2025-05,723536,PN SHMP NC SCHT 2TK 960X5.5ML,279.9668036,ml
2025-04,2025-05,723536,PN SHMP NC SCHT 2TK 960X5.5ML,348.924858054,tm
2025-04,2025-06,723536,PN SHMP NC SCHT 2TK 960X5.5ML,303.9811835,ml
2025-04,2025-06,723536,PN SHMP NC SCHT 2TK 960X5.5ML,258.706793384,tm
2025-05,2025-06,723536,PN SHMP NC SCHT 2TK 960X5.5ML,306.8784541,ml
2025-05,2025-06,723536,PN SHMP NC SCHT 2TK 960X5.5ML,330.706793384,tm
2025-04,2025-07,723536,PN SHMP NC SCHT 2TK 960X5.5ML,256.341833,ml
2025-04,2025-07,723536,PN SHMP NC SCHT 2TK 960X5.5ML,342.93237225,tm
2025-05,2025-07,723536,PN SHMP NC SCHT 2TK 960X5.5ML,210.3895557,ml
2025-05,2025-07,723536,PN SHMP NC SCHT 2TK 960X5.5ML,385.93237225,tm
2025-06,2025-07,723536,PN SHMP NC SCHT 2TK 960X5.5ML,266.7512237,ml
2025-06,2025-07,723536,PN SHMP NC SCHT 2TK 960X5.5ML,523.0,tm
2025-04,2025-08,723536,PN SHMP NC SCHT 2TK 960X5.5ML,294.24273,ml
2025-04,2025-08,723536,PN SHMP NC SCHT 2TK 960X5.5ML,308.195522091,tm
2025-05,2025-08,723536,PN SHMP NC SCHT 2TK 960X5.5ML,306.438031,ml
2025-05,2025-08,723536,PN SHMP NC SCHT 2TK 960X5.5ML,348.195522091,tm
2025-06,2025-08,723536,PN SHMP NC SCHT 2TK 960X5.5ML,328.2180662,ml
2025-06,2025-08,723536,PN SHMP NC SCHT 2TK 960X5.5ML,678.0,tm
2025-07,2025-08,723536,PN SHMP NC SCHT 2TK 960X5.5ML,280.46209,ml
2025-07,2025-08,723536,PN SHMP NC SCHT 2TK 960X5.5ML,678.0,tm
2025-04,2025-09,723536,PN SHMP NC SCHT 2TK 960X5.5ML,316.5779057,ml
2025-04,2025-09,723536,PN SHMP NC SCHT 2TK 960X5.5ML,263.458671931,tm
2025-05,2025-09,723536,PN SHMP NC SCHT 2TK 960X5.5ML,322.2872603,ml
2025-05,2025-09,723536,PN SHMP NC SCHT 2TK 960X5.5ML,333.458671931,tm
2025-06,2025-09,723536,PN SHMP NC SCHT 2TK 960X5.5ML,329.7662388,ml
2025-06,2025-09,723536,PN SHMP NC SCHT 2TK 960X5.5ML,683.4619935,tm
2025-07,2025-09,723536,PN SHMP NC SCHT 2TK 960X5.5ML,309.6559907,ml
2025-07,2025-09,723536,PN SHMP NC SCHT 2TK 960X5.5ML,683.4619935,tm
2025-08,2025-09,723536,PN SHMP NC SCHT 2TK 960X5.5ML,346.2118761,ml
2025-08,2025-09,723536,PN SHMP NC SCHT 2TK 960X5.5ML,698.1762792139999,tm
2025-05,2025-10,723536,PN SHMP NC SCHT 2TK 960X5.5ML,283.9977595,ml
2025-05,2025-10,723536,PN SHMP NC SCHT 2TK 960X5.5ML,353.684250801,tm
2025-06,2025-10,723536,PN SHMP NC SCHT 2TK 960X5.5ML,292.3159556,ml
2025-06,2025-10,723536,PN SHMP NC SCHT 2TK 960X5.5ML,453.6819935,tm
2025-07,2025-10,723536,PN SHMP NC SCHT 2TK 960X5.5ML,272.8605731,ml
2025-07,2025-10,723536,PN SHMP NC SCHT 2TK 960X5.5ML,453.6819935,tm
2025-08,2025-10,723536,PN SHMP NC SCHT 2TK 960X5.5ML,298.1608534,ml
2025-08,2025-10,723536,PN SHMP NC SCHT 2TK 960X5.5ML,468.396279214,tm
2025-09,2025-10,723536,PN SHMP NC SCHT 2TK 960X5.5ML,313.1885602,ml
2025-09,2025-10,723536,PN SHMP NC SCHT 2TK 960X5.5ML,480.75567937200003,tm
2025-06,2025-11,723536,PN SHMP NC SCHT 2TK 960X5.5ML,263.7862086,ml
2025-06,2025-11,723536,PN SHMP NC SCHT 2TK 960X5.5ML,453.6819935,tm
2025-07,2025-11,723536,PN SHMP NC SCHT 2TK 960X5.5ML,235.3702109,ml
2025-07,2025-11,723536,PN SHMP NC SCHT 2TK 960X5.5ML,453.6819935,tm
2025-08,2025-11,723536,PN SHMP NC SCHT 2TK 960X5.5ML,278.7268659,ml
2025-08,2025-11,723536,PN SHMP NC SCHT 2TK 960X5.5ML,453.6819935,tm
2025-09,2025-11,723536,PN SHMP NC SCHT 2TK 960X5.5ML,299.7615185,ml
2025-09,2025-11,723536,PN SHMP NC SCHT 2TK 960X5.5ML,331.47316664,tm
2025-10,2025-11,723536,PN SHMP NC SCHT 2TK 960X5.5ML,299.7233759,ml
2025-10,2025-11,723536,PN SHMP NC SCHT 2TK 960X5.5ML,328.943371232,tm
2025-07,2025-12,723536,PN SHMP NC SCHT 2TK 960X5.5ML,258.5128656,ml
2025-07,2025-12,723536,PN SHMP NC SCHT 2TK 960X5.5ML,264.0,tm
2025-08,2025-12,723536,PN SHMP NC SCHT 2TK 960X5.5ML,278.7268659,ml
2025-08,2025-12,723536,PN SHMP NC SCHT 2TK 960X5.5ML,264.0,tm
2025-09,2025-12,723536,PN SHMP NC SCHT 2TK 960X5.5ML,279.7784649,ml
2025-09,2025-12,723536,PN SHMP NC SCHT 2TK 960X5.5ML,313.834611206,tm
2025-10,2025-12,723536,PN SHMP NC SCHT 2TK 960X5.5ML,287.0376963,ml
2025-10,2025-12,723536,PN SHMP NC SCHT 2TK 960X5.5ML,313.831984739,tm
2025-11,2025-12,723536,PN SHMP NC SCHT 2TK 960X5.5ML,335.2223857,ml
2025-11,2025-12,723536,PN SHMP NC SCHT 2TK 960X5.5ML,404.878815714,tm
2025-08,2026-01,723536,PN SHMP NC SCHT 2TK 960X5.5ML,324.3394069,ml
2025-08,2026-01,723536,PN SHMP NC SCHT 2TK 960X5.5ML,362.0,tm
2025-09,2026-01,723536,PN SHMP NC SCHT 2TK 960X5.5ML,348.1264453,ml
2025-09,2026-01,723536,PN SHMP NC SCHT 2TK 960X5.5ML,401.34591529299996,tm
2025-10,2026-01,723536,PN SHMP NC SCHT 2TK 960X5.5ML,353.0728811,ml
2025-10,2026-01,723536,PN SHMP NC SCHT 2TK 960X5.5ML,408.72796798400003,tm
2025-11,2026-01,723536,PN SHMP NC SCHT 2TK 960X5.5ML,365.1257333,ml
2025-11,2026-01,723536,PN SHMP NC SCHT 2TK 960X5.5ML,433.449602571,tm
2025-12,2026-01,723536,PN SHMP NC SCHT 2TK 960X5.5ML,367.7275946,ml
2025-12,2026-01,723536,PN SHMP NC SCHT 2TK 960X5.5ML,591.565422474,tm
2025-09,2026-02,723536,PN SHMP NC SCHT 2TK 960X5.5ML,319.2397623,ml
2025-09,2026-02,723536,PN SHMP NC SCHT 2TK 960X5.5ML,488.94740064,tm
2025-10,2026-02,723536,PN SHMP NC SCHT 2TK 960X5.5ML,327.2672317,ml
2025-10,2026-02,723536,PN SHMP NC SCHT 2TK 960X5.5ML,488.94582476,tm
2025-11,2026-02,723536,PN SHMP NC SCHT 2TK 960X5.5ML,336.9237269,ml
2025-11,2026-02,723536,PN SHMP NC SCHT 2TK 960X5.5ML,488.94582476,tm
2025-12,2026-02,723536,PN SHMP NC SCHT 2TK 960X5.5ML,368.4657908,ml
2025-12,2026-02,723536,PN SHMP NC SCHT 2TK 960X5.5ML,568.95,tm
2026-01,2026-02,723536,PN SHMP NC SCHT 2TK 960X5.5ML,396.7402884,ml
2026-01,2026-02,723536,PN SHMP NC SCHT 2TK 960X5.5ML,583.3041022040001,tm
2025-10,2026-03,723536,PN SHMP NC SCHT 2TK 960X5.5ML,369.2157736,ml
2025-10,2026-03,723536,PN SHMP NC SCHT 2TK 960X5.5ML,426.165465318,tm
2025-11,2026-03,723536,PN SHMP NC SCHT 2TK 960X5.5ML,379.7552914,ml
2025-11,2026-03,723536,PN SHMP NC SCHT 2TK 960X5.5ML,431.165465318,tm
2025-12,2026-03,723536,PN SHMP NC SCHT 2TK 960X5.5ML,367.7275946,ml
2025-12,2026-03,723536,PN SHMP NC SCHT 2TK 960X5.5ML,621.17,tm
2026-01,2026-03,723536,PN SHMP NC SCHT 2TK 960X5.5ML,389.4114914,ml
2026-01,2026-03,723536,PN SHMP NC SCHT 2TK 960X5.5ML,630.7691853179999,tm
2026-02,2026-03,723536,PN SHMP NC SCHT 2TK 960X5.5ML,399.2774045,ml
2026-02,2026-03,723536,PN SHMP NC SCHT 2TK 960X5.5ML,630.449312236,tm
2025-11,2026-04,723536,PN SHMP NC SCHT 2TK 960X5.5ML,395.1028176,ml
2025-11,2026-04,723536,PN SHMP NC SCHT 2TK 960X5.5ML,373.003543436,tm
2025-12,2026-04,723536,PN SHMP NC SCHT 2TK 960X5.5ML,426.4920773,ml
2025-12,2026-04,723536,PN SHMP NC SCHT 2TK 960X5.5ML,551.533834587,tm
2026-01,2026-04,723536,PN SHMP NC SCHT 2TK 960X5.5ML,429.1200532,ml
2026-01,2026-04,723536,PN SHMP NC SCHT 2TK 960X5.5ML,623.9443609030001,tm
2026-02,2026-04,723536,PN SHMP NC SCHT 2TK 960X5.5ML,434.6289145,ml
2026-02,2026-04,723536,PN SHMP NC SCHT 2TK 960X5.5ML,607.681203008,tm
2026-03,2026-04,723536,PN SHMP NC SCHT 2TK 960X5.5ML,398.5627524,ml
2026-03,2026-04,723536,PN SHMP NC SCHT 2TK 960X5.5ML,550.256104962,tm
2025-12,2026-05,723536,PN SHMP NC SCHT 2TK 960X5.5ML,449.9462763,ml
2025-12,2026-05,723536,PN SHMP NC SCHT 2TK 960X5.5ML,625.0,tm
2026-01,2026-05,723536,PN SHMP NC SCHT 2TK 960X5.5ML,503.1028893,ml
2026-01,2026-05,723536,PN SHMP NC SCHT 2TK 960X5.5ML,675.0,tm
2026-02,2026-05,723536,PN SHMP NC SCHT 2TK 960X5.5ML,490.3709979,ml
2026-02,2026-05,723536,PN SHMP NC SCHT 2TK 960X5.5ML,675.0,tm
2026-03,2026-05,723536,PN SHMP NC SCHT 2TK 960X5.5ML,479.2991162,ml
2026-03,2026-05,723536,PN SHMP NC SCHT 2TK 960X5.5ML,580.0,tm
2026-04,2026-05,723536,PN SHMP NC SCHT 2TK 960X5.5ML,575.1718763,ml
2026-04,2026-05,723536,PN SHMP NC SCHT 2TK 960X5.5ML,904.283430075,tm
2026-01,2026-06,723536,PN SHMP NC SCHT 2TK 960X5.5ML,375.9477962,ml
2026-01,2026-06,723536,PN SHMP NC SCHT 2TK 960X5.5ML,506.228571429,tm
2026-02,2026-06,723536,PN SHMP NC SCHT 2TK 960X5.5ML,394.8867022,ml
2026-02,2026-06,723536,PN SHMP NC SCHT 2TK 960X5.5ML,506.228571429,tm
2026-03,2026-06,723536,PN SHMP NC SCHT 2TK 960X5.5ML,395.4534247,ml
2026-03,2026-06,723536,PN SHMP NC SCHT 2TK 960X5.5ML,500.0,tm
2026-04,2026-06,723536,PN SHMP NC SCHT 2TK 960X5.5ML,424.8035665,ml
2026-04,2026-06,723536,PN SHMP NC SCHT 2TK 960X5.5ML,664.0,tm
2026-05,2026-06,723536,PN SHMP NC SCHT 2TK 960X5.5ML,509.6827718,ml
2026-05,2026-06,723536,PN SHMP NC SCHT 2TK 960X5.5ML,665.7284948869999,tm
2026-02,2026-07,723536,PN SHMP NC SCHT 2TK 960X5.5ML,460.6528477,ml
2026-02,2026-07,723536,PN SHMP NC SCHT 2TK 960X5.5ML,447.0,tm
2026-03,2026-07,723536,PN SHMP NC SCHT 2TK 960X5.5ML,455.0980375,ml
2026-03,2026-07,723536,PN SHMP NC SCHT 2TK 960X5.5ML,450.0,tm
2026-04,2026-07,723536,PN SHMP NC SCHT 2TK 960X5.5ML,552.4804666,ml
2026-04,2026-07,723536,PN SHMP NC SCHT 2TK 960X5.5ML,710.5,tm
2026-05,2026-07,723536,PN SHMP NC SCHT 2TK 960X5.5ML,573.8595558,ml
2026-05,2026-07,723536,PN SHMP NC SCHT 2TK 960X5.5ML,710.0,tm
2026-06,2026-07,723536,PN SHMP NC SCHT 2TK 960X5.5ML,598.481425439,ml
2026-06,2026-07,723536,PN SHMP NC SCHT 2TK 960X5.5ML,710.994530827,tm
2026-03,2026-08,723536,PN SHMP NC SCHT 2TK 960X5.5ML,520.2146418,ml
2026-03,2026-08,723536,PN SHMP NC SCHT 2TK 960X5.5ML,530.0,tm
2026-04,2026-08,723536,PN SHMP NC SCHT 2TK 960X5.5ML,563.4431296,ml
2026-04,2026-08,723536,PN SHMP NC SCHT 2TK 960X5.5ML,650.0,tm
2026-05,2026-08,723536,PN SHMP NC SCHT 2TK 960X5.5ML,545.5338319,ml
2026-05,2026-08,723536,PN SHMP NC SCHT 2TK 960X5.5ML,650.0,tm
2026-06,2026-08,723536,PN SHMP NC SCHT 2TK 960X5.5ML,608.182070451,ml
2026-06,2026-08,723536,PN SHMP NC SCHT 2TK 960X5.5ML,650.0,tm
2026-07,2026-08,723536,PN SHMP NC SCHT 2TK 960X5.5ML,633.61810153,ml
2026-07,2026-08,723536,PN SHMP NC SCHT 2TK 960X5.5ML,745.023418947,tm
2026-04,2026-09,723536,PN SHMP NC SCHT 2TK 960X5.5ML,524.1588288,ml
2026-04,2026-09,723536,PN SHMP NC SCHT 2TK 960X5.5ML,639.515789474,tm
2026-05,2026-09,723536,PN SHMP NC SCHT 2TK 960X5.5ML,509.6827718,ml
2026-05,2026-09,723536,PN SHMP NC SCHT 2TK 960X5.5ML,620.0,tm
2026-06,2026-09,723536,PN SHMP NC SCHT 2TK 960X5.5ML,531.2579602,ml
2026-06,2026-09,723536,PN SHMP NC SCHT 2TK 960X5.5ML,700.0,tm
2026-07,2026-09,723536,PN SHMP NC SCHT 2TK 960X5.5ML,591.46075488,ml
2026-07,2026-09,723536,PN SHMP NC SCHT 2TK 960X5.5ML,740.0,tm
2026-05,2026-10,723536,PN SHMP NC SCHT 2TK 960X5.5ML,507.6447867,ml
2026-05,2026-10,723536,PN SHMP NC SCHT 2TK 960X5.5ML,620.0,tm
2026-06,2026-10,723536,PN SHMP NC SCHT 2TK 960X5.5ML,531.2579602,ml
2026-06,2026-10,723536,PN SHMP NC SCHT 2TK 960X5.5ML,650.0,tm
2026-07,2026-10,723536,PN SHMP NC SCHT 2TK 960X5.5ML,596.2759708,ml
2026-07,2026-10,723536,PN SHMP NC SCHT 2TK 960X5.5ML,610.0,tm
2026-06,2026-11,723536,PN SHMP NC SCHT 2TK 960X5.5ML,530.4155801,ml
2026-06,2026-11,723536,PN SHMP NC SCHT 2TK 960X5.5ML,650.0,tm
2026-07,2026-11,723536,PN SHMP NC SCHT 2TK 960X5.5ML,627.720413503,ml
2026-07,2026-11,723536,PN SHMP NC SCHT 2TK 960X5.5ML,620.0,tm
2026-07,2026-12,723536,PN SHMP NC SCHT 2TK 960X5.5ML,701.782015183,ml
2026-07,2026-12,723536,PN SHMP NC SCHT 2TK 960X5.5ML,650.0,tm
2025-04,2025-05,723538,PN SHMP NC 230TK 24X170ML,5.777849614,ml
2025-04,2025-05,723538,PN SHMP NC 230TK 24X170ML,18.4,tm
2025-04,2025-06,723538,PN SHMP NC 230TK 24X170ML,5.593603062,ml
2025-04,2025-06,723538,PN SHMP NC 230TK 24X170ML,6.8,tm
2025-05,2025-06,723538,PN SHMP NC 230TK 24X170ML,7.824290856,ml
2025-05,2025-06,723538,PN SHMP NC 230TK 24X170ML,10.5,tm
2025-04,2025-07,723538,PN SHMP NC 230TK 24X170ML,5.018834667,ml
2025-04,2025-07,723538,PN SHMP NC 230TK 24X170ML,14.533792923,tm
2025-05,2025-07,723538,PN SHMP NC 230TK 24X170ML,5.076242712,ml
2025-05,2025-07,723538,PN SHMP NC 230TK 24X170ML,14.533792923,tm
2025-06,2025-07,723538,PN SHMP NC 230TK 24X170ML,6.360014567,ml
2025-06,2025-07,723538,PN SHMP NC 230TK 24X170ML,15.533792923,tm
2025-04,2025-08,723538,PN SHMP NC 230TK 24X170ML,12.40688215,ml
2025-04,2025-08,723538,PN SHMP NC 230TK 24X170ML,10.809852088,tm
2025-05,2025-08,723538,PN SHMP NC 230TK 24X170ML,7.39696801,ml
2025-05,2025-08,723538,PN SHMP NC 230TK 24X170ML,12.809852088,tm
2025-06,2025-08,723538,PN SHMP NC 230TK 24X170ML,8.634819775,ml
2025-06,2025-08,723538,PN SHMP NC 230TK 24X170ML,10.809852088,tm
2025-07,2025-08,723538,PN SHMP NC 230TK 24X170ML,8.436142337,ml
2025-07,2025-08,723538,PN SHMP NC 230TK 24X170ML,10.809852088,tm
2025-04,2025-09,723538,PN SHMP NC 230TK 24X170ML,5.408351874,ml
2025-04,2025-09,723538,PN SHMP NC 230TK 24X170ML,13.533792923,tm
2025-05,2025-09,723538,PN SHMP NC 230TK 24X170ML,4.998935012,ml
2025-05,2025-09,723538,PN SHMP NC 230TK 24X170ML,15.033792923,tm
2025-06,2025-09,723538,PN SHMP NC 230TK 24X170ML,6.366084865,ml
2025-06,2025-09,723538,PN SHMP NC 230TK 24X170ML,14.933792923,tm
2025-07,2025-09,723538,PN SHMP NC 230TK 24X170ML,4.730287629,ml
2025-07,2025-09,723538,PN SHMP NC 230TK 24X170ML,8.933792923,tm
2025-08,2025-09,723538,PN SHMP NC 230TK 24X170ML,5.456240251,ml
2025-08,2025-09,723538,PN SHMP NC 230TK 24X170ML,8.933792923,tm
2025-05,2025-10,723538,PN SHMP NC 230TK 24X170ML,5.076242712,ml
2025-05,2025-10,723538,PN SHMP NC 230TK 24X170ML,11.292669837,tm
2025-06,2025-10,723538,PN SHMP NC 230TK 24X170ML,6.733402567,ml
2025-06,2025-10,723538,PN SHMP NC 230TK 24X170ML,9.992669837,tm
2025-07,2025-10,723538,PN SHMP NC 230TK 24X170ML,4.838025229,ml
2025-07,2025-10,723538,PN SHMP NC 230TK 24X170ML,9.992669837,tm
2025-08,2025-10,723538,PN SHMP NC 230TK 24X170ML,6.146701907,ml
2025-08,2025-10,723538,PN SHMP NC 230TK 24X170ML,9.992669837,tm
2025-09,2025-10,723538,PN SHMP NC 230TK 24X170ML,6.413672172,ml
2025-09,2025-10,723538,PN SHMP NC 230TK 24X170ML,10.235794224,tm
2025-06,2025-11,723538,PN SHMP NC 230TK 24X170ML,8.988082445,ml
2025-06,2025-11,723538,PN SHMP NC 230TK 24X170ML,9.992669837,tm
2025-07,2025-11,723538,PN SHMP NC 230TK 24X170ML,7.840427115,ml
2025-07,2025-11,723538,PN SHMP NC 230TK 24X170ML,9.992669837,tm
2025-08,2025-11,723538,PN SHMP NC 230TK 24X170ML,10.78637421,ml
2025-08,2025-11,723538,PN SHMP NC 230TK 24X170ML,9.992669837,tm
2025-09,2025-11,723538,PN SHMP NC 230TK 24X170ML,11.61336057,ml
2025-09,2025-11,723538,PN SHMP NC 230TK 24X170ML,10.159386843,tm
2025-10,2025-11,723538,PN SHMP NC 230TK 24X170ML,9.473092547,ml
2025-10,2025-11,723538,PN SHMP NC 230TK 24X170ML,15.2745005,tm
2025-07,2025-12,723538,PN SHMP NC 230TK 24X170ML,4.013114122,ml
2025-07,2025-12,723538,PN SHMP NC 230TK 24X170ML,12.5,tm
2025-08,2025-12,723538,PN SHMP NC 230TK 24X170ML,6.464947557,ml
2025-08,2025-12,723538,PN SHMP NC 230TK 24X170ML,12.5,tm
2025-09,2025-12,723538,PN SHMP NC 230TK 24X170ML,4.5970303,ml
2025-09,2025-12,723538,PN SHMP NC 230TK 24X170ML,11.728708076,tm
2025-10,2025-12,723538,PN SHMP NC 230TK 24X170ML,5.235735604,ml
2025-10,2025-12,723538,PN SHMP NC 230TK 24X170ML,11.728708076,tm
2025-11,2025-12,723538,PN SHMP NC 230TK 24X170ML,4.538616853,ml
2025-11,2025-12,723538,PN SHMP NC 230TK 24X170ML,4.533792923,tm
2025-08,2026-01,723538,PN SHMP NC 230TK 24X170ML,9.813118257,ml
2025-08,2026-01,723538,PN SHMP NC 230TK 24X170ML,9.0,tm
2025-09,2026-01,723538,PN SHMP NC 230TK 24X170ML,9.679041054,ml
2025-09,2026-01,723538,PN SHMP NC 230TK 24X170ML,10.42845476,tm
2025-10,2026-01,723538,PN SHMP NC 230TK 24X170ML,8.251547876,ml
2025-10,2026-01,723538,PN SHMP NC 230TK 24X170ML,10.42845476,tm
2025-11,2026-01,723538,PN SHMP NC 230TK 24X170ML,8.07792473,ml
2025-11,2026-01,723538,PN SHMP NC 230TK 24X170ML,11.492669837,tm
2025-12,2026-01,723538,PN SHMP NC 230TK 24X170ML,5.342538355,ml
2025-12,2026-01,723538,PN SHMP NC 230TK 24X170ML,11.492669837,tm
2025-09,2026-02,723538,PN SHMP NC 230TK 24X170ML,10.53452609,ml
2025-09,2026-02,723538,PN SHMP NC 230TK 24X170ML,7.741581858,tm
2025-10,2026-02,723538,PN SHMP NC 230TK 24X170ML,9.575225797,ml
2025-10,2026-02,723538,PN SHMP NC 230TK 24X170ML,10.741581858,tm
2025-11,2026-02,723538,PN SHMP NC 230TK 24X170ML,8.707947163,ml
2025-11,2026-02,723538,PN SHMP NC 230TK 24X170ML,17.992669837,tm
2025-12,2026-02,723538,PN SHMP NC 230TK 24X170ML,6.60268731,ml
2025-12,2026-02,723538,PN SHMP NC 230TK 24X170ML,17.992669837,tm
2026-01,2026-02,723538,PN SHMP NC 230TK 24X170ML,6.845686433,ml
2026-01,2026-02,723538,PN SHMP NC 230TK 24X170ML,17.992669837,tm
2025-10,2026-03,723538,PN SHMP NC 230TK 24X170ML,7.861944482,ml
2025-10,2026-03,723538,PN SHMP NC 230TK 24X170ML,7.741581858,tm
2025-11,2026-03,723538,PN SHMP NC 230TK 24X170ML,5.949400543,ml
2025-11,2026-03,723538,PN SHMP NC 230TK 24X170ML,12.89576334,tm
2025-12,2026-03,723538,PN SHMP NC 230TK 24X170ML,6.693326854,ml
2025-12,2026-03,723538,PN SHMP NC 230TK 24X170ML,12.89576334,tm
2026-01,2026-03,723538,PN SHMP NC 230TK 24X170ML,6.856114613,ml
2026-01,2026-03,723538,PN SHMP NC 230TK 24X170ML,12.89576334,tm
2026-02,2026-03,723538,PN SHMP NC 230TK 24X170ML,4.722625038,ml
2026-02,2026-03,723538,PN SHMP NC 230TK 24X170ML,12.9,tm
2025-11,2026-04,723538,PN SHMP NC 230TK 24X170ML,9.162755751,ml
2025-11,2026-04,723538,PN SHMP NC 230TK 24X170ML,7.051851459,tm
2025-12,2026-04,723538,PN SHMP NC 230TK 24X170ML,6.82001122,ml
2025-12,2026-04,723538,PN SHMP NC 230TK 24X170ML,19.2,tm
2026-01,2026-04,723538,PN SHMP NC 230TK 24X170ML,6.994201632,ml
2026-01,2026-04,723538,PN SHMP NC 230TK 24X170ML,7.928802353,tm
2026-02,2026-04,723538,PN SHMP NC 230TK 24X170ML,7.318470988,ml
2026-02,2026-04,723538,PN SHMP NC 230TK 24X170ML,17.1,tm
2026-03,2026-04,723538,PN SHMP NC 230TK 24X170ML,9.38827392,ml
2026-03,2026-04,723538,PN SHMP NC 230TK 24X170ML,12.0,tm
2025-12,2026-05,723538,PN SHMP NC 230TK 24X170ML,6.94978693,ml
2025-12,2026-05,723538,PN SHMP NC 230TK 24X170ML,16.7,tm
2026-01,2026-05,723538,PN SHMP NC 230TK 24X170ML,7.135533758,ml
2026-01,2026-05,723538,PN SHMP NC 230TK 24X170ML,8.089019995,tm
2026-02,2026-05,723538,PN SHMP NC 230TK 24X170ML,7.481149685,ml
2026-02,2026-05,723538,PN SHMP NC 230TK 24X170ML,14.6,tm
2026-03,2026-05,723538,PN SHMP NC 230TK 24X170ML,10.30035246,ml
2026-03,2026-05,723538,PN SHMP NC 230TK 24X170ML,13.0,tm
2026-04,2026-05,723538,PN SHMP NC 230TK 24X170ML,14.39076527,ml
2026-04,2026-05,723538,PN SHMP NC 230TK 24X170ML,13.0,tm
2026-01,2026-06,723538,PN SHMP NC 230TK 24X170ML,5.487232286,ml
2026-01,2026-06,723538,PN SHMP NC 230TK 24X170ML,6.220464114,tm
2026-02,2026-06,723538,PN SHMP NC 230TK 24X170ML,7.206152297,ml
2026-02,2026-06,723538,PN SHMP NC 230TK 24X170ML,19.6,tm
2026-03,2026-06,723538,PN SHMP NC 230TK 24X170ML,7.78053222,ml
2026-03,2026-06,723538,PN SHMP NC 230TK 24X170ML,12.0,tm
2026-04,2026-06,723538,PN SHMP NC 230TK 24X170ML,8.893674462,ml
2026-04,2026-06,723538,PN SHMP NC 230TK 24X170ML,12.0,tm
2026-05,2026-06,723538,PN SHMP NC 230TK 24X170ML,6.307656422,ml
2026-05,2026-06,723538,PN SHMP NC 230TK 24X170ML,12.0,tm
2026-02,2026-07,723538,PN SHMP NC 230TK 24X170ML,7.784688954,ml
2026-02,2026-07,723538,PN SHMP NC 230TK 24X170ML,12.6,tm
2026-03,2026-07,723538,PN SHMP NC 230TK 24X170ML,17.7620177,ml
2026-03,2026-07,723538,PN SHMP NC 230TK 24X170ML,12.0,tm
2026-04,2026-07,723538,PN SHMP NC 230TK 24X170ML,17.23250184,ml
2026-04,2026-07,723538,PN SHMP NC 230TK 24X170ML,10.0,tm
2026-05,2026-07,723538,PN SHMP NC 230TK 24X170ML,10.75238891,ml
2026-05,2026-07,723538,PN SHMP NC 230TK 24X170ML,10.0,tm
2026-06,2026-07,723538,PN SHMP NC 230TK 24X170ML,7.271524082,ml
2026-06,2026-07,723538,PN SHMP NC 230TK 24X170ML,10.0,tm
2026-03,2026-08,723538,PN SHMP NC 230TK 24X170ML,5.07715394,ml
2026-03,2026-08,723538,PN SHMP NC 230TK 24X170ML,13.0,tm
2026-04,2026-08,723538,PN SHMP NC 230TK 24X170ML,4.8193909,ml
2026-04,2026-08,723538,PN SHMP NC 230TK 24X170ML,13.0,tm
2026-05,2026-08,723538,PN SHMP NC 230TK 24X170ML,6.307656422,ml
2026-05,2026-08,723538,PN SHMP NC 230TK 24X170ML,13.0,tm
2026-06,2026-08,723538,PN SHMP NC 230TK 24X170ML,6.103736667,ml
2026-06,2026-08,723538,PN SHMP NC 230TK 24X170ML,13.0,tm
2026-07,2026-08,723538,PN SHMP NC 230TK 24X170ML,7.3158687,ml
2026-07,2026-08,723538,PN SHMP NC 230TK 24X170ML,8.289870469,tm
2026-04,2026-09,723538,PN SHMP NC 230TK 24X170ML,9.387068,ml
2026-04,2026-09,723538,PN SHMP NC 230TK 24X170ML,8.0,tm
2026-05,2026-09,723538,PN SHMP NC 230TK 24X170ML,6.307656422,ml
2026-05,2026-09,723538,PN SHMP NC 230TK 24X170ML,8.0,tm
2026-06,2026-09,723538,PN SHMP NC 230TK 24X170ML,7.47225302,ml
2026-06,2026-09,723538,PN SHMP NC 230TK 24X170ML,8.0,tm
2026-07,2026-09,723538,PN SHMP NC 230TK 24X170ML,7.45230422,ml
2026-07,2026-09,723538,PN SHMP NC 230TK 24X170ML,8.444470399,tm
2026-05,2026-10,723538,PN SHMP NC 230TK 24X170ML,6.307656422,ml
2026-05,2026-10,723538,PN SHMP NC 230TK 24X170ML,14.0,tm
2026-06,2026-10,723538,PN SHMP NC 230TK 24X170ML,6.773368697,ml
2026-06,2026-10,723538,PN SHMP NC 230TK 24X170ML,14.0,tm
2026-07,2026-10,723538,PN SHMP NC 230TK 24X170ML,6.1406106,ml
2026-07,2026-10,723538,PN SHMP NC 230TK 24X170ML,6.958143805,tm
2026-06,2026-11,723538,PN SHMP NC 230TK 24X170ML,6.103736667,ml
2026-06,2026-11,723538,PN SHMP NC 230TK 24X170ML,14.0,tm
2026-07,2026-11,723538,PN SHMP NC 230TK 24X170ML,6.868996801,ml
2026-07,2026-11,723538,PN SHMP NC 230TK 24X170ML,7.783504061,tm
2026-07,2026-12,723538,PN SHMP NC 230TK 24X170ML,7.749399548,ml
2026-07,2026-12,723538,PN SHMP NC 230TK 24X170ML,8.781119659,tm
2025-04,2025-05,723540,PN SHMP AHF 370TK 24X340ML,0.851729572,ml
2025-04,2025-05,723540,PN SHMP AHF 370TK 24X340ML,2.374667307,tm
2025-04,2025-06,723540,PN SHMP AHF 370TK 24X340ML,0.696307657,ml
2025-04,2025-06,723540,PN SHMP AHF 370TK 24X340ML,1.696190933,tm
2025-05,2025-06,723540,PN SHMP AHF 370TK 24X340ML,1.336391147,ml
2025-05,2025-06,723540,PN SHMP AHF 370TK 24X340ML,2.096190933,tm
2025-04,2025-07,723540,PN SHMP AHF 370TK 24X340ML,1.10323088,ml
2025-04,2025-07,723540,PN SHMP AHF 370TK 24X340ML,2.374667307,tm
2025-05,2025-07,723540,PN SHMP AHF 370TK 24X340ML,1.143228887,ml
2025-05,2025-07,723540,PN SHMP AHF 370TK 24X340ML,2.874667307,tm
2025-06,2025-07,723540,PN SHMP AHF 370TK 24X340ML,0.749950071,ml
2025-06,2025-07,723540,PN SHMP AHF 370TK 24X340ML,1.241943664,tm
2025-04,2025-08,723540,PN SHMP AHF 370TK 24X340ML,0.508422031,ml
2025-04,2025-08,723540,PN SHMP AHF 370TK 24X340ML,1.696190933,tm
2025-05,2025-08,723540,PN SHMP AHF 370TK 24X340ML,0.739245578,ml
2025-05,2025-08,723540,PN SHMP AHF 370TK 24X340ML,1.996190933,tm
2025-06,2025-08,723540,PN SHMP AHF 370TK 24X340ML,0.792310539,ml
2025-06,2025-08,723540,PN SHMP AHF 370TK 24X340ML,1.312094086,tm
2025-07,2025-08,723540,PN SHMP AHF 370TK 24X340ML,1.060066198,ml
2025-07,2025-08,723540,PN SHMP AHF 370TK 24X340ML,1.755506864,tm
2025-04,2025-09,723540,PN SHMP AHF 370TK 24X340ML,0.351557972,ml
2025-04,2025-09,723540,PN SHMP AHF 370TK 24X340ML,2.374667307,tm
2025-05,2025-09,723540,PN SHMP AHF 370TK 24X340ML,1.085583213,ml
2025-05,2025-09,723540,PN SHMP AHF 370TK 24X340ML,2.874667307,tm
2025-06,2025-09,723540,PN SHMP AHF 370TK 24X340ML,0.879688417,ml
2025-06,2025-09,723540,PN SHMP AHF 370TK 24X340ML,1.456794923,tm
2025-07,2025-09,723540,PN SHMP AHF 370TK 24X340ML,0.857954474,ml
2025-07,2025-09,723540,PN SHMP AHF 370TK 24X340ML,1.420802748,tm
2025-08,2025-09,723540,PN SHMP AHF 370TK 24X340ML,0.850908708,ml
2025-08,2025-09,723540,PN SHMP AHF 370TK 24X340ML,1.409134713,tm
2025-05,2025-10,723540,PN SHMP AHF 370TK 24X340ML,1.091692107,ml
2025-05,2025-10,723540,PN SHMP AHF 370TK 24X340ML,1.492648021,tm
2025-06,2025-10,723540,PN SHMP AHF 370TK 24X340ML,1.05786378,ml
2025-06,2025-10,723540,PN SHMP AHF 370TK 24X340ML,1.751859583,tm
2025-07,2025-10,723540,PN SHMP AHF 370TK 24X340ML,0.894291622,ml
2025-07,2025-10,723540,PN SHMP AHF 370TK 24X340ML,1.480978343,tm
2025-08,2025-10,723540,PN SHMP AHF 370TK 24X340ML,0.842049237,ml
2025-08,2025-10,723540,PN SHMP AHF 370TK 24X340ML,1.394463118,tm
2025-09,2025-10,723540,PN SHMP AHF 370TK 24X340ML,0.597763043,ml
2025-09,2025-10,723540,PN SHMP AHF 370TK 24X340ML,1.577267549,tm
2025-06,2025-11,723540,PN SHMP AHF 370TK 24X340ML,1.029198249,ml
2025-06,2025-11,723540,PN SHMP AHF 370TK 24X340ML,1.704388457,tm
2025-07,2025-11,723540,PN SHMP AHF 370TK 24X340ML,0.981677613,ml
2025-07,2025-11,723540,PN SHMP AHF 370TK 24X340ML,1.625692613,tm
2025-08,2025-11,723540,PN SHMP AHF 370TK 24X340ML,0.972572272,ml
2025-08,2025-11,723540,PN SHMP AHF 370TK 24X340ML,1.61061385,tm
2025-09,2025-11,723540,PN SHMP AHF 370TK 24X340ML,1.00991925,ml
2025-09,2025-11,723540,PN SHMP AHF 370TK 24X340ML,1.549970225,tm
2025-10,2025-11,723540,PN SHMP AHF 370TK 24X340ML,0.931271534,ml
2025-10,2025-11,723540,PN SHMP AHF 370TK 24X340ML,2.299970225,tm
2025-07,2025-12,723540,PN SHMP AHF 370TK 24X340ML,0.926575214,ml
2025-07,2025-12,723540,PN SHMP AHF 370TK 24X340ML,1.534441104,tm
2025-08,2025-12,723540,PN SHMP AHF 370TK 24X340ML,0.798752,ml
2025-08,2025-12,723540,PN SHMP AHF 370TK 24X340ML,1.322761372,tm
2025-09,2025-12,723540,PN SHMP AHF 370TK 24X340ML,0.828773285,ml
2025-09,2025-12,723540,PN SHMP AHF 370TK 24X340ML,2.050891985,tm
2025-10,2025-12,723540,PN SHMP AHF 370TK 24X340ML,0.674204517,ml
2025-10,2025-12,723540,PN SHMP AHF 370TK 24X340ML,2.050891985,tm
2025-11,2025-12,723540,PN SHMP AHF 370TK 24X340ML,0.622790808,ml
2025-11,2025-12,723540,PN SHMP AHF 370TK 24X340ML,1.98816,tm
2025-08,2026-01,723540,PN SHMP AHF 370TK 24X340ML,1.031167846,ml
2025-08,2026-01,723540,PN SHMP AHF 370TK 24X340ML,1.707650178,tm
2025-09,2026-01,723540,PN SHMP AHF 370TK 24X340ML,1.528196584,ml
2025-09,2026-01,723540,PN SHMP AHF 370TK 24X340ML,2.17008695,tm
2025-10,2026-01,723540,PN SHMP AHF 370TK 24X340ML,1.155957822,ml
2025-10,2026-01,723540,PN SHMP AHF 370TK 24X340ML,2.17008695,tm
2025-11,2026-01,723540,PN SHMP AHF 370TK 24X340ML,1.521187637,ml
2025-11,2026-01,723540,PN SHMP AHF 370TK 24X340ML,2.092648021,tm
2025-12,2026-01,723540,PN SHMP AHF 370TK 24X340ML,1.503502015,ml
2025-12,2026-01,723540,PN SHMP AHF 370TK 24X340ML,2.092648021,tm
2025-09,2026-02,723540,PN SHMP AHF 370TK 24X340ML,1.941190213,ml
2025-09,2026-02,723540,PN SHMP AHF 370TK 24X340ML,1.867624657,tm
2025-10,2026-02,723540,PN SHMP AHF 370TK 24X340ML,1.271677676,ml
2025-10,2026-02,723540,PN SHMP AHF 370TK 24X340ML,1.867624657,tm
2025-11,2026-02,723540,PN SHMP AHF 370TK 24X340ML,1.237917961,ml
2025-11,2026-02,723540,PN SHMP AHF 370TK 24X340ML,1.492648021,tm
2025-12,2026-02,723540,PN SHMP AHF 370TK 24X340ML,1.274079091,ml
2025-12,2026-02,723540,PN SHMP AHF 370TK 24X340ML,1.492648021,tm
2026-01,2026-02,723540,PN SHMP AHF 370TK 24X340ML,1.263699794,ml
2026-01,2026-02,723540,PN SHMP AHF 370TK 24X340ML,1.492648021,tm
2025-10,2026-03,723540,PN SHMP AHF 370TK 24X340ML,1.416010857,ml
2025-10,2026-03,723540,PN SHMP AHF 370TK 24X340ML,1.867624657,tm
2025-11,2026-03,723540,PN SHMP AHF 370TK 24X340ML,2.066689888,ml
2025-11,2026-03,723540,PN SHMP AHF 370TK 24X340ML,2.713905493,tm
2025-12,2026-03,723540,PN SHMP AHF 370TK 24X340ML,2.072010012,ml
2025-12,2026-03,723540,PN SHMP AHF 370TK 24X340ML,2.713905493,tm
2026-01,2026-03,723540,PN SHMP AHF 370TK 24X340ML,1.953302457,ml
2026-01,2026-03,723540,PN SHMP AHF 370TK 24X340ML,2.713905493,tm
2026-02,2026-03,723540,PN SHMP AHF 370TK 24X340ML,0.809616605,ml
2026-02,2026-03,723540,PN SHMP AHF 370TK 24X340ML,2.7139054930000004,tm
2025-11,2026-04,723540,PN SHMP AHF 370TK 24X340ML,1.920470571,ml
2025-11,2026-04,723540,PN SHMP AHF 370TK 24X340ML,1.608333949,tm
2025-12,2026-04,723540,PN SHMP AHF 370TK 24X340ML,1.894586608,ml
2025-12,2026-04,723540,PN SHMP AHF 370TK 24X340ML,1.828648021,tm
2026-01,2026-04,723540,PN SHMP AHF 370TK 24X340ML,1.894066373,ml
2026-01,2026-04,723540,PN SHMP AHF 370TK 24X340ML,1.492648021,tm
2026-02,2026-04,723540,PN SHMP AHF 370TK 24X340ML,0.820738358,ml
2026-02,2026-04,723540,PN SHMP AHF 370TK 24X340ML,1.492648021,tm
2026-03,2026-04,723540,PN SHMP AHF 370TK 24X340ML,0.858155558,ml
2026-03,2026-04,723540,PN SHMP AHF 370TK 24X340ML,1.5,tm
2025-12,2026-05,723540,PN SHMP AHF 370TK 24X340ML,1.173758642,ml
2025-12,2026-05,723540,PN SHMP AHF 370TK 24X340ML,2.710667307,tm
2026-01,2026-05,723540,PN SHMP AHF 370TK 24X340ML,1.366721305,ml
2026-01,2026-05,723540,PN SHMP AHF 370TK 24X340ML,2.374667307,tm
2026-02,2026-05,723540,PN SHMP AHF 370TK 24X340ML,0.824917768,ml
2026-02,2026-05,723540,PN SHMP AHF 370TK 24X340ML,2.374667307,tm
2026-03,2026-05,723540,PN SHMP AHF 370TK 24X340ML,0.774786476,ml
2026-03,2026-05,723540,PN SHMP AHF 370TK 24X340ML,2.5,tm
2026-04,2026-05,723540,PN SHMP AHF 370TK 24X340ML,3.863071835,ml
2026-04,2026-05,723540,PN SHMP AHF 370TK 24X340ML,2.5,tm
2026-01,2026-06,723540,PN SHMP AHF 370TK 24X340ML,0.690492145,ml
2026-01,2026-06,723540,PN SHMP AHF 370TK 24X340ML,1.492648021,tm
2026-02,2026-06,723540,PN SHMP AHF 370TK 24X340ML,0.40843851,ml
2026-02,2026-06,723540,PN SHMP AHF 370TK 24X340ML,1.492648021,tm
2026-03,2026-06,723540,PN SHMP AHF 370TK 24X340ML,0.80461147,ml
2026-03,2026-06,723540,PN SHMP AHF 370TK 24X340ML,1.5,tm
2026-04,2026-06,723540,PN SHMP AHF 370TK 24X340ML,2.222377342,ml
2026-04,2026-06,723540,PN SHMP AHF 370TK 24X340ML,1.5,tm
2026-05,2026-06,723540,PN SHMP AHF 370TK 24X340ML,0.834574643,ml
2026-05,2026-06,723540,PN SHMP AHF 370TK 24X340ML,1.5,tm
2026-02,2026-07,723540,PN SHMP AHF 370TK 24X340ML,0.837616002,ml
2026-02,2026-07,723540,PN SHMP AHF 370TK 24X340ML,2.0,tm
2026-03,2026-07,723540,PN SHMP AHF 370TK 24X340ML,0.222509508,ml
2026-03,2026-07,723540,PN SHMP AHF 370TK 24X340ML,2.0,tm
2026-04,2026-07,723540,PN SHMP AHF 370TK 24X340ML,5.09247663,ml
2026-04,2026-07,723540,PN SHMP AHF 370TK 24X340ML,2.0,tm
2026-05,2026-07,723540,PN SHMP AHF 370TK 24X340ML,0.741842152,ml
2026-05,2026-07,723540,PN SHMP AHF 370TK 24X340ML,2.0,tm
2026-06,2026-07,723540,PN SHMP AHF 370TK 24X340ML,1.282816671,ml
2026-06,2026-07,723540,PN SHMP AHF 370TK 24X340ML,2.0,tm
2026-03,2026-08,723540,PN SHMP AHF 370TK 24X340ML,0.761848319,ml
2026-03,2026-08,723540,PN SHMP AHF 370TK 24X340ML,1.5,tm
2026-04,2026-08,723540,PN SHMP AHF 370TK 24X340ML,3.054900419,ml
2026-04,2026-08,723540,PN SHMP AHF 370TK 24X340ML,1.5,tm
2026-05,2026-08,723540,PN SHMP AHF 370TK 24X340ML,1.00205121,ml
2026-05,2026-08,723540,PN SHMP AHF 370TK 24X340ML,1.5,tm
2026-06,2026-08,723540,PN SHMP AHF 370TK 24X340ML,0.734287096,ml
2026-06,2026-08,723540,PN SHMP AHF 370TK 24X340ML,1.5,tm
2026-07,2026-08,723540,PN SHMP AHF 370TK 24X340ML,0.792529391,ml
2026-07,2026-08,723540,PN SHMP AHF 370TK 24X340ML,2.054137413,tm
2026-04,2026-09,723540,PN SHMP AHF 370TK 24X340ML,2.766847,ml
2026-04,2026-09,723540,PN SHMP AHF 370TK 24X340ML,1.5,tm
2026-05,2026-09,723540,PN SHMP AHF 370TK 24X340ML,0.915993815,ml
2026-05,2026-09,723540,PN SHMP AHF 370TK 24X340ML,1.5,tm
2026-06,2026-09,723540,PN SHMP AHF 370TK 24X340ML,0.808721665,ml
2026-06,2026-09,723540,PN SHMP AHF 370TK 24X340ML,1.5,tm
2026-07,2026-09,723540,PN SHMP AHF 370TK 24X340ML,0.2195271432,ml
2026-07,2026-09,723540,PN SHMP AHF 370TK 24X340ML,0.568986997,tm
2026-05,2026-10,723540,PN SHMP AHF 370TK 24X340ML,0.796023974,ml
2026-05,2026-10,723540,PN SHMP AHF 370TK 24X340ML,1.5,tm
2026-06,2026-10,723540,PN SHMP AHF 370TK 24X340ML,0.401717192,ml
2026-06,2026-10,723540,PN SHMP AHF 370TK 24X340ML,1.5,tm
2026-07,2026-10,723540,PN SHMP AHF 370TK 24X340ML,0.8141435577,ml
2026-07,2026-10,723540,PN SHMP AHF 370TK 24X340ML,2.11015864,tm
2026-06,2026-11,723540,PN SHMP AHF 370TK 24X340ML,0.734287096,ml
2026-06,2026-11,723540,PN SHMP AHF 370TK 24X340ML,1.2,tm
2026-07,2026-11,723540,PN SHMP AHF 370TK 24X340ML,0.6883293863,ml
2026-07,2026-11,723540,PN SHMP AHF 370TK 24X340ML,1.784063987,tm
2026-07,2026-12,723540,PN SHMP AHF 370TK 24X340ML,0.3303734759,ml
2026-07,2026-12,723540,PN SHMP AHF 370TK 24X340ML,0.856286877,tm
2025-04,2025-05,723541,PN SHMP AHF SCHT 2TK 960X5.5ML,1.696160845,ml
2025-04,2025-05,723541,PN SHMP AHF SCHT 2TK 960X5.5ML,1.817901542,tm
2025-04,2025-06,723541,PN SHMP AHF SCHT 2TK 960X5.5ML,3.421753531,ml
2025-04,2025-06,723541,PN SHMP AHF SCHT 2TK 960X5.5ML,3.667347375,tm
2025-05,2025-06,723541,PN SHMP AHF SCHT 2TK 960X5.5ML,4.22815852,ml
2025-05,2025-06,723541,PN SHMP AHF SCHT 2TK 960X5.5ML,2.873988032,tm
2025-04,2025-07,723541,PN SHMP AHF SCHT 2TK 960X5.5ML,3.19836448,ml
2025-04,2025-07,723541,PN SHMP AHF SCHT 2TK 960X5.5ML,3.427924739,tm
2025-05,2025-07,723541,PN SHMP AHF SCHT 2TK 960X5.5ML,3.3015296,ml
2025-05,2025-07,723541,PN SHMP AHF SCHT 2TK 960X5.5ML,5.598416051,tm
2025-06,2025-07,723541,PN SHMP AHF SCHT 2TK 960X5.5ML,3.0957233,ml
2025-06,2025-07,723541,PN SHMP AHF SCHT 2TK 960X5.5ML,4.498416051,tm
2025-04,2025-08,723541,PN SHMP AHF SCHT 2TK 960X5.5ML,3.19836448,ml
2025-04,2025-08,723541,PN SHMP AHF SCHT 2TK 960X5.5ML,3.427924739,tm
2025-05,2025-08,723541,PN SHMP AHF SCHT 2TK 960X5.5ML,3.200921,ml
2025-05,2025-08,723541,PN SHMP AHF SCHT 2TK 960X5.5ML,3.623724041,tm
2025-06,2025-08,723541,PN SHMP AHF SCHT 2TK 960X5.5ML,3.089495654,ml
2025-06,2025-08,723541,PN SHMP AHF SCHT 2TK 960X5.5ML,3.623724041,tm
2025-07,2025-08,723541,PN SHMP AHF SCHT 2TK 960X5.5ML,2.858270615,ml
2025-07,2025-08,723541,PN SHMP AHF SCHT 2TK 960X5.5ML,3.623724041,tm
2025-04,2025-09,723541,PN SHMP AHF SCHT 2TK 960X5.5ML,3.19836448,ml
2025-04,2025-09,723541,PN SHMP AHF SCHT 2TK 960X5.5ML,3.427924739,tm
2025-05,2025-09,723541,PN SHMP AHF SCHT 2TK 960X5.5ML,3.498764525,ml
2025-05,2025-09,723541,PN SHMP AHF SCHT 2TK 960X5.5ML,2.749032031,tm
2025-06,2025-09,723541,PN SHMP AHF SCHT 2TK 960X5.5ML,3.508832509,ml
2025-06,2025-09,723541,PN SHMP AHF SCHT 2TK 960X5.5ML,2.749032031,tm
2025-07,2025-09,723541,PN SHMP AHF SCHT 2TK 960X5.5ML,3.147091218,ml
2025-07,2025-09,723541,PN SHMP AHF SCHT 2TK 960X5.5ML,2.749032031,tm
2025-08,2025-09,723541,PN SHMP AHF SCHT 2TK 960X5.5ML,2.723882375,ml
2025-08,2025-09,723541,PN SHMP AHF SCHT 2TK 960X5.5ML,3.0159471,tm
2025-05,2025-10,723541,PN SHMP AHF SCHT 2TK 960X5.5ML,3.1796059,ml
2025-05,2025-10,723541,PN SHMP AHF SCHT 2TK 960X5.5ML,4.373460049,tm
2025-06,2025-10,723541,PN SHMP AHF SCHT 2TK 960X5.5ML,3.1822449,ml
2025-06,2025-10,723541,PN SHMP AHF SCHT 2TK 960X5.5ML,4.37,tm
2025-07,2025-10,723541,PN SHMP AHF SCHT 2TK 960X5.5ML,2.673844792,ml
2025-07,2025-10,723541,PN SHMP AHF SCHT 2TK 960X5.5ML,4.37,tm
2025-08,2025-10,723541,PN SHMP AHF SCHT 2TK 960X5.5ML,1.974098252,ml
2025-08,2025-10,723541,PN SHMP AHF SCHT 2TK 960X5.5ML,2.185768356,tm
2025-09,2025-10,723541,PN SHMP AHF SCHT 2TK 960X5.5ML,2.917927773,ml
2025-09,2025-10,723541,PN SHMP AHF SCHT 2TK 960X5.5ML,4.373460049,tm
2025-06,2025-11,723541,PN SHMP AHF SCHT 2TK 960X5.5ML,2.9923353,ml
2025-06,2025-11,723541,PN SHMP AHF SCHT 2TK 960X5.5ML,4.37,tm
2025-07,2025-11,723541,PN SHMP AHF SCHT 2TK 960X5.5ML,2.287663914,ml
2025-07,2025-11,723541,PN SHMP AHF SCHT 2TK 960X5.5ML,4.37,tm
2025-08,2025-11,723541,PN SHMP AHF SCHT 2TK 960X5.5ML,2.612326206,ml
2025-08,2025-11,723541,PN SHMP AHF SCHT 2TK 960X5.5ML,2.892429467,tm
2025-09,2025-11,723541,PN SHMP AHF SCHT 2TK 960X5.5ML,3.356400067,ml
2025-09,2025-11,723541,PN SHMP AHF SCHT 2TK 960X5.5ML,3.498768039,tm
2025-10,2025-11,723541,PN SHMP AHF SCHT 2TK 960X5.5ML,2.184409915,ml
2025-10,2025-11,723541,PN SHMP AHF SCHT 2TK 960X5.5ML,3.498768039,tm
2025-07,2025-12,723541,PN SHMP AHF SCHT 2TK 960X5.5ML,2.318643646,ml
2025-07,2025-12,723541,PN SHMP AHF SCHT 2TK 960X5.5ML,2.7,tm
2025-08,2025-12,723541,PN SHMP AHF SCHT 2TK 960X5.5ML,2.723882375,ml
2025-08,2025-12,723541,PN SHMP AHF SCHT 2TK 960X5.5ML,3.0159471,tm
2025-09,2025-12,723541,PN SHMP AHF SCHT 2TK 960X5.5ML,3.194387174,ml
2025-09,2025-12,723541,PN SHMP AHF SCHT 2TK 960X5.5ML,2.68655403,tm
2025-10,2025-12,723541,PN SHMP AHF SCHT 2TK 960X5.5ML,2.881950124,ml
2025-10,2025-12,723541,PN SHMP AHF SCHT 2TK 960X5.5ML,2.68655403,tm
2025-11,2025-12,723541,PN SHMP AHF SCHT 2TK 960X5.5ML,3.454978433,ml
2025-11,2025-12,723541,PN SHMP AHF SCHT 2TK 960X5.5ML,5.0,tm
2025-08,2026-01,723541,PN SHMP AHF SCHT 2TK 960X5.5ML,2.723882375,ml
2025-08,2026-01,723541,PN SHMP AHF SCHT 2TK 960X5.5ML,3.0159471,tm
2025-09,2026-01,723541,PN SHMP AHF SCHT 2TK 960X5.5ML,3.360431867,ml
2025-09,2026-01,723541,PN SHMP AHF SCHT 2TK 960X5.5ML,5.498064062,tm
2025-10,2026-01,723541,PN SHMP AHF SCHT 2TK 960X5.5ML,3.285179732,ml
2025-10,2026-01,723541,PN SHMP AHF SCHT 2TK 960X5.5ML,5.498064062,tm
2025-11,2026-01,723541,PN SHMP AHF SCHT 2TK 960X5.5ML,3.456206008,ml
2025-11,2026-01,723541,PN SHMP AHF SCHT 2TK 960X5.5ML,5.498064062,tm
2025-12,2026-01,723541,PN SHMP AHF SCHT 2TK 960X5.5ML,3.188877366,ml
2025-12,2026-01,723541,PN SHMP AHF SCHT 2TK 960X5.5ML,7.5,tm
2025-09,2026-02,723541,PN SHMP AHF SCHT 2TK 960X5.5ML,3.194387174,ml
2025-09,2026-02,723541,PN SHMP AHF SCHT 2TK 960X5.5ML,3.498768039,tm
2025-10,2026-02,723541,PN SHMP AHF SCHT 2TK 960X5.5ML,2.881950124,ml
2025-10,2026-02,723541,PN SHMP AHF SCHT 2TK 960X5.5ML,3.498768039,tm
2025-11,2026-02,723541,PN SHMP AHF SCHT 2TK 960X5.5ML,3.295489929,ml
2025-11,2026-02,723541,PN SHMP AHF SCHT 2TK 960X5.5ML,3.498768039,tm
2025-12,2026-02,723541,PN SHMP AHF SCHT 2TK 960X5.5ML,3.854436609,ml
2025-12,2026-02,723541,PN SHMP AHF SCHT 2TK 960X5.5ML,5.5,tm
2026-01,2026-02,723541,PN SHMP AHF SCHT 2TK 960X5.5ML,3.9057996,ml
2026-01,2026-02,723541,PN SHMP AHF SCHT 2TK 960X5.5ML,5.498768039,tm
2025-10,2026-03,723541,PN SHMP AHF SCHT 2TK 960X5.5ML,3.285179732,ml
2025-10,2026-03,723541,PN SHMP AHF SCHT 2TK 960X5.5ML,5.623020063,tm
2025-11,2026-03,723541,PN SHMP AHF SCHT 2TK 960X5.5ML,3.324302833,ml
2025-11,2026-03,723541,PN SHMP AHF SCHT 2TK 960X5.5ML,5.623020063,tm
2025-12,2026-03,723541,PN SHMP AHF SCHT 2TK 960X5.5ML,3.854436609,ml
2025-12,2026-03,723541,PN SHMP AHF SCHT 2TK 960X5.5ML,8.62,tm
2026-01,2026-03,723541,PN SHMP AHF SCHT 2TK 960X5.5ML,4.1945022,ml
2026-01,2026-03,723541,PN SHMP AHF SCHT 2TK 960X5.5ML,8.623020063,tm
2026-02,2026-03,723541,PN SHMP AHF SCHT 2TK 960X5.5ML,3.981267235,ml
2026-02,2026-03,723541,PN SHMP AHF SCHT 2TK 960X5.5ML,8.623020063,tm
2025-11,2026-04,723541,PN SHMP AHF SCHT 2TK 960X5.5ML,2.792943289,ml
2025-11,2026-04,723541,PN SHMP AHF SCHT 2TK 960X5.5ML,3.394790724,tm
2025-12,2026-04,723541,PN SHMP AHF SCHT 2TK 960X5.5ML,5.542876162,ml
2025-12,2026-04,723541,PN SHMP AHF SCHT 2TK 960X5.5ML,3.0,tm
2026-01,2026-04,723541,PN SHMP AHF SCHT 2TK 960X5.5ML,4.444268473,ml
2026-01,2026-04,723541,PN SHMP AHF SCHT 2TK 960X5.5ML,5.0,tm
2026-02,2026-04,723541,PN SHMP AHF SCHT 2TK 960X5.5ML,4.6530447,ml
2026-02,2026-04,723541,PN SHMP AHF SCHT 2TK 960X5.5ML,5.0,tm
2026-03,2026-04,723541,PN SHMP AHF SCHT 2TK 960X5.5ML,4.3039281,ml
2026-03,2026-04,723541,PN SHMP AHF SCHT 2TK 960X5.5ML,5.5,tm
2025-12,2026-05,723541,PN SHMP AHF SCHT 2TK 960X5.5ML,5.104554556,ml
2025-12,2026-05,723541,PN SHMP AHF SCHT 2TK 960X5.5ML,4.0,tm
2026-01,2026-05,723541,PN SHMP AHF SCHT 2TK 960X5.5ML,4.523606973,ml
2026-01,2026-05,723541,PN SHMP AHF SCHT 2TK 960X5.5ML,6.0,tm
2026-02,2026-05,723541,PN SHMP AHF SCHT 2TK 960X5.5ML,4.5633066,ml
2026-02,2026-05,723541,PN SHMP AHF SCHT 2TK 960X5.5ML,6.0,tm
2026-03,2026-05,723541,PN SHMP AHF SCHT 2TK 960X5.5ML,5.455414526,ml
2026-03,2026-05,723541,PN SHMP AHF SCHT 2TK 960X5.5ML,6.0,tm
2026-04,2026-05,723541,PN SHMP AHF SCHT 2TK 960X5.5ML,4.7992619,ml
2026-04,2026-05,723541,PN SHMP AHF SCHT 2TK 960X5.5ML,6.0,tm
2026-01,2026-06,723541,PN SHMP AHF SCHT 2TK 960X5.5ML,4.126336,ml
2026-01,2026-06,723541,PN SHMP AHF SCHT 2TK 960X5.5ML,4.0,tm
2026-02,2026-06,723541,PN SHMP AHF SCHT 2TK 960X5.5ML,4.6530447,ml
2026-02,2026-06,723541,PN SHMP AHF SCHT 2TK 960X5.5ML,4.0,tm
2026-03,2026-06,723541,PN SHMP AHF SCHT 2TK 960X5.5ML,4.39311804,ml
2026-03,2026-06,723541,PN SHMP AHF SCHT 2TK 960X5.5ML,5.0,tm
2026-04,2026-06,723541,PN SHMP AHF SCHT 2TK 960X5.5ML,4.2550009,ml
2026-04,2026-06,723541,PN SHMP AHF SCHT 2TK 960X5.5ML,5.0,tm
2026-05,2026-06,723541,PN SHMP AHF SCHT 2TK 960X5.5ML,4.466871469,ml
2026-05,2026-06,723541,PN SHMP AHF SCHT 2TK 960X5.5ML,5.0,tm
2026-02,2026-07,723541,PN SHMP AHF SCHT 2TK 960X5.5ML,4.6530447,ml
2026-02,2026-07,723541,PN SHMP AHF SCHT 2TK 960X5.5ML,4.0,tm
2026-03,2026-07,723541,PN SHMP AHF SCHT 2TK 960X5.5ML,4.3039281,ml
2026-03,2026-07,723541,PN SHMP AHF SCHT 2TK 960X5.5ML,4.498416051,tm
2026-04,2026-07,723541,PN SHMP AHF SCHT 2TK 960X5.5ML,4.752462304,ml
2026-04,2026-07,723541,PN SHMP AHF SCHT 2TK 960X5.5ML,4.498416051,tm
2026-05,2026-07,723541,PN SHMP AHF SCHT 2TK 960X5.5ML,5.225738155,ml
2026-05,2026-07,723541,PN SHMP AHF SCHT 2TK 960X5.5ML,4.498416051,tm
2026-06,2026-07,723541,PN SHMP AHF SCHT 2TK 960X5.5ML,4.218596403,ml
2026-06,2026-07,723541,PN SHMP AHF SCHT 2TK 960X5.5ML,4.498416051,tm
2026-03,2026-08,723541,PN SHMP AHF SCHT 2TK 960X5.5ML,6.158021499,ml
2026-03,2026-08,723541,PN SHMP AHF SCHT 2TK 960X5.5ML,4.0,tm
2026-04,2026-08,723541,PN SHMP AHF SCHT 2TK 960X5.5ML,4.8787145,ml
2026-04,2026-08,723541,PN SHMP AHF SCHT 2TK 960X5.5ML,4.0,tm
2026-05,2026-08,723541,PN SHMP AHF SCHT 2TK 960X5.5ML,5.622459521,ml
2026-05,2026-08,723541,PN SHMP AHF SCHT 2TK 960X5.5ML,4.0,tm
2026-06,2026-08,723541,PN SHMP AHF SCHT 2TK 960X5.5ML,4.480338973,ml
2026-06,2026-08,723541,PN SHMP AHF SCHT 2TK 960X5.5ML,4.0,tm
2026-07,2026-08,723541,PN SHMP AHF SCHT 2TK 960X5.5ML,4.949271931,ml
2026-07,2026-08,723541,PN SHMP AHF SCHT 2TK 960X5.5ML,5.112271535,tm
2026-04,2026-09,723541,PN SHMP AHF SCHT 2TK 960X5.5ML,4.805358,ml
2026-04,2026-09,723541,PN SHMP AHF SCHT 2TK 960X5.5ML,5.0,tm
2026-05,2026-09,723541,PN SHMP AHF SCHT 2TK 960X5.5ML,4.929413353,ml
2026-05,2026-09,723541,PN SHMP AHF SCHT 2TK 960X5.5ML,5.0,tm
2026-06,2026-09,723541,PN SHMP AHF SCHT 2TK 960X5.5ML,4.500981807,ml
2026-06,2026-09,723541,PN SHMP AHF SCHT 2TK 960X5.5ML,5.0,tm
2026-07,2026-09,723541,PN SHMP AHF SCHT 2TK 960X5.5ML,4.800834,ml
2026-07,2026-09,723541,PN SHMP AHF SCHT 2TK 960X5.5ML,4.958944941,tm
2026-05,2026-10,723541,PN SHMP AHF SCHT 2TK 960X5.5ML,5.64457796,ml
2026-05,2026-10,723541,PN SHMP AHF SCHT 2TK 960X5.5ML,5.0,tm
2026-06,2026-10,723541,PN SHMP AHF SCHT 2TK 960X5.5ML,4.59748426,ml
2026-06,2026-10,723541,PN SHMP AHF SCHT 2TK 960X5.5ML,5.0,tm
2026-07,2026-10,723541,PN SHMP AHF SCHT 2TK 960X5.5ML,4.949271931,ml
2026-07,2026-10,723541,PN SHMP AHF SCHT 2TK 960X5.5ML,5.112271535,tm
2026-06,2026-11,723541,PN SHMP AHF SCHT 2TK 960X5.5ML,4.626270887,ml
2026-06,2026-11,723541,PN SHMP AHF SCHT 2TK 960X5.5ML,5.0,tm
2026-07,2026-11,723541,PN SHMP AHF SCHT 2TK 960X5.5ML,4.949271931,ml
2026-07,2026-11,723541,PN SHMP AHF SCHT 2TK 960X5.5ML,5.112271535,tm
2026-07,2026-12,723541,PN SHMP AHF SCHT 2TK 960X5.5ML,4.800834,ml
2026-07,2026-12,723541,PN SHMP AHF SCHT 2TK 960X5.5ML,4.958944941,tm
2025-04,2025-05,723542,PN SHMP DM SCHT 2TK 960X5.5ML,2.358479628,ml
2025-04,2025-05,723542,PN SHMP DM SCHT 2TK 960X5.5ML,2.51387147,tm
2025-04,2025-06,723542,PN SHMP DM SCHT 2TK 960X5.5ML,4.322910979,ml
2025-04,2025-06,723542,PN SHMP DM SCHT 2TK 960X5.5ML,4.607732223,tm
2025-05,2025-06,723542,PN SHMP DM SCHT 2TK 960X5.5ML,6.00080837,ml
2025-05,2025-06,723542,PN SHMP DM SCHT 2TK 960X5.5ML,4.46791036,tm
2025-04,2025-07,723542,PN SHMP DM SCHT 2TK 960X5.5ML,3.037535,ml
2025-04,2025-07,723542,PN SHMP DM SCHT 2TK 960X5.5ML,3.237667388,tm
2025-05,2025-07,723542,PN SHMP DM SCHT 2TK 960X5.5ML,3.887978586,ml
2025-05,2025-07,723542,PN SHMP DM SCHT 2TK 960X5.5ML,6.993250999,tm
2025-06,2025-07,723542,PN SHMP DM SCHT 2TK 960X5.5ML,3.854931505,ml
2025-06,2025-07,723542,PN SHMP DM SCHT 2TK 960X5.5ML,6.993250999,tm
2025-04,2025-08,723542,PN SHMP DM SCHT 2TK 960X5.5ML,3.037535,ml
2025-04,2025-08,723542,PN SHMP DM SCHT 2TK 960X5.5ML,3.237667388,tm
2025-05,2025-08,723542,PN SHMP DM SCHT 2TK 960X5.5ML,3.8851413,ml
2025-05,2025-08,723542,PN SHMP DM SCHT 2TK 960X5.5ML,5.633452193,tm
2025-06,2025-08,723542,PN SHMP DM SCHT 2TK 960X5.5ML,3.195050917,ml
2025-06,2025-08,723542,PN SHMP DM SCHT 2TK 960X5.5ML,5.633452193,tm
2025-07,2025-08,723542,PN SHMP DM SCHT 2TK 960X5.5ML,3.916265679,ml
2025-07,2025-08,723542,PN SHMP DM SCHT 2TK 960X5.5ML,5.633452193,tm
2025-04,2025-09,723542,PN SHMP DM SCHT 2TK 960X5.5ML,3.037535,ml
2025-04,2025-09,723542,PN SHMP DM SCHT 2TK 960X5.5ML,3.237667388,tm
2025-05,2025-09,723542,PN SHMP DM SCHT 2TK 960X5.5ML,4.361802297,ml
2025-05,2025-09,723542,PN SHMP DM SCHT 2TK 960X5.5ML,4.273653388,tm
2025-06,2025-09,723542,PN SHMP DM SCHT 2TK 960X5.5ML,4.218173774,ml
2025-06,2025-09,723542,PN SHMP DM SCHT 2TK 960X5.5ML,4.273653388,tm
2025-07,2025-09,723542,PN SHMP DM SCHT 2TK 960X5.5ML,3.778233868,ml
2025-07,2025-09,723542,PN SHMP DM SCHT 2TK 960X5.5ML,4.273653388,tm
2025-08,2025-09,723542,PN SHMP DM SCHT 2TK 960X5.5ML,3.6495672,ml
2025-08,2025-09,723542,PN SHMP DM SCHT 2TK 960X5.5ML,3.939253468,tm
2025-05,2025-10,723542,PN SHMP DM SCHT 2TK 960X5.5ML,4.014943783,ml
2025-05,2025-10,723542,PN SHMP DM SCHT 2TK 960X5.5ML,6.798994026,tm
2025-06,2025-10,723542,PN SHMP DM SCHT 2TK 960X5.5ML,3.895170204,ml
2025-06,2025-10,723542,PN SHMP DM SCHT 2TK 960X5.5ML,6.8,tm
2025-07,2025-10,723542,PN SHMP DM SCHT 2TK 960X5.5ML,3.224699654,ml
2025-07,2025-10,723542,PN SHMP DM SCHT 2TK 960X5.5ML,6.8,tm
2025-08,2025-10,723542,PN SHMP DM SCHT 2TK 960X5.5ML,2.579321379,ml
2025-08,2025-10,723542,PN SHMP DM SCHT 2TK 960X5.5ML,2.784056336,tm
2025-09,2025-10,723542,PN SHMP DM SCHT 2TK 960X5.5ML,4.308455577,ml
2025-09,2025-10,723542,PN SHMP DM SCHT 2TK 960X5.5ML,6.798994026,tm
2025-06,2025-11,723542,PN SHMP DM SCHT 2TK 960X5.5ML,3.895170204,ml
2025-06,2025-11,723542,PN SHMP DM SCHT 2TK 960X5.5ML,6.8,tm
2025-07,2025-11,723542,PN SHMP DM SCHT 2TK 960X5.5ML,3.155949133,ml
2025-07,2025-11,723542,PN SHMP DM SCHT 2TK 960X5.5ML,6.8,tm
2025-08,2025-11,723542,PN SHMP DM SCHT 2TK 960X5.5ML,3.8710256,ml
2025-08,2025-11,723542,PN SHMP DM SCHT 2TK 960X5.5ML,4.178290242,tm
2025-09,2025-11,723542,PN SHMP DM SCHT 2TK 960X5.5ML,4.038636137,ml
2025-09,2025-11,723542,PN SHMP DM SCHT 2TK 960X5.5ML,5.439195221,tm
2025-10,2025-11,723542,PN SHMP DM SCHT 2TK 960X5.5ML,2.693351866,ml
2025-10,2025-11,723542,PN SHMP DM SCHT 2TK 960X5.5ML,5.439195221,tm
2025-07,2025-12,723542,PN SHMP DM SCHT 2TK 960X5.5ML,3.087198612,ml
2025-07,2025-12,723542,PN SHMP DM SCHT 2TK 960X5.5ML,4.2,tm
2025-08,2025-12,723542,PN SHMP DM SCHT 2TK 960X5.5ML,2.923359732,ml
2025-08,2025-12,723542,PN SHMP DM SCHT 2TK 960X5.5ML,3.15540291,tm
2025-09,2025-12,723542,PN SHMP DM SCHT 2TK 960X5.5ML,4.308455577,ml
2025-09,2025-12,723542,PN SHMP DM SCHT 2TK 960X5.5ML,4.176524902,tm
2025-10,2025-12,723542,PN SHMP DM SCHT 2TK 960X5.5ML,4.495130341,ml
2025-10,2025-12,723542,PN SHMP DM SCHT 2TK 960X5.5ML,4.176524902,tm
2025-11,2025-12,723542,PN SHMP DM SCHT 2TK 960X5.5ML,3.416601813,ml
2025-11,2025-12,723542,PN SHMP DM SCHT 2TK 960X5.5ML,5.0,tm
2025-08,2026-01,723542,PN SHMP DM SCHT 2TK 960X5.5ML,2.825510557,ml
2025-08,2026-01,723542,PN SHMP DM SCHT 2TK 960X5.5ML,3.049786907,tm
2025-09,2026-01,723542,PN SHMP DM SCHT 2TK 960X5.5ML,3.967495494,ml
2025-09,2026-01,723542,PN SHMP DM SCHT 2TK 960X5.5ML,8.547306776,tm
2025-10,2026-01,723542,PN SHMP DM SCHT 2TK 960X5.5ML,4.666043275,ml
2025-10,2026-01,723542,PN SHMP DM SCHT 2TK 960X5.5ML,8.547306776,tm
2025-11,2026-01,723542,PN SHMP DM SCHT 2TK 960X5.5ML,5.014755045,ml
2025-11,2026-01,723542,PN SHMP DM SCHT 2TK 960X5.5ML,8.547306776,tm
2025-12,2026-01,723542,PN SHMP DM SCHT 2TK 960X5.5ML,4.443168281,ml
2025-12,2026-01,723542,PN SHMP DM SCHT 2TK 960X5.5ML,6.55,tm
2025-09,2026-02,723542,PN SHMP DM SCHT 2TK 960X5.5ML,4.308455577,ml
2025-09,2026-02,723542,PN SHMP DM SCHT 2TK 960X5.5ML,5.439195221,tm
2025-10,2026-02,723542,PN SHMP DM SCHT 2TK 960X5.5ML,4.495130341,ml
2025-10,2026-02,723542,PN SHMP DM SCHT 2TK 960X5.5ML,5.439195221,tm
2025-11,2026-02,723542,PN SHMP DM SCHT 2TK 960X5.5ML,4.09645157,ml
2025-11,2026-02,723542,PN SHMP DM SCHT 2TK 960X5.5ML,5.439195221,tm
2025-12,2026-02,723542,PN SHMP DM SCHT 2TK 960X5.5ML,5.825404549,ml
2025-12,2026-02,723542,PN SHMP DM SCHT 2TK 960X5.5ML,5.44,tm
2026-01,2026-02,723542,PN SHMP DM SCHT 2TK 960X5.5ML,4.457661335,ml
2026-01,2026-02,723542,PN SHMP DM SCHT 2TK 960X5.5ML,5.439195221,tm
2025-10,2026-03,723542,PN SHMP DM SCHT 2TK 960X5.5ML,4.666043275,ml
2025-10,2026-03,723542,PN SHMP DM SCHT 2TK 960X5.5ML,8.741563748,tm
2025-11,2026-03,723542,PN SHMP DM SCHT 2TK 960X5.5ML,4.730054579,ml
2025-11,2026-03,723542,PN SHMP DM SCHT 2TK 960X5.5ML,8.741563748,tm
2025-12,2026-03,723542,PN SHMP DM SCHT 2TK 960X5.5ML,5.825404549,ml
2025-12,2026-03,723542,PN SHMP DM SCHT 2TK 960X5.5ML,6.74,tm
2026-01,2026-03,723542,PN SHMP DM SCHT 2TK 960X5.5ML,4.457661335,ml
2026-01,2026-03,723542,PN SHMP DM SCHT 2TK 960X5.5ML,6.741563748,tm
2026-02,2026-03,723542,PN SHMP DM SCHT 2TK 960X5.5ML,4.38138653,ml
2026-02,2026-03,723542,PN SHMP DM SCHT 2TK 960X5.5ML,6.741563748,tm
2025-11,2026-04,723542,PN SHMP DM SCHT 2TK 960X5.5ML,3.319885714,ml
2025-11,2026-04,723542,PN SHMP DM SCHT 2TK 960X5.5ML,4.397965873,tm
2025-12,2026-04,723542,PN SHMP DM SCHT 2TK 960X5.5ML,4.443168281,ml
2025-12,2026-04,723542,PN SHMP DM SCHT 2TK 960X5.5ML,4.0,tm
2026-01,2026-04,723542,PN SHMP DM SCHT 2TK 960X5.5ML,4.457661335,ml
2026-01,2026-04,723542,PN SHMP DM SCHT 2TK 960X5.5ML,6.0,tm
2026-02,2026-04,723542,PN SHMP DM SCHT 2TK 960X5.5ML,5.501295947,ml
2026-02,2026-04,723542,PN SHMP DM SCHT 2TK 960X5.5ML,6.0,tm
2026-03,2026-04,723542,PN SHMP DM SCHT 2TK 960X5.5ML,5.574586234,ml
2026-03,2026-04,723542,PN SHMP DM SCHT 2TK 960X5.5ML,6.0,tm
2025-12,2026-05,723542,PN SHMP DM SCHT 2TK 960X5.5ML,5.951700369,ml
2025-12,2026-05,723542,PN SHMP DM SCHT 2TK 960X5.5ML,5.0,tm
2026-01,2026-05,723542,PN SHMP DM SCHT 2TK 960X5.5ML,5.649543614,ml
2026-01,2026-05,723542,PN SHMP DM SCHT 2TK 960X5.5ML,7.0,tm
2026-02,2026-05,723542,PN SHMP DM SCHT 2TK 960X5.5ML,5.466632647,ml
2026-02,2026-05,723542,PN SHMP DM SCHT 2TK 960X5.5ML,7.0,tm
2026-03,2026-05,723542,PN SHMP DM SCHT 2TK 960X5.5ML,5.135361234,ml
2026-03,2026-05,723542,PN SHMP DM SCHT 2TK 960X5.5ML,7.0,tm
2026-04,2026-05,723542,PN SHMP DM SCHT 2TK 960X5.5ML,6.213942439,ml
2026-04,2026-05,723542,PN SHMP DM SCHT 2TK 960X5.5ML,7.0,tm
2026-01,2026-06,723542,PN SHMP DM SCHT 2TK 960X5.5ML,4.457661335,ml
2026-01,2026-06,723542,PN SHMP DM SCHT 2TK 960X5.5ML,5.0,tm
2026-02,2026-06,723542,PN SHMP DM SCHT 2TK 960X5.5ML,4.38138653,ml
2026-02,2026-06,723542,PN SHMP DM SCHT 2TK 960X5.5ML,5.0,tm
2026-03,2026-06,723542,PN SHMP DM SCHT 2TK 960X5.5ML,4.680333712,ml
2026-03,2026-06,723542,PN SHMP DM SCHT 2TK 960X5.5ML,6.5,tm
2026-04,2026-06,723542,PN SHMP DM SCHT 2TK 960X5.5ML,6.216549744,ml
2026-04,2026-06,723542,PN SHMP DM SCHT 2TK 960X5.5ML,6.5,tm
2026-05,2026-06,723542,PN SHMP DM SCHT 2TK 960X5.5ML,5.051863352,ml
2026-05,2026-06,723542,PN SHMP DM SCHT 2TK 960X5.5ML,6.5,tm
2026-02,2026-07,723542,PN SHMP DM SCHT 2TK 960X5.5ML,4.38138653,ml
2026-02,2026-07,723542,PN SHMP DM SCHT 2TK 960X5.5ML,5.0,tm
2026-03,2026-07,723542,PN SHMP DM SCHT 2TK 960X5.5ML,4.578677767,ml
2026-03,2026-07,723542,PN SHMP DM SCHT 2TK 960X5.5ML,6.0,tm
2026-04,2026-07,723542,PN SHMP DM SCHT 2TK 960X5.5ML,6.212494508,ml
2026-04,2026-07,723542,PN SHMP DM SCHT 2TK 960X5.5ML,6.0,tm
2026-05,2026-07,723542,PN SHMP DM SCHT 2TK 960X5.5ML,5.081327725,ml
2026-05,2026-07,723542,PN SHMP DM SCHT 2TK 960X5.5ML,6.0,tm
2026-06,2026-07,723542,PN SHMP DM SCHT 2TK 960X5.5ML,5.709008572,ml
2026-06,2026-07,723542,PN SHMP DM SCHT 2TK 960X5.5ML,6.0,tm
2026-03,2026-08,723542,PN SHMP DM SCHT 2TK 960X5.5ML,5.959790065,ml
2026-03,2026-08,723542,PN SHMP DM SCHT 2TK 960X5.5ML,6.0,tm
2026-04,2026-08,723542,PN SHMP DM SCHT 2TK 960X5.5ML,6.212494508,ml
2026-04,2026-08,723542,PN SHMP DM SCHT 2TK 960X5.5ML,6.0,tm
2026-05,2026-08,723542,PN SHMP DM SCHT 2TK 960X5.5ML,5.110792098,ml
2026-05,2026-08,723542,PN SHMP DM SCHT 2TK 960X5.5ML,6.0,tm
2026-06,2026-08,723542,PN SHMP DM SCHT 2TK 960X5.5ML,5.9283592,ml
2026-06,2026-08,723542,PN SHMP DM SCHT 2TK 960X5.5ML,6.0,tm
2026-07,2026-08,723542,PN SHMP DM SCHT 2TK 960X5.5ML,6.30297542,ml
2026-07,2026-08,723542,PN SHMP DM SCHT 2TK 960X5.5ML,6.509079863,tm
2026-04,2026-09,723542,PN SHMP DM SCHT 2TK 960X5.5ML,6.212494508,ml
2026-04,2026-09,723542,PN SHMP DM SCHT 2TK 960X5.5ML,6.0,tm
2026-05,2026-09,723542,PN SHMP DM SCHT 2TK 960X5.5ML,5.993516291,ml
2026-05,2026-09,723542,PN SHMP DM SCHT 2TK 960X5.5ML,6.0,tm
2026-06,2026-09,723542,PN SHMP DM SCHT 2TK 960X5.5ML,5.951645767,ml
2026-06,2026-09,723542,PN SHMP DM SCHT 2TK 960X5.5ML,6.0,tm
2026-07,2026-09,723542,PN SHMP DM SCHT 2TK 960X5.5ML,6.872568835,ml
2026-07,2026-09,723542,PN SHMP DM SCHT 2TK 960X5.5ML,7.097298725,tm
2026-05,2026-10,723542,PN SHMP DM SCHT 2TK 960X5.5ML,5.169720844,ml
2026-05,2026-10,723542,PN SHMP DM SCHT 2TK 960X5.5ML,6.0,tm
2026-06,2026-10,723542,PN SHMP DM SCHT 2TK 960X5.5ML,5.964197333,ml
2026-06,2026-10,723542,PN SHMP DM SCHT 2TK 960X5.5ML,6.0,tm
2026-07,2026-10,723542,PN SHMP DM SCHT 2TK 960X5.5ML,6.30297542,ml
2026-07,2026-10,723542,PN SHMP DM SCHT 2TK 960X5.5ML,6.509079863,tm
2026-06,2026-11,723542,PN SHMP DM SCHT 2TK 960X5.5ML,5.964197333,ml
2026-06,2026-11,723542,PN SHMP DM SCHT 2TK 960X5.5ML,6.0,tm
2026-07,2026-11,723542,PN SHMP DM SCHT 2TK 960X5.5ML,7.2041221,ml
2026-07,2026-11,723542,PN SHMP DM SCHT 2TK 960X5.5ML,7.439693631,tm
2026-07,2026-12,723542,PN SHMP DM SCHT 2TK 960X5.5ML,6.32498862,ml
2026-07,2026-12,723542,PN SHMP DM SCHT 2TK 960X5.5ML,6.531812885,tm
2025-04,2025-05,723543,PN SHMP DM 370TK 24X340ML,1.155225184,ml
2025-04,2025-05,723543,PN SHMP DM 370TK 24X340ML,2.325096229,tm
2025-04,2025-06,723543,PN SHMP DM 370TK 24X340ML,1.027008133,ml
2025-04,2025-06,723543,PN SHMP DM 370TK 24X340ML,2.0670366,tm
2025-05,2025-06,723543,PN SHMP DM 370TK 24X340ML,0.920219637,ml
2025-05,2025-06,723543,PN SHMP DM 370TK 24X340ML,1.663466992,tm
2025-04,2025-07,723543,PN SHMP DM 370TK 24X340ML,0.5744111,ml
2025-04,2025-07,723543,PN SHMP DM 370TK 24X340ML,1.156104542,tm
2025-05,2025-07,723543,PN SHMP DM 370TK 24X340ML,0.628854558,ml
2025-05,2025-07,723543,PN SHMP DM 370TK 24X340ML,2.928853789,tm
2025-06,2025-07,723543,PN SHMP DM 370TK 24X340ML,0.560813358,ml
2025-06,2025-07,723543,PN SHMP DM 370TK 24X340ML,0.980609293,tm
2025-04,2025-08,723543,PN SHMP DM 370TK 24X340ML,0.550251123,ml
2025-04,2025-08,723543,PN SHMP DM 370TK 24X340ML,1.107478289,tm
2025-05,2025-08,723543,PN SHMP DM 370TK 24X340ML,1.202665857,ml
2025-05,2025-08,723543,PN SHMP DM 370TK 24X340ML,2.163466992,tm
2025-06,2025-08,723543,PN SHMP DM 370TK 24X340ML,0.54881602,ml
2025-06,2025-08,723543,PN SHMP DM 370TK 24X340ML,0.959631367,tm
2025-07,2025-08,723543,PN SHMP DM 370TK 24X340ML,0.57190925,ml
2025-07,2025-08,723543,PN SHMP DM 370TK 24X340ML,1.000010997,tm
2025-04,2025-09,723543,PN SHMP DM 370TK 24X340ML,0.677486899,ml
2025-04,2025-09,723543,PN SHMP DM 370TK 24X340ML,1.363562928,tm
2025-05,2025-09,723543,PN SHMP DM 370TK 24X340ML,0.615675082,ml
2025-05,2025-09,723543,PN SHMP DM 370TK 24X340ML,2.828853789,tm
2025-06,2025-09,723543,PN SHMP DM 370TK 24X340ML,0.375194884,ml
2025-06,2025-09,723543,PN SHMP DM 370TK 24X340ML,0.65604641,tm
2025-07,2025-09,723543,PN SHMP DM 370TK 24X340ML,0.608435136,ml
2025-07,2025-09,723543,PN SHMP DM 370TK 24X340ML,1.063878277,tm
2025-08,2025-09,723543,PN SHMP DM 370TK 24X340ML,0.754139595,ml
2025-08,2025-09,723543,PN SHMP DM 370TK 24X340ML,1.318649574,tm
2025-05,2025-10,723543,PN SHMP DM 370TK 24X340ML,0.614934542,ml
2025-05,2025-10,723543,PN SHMP DM 370TK 24X340ML,1.463850953,tm
2025-06,2025-10,723543,PN SHMP DM 370TK 24X340ML,0.662974655,ml
2025-06,2025-10,723543,PN SHMP DM 370TK 24X340ML,1.159243264,tm
2025-07,2025-10,723543,PN SHMP DM 370TK 24X340ML,0.635292193,ml
2025-07,2025-10,723543,PN SHMP DM 370TK 24X340ML,1.11083914,tm
2025-08,2025-10,723543,PN SHMP DM 370TK 24X340ML,0.8507109,ml
2025-08,2025-10,723543,PN SHMP DM 370TK 24X340ML,1.487509173,tm
2025-09,2025-10,723543,PN SHMP DM 370TK 24X340ML,0.558641301,ml
2025-09,2025-10,723543,PN SHMP DM 370TK 24X340ML,0.976811346,tm
2025-06,2025-11,723543,PN SHMP DM 370TK 24X340ML,0.53021707,ml
2025-06,2025-11,723543,PN SHMP DM 370TK 24X340ML,0.927110203,tm
2025-07,2025-11,723543,PN SHMP DM 370TK 24X340ML,0.428879307,ml
2025-07,2025-11,723543,PN SHMP DM 370TK 24X340ML,0.749916221,tm
2025-08,2025-11,723543,PN SHMP DM 370TK 24X340ML,0.552995449,ml
2025-08,2025-11,723543,PN SHMP DM 370TK 24X340ML,0.966939302,tm
2025-09,2025-11,723543,PN SHMP DM 370TK 24X340ML,0.529102064,ml
2025-09,2025-11,723543,PN SHMP DM 370TK 24X340ML,0.925160561,tm
2025-10,2025-11,723543,PN SHMP DM 370TK 24X340ML,0.686454121,ml
2025-10,2025-11,723543,PN SHMP DM 370TK 24X340ML,2.250067263,tm
2025-07,2025-12,723543,PN SHMP DM 370TK 24X340ML,0.635292193,ml
2025-07,2025-12,723543,PN SHMP DM 370TK 24X340ML,1.11083914,tm
2025-08,2025-12,723543,PN SHMP DM 370TK 24X340ML,0.6795264,ml
2025-08,2025-12,723543,PN SHMP DM 370TK 24X340ML,1.188184792,tm
2025-09,2025-12,723543,PN SHMP DM 370TK 24X340ML,0.526081167,ml
2025-09,2025-12,723543,PN SHMP DM 370TK 24X340ML,0.919878376,tm
2025-10,2025-12,723543,PN SHMP DM 370TK 24X340ML,0.533541952,ml
2025-10,2025-12,723543,PN SHMP DM 370TK 24X340ML,2.011324937,tm
2025-11,2025-12,723543,PN SHMP DM 370TK 24X340ML,0.430612454,ml
2025-11,2025-12,723543,PN SHMP DM 370TK 24X340ML,1.49136,tm
2025-08,2026-01,723543,PN SHMP DM 370TK 24X340ML,0.577422212,ml
2025-08,2026-01,723543,PN SHMP DM 370TK 24X340ML,1.009650679,tm
2025-09,2026-01,723543,PN SHMP DM 370TK 24X340ML,0.729503788,ml
2025-09,2026-01,723543,PN SHMP DM 370TK 24X340ML,1.275572673,tm
2025-10,2026-01,723543,PN SHMP DM 370TK 24X340ML,0.971189859,ml
2025-10,2026-01,723543,PN SHMP DM 370TK 24X340ML,2.128220321,tm
2025-11,2026-01,723543,PN SHMP DM 370TK 24X340ML,1.121584381,ml
2025-11,2026-01,723543,PN SHMP DM 370TK 24X340ML,2.063850953,tm
2025-12,2026-01,723543,PN SHMP DM 370TK 24X340ML,1.114885231,ml
2025-12,2026-01,723543,PN SHMP DM 370TK 24X340ML,2.063850953,tm
2025-09,2026-02,723543,PN SHMP DM 370TK 24X340ML,0.627842655,ml
2025-09,2026-02,723543,PN SHMP DM 370TK 24X340ML,1.097813262,tm
2025-10,2026-02,723543,PN SHMP DM 370TK 24X340ML,0.697408992,ml
2025-10,2026-02,723543,PN SHMP DM 370TK 24X340ML,1.831593313,tm
2025-11,2026-02,723543,PN SHMP DM 370TK 24X340ML,0.519191765,ml
2025-11,2026-02,723543,PN SHMP DM 370TK 24X340ML,1.463850953,tm
2025-12,2026-02,723543,PN SHMP DM 370TK 24X340ML,0.545981757,ml
2025-12,2026-02,723543,PN SHMP DM 370TK 24X340ML,1.463850953,tm
2026-01,2026-02,723543,PN SHMP DM 370TK 24X340ML,0.74502446,ml
2026-01,2026-02,723543,PN SHMP DM 370TK 24X340ML,1.302711319,tm
2025-10,2026-03,723543,PN SHMP DM 370TK 24X340ML,0.656231538,ml
2025-10,2026-03,723543,PN SHMP DM 370TK 24X340ML,1.831593313,tm
2025-11,2026-03,723543,PN SHMP DM 370TK 24X340ML,0.904347188,ml
2025-11,2026-03,723543,PN SHMP DM 370TK 24X340ML,2.661547188,tm
2025-12,2026-03,723543,PN SHMP DM 370TK 24X340ML,0.913874756,ml
2025-12,2026-03,723543,PN SHMP DM 370TK 24X340ML,2.661547188,tm
2026-01,2026-03,723543,PN SHMP DM 370TK 24X340ML,0.995309896,ml
2026-01,2026-03,723543,PN SHMP DM 370TK 24X340ML,1.740347515,tm
2026-02,2026-03,723543,PN SHMP DM 370TK 24X340ML,0.648645603,ml
2026-02,2026-03,723543,PN SHMP DM 370TK 24X340ML,2.661547188,tm
2025-11,2026-04,723543,PN SHMP DM 370TK 24X340ML,1.233299331,ml
2025-11,2026-04,723543,PN SHMP DM 370TK 24X340ML,1.620794817,tm
2025-12,2026-04,723543,PN SHMP DM 370TK 24X340ML,1.25305135,ml
2025-12,2026-04,723543,PN SHMP DM 370TK 24X340ML,1.963850953,tm
2026-01,2026-04,723543,PN SHMP DM 370TK 24X340ML,1.436809366,ml
2026-01,2026-04,723543,PN SHMP DM 370TK 24X340ML,2.512330701,tm
2026-02,2026-04,723543,PN SHMP DM 370TK 24X340ML,0.569944894,ml
2026-02,2026-04,723543,PN SHMP DM 370TK 24X340ML,1.463850953,tm
2026-03,2026-04,723543,PN SHMP DM 370TK 24X340ML,0.572090415,ml
2026-03,2026-04,723543,PN SHMP DM 370TK 24X340ML,1.5,tm
2025-12,2026-05,723543,PN SHMP DM 370TK 24X340ML,0.909327009,ml
2025-12,2026-05,723543,PN SHMP DM 370TK 24X340ML,2.828853789,tm
2026-01,2026-05,723543,PN SHMP DM 370TK 24X340ML,0.969300332,ml
2026-01,2026-05,723543,PN SHMP DM 370TK 24X340ML,1.694868533,tm
2026-02,2026-05,723543,PN SHMP DM 370TK 24X340ML,0.569027763,ml
2026-02,2026-05,723543,PN SHMP DM 370TK 24X340ML,2.328853789,tm
2026-03,2026-05,723543,PN SHMP DM 370TK 24X340ML,0.573621451,ml
2026-03,2026-05,723543,PN SHMP DM 370TK 24X340ML,2.0,tm
2026-04,2026-05,723543,PN SHMP DM 370TK 24X340ML,1.351029017,ml
2026-04,2026-05,723543,PN SHMP DM 370TK 24X340ML,2.0,tm
2026-01,2026-06,723543,PN SHMP DM 370TK 24X340ML,0.628077291,ml
2026-01,2026-06,723543,PN SHMP DM 370TK 24X340ML,1.098223535,tm
2026-02,2026-06,723543,PN SHMP DM 370TK 24X340ML,0.576357179,ml
2026-02,2026-06,723543,PN SHMP DM 370TK 24X340ML,1.463850953,tm
2026-03,2026-06,723543,PN SHMP DM 370TK 24X340ML,0.632455018,ml
2026-03,2026-06,723543,PN SHMP DM 370TK 24X340ML,1.5,tm
2026-04,2026-06,723543,PN SHMP DM 370TK 24X340ML,1.351443551,ml
2026-04,2026-06,723543,PN SHMP DM 370TK 24X340ML,1.5,tm
2026-05,2026-06,723543,PN SHMP DM 370TK 24X340ML,0.674237914,ml
2026-05,2026-06,723543,PN SHMP DM 370TK 24X340ML,1.5,tm
2026-02,2026-07,723543,PN SHMP DM 370TK 24X340ML,0.564307375,ml
2026-02,2026-07,723543,PN SHMP DM 370TK 24X340ML,2.0,tm
2026-03,2026-07,723543,PN SHMP DM 370TK 24X340ML,0.586863462,ml
2026-03,2026-07,723543,PN SHMP DM 370TK 24X340ML,2.0,tm
2026-04,2026-07,723543,PN SHMP DM 370TK 24X340ML,1.36892201,ml
2026-04,2026-07,723543,PN SHMP DM 370TK 24X340ML,2.0,tm
2026-05,2026-07,723543,PN SHMP DM 370TK 24X340ML,1.236860529,ml
2026-05,2026-07,723543,PN SHMP DM 370TK 24X340ML,2.0,tm
2026-06,2026-07,723543,PN SHMP DM 370TK 24X340ML,0.833614648,ml
2026-06,2026-07,723543,PN SHMP DM 370TK 24X340ML,2.0,tm
2026-03,2026-08,723543,PN SHMP DM 370TK 24X340ML,0.56042242,ml
2026-03,2026-08,723543,PN SHMP DM 370TK 24X340ML,1.5,tm
2026-04,2026-08,723543,PN SHMP DM 370TK 24X340ML,0.0,ml
2026-04,2026-08,723543,PN SHMP DM 370TK 24X340ML,1.5,tm
2026-05,2026-08,723543,PN SHMP DM 370TK 24X340ML,0.688755078,ml
2026-05,2026-08,723543,PN SHMP DM 370TK 24X340ML,1.5,tm
2026-06,2026-08,723543,PN SHMP DM 370TK 24X340ML,0.645025774,ml
2026-06,2026-08,723543,PN SHMP DM 370TK 24X340ML,1.5,tm
2026-07,2026-08,723543,PN SHMP DM 370TK 24X340ML,0.6587705622,ml
2026-07,2026-08,723543,PN SHMP DM 370TK 24X340ML,1.417917937,tm
2026-04,2026-09,723543,PN SHMP DM 370TK 24X340ML,1.323250934,ml
2026-04,2026-09,723543,PN SHMP DM 370TK 24X340ML,1.5,tm
2026-05,2026-09,723543,PN SHMP DM 370TK 24X340ML,0.704490555,ml
2026-05,2026-09,723543,PN SHMP DM 370TK 24X340ML,1.5,tm
2026-06,2026-09,723543,PN SHMP DM 370TK 24X340ML,0.665079724,ml
2026-06,2026-09,723543,PN SHMP DM 370TK 24X340ML,1.5,tm
2026-07,2026-09,723543,PN SHMP DM 370TK 24X340ML,0.6587705622,ml
2026-07,2026-09,723543,PN SHMP DM 370TK 24X340ML,1.417917937,tm
2026-05,2026-10,723543,PN SHMP DM 370TK 24X340ML,0.68555425,ml
2026-05,2026-10,723543,PN SHMP DM 370TK 24X340ML,1.5,tm
2026-06,2026-10,723543,PN SHMP DM 370TK 24X340ML,0.680268791,ml
2026-06,2026-10,723543,PN SHMP DM 370TK 24X340ML,1.5,tm
2026-07,2026-10,723543,PN SHMP DM 370TK 24X340ML,0.6494587662,ml
2026-07,2026-10,723543,PN SHMP DM 370TK 24X340ML,1.397875507,tm
2026-06,2026-11,723543,PN SHMP DM 370TK 24X340ML,0.645025774,ml
2026-06,2026-11,723543,PN SHMP DM 370TK 24X340ML,1.2,tm
2026-07,2026-11,723543,PN SHMP DM 370TK 24X340ML,0.6755712261,ml
2026-07,2026-11,723543,PN SHMP DM 370TK 24X340ML,1.45407918,tm
2026-07,2026-12,723543,PN SHMP DM 370TK 24X340ML,0.6587705622,ml
2026-07,2026-12,723543,PN SHMP DM 370TK 24X340ML,1.417917937,tm
2025-04,2025-05,723546,PN SHMP AHF 230TK 24X170ML,0.423861464,ml
2025-04,2025-05,723546,PN SHMP AHF 230TK 24X170ML,1.189624329,tm
2025-04,2025-06,723546,PN SHMP AHF 230TK 24X170ML,0.265576787,ml
2025-04,2025-06,723546,PN SHMP AHF 230TK 24X170ML,0.849731664,tm
2025-05,2025-06,723546,PN SHMP AHF 230TK 24X170ML,0.342399374,ml
2025-05,2025-06,723546,PN SHMP AHF 230TK 24X170ML,0.849731664,tm
2025-04,2025-07,723546,PN SHMP AHF 230TK 24X170ML,0.3195178,ml
2025-04,2025-07,723546,PN SHMP AHF 230TK 24X170ML,1.189624329,tm
2025-05,2025-07,723546,PN SHMP AHF 230TK 24X170ML,0.35095157,ml
2025-05,2025-07,723546,PN SHMP AHF 230TK 24X170ML,1.189624329,tm
2025-06,2025-07,723546,PN SHMP AHF 230TK 24X170ML,0.336286666,ml
2025-06,2025-07,723546,PN SHMP AHF 230TK 24X170ML,1.189624329,tm
2025-04,2025-08,723546,PN SHMP AHF 230TK 24X170ML,0.184575344,ml
2025-04,2025-08,723546,PN SHMP AHF 230TK 24X170ML,0.849731664,tm
2025-05,2025-08,723546,PN SHMP AHF 230TK 24X170ML,0.447394838,ml
2025-05,2025-08,723546,PN SHMP AHF 230TK 24X170ML,0.849731664,tm
2025-06,2025-08,723546,PN SHMP AHF 230TK 24X170ML,0.434982946,ml
2025-06,2025-08,723546,PN SHMP AHF 230TK 24X170ML,0.849731664,tm
2025-07,2025-08,723546,PN SHMP AHF 230TK 24X170ML,0.530728438,ml
2025-07,2025-08,723546,PN SHMP AHF 230TK 24X170ML,1.186900699,tm
2025-04,2025-09,723546,PN SHMP AHF 230TK 24X170ML,0.269999893,ml
2025-04,2025-09,723546,PN SHMP AHF 230TK 24X170ML,1.189624329,tm
2025-05,2025-09,723546,PN SHMP AHF 230TK 24X170ML,0.376400624,ml
2025-05,2025-09,723546,PN SHMP AHF 230TK 24X170ML,1.389624329,tm
2025-06,2025-09,723546,PN SHMP AHF 230TK 24X170ML,0.517345804,ml
2025-06,2025-09,723546,PN SHMP AHF 230TK 24X170ML,1.189624329,tm
2025-07,2025-09,723546,PN SHMP AHF 230TK 24X170ML,0.320678761,ml
2025-07,2025-09,723546,PN SHMP AHF 230TK 24X170ML,0.717153667,tm
2025-08,2025-09,723546,PN SHMP AHF 230TK 24X170ML,0.349155644,ml
2025-08,2025-09,723546,PN SHMP AHF 230TK 24X170ML,1.189624329,tm
2025-05,2025-10,723546,PN SHMP AHF 230TK 24X170ML,0.332228891,ml
2025-05,2025-10,723546,PN SHMP AHF 230TK 24X170ML,1.0,tm
2025-06,2025-10,723546,PN SHMP AHF 230TK 24X170ML,0.315370188,ml
2025-06,2025-10,723546,PN SHMP AHF 230TK 24X170ML,0.747763864,tm
2025-07,2025-10,723546,PN SHMP AHF 230TK 24X170ML,0.263675567,ml
2025-07,2025-10,723546,PN SHMP AHF 230TK 24X170ML,0.589673912,tm
2025-08,2025-10,723546,PN SHMP AHF 230TK 24X170ML,0.338567624,ml
2025-08,2025-10,723546,PN SHMP AHF 230TK 24X170ML,0.747763864,tm
2025-09,2025-10,723546,PN SHMP AHF 230TK 24X170ML,0.227644973,ml
2025-09,2025-10,723546,PN SHMP AHF 230TK 24X170ML,0.509096476,tm
2025-06,2025-11,723546,PN SHMP AHF 230TK 24X170ML,0.54919563,ml
2025-06,2025-11,723546,PN SHMP AHF 230TK 24X170ML,0.747763864,tm
2025-07,2025-11,723546,PN SHMP AHF 230TK 24X170ML,0.567853728,ml
2025-07,2025-11,723546,PN SHMP AHF 230TK 24X170ML,1.269926272,tm
2025-08,2025-11,723546,PN SHMP AHF 230TK 24X170ML,0.529274746,ml
2025-08,2025-11,723546,PN SHMP AHF 230TK 24X170ML,0.747763864,tm
2025-09,2025-11,723546,PN SHMP AHF 230TK 24X170ML,0.392586497,ml
2025-09,2025-11,723546,PN SHMP AHF 230TK 24X170ML,0.877965367,tm
2025-10,2025-11,723546,PN SHMP AHF 230TK 24X170ML,0.358234537,ml
2025-10,2025-11,723546,PN SHMP AHF 230TK 24X170ML,1.150702644,tm
2025-07,2025-12,723546,PN SHMP AHF 230TK 24X170ML,0.312574883,ml
2025-07,2025-12,723546,PN SHMP AHF 230TK 24X170ML,0.699030466,tm
2025-08,2025-12,723546,PN SHMP AHF 230TK 24X170ML,0.310835818,ml
2025-08,2025-12,723546,PN SHMP AHF 230TK 24X170ML,1.18,tm
2025-09,2025-12,723546,PN SHMP AHF 230TK 24X170ML,0.253103484,ml
2025-09,2025-12,723546,PN SHMP AHF 230TK 24X170ML,0.566030912,tm
2025-10,2025-12,723546,PN SHMP AHF 230TK 24X170ML,0.158775828,ml
2025-10,2025-12,723546,PN SHMP AHF 230TK 24X170ML,0.913211026,tm
2025-11,2025-12,723546,PN SHMP AHF 230TK 24X170ML,0.097558992,ml
2025-11,2025-12,723546,PN SHMP AHF 230TK 24X170ML,0.689624329,tm
2025-08,2026-01,723546,PN SHMP AHF 230TK 24X170ML,0.616441873,ml
2025-08,2026-01,723546,PN SHMP AHF 230TK 24X170ML,0.74,tm
2025-09,2026-01,723546,PN SHMP AHF 230TK 24X170ML,0.422303798,ml
2025-09,2026-01,723546,PN SHMP AHF 230TK 24X170ML,0.944423998,tm
2025-10,2026-01,723546,PN SHMP AHF 230TK 24X170ML,0.353126065,ml
2025-10,2026-01,723546,PN SHMP AHF 230TK 24X170ML,0.867153111,tm
2025-11,2026-01,723546,PN SHMP AHF 230TK 24X170ML,0.293291903,ml
2025-11,2026-01,723546,PN SHMP AHF 230TK 24X170ML,0.747763864,tm
2025-12,2026-01,723546,PN SHMP AHF 230TK 24X170ML,0.351061628,ml
2025-12,2026-01,723546,PN SHMP AHF 230TK 24X170ML,0.747763864,tm
2025-09,2026-02,723546,PN SHMP AHF 230TK 24X170ML,0.318286697,ml
2025-09,2026-02,723546,PN SHMP AHF 230TK 24X170ML,0.711804148,tm
2025-10,2026-02,723546,PN SHMP AHF 230TK 24X170ML,0.296480186,ml
2025-10,2026-02,723546,PN SHMP AHF 230TK 24X170ML,0.627849062,tm
2025-11,2026-02,723546,PN SHMP AHF 230TK 24X170ML,0.239977681,ml
2025-11,2026-02,723546,PN SHMP AHF 230TK 24X170ML,0.852236136,tm
2025-12,2026-02,723546,PN SHMP AHF 230TK 24X170ML,0.198233348,ml
2025-12,2026-02,723546,PN SHMP AHF 230TK 24X170ML,0.852236136,tm
2026-01,2026-02,723546,PN SHMP AHF 230TK 24X170ML,0.3102912,ml
2026-01,2026-02,723546,PN SHMP AHF 230TK 24X170ML,0.693923324,tm
2025-10,2026-03,723546,PN SHMP AHF 230TK 24X170ML,0.194222569,ml
2025-10,2026-03,723546,PN SHMP AHF 230TK 24X170ML,0.627849062,tm
2025-11,2026-03,723546,PN SHMP AHF 230TK 24X170ML,0.157725855,ml
2025-11,2026-03,723546,PN SHMP AHF 230TK 24X170ML,1.359570662,tm
2025-12,2026-03,723546,PN SHMP AHF 230TK 24X170ML,0.190710283,ml
2025-12,2026-03,723546,PN SHMP AHF 230TK 24X170ML,1.359570662,tm
2026-01,2026-03,723546,PN SHMP AHF 230TK 24X170ML,0.25458696199999997,ml
2026-01,2026-03,723546,PN SHMP AHF 230TK 24X170ML,0.569348506,tm
2026-02,2026-03,723546,PN SHMP AHF 230TK 24X170ML,0.207394219,ml
2026-02,2026-03,723546,PN SHMP AHF 230TK 24X170ML,1.359570662,tm
2025-11,2026-04,723546,PN SHMP AHF 230TK 24X170ML,0.351712357,ml
2025-11,2026-04,723546,PN SHMP AHF 230TK 24X170ML,0.877468309,tm
2025-12,2026-04,723546,PN SHMP AHF 230TK 24X170ML,0.184572147,ml
2025-12,2026-04,723546,PN SHMP AHF 230TK 24X170ML,1.6,tm
2026-01,2026-04,723546,PN SHMP AHF 230TK 24X170ML,0.466865339,ml
2026-01,2026-04,723546,PN SHMP AHF 230TK 24X170ML,1.044079716,tm
2026-02,2026-04,723546,PN SHMP AHF 230TK 24X170ML,0.204024998,ml
2026-02,2026-04,723546,PN SHMP AHF 230TK 24X170ML,0.8,tm
2026-03,2026-04,723546,PN SHMP AHF 230TK 24X170ML,0.34563644,ml
2026-03,2026-04,723546,PN SHMP AHF 230TK 24X170ML,0.8,tm
2025-12,2026-05,723546,PN SHMP AHF 230TK 24X170ML,0.177982275,ml
2025-12,2026-05,723546,PN SHMP AHF 230TK 24X170ML,1.989624329,tm
2026-01,2026-05,723546,PN SHMP AHF 230TK 24X170ML,0.495929923,ml
2026-01,2026-05,723546,PN SHMP AHF 230TK 24X170ML,1.109078636,tm
2026-02,2026-05,723546,PN SHMP AHF 230TK 24X170ML,0.200332509,ml
2026-02,2026-05,723546,PN SHMP AHF 230TK 24X170ML,1.189624329,tm
2026-03,2026-05,723546,PN SHMP AHF 230TK 24X170ML,0.445818959,ml
2026-03,2026-05,723546,PN SHMP AHF 230TK 24X170ML,0.8,tm
2026-04,2026-05,723546,PN SHMP AHF 230TK 24X170ML,0.916447057,ml
2026-04,2026-05,723546,PN SHMP AHF 230TK 24X170ML,0.8,tm
2026-01,2026-06,723546,PN SHMP AHF 230TK 24X170ML,0.307476085,ml
2026-01,2026-06,723546,PN SHMP AHF 230TK 24X170ML,0.687627709,tm
2026-02,2026-06,723546,PN SHMP AHF 230TK 24X170ML,0.303001918,ml
2026-02,2026-06,723546,PN SHMP AHF 230TK 24X170ML,0.8,tm
2026-03,2026-06,723546,PN SHMP AHF 230TK 24X170ML,0.285580873,ml
2026-03,2026-06,723546,PN SHMP AHF 230TK 24X170ML,0.8,tm
2026-04,2026-06,723546,PN SHMP AHF 230TK 24X170ML,0.68266193,ml
2026-04,2026-06,723546,PN SHMP AHF 230TK 24X170ML,0.8,tm
2026-05,2026-06,723546,PN SHMP AHF 230TK 24X170ML,0.245414947,ml
2026-05,2026-06,723546,PN SHMP AHF 230TK 24X170ML,0.8,tm
2026-02,2026-07,723546,PN SHMP AHF 230TK 24X170ML,0.191705093,ml
2026-02,2026-07,723546,PN SHMP AHF 230TK 24X170ML,1.0,tm
2026-03,2026-07,723546,PN SHMP AHF 230TK 24X170ML,0.343437135,ml
2026-03,2026-07,723546,PN SHMP AHF 230TK 24X170ML,0.8,tm
2026-04,2026-07,723546,PN SHMP AHF 230TK 24X170ML,0.693809124,ml
2026-04,2026-07,723546,PN SHMP AHF 230TK 24X170ML,0.8,tm
2026-05,2026-07,723546,PN SHMP AHF 230TK 24X170ML,0.171711515,ml
2026-05,2026-07,723546,PN SHMP AHF 230TK 24X170ML,0.8,tm
2026-06,2026-07,723546,PN SHMP AHF 230TK 24X170ML,0.357259255,ml
2026-06,2026-07,723546,PN SHMP AHF 230TK 24X170ML,0.8,tm
2026-03,2026-08,723546,PN SHMP AHF 230TK 24X170ML,0.038140121,ml
2026-03,2026-08,723546,PN SHMP AHF 230TK 24X170ML,0.8,tm
2026-04,2026-08,723546,PN SHMP AHF 230TK 24X170ML,0.497903555,ml
2026-04,2026-08,723546,PN SHMP AHF 230TK 24X170ML,0.8,tm
2026-05,2026-08,723546,PN SHMP AHF 230TK 24X170ML,0.315281649,ml
2026-05,2026-08,723546,PN SHMP AHF 230TK 24X170ML,0.8,tm
2026-06,2026-08,723546,PN SHMP AHF 230TK 24X170ML,0.33738919,ml
2026-06,2026-08,723546,PN SHMP AHF 230TK 24X170ML,0.8,tm
2026-07,2026-08,723546,PN SHMP AHF 230TK 24X170ML,0.3027161671,ml
2026-07,2026-08,723546,PN SHMP AHF 230TK 24X170ML,0.708250112,tm
2026-04,2026-09,723546,PN SHMP AHF 230TK 24X170ML,0.647153487,ml
2026-04,2026-09,723546,PN SHMP AHF 230TK 24X170ML,0.6,tm
2026-05,2026-09,723546,PN SHMP AHF 230TK 24X170ML,0.315281649,ml
2026-05,2026-09,723546,PN SHMP AHF 230TK 24X170ML,0.6,tm
2026-06,2026-09,723546,PN SHMP AHF 230TK 24X170ML,0.361529426,ml
2026-06,2026-09,723546,PN SHMP AHF 230TK 24X170ML,0.6,tm
2026-07,2026-09,723546,PN SHMP AHF 230TK 24X170ML,0.3163097838,ml
2026-07,2026-09,723546,PN SHMP AHF 230TK 24X170ML,0.740054428,tm
2026-05,2026-10,723546,PN SHMP AHF 230TK 24X170ML,0.315281649,ml
2026-05,2026-10,723546,PN SHMP AHF 230TK 24X170ML,0.8,tm
2026-06,2026-10,723546,PN SHMP AHF 230TK 24X170ML,0.308461721,ml
2026-06,2026-10,723546,PN SHMP AHF 230TK 24X170ML,0.8,tm
2026-07,2026-10,723546,PN SHMP AHF 230TK 24X170ML,0.2919657071,ml
2026-07,2026-10,723546,PN SHMP AHF 230TK 24X170ML,0.68309779,tm
2026-06,2026-11,723546,PN SHMP AHF 230TK 24X170ML,0.315486543,ml
2026-06,2026-11,723546,PN SHMP AHF 230TK 24X170ML,0.8,tm
2026-07,2026-11,723546,PN SHMP AHF 230TK 24X170ML,0.3163097837,ml
2026-07,2026-11,723546,PN SHMP AHF 230TK 24X170ML,0.740054428,tm
2026-07,2026-12,723546,PN SHMP AHF 230TK 24X170ML,0.3163097838,ml
2026-07,2026-12,723546,PN SHMP AHF 230TK 24X170ML,0.740054428,tm
2025-04,2025-05,724058,JFB FACE CREAM MG 140TK 36X50ML,0.710349667,ml
2025-04,2025-05,724058,JFB FACE CREAM MG 140TK 36X50ML,0.62,tm
2025-04,2025-06,724058,JFB FACE CREAM MG 140TK 36X50ML,0.710349667,ml
2025-04,2025-06,724058,JFB FACE CREAM MG 140TK 36X50ML,0.49,tm
2025-05,2025-06,724058,JFB FACE CREAM MG 140TK 36X50ML,0.538983,ml
2025-05,2025-06,724058,JFB FACE CREAM MG 140TK 36X50ML,0.49,tm
2025-04,2025-07,724058,JFB FACE CREAM MG 140TK 36X50ML,0.710349667,ml
2025-04,2025-07,724058,JFB FACE CREAM MG 140TK 36X50ML,0.31,tm
2025-05,2025-07,724058,JFB FACE CREAM MG 140TK 36X50ML,0.538983,ml
2025-05,2025-07,724058,JFB FACE CREAM MG 140TK 36X50ML,0.31,tm
2025-06,2025-07,724058,JFB FACE CREAM MG 140TK 36X50ML,0.500983333,ml
2025-06,2025-07,724058,JFB FACE CREAM MG 140TK 36X50ML,0.3557,tm
2025-04,2025-08,724058,JFB FACE CREAM MG 140TK 36X50ML,0.710349667,ml
2025-04,2025-08,724058,JFB FACE CREAM MG 140TK 36X50ML,0.33,tm
2025-05,2025-08,724058,JFB FACE CREAM MG 140TK 36X50ML,0.538983,ml
2025-05,2025-08,724058,JFB FACE CREAM MG 140TK 36X50ML,0.33,tm
2025-06,2025-08,724058,JFB FACE CREAM MG 140TK 36X50ML,0.500983333,ml
2025-06,2025-08,724058,JFB FACE CREAM MG 140TK 36X50ML,0.37525,tm
2025-07,2025-08,724058,JFB FACE CREAM MG 140TK 36X50ML,0.506883333,ml
2025-07,2025-08,724058,JFB FACE CREAM MG 140TK 36X50ML,0.38,tm
2025-04,2025-09,724058,JFB FACE CREAM MG 140TK 36X50ML,0.710349667,ml
2025-04,2025-09,724058,JFB FACE CREAM MG 140TK 36X50ML,0.97,tm
2025-05,2025-09,724058,JFB FACE CREAM MG 140TK 36X50ML,0.538983,ml
2025-05,2025-09,724058,JFB FACE CREAM MG 140TK 36X50ML,0.97,tm
2025-06,2025-09,724058,JFB FACE CREAM MG 140TK 36X50ML,0.500983333,ml
2025-06,2025-09,724058,JFB FACE CREAM MG 140TK 36X50ML,1.1192,tm
2025-07,2025-09,724058,JFB FACE CREAM MG 140TK 36X50ML,0.506883333,ml
2025-07,2025-09,724058,JFB FACE CREAM MG 140TK 36X50ML,1.12,tm
2025-08,2025-09,724058,JFB FACE CREAM MG 140TK 36X50ML,1.383194122,ml
2025-08,2025-09,724058,JFB FACE CREAM MG 140TK 36X50ML,0.97,tm
2025-05,2025-10,724058,JFB FACE CREAM MG 140TK 36X50ML,0.538983,ml
2025-05,2025-10,724058,JFB FACE CREAM MG 140TK 36X50ML,1.24,tm
2025-06,2025-10,724058,JFB FACE CREAM MG 140TK 36X50ML,0.500983333,ml
2025-06,2025-10,724058,JFB FACE CREAM MG 140TK 36X50ML,1.41425,tm
2025-07,2025-10,724058,JFB FACE CREAM MG 140TK 36X50ML,0.506883333,ml
2025-07,2025-10,724058,JFB FACE CREAM MG 140TK 36X50ML,1.41,tm
2025-08,2025-10,724058,JFB FACE CREAM MG 140TK 36X50ML,0.732174042,ml
2025-08,2025-10,724058,JFB FACE CREAM MG 140TK 36X50ML,1.41,tm
2025-09,2025-10,724058,JFB FACE CREAM MG 140TK 36X50ML,0.959091964,ml
2025-09,2025-10,724058,JFB FACE CREAM MG 140TK 36X50ML,1.59,tm
2025-06,2025-11,724058,JFB FACE CREAM MG 140TK 36X50ML,0.500983333,ml
2025-06,2025-11,724058,JFB FACE CREAM MG 140TK 36X50ML,1.85,tm
2025-07,2025-11,724058,JFB FACE CREAM MG 140TK 36X50ML,0.506883333,ml
2025-07,2025-11,724058,JFB FACE CREAM MG 140TK 36X50ML,1.85,tm
2025-08,2025-11,724058,JFB FACE CREAM MG 140TK 36X50ML,2.626876387,ml
2025-08,2025-11,724058,JFB FACE CREAM MG 140TK 36X50ML,1.85,tm
2025-09,2025-11,724058,JFB FACE CREAM MG 140TK 36X50ML,1.629363062,ml
2025-09,2025-11,724058,JFB FACE CREAM MG 140TK 36X50ML,1.95,tm
2025-10,2025-11,724058,JFB FACE CREAM MG 140TK 36X50ML,1.645385948,ml
2025-10,2025-11,724058,JFB FACE CREAM MG 140TK 36X50ML,1.85,tm
2025-07,2025-12,724058,JFB FACE CREAM MG 140TK 36X50ML,0.506883333,ml
2025-07,2025-12,724058,JFB FACE CREAM MG 140TK 36X50ML,0.9,tm
2025-08,2025-12,724058,JFB FACE CREAM MG 140TK 36X50ML,0.870575867,ml
2025-08,2025-12,724058,JFB FACE CREAM MG 140TK 36X50ML,0.9,tm
2025-09,2025-12,724058,JFB FACE CREAM MG 140TK 36X50ML,1.164426768,ml
2025-09,2025-12,724058,JFB FACE CREAM MG 140TK 36X50ML,0.9,tm
2025-10,2025-12,724058,JFB FACE CREAM MG 140TK 36X50ML,0.636781555,ml
2025-10,2025-12,724058,JFB FACE CREAM MG 140TK 36X50ML,0.9,tm
2025-11,2025-12,724058,JFB FACE CREAM MG 140TK 36X50ML,1.213369665,ml
2025-11,2025-12,724058,JFB FACE CREAM MG 140TK 36X50ML,1.85,tm
2025-08,2026-01,724058,JFB FACE CREAM MG 140TK 36X50ML,0.677273139,ml
2025-08,2026-01,724058,JFB FACE CREAM MG 140TK 36X50ML,0.78,tm
2025-09,2026-01,724058,JFB FACE CREAM MG 140TK 36X50ML,0.935685502,ml
2025-09,2026-01,724058,JFB FACE CREAM MG 140TK 36X50ML,0.88,tm
2025-10,2026-01,724058,JFB FACE CREAM MG 140TK 36X50ML,0.636781555,ml
2025-10,2026-01,724058,JFB FACE CREAM MG 140TK 36X50ML,0.88,tm
2025-11,2026-01,724058,JFB FACE CREAM MG 140TK 36X50ML,0.925145924,ml
2025-11,2026-01,724058,JFB FACE CREAM MG 140TK 36X50ML,0.879838902,tm
2025-12,2026-01,724058,JFB FACE CREAM MG 140TK 36X50ML,1.221193,ml
2025-12,2026-01,724058,JFB FACE CREAM MG 140TK 36X50ML,0.879838902,tm
2025-09,2026-02,724058,JFB FACE CREAM MG 140TK 36X50ML,0.357375977,ml
2025-09,2026-02,724058,JFB FACE CREAM MG 140TK 36X50ML,0.389930326,tm
2025-10,2026-02,724058,JFB FACE CREAM MG 140TK 36X50ML,0.912565226,ml
2025-10,2026-02,724058,JFB FACE CREAM MG 140TK 36X50ML,0.389930326,tm
2025-11,2026-02,724058,JFB FACE CREAM MG 140TK 36X50ML,0.553057947,ml
2025-11,2026-02,724058,JFB FACE CREAM MG 140TK 36X50ML,0.868139152,tm
2025-12,2026-02,724058,JFB FACE CREAM MG 140TK 36X50ML,0.609088144,ml
2025-12,2026-02,724058,JFB FACE CREAM MG 140TK 36X50ML,0.868139152,tm
2026-01,2026-02,724058,JFB FACE CREAM MG 140TK 36X50ML,0.7015098,ml
2026-01,2026-02,724058,JFB FACE CREAM MG 140TK 36X50ML,0.830639152,tm
2025-10,2026-03,724058,JFB FACE CREAM MG 140TK 36X50ML,0.636781555,ml
2025-10,2026-03,724058,JFB FACE CREAM MG 140TK 36X50ML,0.46,tm
2025-11,2026-03,724058,JFB FACE CREAM MG 140TK 36X50ML,1.010731906,ml
2025-11,2026-03,724058,JFB FACE CREAM MG 140TK 36X50ML,0.742434147,tm
2025-12,2026-03,724058,JFB FACE CREAM MG 140TK 36X50ML,0.593171015,ml
2025-12,2026-03,724058,JFB FACE CREAM MG 140TK 36X50ML,0.742434147,tm
2026-01,2026-03,724058,JFB FACE CREAM MG 140TK 36X50ML,0.9546843,ml
2026-01,2026-03,724058,JFB FACE CREAM MG 140TK 36X50ML,0.702434147,tm
2026-02,2026-03,724058,JFB FACE CREAM MG 140TK 36X50ML,0.694837019,ml
2026-02,2026-03,724058,JFB FACE CREAM MG 140TK 36X50ML,0.742434147,tm
2025-11,2026-04,724058,JFB FACE CREAM MG 140TK 36X50ML,0.782046076,ml
2025-11,2026-04,724058,JFB FACE CREAM MG 140TK 36X50ML,0.747434147,tm
2025-12,2026-04,724058,JFB FACE CREAM MG 140TK 36X50ML,0.318061953,ml
2025-12,2026-04,724058,JFB FACE CREAM MG 140TK 36X50ML,1.024153125,tm
2026-01,2026-04,724058,JFB FACE CREAM MG 140TK 36X50ML,0.7924246,ml
2026-01,2026-04,724058,JFB FACE CREAM MG 140TK 36X50ML,0.86165475,tm
2026-02,2026-04,724058,JFB FACE CREAM MG 140TK 36X50ML,0.755347468,ml
2026-02,2026-04,724058,JFB FACE CREAM MG 140TK 36X50ML,0.777843333,tm
2026-03,2026-04,724058,JFB FACE CREAM MG 140TK 36X50ML,0.617056694,ml
2026-03,2026-04,724058,JFB FACE CREAM MG 140TK 36X50ML,0.682838621,tm
2025-12,2026-05,724058,JFB FACE CREAM MG 140TK 36X50ML,0.430481771,ml
2025-12,2026-05,724058,JFB FACE CREAM MG 140TK 36X50ML,0.73859375,tm
2026-01,2026-05,724058,JFB FACE CREAM MG 140TK 36X50ML,0.7152348,ml
2026-01,2026-05,724058,JFB FACE CREAM MG 140TK 36X50ML,0.66585,tm
2026-02,2026-05,724058,JFB FACE CREAM MG 140TK 36X50ML,0.617898658,ml
2026-02,2026-05,724058,JFB FACE CREAM MG 140TK 36X50ML,0.757387499,tm
2026-03,2026-05,724058,JFB FACE CREAM MG 140TK 36X50ML,0.4043195,ml
2026-03,2026-05,724058,JFB FACE CREAM MG 140TK 36X50ML,0.447422373,tm
2026-04,2026-05,724058,JFB FACE CREAM MG 140TK 36X50ML,0.6660398,ml
2026-04,2026-05,724058,JFB FACE CREAM MG 140TK 36X50ML,0.681648749,tm
2026-01,2026-06,724058,JFB FACE CREAM MG 140TK 36X50ML,0.0,ml
2026-01,2026-06,724058,JFB FACE CREAM MG 140TK 36X50ML,0.5782315,tm
2026-02,2026-06,724058,JFB FACE CREAM MG 140TK 36X50ML,0.538334414,ml
2026-02,2026-06,724058,JFB FACE CREAM MG 140TK 36X50ML,0.58,tm
2026-03,2026-06,724058,JFB FACE CREAM MG 140TK 36X50ML,0.38657538,ml
2026-03,2026-06,724058,JFB FACE CREAM MG 140TK 36X50ML,0.427786623,tm
2026-04,2026-06,724058,JFB FACE CREAM MG 140TK 36X50ML,0.637624572,ml
2026-04,2026-06,724058,JFB FACE CREAM MG 140TK 36X50ML,0.52040835,tm
2026-05,2026-06,724058,JFB FACE CREAM MG 140TK 36X50ML,0.394106212,ml
2026-05,2026-06,724058,JFB FACE CREAM MG 140TK 36X50ML,0.63605465,tm
2026-02,2026-07,724058,JFB FACE CREAM MG 140TK 36X50ML,0.609608372,ml
2026-02,2026-07,724058,JFB FACE CREAM MG 140TK 36X50ML,0.62,tm
2026-03,2026-07,724058,JFB FACE CREAM MG 140TK 36X50ML,0.458992299,ml
2026-03,2026-07,724058,JFB FACE CREAM MG 140TK 36X50ML,0.507923618,tm
2026-04,2026-07,724058,JFB FACE CREAM MG 140TK 36X50ML,0.57128,ml
2026-04,2026-07,724058,JFB FACE CREAM MG 140TK 36X50ML,0.55441845,tm
2026-05,2026-07,724058,JFB FACE CREAM MG 140TK 36X50ML,0.492191853,ml
2026-05,2026-07,724058,JFB FACE CREAM MG 140TK 36X50ML,0.67762255,tm
2026-06,2026-07,724058,JFB FACE CREAM MG 140TK 36X50ML,0.600310165,ml
2026-06,2026-07,724058,JFB FACE CREAM MG 140TK 36X50ML,0.67762255,tm
2026-03,2026-08,724058,JFB FACE CREAM MG 140TK 36X50ML,0.387716841,ml
2026-03,2026-08,724058,JFB FACE CREAM MG 140TK 36X50ML,0.429049771,tm
2026-04,2026-08,724058,JFB FACE CREAM MG 140TK 36X50ML,0.702715288,ml
2026-04,2026-08,724058,JFB FACE CREAM MG 140TK 36X50ML,0.537571048,tm
2026-05,2026-08,724058,JFB FACE CREAM MG 140TK 36X50ML,0.395266608,ml
2026-05,2026-08,724058,JFB FACE CREAM MG 140TK 36X50ML,0.591328152,tm
2026-06,2026-08,724058,JFB FACE CREAM MG 140TK 36X50ML,0.527748573,ml
2026-06,2026-08,724058,JFB FACE CREAM MG 140TK 36X50ML,0.591328152,tm
2026-07,2026-08,724058,JFB FACE CREAM MG 140TK 36X50ML,0.5008830953,ml
2026-07,2026-08,724058,JFB FACE CREAM MG 140TK 36X50ML,0.591328152,tm
2026-04,2026-09,724058,JFB FACE CREAM MG 140TK 36X50ML,0.991973826,ml
2026-04,2026-09,724058,JFB FACE CREAM MG 140TK 36X50ML,1.216076783,tm
2026-05,2026-09,724058,JFB FACE CREAM MG 140TK 36X50ML,0.9803649,ml
2026-05,2026-09,724058,JFB FACE CREAM MG 140TK 36X50ML,1.216076783,tm
2026-06,2026-09,724058,JFB FACE CREAM MG 140TK 36X50ML,0.932880574,ml
2026-06,2026-09,724058,JFB FACE CREAM MG 140TK 36X50ML,1.216076783,tm
2026-07,2026-09,724058,JFB FACE CREAM MG 140TK 36X50ML,0.8843696333,ml
2026-07,2026-09,724058,JFB FACE CREAM MG 140TK 36X50ML,1.216076783,tm
2026-05,2026-10,724058,JFB FACE CREAM MG 140TK 36X50ML,1.1181581,ml
2026-05,2026-10,724058,JFB FACE CREAM MG 140TK 36X50ML,1.671914282,tm
2026-06,2026-10,724058,JFB FACE CREAM MG 140TK 36X50ML,1.21966642,ml
2026-06,2026-10,724058,JFB FACE CREAM MG 140TK 36X50ML,1.671914282,tm
2026-07,2026-10,724058,JFB FACE CREAM MG 140TK 36X50ML,1.111817285,ml
2026-07,2026-10,724058,JFB FACE CREAM MG 140TK 36X50ML,1.671914282,tm
2026-06,2026-11,724058,JFB FACE CREAM MG 140TK 36X50ML,2.044040946,ml
2026-06,2026-11,724058,JFB FACE CREAM MG 140TK 36X50ML,3.1,tm
2026-07,2026-11,724058,JFB FACE CREAM MG 140TK 36X50ML,2.335212037,ml
2026-07,2026-11,724058,JFB FACE CREAM MG 140TK 36X50ML,3.1,tm
2026-07,2026-12,724058,JFB FACE CREAM MG 140TK 36X50ML,1.866189879,ml
2026-07,2026-12,724058,JFB FACE CREAM MG 140TK 36X50ML,2.076505525,tm
2025-04,2025-05,724059,JFB FACE CREAM MG 245TK 36X100ML,0.565133,ml
2025-04,2025-05,724059,JFB FACE CREAM MG 245TK 36X100ML,0.59,tm
2025-04,2025-06,724059,JFB FACE CREAM MG 245TK 36X100ML,0.565133,ml
2025-04,2025-06,724059,JFB FACE CREAM MG 245TK 36X100ML,0.41,tm
2025-05,2025-06,724059,JFB FACE CREAM MG 245TK 36X100ML,0.442799667,ml
2025-05,2025-06,724059,JFB FACE CREAM MG 245TK 36X100ML,0.41,tm
2025-04,2025-07,724059,JFB FACE CREAM MG 245TK 36X100ML,0.565133,ml
2025-04,2025-07,724059,JFB FACE CREAM MG 245TK 36X100ML,0.23,tm
2025-05,2025-07,724059,JFB FACE CREAM MG 245TK 36X100ML,0.442799667,ml
2025-05,2025-07,724059,JFB FACE CREAM MG 245TK 36X100ML,0.23,tm
2025-06,2025-07,724059,JFB FACE CREAM MG 245TK 36X100ML,0.458933333,ml
2025-06,2025-07,724059,JFB FACE CREAM MG 245TK 36X100ML,0.261,tm
2025-04,2025-08,724059,JFB FACE CREAM MG 245TK 36X100ML,0.565133,ml
2025-04,2025-08,724059,JFB FACE CREAM MG 245TK 36X100ML,0.32,tm
2025-05,2025-08,724059,JFB FACE CREAM MG 245TK 36X100ML,0.442799667,ml
2025-05,2025-08,724059,JFB FACE CREAM MG 245TK 36X100ML,0.32,tm
2025-06,2025-08,724059,JFB FACE CREAM MG 245TK 36X100ML,0.458933333,ml
2025-06,2025-08,724059,JFB FACE CREAM MG 245TK 36X100ML,0.3748,tm
2025-07,2025-08,724059,JFB FACE CREAM MG 245TK 36X100ML,0.4835,ml
2025-07,2025-08,724059,JFB FACE CREAM MG 245TK 36X100ML,0.37,tm
2025-04,2025-09,724059,JFB FACE CREAM MG 245TK 36X100ML,0.565133,ml
2025-04,2025-09,724059,JFB FACE CREAM MG 245TK 36X100ML,0.79,tm
2025-05,2025-09,724059,JFB FACE CREAM MG 245TK 36X100ML,0.442799667,ml
2025-05,2025-09,724059,JFB FACE CREAM MG 245TK 36X100ML,0.79,tm
2025-06,2025-09,724059,JFB FACE CREAM MG 245TK 36X100ML,0.458933333,ml
2025-06,2025-09,724059,JFB FACE CREAM MG 245TK 36X100ML,0.9105,tm
2025-07,2025-09,724059,JFB FACE CREAM MG 245TK 36X100ML,0.4835,ml
2025-07,2025-09,724059,JFB FACE CREAM MG 245TK 36X100ML,0.91,tm
2025-08,2025-09,724059,JFB FACE CREAM MG 245TK 36X100ML,0.706526251,ml
2025-08,2025-09,724059,JFB FACE CREAM MG 245TK 36X100ML,0.79,tm
2025-05,2025-10,724059,JFB FACE CREAM MG 245TK 36X100ML,0.442799667,ml
2025-05,2025-10,724059,JFB FACE CREAM MG 245TK 36X100ML,1.2,tm
2025-06,2025-10,724059,JFB FACE CREAM MG 245TK 36X100ML,0.458933333,ml
2025-06,2025-10,724059,JFB FACE CREAM MG 245TK 36X100ML,1.3972,tm
2025-07,2025-10,724059,JFB FACE CREAM MG 245TK 36X100ML,0.4835,ml
2025-07,2025-10,724059,JFB FACE CREAM MG 245TK 36X100ML,1.4,tm
2025-08,2025-10,724059,JFB FACE CREAM MG 245TK 36X100ML,0.759476241,ml
2025-08,2025-10,724059,JFB FACE CREAM MG 245TK 36X100ML,1.4,tm
2025-09,2025-10,724059,JFB FACE CREAM MG 245TK 36X100ML,0.570727543,ml
2025-09,2025-10,724059,JFB FACE CREAM MG 245TK 36X100ML,1.5,tm
2025-06,2025-11,724059,JFB FACE CREAM MG 245TK 36X100ML,0.458933333,ml
2025-06,2025-11,724059,JFB FACE CREAM MG 245TK 36X100ML,1.8,tm
2025-07,2025-11,724059,JFB FACE CREAM MG 245TK 36X100ML,0.4835,ml
2025-07,2025-11,724059,JFB FACE CREAM MG 245TK 36X100ML,1.8,tm
2025-08,2025-11,724059,JFB FACE CREAM MG 245TK 36X100ML,1.55522796,ml
2025-08,2025-11,724059,JFB FACE CREAM MG 245TK 36X100ML,1.8,tm
2025-09,2025-11,724059,JFB FACE CREAM MG 245TK 36X100ML,1.399730901,ml
2025-09,2025-11,724059,JFB FACE CREAM MG 245TK 36X100ML,1.92,tm
2025-10,2025-11,724059,JFB FACE CREAM MG 245TK 36X100ML,1.39802581,ml
2025-10,2025-11,724059,JFB FACE CREAM MG 245TK 36X100ML,1.9,tm
2025-07,2025-12,724059,JFB FACE CREAM MG 245TK 36X100ML,0.4835,ml
2025-07,2025-12,724059,JFB FACE CREAM MG 245TK 36X100ML,0.84,tm
2025-08,2025-12,724059,JFB FACE CREAM MG 245TK 36X100ML,0.850590961,ml
2025-08,2025-12,724059,JFB FACE CREAM MG 245TK 36X100ML,0.84,tm
2025-09,2025-12,724059,JFB FACE CREAM MG 245TK 36X100ML,0.777451736,ml
2025-09,2025-12,724059,JFB FACE CREAM MG 245TK 36X100ML,0.84,tm
2025-10,2025-12,724059,JFB FACE CREAM MG 245TK 36X100ML,0.832686742,ml
2025-10,2025-12,724059,JFB FACE CREAM MG 245TK 36X100ML,0.84,tm
2025-11,2025-12,724059,JFB FACE CREAM MG 245TK 36X100ML,1.016040825,ml
2025-11,2025-12,724059,JFB FACE CREAM MG 245TK 36X100ML,1.4,tm
2025-08,2026-01,724059,JFB FACE CREAM MG 245TK 36X100ML,0.6410264,ml
2025-08,2026-01,724059,JFB FACE CREAM MG 245TK 36X100ML,0.37,tm
2025-09,2026-01,724059,JFB FACE CREAM MG 245TK 36X100ML,0.000410851,ml
2025-09,2026-01,724059,JFB FACE CREAM MG 245TK 36X100ML,0.47,tm
2025-10,2026-01,724059,JFB FACE CREAM MG 245TK 36X100ML,0.614235199,ml
2025-10,2026-01,724059,JFB FACE CREAM MG 245TK 36X100ML,0.62,tm
2025-11,2026-01,724059,JFB FACE CREAM MG 245TK 36X100ML,0.544788729,ml
2025-11,2026-01,724059,JFB FACE CREAM MG 245TK 36X100ML,0.620161098,tm
2025-12,2026-01,724059,JFB FACE CREAM MG 245TK 36X100ML,0.680196233,ml
2025-12,2026-01,724059,JFB FACE CREAM MG 245TK 36X100ML,0.620161098,tm
2025-09,2026-02,724059,JFB FACE CREAM MG 245TK 36X100ML,0.348249316,ml
2025-09,2026-02,724059,JFB FACE CREAM MG 245TK 36X100ML,0.383624735,tm
2025-10,2026-02,724059,JFB FACE CREAM MG 245TK 36X100ML,0.556901148,ml
2025-10,2026-02,724059,JFB FACE CREAM MG 245TK 36X100ML,0.383624735,tm
2025-11,2026-02,724059,JFB FACE CREAM MG 245TK 36X100ML,0.366765561,ml
2025-11,2026-02,724059,JFB FACE CREAM MG 245TK 36X100ML,0.786660632,tm
2025-12,2026-02,724059,JFB FACE CREAM MG 245TK 36X100ML,0.564065121,ml
2025-12,2026-02,724059,JFB FACE CREAM MG 245TK 36X100ML,0.786660632,tm
2026-01,2026-02,724059,JFB FACE CREAM MG 245TK 36X100ML,0.9937633,ml
2026-01,2026-02,724059,JFB FACE CREAM MG 245TK 36X100ML,0.691660632,tm
2025-10,2026-03,724059,JFB FACE CREAM MG 245TK 36X100ML,0.562918035,ml
2025-10,2026-03,724059,JFB FACE CREAM MG 245TK 36X100ML,0.46,tm
2025-11,2026-03,724059,JFB FACE CREAM MG 245TK 36X100ML,0.374069073,ml
2025-11,2026-03,724059,JFB FACE CREAM MG 245TK 36X100ML,0.912365638,tm
2025-12,2026-03,724059,JFB FACE CREAM MG 245TK 36X100ML,0.769080973,ml
2025-12,2026-03,724059,JFB FACE CREAM MG 245TK 36X100ML,0.912365638,tm
2026-01,2026-03,724059,JFB FACE CREAM MG 245TK 36X100ML,0.579809667,ml
2026-01,2026-03,724059,JFB FACE CREAM MG 245TK 36X100ML,0.842365638,tm
2026-02,2026-03,724059,JFB FACE CREAM MG 245TK 36X100ML,0.637641253,ml
2026-02,2026-03,724059,JFB FACE CREAM MG 245TK 36X100ML,0.912365638,tm
2025-11,2026-04,724059,JFB FACE CREAM MG 245TK 36X100ML,0.558825504,ml
2025-11,2026-04,724059,JFB FACE CREAM MG 245TK 36X100ML,0.922365638,tm
2025-12,2026-04,724059,JFB FACE CREAM MG 245TK 36X100ML,1.036602827,ml
2025-12,2026-04,724059,JFB FACE CREAM MG 245TK 36X100ML,1.05635,tm
2026-01,2026-04,724059,JFB FACE CREAM MG 245TK 36X100ML,0.4907065,ml
2026-01,2026-04,724059,JFB FACE CREAM MG 245TK 36X100ML,0.859188,tm
2026-02,2026-04,724059,JFB FACE CREAM MG 245TK 36X100ML,0.7004997,ml
2026-02,2026-04,724059,JFB FACE CREAM MG 245TK 36X100ML,0.775616518,tm
2026-03,2026-04,724059,JFB FACE CREAM MG 245TK 36X100ML,0.712788143,ml
2026-03,2026-04,724059,JFB FACE CREAM MG 245TK 36X100ML,0.847791744,tm
2025-12,2026-05,724059,JFB FACE CREAM MG 245TK 36X100ML,0.662972187,ml
2025-12,2026-05,724059,JFB FACE CREAM MG 245TK 36X100ML,0.77014375,tm
2026-01,2026-05,724059,JFB FACE CREAM MG 245TK 36X100ML,0.930793267,ml
2026-01,2026-05,724059,JFB FACE CREAM MG 245TK 36X100ML,0.662538,tm
2026-02,2026-05,724059,JFB FACE CREAM MG 245TK 36X100ML,0.56790088,ml
2026-02,2026-05,724059,JFB FACE CREAM MG 245TK 36X100ML,0.753620183,tm
2026-03,2026-05,724059,JFB FACE CREAM MG 245TK 36X100ML,0.477239491,ml
2026-03,2026-05,724059,JFB FACE CREAM MG 245TK 36X100ML,0.567629673,tm
2026-04,2026-05,724059,JFB FACE CREAM MG 245TK 36X100ML,0.661218046,ml
2026-04,2026-05,724059,JFB FACE CREAM MG 245TK 36X100ML,0.678258164,tm
2026-01,2026-06,724059,JFB FACE CREAM MG 245TK 36X100ML,1.304581358,ml
2026-01,2026-06,724059,JFB FACE CREAM MG 245TK 36X100ML,0.577346,tm
2026-02,2026-06,724059,JFB FACE CREAM MG 245TK 36X100ML,0.447124321,ml
2026-02,2026-06,724059,JFB FACE CREAM MG 245TK 36X100ML,0.58,tm
2026-03,2026-06,724059,JFB FACE CREAM MG 245TK 36X100ML,0.42790346,ml
2026-03,2026-06,724059,JFB FACE CREAM MG 245TK 36X100ML,0.508949292,tm
2026-04,2026-06,724059,JFB FACE CREAM MG 245TK 36X100ML,0.50453558,ml
2026-04,2026-06,724059,JFB FACE CREAM MG 245TK 36X100ML,0.5196114,tm
2026-05,2026-06,724059,JFB FACE CREAM MG 245TK 36X100ML,0.267544658,ml
2026-05,2026-06,724059,JFB FACE CREAM MG 245TK 36X100ML,0.6350806,tm
2026-02,2026-07,724059,JFB FACE CREAM MG 245TK 36X100ML,0.568775887,ml
2026-02,2026-07,724059,JFB FACE CREAM MG 245TK 36X100ML,0.69,tm
2026-03,2026-07,724059,JFB FACE CREAM MG 245TK 36X100ML,0.55285593,ml
2026-03,2026-07,724059,JFB FACE CREAM MG 245TK 36X100ML,0.657568027,tm
2026-04,2026-07,724059,JFB FACE CREAM MG 245TK 36X100ML,0.638046927,ml
2026-04,2026-07,724059,JFB FACE CREAM MG 245TK 36X100ML,0.62154736,tm
2026-05,2026-07,724059,JFB FACE CREAM MG 245TK 36X100ML,0.48172147,ml
2026-05,2026-07,724059,JFB FACE CREAM MG 245TK 36X100ML,0.759668995,tm
2026-06,2026-07,724059,JFB FACE CREAM MG 245TK 36X100ML,0.568295271,ml
2026-06,2026-07,724059,JFB FACE CREAM MG 245TK 36X100ML,0.759668995,tm
2026-03,2026-08,724059,JFB FACE CREAM MG 245TK 36X100ML,0.426527188,ml
2026-03,2026-08,724059,JFB FACE CREAM MG 245TK 36X100ML,0.507312351,tm
2026-04,2026-08,724059,JFB FACE CREAM MG 245TK 36X100ML,0.333754339,ml
2026-04,2026-08,724059,JFB FACE CREAM MG 245TK 36X100ML,0.549257405,tm
2026-05,2026-08,724059,JFB FACE CREAM MG 245TK 36X100ML,0.267961973,ml
2026-05,2026-08,724059,JFB FACE CREAM MG 245TK 36X100ML,0.604183146,tm
2026-06,2026-08,724059,JFB FACE CREAM MG 245TK 36X100ML,0.466043447,ml
2026-06,2026-08,724059,JFB FACE CREAM MG 245TK 36X100ML,0.604183146,tm
2026-07,2026-08,724059,JFB FACE CREAM MG 245TK 36X100ML,0.4541100882,ml
2026-07,2026-08,724059,JFB FACE CREAM MG 245TK 36X100ML,0.604183146,tm
2026-04,2026-09,724059,JFB FACE CREAM MG 245TK 36X100ML,0.938267465,ml
2026-04,2026-09,724059,JFB FACE CREAM MG 245TK 36X100ML,1.083770523,tm
2026-05,2026-09,724059,JFB FACE CREAM MG 245TK 36X100ML,0.918359167,ml
2026-05,2026-09,724059,JFB FACE CREAM MG 245TK 36X100ML,1.083770523,tm
2026-06,2026-09,724059,JFB FACE CREAM MG 245TK 36X100ML,0.811070553,ml
2026-06,2026-09,724059,JFB FACE CREAM MG 245TK 36X100ML,1.083770523,tm
2026-07,2026-09,724059,JFB FACE CREAM MG 245TK 36X100ML,0.7909383193,ml
2026-07,2026-09,724059,JFB FACE CREAM MG 245TK 36X100ML,1.083770523,tm
2026-05,2026-10,724059,JFB FACE CREAM MG 245TK 36X100ML,0.918359167,ml
2026-05,2026-10,724059,JFB FACE CREAM MG 245TK 36X100ML,1.783477258,tm
2026-06,2026-10,724059,JFB FACE CREAM MG 245TK 36X100ML,1.167019593,ml
2026-06,2026-10,724059,JFB FACE CREAM MG 245TK 36X100ML,1.783477258,tm
2026-07,2026-10,724059,JFB FACE CREAM MG 245TK 36X100ML,0.9893127027,ml
2026-07,2026-10,724059,JFB FACE CREAM MG 245TK 36X100ML,1.783477258,tm
2026-06,2026-11,724059,JFB FACE CREAM MG 245TK 36X100ML,2.156979941,ml
2026-06,2026-11,724059,JFB FACE CREAM MG 245TK 36X100ML,3.1,tm
2026-07,2026-11,724059,JFB FACE CREAM MG 245TK 36X100ML,1.947295339,ml
2026-07,2026-11,724059,JFB FACE CREAM MG 245TK 36X100ML,3.1,tm
2026-07,2026-12,724059,JFB FACE CREAM MG 245TK 36X100ML,1.285141947,ml
2026-07,2026-12,724059,JFB FACE CREAM MG 245TK 36X100ML,2.10220299,tm
2025-04,2025-05,724060,JFB LOTION MG 340TK 48X200ML,0.602333333,ml
2025-04,2025-05,724060,JFB LOTION MG 340TK 48X200ML,0.31,tm
2025-04,2025-06,724060,JFB LOTION MG 340TK 48X200ML,0.602333333,ml
2025-04,2025-06,724060,JFB LOTION MG 340TK 48X200ML,0.22,tm
2025-05,2025-06,724060,JFB LOTION MG 340TK 48X200ML,0.231066667,ml
2025-05,2025-06,724060,JFB LOTION MG 340TK 48X200ML,0.22,tm
2025-04,2025-07,724060,JFB LOTION MG 340TK 48X200ML,0.602333333,ml
2025-04,2025-07,724060,JFB LOTION MG 340TK 48X200ML,0.21,tm
2025-05,2025-07,724060,JFB LOTION MG 340TK 48X200ML,0.231066667,ml
2025-05,2025-07,724060,JFB LOTION MG 340TK 48X200ML,0.21,tm
2025-06,2025-07,724060,JFB LOTION MG 340TK 48X200ML,0.189066667,ml
2025-06,2025-07,724060,JFB LOTION MG 340TK 48X200ML,0.2402,tm
2025-04,2025-08,724060,JFB LOTION MG 340TK 48X200ML,0.602333333,ml
2025-04,2025-08,724060,JFB LOTION MG 340TK 48X200ML,0.42,tm
2025-05,2025-08,724060,JFB LOTION MG 340TK 48X200ML,0.231066667,ml
2025-05,2025-08,724060,JFB LOTION MG 340TK 48X200ML,0.42,tm
2025-06,2025-08,724060,JFB LOTION MG 340TK 48X200ML,0.189066667,ml
2025-06,2025-08,724060,JFB LOTION MG 340TK 48X200ML,0.482,tm
2025-07,2025-08,724060,JFB LOTION MG 340TK 48X200ML,0.209,ml
2025-07,2025-08,724060,JFB LOTION MG 340TK 48X200ML,0.48,tm
2025-04,2025-09,724060,JFB LOTION MG 340TK 48X200ML,0.602333333,ml
2025-04,2025-09,724060,JFB LOTION MG 340TK 48X200ML,1.08,tm
2025-05,2025-09,724060,JFB LOTION MG 340TK 48X200ML,0.231066667,ml
2025-05,2025-09,724060,JFB LOTION MG 340TK 48X200ML,1.08,tm
2025-06,2025-09,724060,JFB LOTION MG 340TK 48X200ML,0.189066667,ml
2025-06,2025-09,724060,JFB LOTION MG 340TK 48X200ML,1.2416,tm
2025-07,2025-09,724060,JFB LOTION MG 340TK 48X200ML,0.209,ml
2025-07,2025-09,724060,JFB LOTION MG 340TK 48X200ML,1.24,tm
2025-08,2025-09,724060,JFB LOTION MG 340TK 48X200ML,0.960286656,ml
2025-08,2025-09,724060,JFB LOTION MG 340TK 48X200ML,1.08,tm
2025-05,2025-10,724060,JFB LOTION MG 340TK 48X200ML,0.231066667,ml
2025-05,2025-10,724060,JFB LOTION MG 340TK 48X200ML,2.1,tm
2025-06,2025-10,724060,JFB LOTION MG 340TK 48X200ML,0.189066667,ml
2025-06,2025-10,724060,JFB LOTION MG 340TK 48X200ML,2.303,tm
2025-07,2025-10,724060,JFB LOTION MG 340TK 48X200ML,0.209,ml
2025-07,2025-10,724060,JFB LOTION MG 340TK 48X200ML,2.3,tm
2025-08,2025-10,724060,JFB LOTION MG 340TK 48X200ML,1.133888878,ml
2025-08,2025-10,724060,JFB LOTION MG 340TK 48X200ML,2.3,tm
2025-09,2025-10,724060,JFB LOTION MG 340TK 48X200ML,0.84844,ml
2025-09,2025-10,724060,JFB LOTION MG 340TK 48X200ML,2.31,tm
2025-06,2025-11,724060,JFB LOTION MG 340TK 48X200ML,0.189066667,ml
2025-06,2025-11,724060,JFB LOTION MG 340TK 48X200ML,3.162,tm
2025-07,2025-11,724060,JFB LOTION MG 340TK 48X200ML,0.209,ml
2025-07,2025-11,724060,JFB LOTION MG 340TK 48X200ML,3.16,tm
2025-08,2025-11,724060,JFB LOTION MG 340TK 48X200ML,2.328879851,ml
2025-08,2025-11,724060,JFB LOTION MG 340TK 48X200ML,3.16,tm
2025-09,2025-11,724060,JFB LOTION MG 340TK 48X200ML,2.486725737,ml
2025-09,2025-11,724060,JFB LOTION MG 340TK 48X200ML,3.395,tm
2025-10,2025-11,724060,JFB LOTION MG 340TK 48X200ML,2.221274742,ml
2025-10,2025-11,724060,JFB LOTION MG 340TK 48X200ML,3.16,tm
2025-07,2025-12,724060,JFB LOTION MG 340TK 48X200ML,0.209,ml
2025-07,2025-12,724060,JFB LOTION MG 340TK 48X200ML,1.07,tm
2025-08,2025-12,724060,JFB LOTION MG 340TK 48X200ML,1.278473322,ml
2025-08,2025-12,724060,JFB LOTION MG 340TK 48X200ML,1.07,tm
2025-09,2025-12,724060,JFB LOTION MG 340TK 48X200ML,1.282591593,ml
2025-09,2025-12,724060,JFB LOTION MG 340TK 48X200ML,1.22,tm
2025-10,2025-12,724060,JFB LOTION MG 340TK 48X200ML,1.512075548,ml
2025-10,2025-12,724060,JFB LOTION MG 340TK 48X200ML,1.07,tm
2025-11,2025-12,724060,JFB LOTION MG 340TK 48X200ML,1.720450563,ml
2025-11,2025-12,724060,JFB LOTION MG 340TK 48X200ML,1.8,tm
2025-08,2026-01,724060,JFB LOTION MG 340TK 48X200ML,0.444779719,ml
2025-08,2026-01,724060,JFB LOTION MG 340TK 48X200ML,0.52,tm
2025-09,2026-01,724060,JFB LOTION MG 340TK 48X200ML,0.273887981,ml
2025-09,2026-01,724060,JFB LOTION MG 340TK 48X200ML,0.51,tm
2025-10,2026-01,724060,JFB LOTION MG 340TK 48X200ML,0.4493437,ml
2025-10,2026-01,724060,JFB LOTION MG 340TK 48X200ML,0.42,tm
2025-11,2026-01,724060,JFB LOTION MG 340TK 48X200ML,0.39388,ml
2025-11,2026-01,724060,JFB LOTION MG 340TK 48X200ML,0.522330736,tm
2025-12,2026-01,724060,JFB LOTION MG 340TK 48X200ML,0.442848,ml
2025-12,2026-01,724060,JFB LOTION MG 340TK 48X200ML,0.522330736,tm
2025-09,2026-02,724060,JFB LOTION MG 340TK 48X200ML,0.099084871,ml
2025-09,2026-02,724060,JFB LOTION MG 340TK 48X200ML,0.18180925,tm
2025-10,2026-02,724060,JFB LOTION MG 340TK 48X200ML,0.406366149,ml
2025-10,2026-02,724060,JFB LOTION MG 340TK 48X200ML,0.18180925,tm
2025-11,2026-02,724060,JFB LOTION MG 340TK 48X200ML,0.399533333,ml
2025-11,2026-02,724060,JFB LOTION MG 340TK 48X200ML,0.341105133,tm
2025-12,2026-02,724060,JFB LOTION MG 340TK 48X200ML,0.43908,ml
2025-12,2026-02,724060,JFB LOTION MG 340TK 48X200ML,0.341105133,tm
2026-01,2026-02,724060,JFB LOTION MG 340TK 48X200ML,0.240215365,ml
2026-01,2026-02,724060,JFB LOTION MG 340TK 48X200ML,0.221105133,tm
2025-10,2026-03,724060,JFB LOTION MG 340TK 48X200ML,0.780723087,ml
2025-10,2026-03,724060,JFB LOTION MG 340TK 48X200ML,0.15,tm
2025-11,2026-03,724060,JFB LOTION MG 340TK 48X200ML,0.383946667,ml
2025-11,2026-03,724060,JFB LOTION MG 340TK 48X200ML,0.377502483,tm
2025-12,2026-03,724060,JFB LOTION MG 340TK 48X200ML,0.67262,ml
2025-12,2026-03,724060,JFB LOTION MG 340TK 48X200ML,0.377502483,tm
2026-01,2026-03,724060,JFB LOTION MG 340TK 48X200ML,0.250086382,ml
2026-01,2026-03,724060,JFB LOTION MG 340TK 48X200ML,0.317502483,tm
2026-02,2026-03,724060,JFB LOTION MG 340TK 48X200ML,0.160903636,ml
2026-02,2026-03,724060,JFB LOTION MG 340TK 48X200ML,0.377502483,tm
2025-11,2026-04,724060,JFB LOTION MG 340TK 48X200ML,0.443573333,ml
2025-11,2026-04,724060,JFB LOTION MG 340TK 48X200ML,0.357502483,tm
2025-12,2026-04,724060,JFB LOTION MG 340TK 48X200ML,0.481168,ml
2025-12,2026-04,724060,JFB LOTION MG 340TK 48X200ML,0.37474,tm
2026-01,2026-04,724060,JFB LOTION MG 340TK 48X200ML,0.19762,ml
2026-01,2026-04,724060,JFB LOTION MG 340TK 48X200ML,0.35068,tm
2026-02,2026-04,724060,JFB LOTION MG 340TK 48X200ML,0.218318298,ml
2026-02,2026-04,724060,JFB LOTION MG 340TK 48X200ML,0.316570065,tm
2026-03,2026-04,724060,JFB LOTION MG 340TK 48X200ML,0.28872,ml
2026-03,2026-04,724060,JFB LOTION MG 340TK 48X200ML,0.316570065,tm
2025-12,2026-05,724060,JFB LOTION MG 340TK 48X200ML,0.4771,ml
2025-12,2026-05,724060,JFB LOTION MG 340TK 48X200ML,0.39112,tm
2026-01,2026-05,724060,JFB LOTION MG 340TK 48X200ML,0.333059574,ml
2026-01,2026-05,724060,JFB LOTION MG 340TK 48X200ML,0.40128,tm
2026-02,2026-05,724060,JFB LOTION MG 340TK 48X200ML,0.237776298,ml
2026-02,2026-05,724060,JFB LOTION MG 340TK 48X200ML,0.456445829,tm
2026-03,2026-05,724060,JFB LOTION MG 340TK 48X200ML,0.245587442,ml
2026-03,2026-05,724060,JFB LOTION MG 340TK 48X200ML,0.410801246,tm
2026-04,2026-05,724060,JFB LOTION MG 340TK 48X200ML,0.299517913,ml
2026-04,2026-05,724060,JFB LOTION MG 340TK 48X200ML,0.410801246,tm
2026-01,2026-06,724060,JFB LOTION MG 340TK 48X200ML,0.17262,ml
2026-01,2026-06,724060,JFB LOTION MG 340TK 48X200ML,0.18172,tm
2026-02,2026-06,724060,JFB LOTION MG 340TK 48X200ML,0.136230909,ml
2026-02,2026-06,724060,JFB LOTION MG 340TK 48X200ML,0.18,tm
2026-03,2026-06,724060,JFB LOTION MG 340TK 48X200ML,0.0,ml
2026-03,2026-06,724060,JFB LOTION MG 340TK 48X200ML,0.163548,tm
2026-04,2026-06,724060,JFB LOTION MG 340TK 48X200ML,0.0,ml
2026-04,2026-06,724060,JFB LOTION MG 340TK 48X200ML,0.163548,tm
2026-05,2026-06,724060,JFB LOTION MG 340TK 48X200ML,0.079927353,ml
2026-05,2026-06,724060,JFB LOTION MG 340TK 48X200ML,0.199892,tm
2026-02,2026-07,724060,JFB LOTION MG 340TK 48X200ML,0.027441071,ml
2026-02,2026-07,724060,JFB LOTION MG 340TK 48X200ML,0.23,tm
2026-03,2026-07,724060,JFB LOTION MG 340TK 48X200ML,0.55192,ml
2026-03,2026-07,724060,JFB LOTION MG 340TK 48X200ML,0.205137,tm
2026-04,2026-07,724060,JFB LOTION MG 340TK 48X200ML,0.321076144,ml
2026-04,2026-07,724060,JFB LOTION MG 340TK 48X200ML,0.205137,tm
2026-05,2026-07,724060,JFB LOTION MG 340TK 48X200ML,0.183044444,ml
2026-05,2026-07,724060,JFB LOTION MG 340TK 48X200ML,0.250723,tm
2026-06,2026-07,724060,JFB LOTION MG 340TK 48X200ML,0.179243861,ml
2026-06,2026-07,724060,JFB LOTION MG 340TK 48X200ML,0.250723,tm
2026-03,2026-08,724060,JFB LOTION MG 340TK 48X200ML,0.323942339,ml
2026-03,2026-08,724060,JFB LOTION MG 340TK 48X200ML,0.254817,tm
2026-04,2026-08,724060,JFB LOTION MG 340TK 48X200ML,0.339167541,ml
2026-04,2026-08,724060,JFB LOTION MG 340TK 48X200ML,0.296026962,tm
2026-05,2026-08,724060,JFB LOTION MG 340TK 48X200ML,0.117142901,ml
2026-05,2026-08,724060,JFB LOTION MG 340TK 48X200ML,0.325629658,tm
2026-06,2026-08,724060,JFB LOTION MG 340TK 48X200ML,0.177863061,ml
2026-06,2026-08,724060,JFB LOTION MG 340TK 48X200ML,0.325629658,tm
2026-07,2026-08,724060,JFB LOTION MG 340TK 48X200ML,0.2115586023,ml
2026-07,2026-08,724060,JFB LOTION MG 340TK 48X200ML,0.325629658,tm
2026-04,2026-09,724060,JFB LOTION MG 340TK 48X200ML,0.702870826,ml
2026-04,2026-09,724060,JFB LOTION MG 340TK 48X200ML,1.327190353,tm
2026-05,2026-09,724060,JFB LOTION MG 340TK 48X200ML,0.801855566,ml
2026-05,2026-09,724060,JFB LOTION MG 340TK 48X200ML,1.327190353,tm
2026-06,2026-09,724060,JFB LOTION MG 340TK 48X200ML,0.823479048,ml
2026-06,2026-09,724060,JFB LOTION MG 340TK 48X200ML,1.327190353,tm
2026-07,2026-09,724060,JFB LOTION MG 340TK 48X200ML,0.9091926257,ml
2026-07,2026-09,724060,JFB LOTION MG 340TK 48X200ML,1.327190353,tm
2026-05,2026-10,724060,JFB LOTION MG 340TK 48X200ML,1.251082222,ml
2026-05,2026-10,724060,JFB LOTION MG 340TK 48X200ML,2.052710114,tm
2026-06,2026-10,724060,JFB LOTION MG 340TK 48X200ML,1.358956957,ml
2026-06,2026-10,724060,JFB LOTION MG 340TK 48X200ML,2.052710114,tm
2026-07,2026-10,724060,JFB LOTION MG 340TK 48X200ML,1.263517541,ml
2026-07,2026-10,724060,JFB LOTION MG 340TK 48X200ML,2.052710114,tm
2026-06,2026-11,724060,JFB LOTION MG 340TK 48X200ML,2.52317892,ml
2026-06,2026-11,724060,JFB LOTION MG 340TK 48X200ML,3.3,tm
2026-07,2026-11,724060,JFB LOTION MG 340TK 48X200ML,2.658712164,ml
2026-07,2026-11,724060,JFB LOTION MG 340TK 48X200ML,3.3,tm
2026-07,2026-12,724060,JFB LOTION MG 340TK 48X200ML,0.9654414374,ml
2026-07,2026-12,724060,JFB LOTION MG 340TK 48X200ML,1.543986889,tm
2025-04,2025-05,724061,JFB LOTION MG 200TK 36X100ML,0.654266667,ml
2025-04,2025-05,724061,JFB LOTION MG 200TK 36X100ML,0.23,tm
2025-04,2025-06,724061,JFB LOTION MG 200TK 36X100ML,0.654266667,ml
2025-04,2025-06,724061,JFB LOTION MG 200TK 36X100ML,0.19,tm
2025-05,2025-06,724061,JFB LOTION MG 200TK 36X100ML,0.186766667,ml
2025-05,2025-06,724061,JFB LOTION MG 200TK 36X100ML,0.19,tm
2025-04,2025-07,724061,JFB LOTION MG 200TK 36X100ML,0.654266667,ml
2025-04,2025-07,724061,JFB LOTION MG 200TK 36X100ML,0.14,tm
2025-05,2025-07,724061,JFB LOTION MG 200TK 36X100ML,0.186766667,ml
2025-05,2025-07,724061,JFB LOTION MG 200TK 36X100ML,0.14,tm
2025-06,2025-07,724061,JFB LOTION MG 200TK 36X100ML,0.160933333,ml
2025-06,2025-07,724061,JFB LOTION MG 200TK 36X100ML,0.1615,tm
2025-04,2025-08,724061,JFB LOTION MG 200TK 36X100ML,0.654266667,ml
2025-04,2025-08,724061,JFB LOTION MG 200TK 36X100ML,0.23,tm
2025-05,2025-08,724061,JFB LOTION MG 200TK 36X100ML,0.186766667,ml
2025-05,2025-08,724061,JFB LOTION MG 200TK 36X100ML,0.23,tm
2025-06,2025-08,724061,JFB LOTION MG 200TK 36X100ML,0.160933333,ml
2025-06,2025-08,724061,JFB LOTION MG 200TK 36X100ML,0.2711,tm
2025-07,2025-08,724061,JFB LOTION MG 200TK 36X100ML,0.181033333,ml
2025-07,2025-08,724061,JFB LOTION MG 200TK 36X100ML,0.27,tm
2025-04,2025-09,724061,JFB LOTION MG 200TK 36X100ML,0.654266667,ml
2025-04,2025-09,724061,JFB LOTION MG 200TK 36X100ML,1.09,tm
2025-05,2025-09,724061,JFB LOTION MG 200TK 36X100ML,0.186766667,ml
2025-05,2025-09,724061,JFB LOTION MG 200TK 36X100ML,1.09,tm
2025-06,2025-09,724061,JFB LOTION MG 200TK 36X100ML,0.160933333,ml
2025-06,2025-09,724061,JFB LOTION MG 200TK 36X100ML,1.2509,tm
2025-07,2025-09,724061,JFB LOTION MG 200TK 36X100ML,0.181033333,ml
2025-07,2025-09,724061,JFB LOTION MG 200TK 36X100ML,1.25,tm
2025-08,2025-09,724061,JFB LOTION MG 200TK 36X100ML,0.921676974,ml
2025-08,2025-09,724061,JFB LOTION MG 200TK 36X100ML,1.09,tm
2025-05,2025-10,724061,JFB LOTION MG 200TK 36X100ML,0.186766667,ml
2025-05,2025-10,724061,JFB LOTION MG 200TK 36X100ML,1.5,tm
2025-06,2025-10,724061,JFB LOTION MG 200TK 36X100ML,0.160933333,ml
2025-06,2025-10,724061,JFB LOTION MG 200TK 36X100ML,1.8423,tm
2025-07,2025-10,724061,JFB LOTION MG 200TK 36X100ML,0.181033333,ml
2025-07,2025-10,724061,JFB LOTION MG 200TK 36X100ML,1.84,tm
2025-08,2025-10,724061,JFB LOTION MG 200TK 36X100ML,0.6118,ml
2025-08,2025-10,724061,JFB LOTION MG 200TK 36X100ML,1.84,tm
2025-09,2025-10,724061,JFB LOTION MG 200TK 36X100ML,0.841471915,ml
2025-09,2025-10,724061,JFB LOTION MG 200TK 36X100ML,1.95,tm
2025-06,2025-11,724061,JFB LOTION MG 200TK 36X100ML,0.160933333,ml
2025-06,2025-11,724061,JFB LOTION MG 200TK 36X100ML,2.2523,tm
2025-07,2025-11,724061,JFB LOTION MG 200TK 36X100ML,0.181033333,ml
2025-07,2025-11,724061,JFB LOTION MG 200TK 36X100ML,2.25,tm
2025-08,2025-11,724061,JFB LOTION MG 200TK 36X100ML,1.766700768,ml
2025-08,2025-11,724061,JFB LOTION MG 200TK 36X100ML,2.25,tm
2025-09,2025-11,724061,JFB LOTION MG 200TK 36X100ML,2.612539755,ml
2025-09,2025-11,724061,JFB LOTION MG 200TK 36X100ML,2.81,tm
2025-10,2025-11,724061,JFB LOTION MG 200TK 36X100ML,1.765283982,ml
2025-10,2025-11,724061,JFB LOTION MG 200TK 36X100ML,2.25,tm
2025-07,2025-12,724061,JFB LOTION MG 200TK 36X100ML,0.181033333,ml
2025-07,2025-12,724061,JFB LOTION MG 200TK 36X100ML,1.17,tm
2025-08,2025-12,724061,JFB LOTION MG 200TK 36X100ML,1.3835497,ml
2025-08,2025-12,724061,JFB LOTION MG 200TK 36X100ML,1.17,tm
2025-09,2025-12,724061,JFB LOTION MG 200TK 36X100ML,2.160154201,ml
2025-09,2025-12,724061,JFB LOTION MG 200TK 36X100ML,1.17,tm
2025-10,2025-12,724061,JFB LOTION MG 200TK 36X100ML,1.782040408,ml
2025-10,2025-12,724061,JFB LOTION MG 200TK 36X100ML,1.17,tm
2025-11,2025-12,724061,JFB LOTION MG 200TK 36X100ML,1.763931118,ml
2025-11,2025-12,724061,JFB LOTION MG 200TK 36X100ML,1.9,tm
2025-08,2026-01,724061,JFB LOTION MG 200TK 36X100ML,0.0,ml
2025-08,2026-01,724061,JFB LOTION MG 200TK 36X100ML,0.48,tm
2025-09,2026-01,724061,JFB LOTION MG 200TK 36X100ML,0.113199386,ml
2025-09,2026-01,724061,JFB LOTION MG 200TK 36X100ML,0.48,tm
2025-10,2026-01,724061,JFB LOTION MG 200TK 36X100ML,0.0,ml
2025-10,2026-01,724061,JFB LOTION MG 200TK 36X100ML,0.48,tm
2025-11,2026-01,724061,JFB LOTION MG 200TK 36X100ML,0.36472,ml
2025-11,2026-01,724061,JFB LOTION MG 200TK 36X100ML,0.477669264,tm
2025-12,2026-01,724061,JFB LOTION MG 200TK 36X100ML,0.369577083,ml
2025-12,2026-01,724061,JFB LOTION MG 200TK 36X100ML,0.477669264,tm
2025-09,2026-02,724061,JFB LOTION MG 200TK 36X100ML,0.099663957,ml
2025-09,2026-02,724061,JFB LOTION MG 200TK 36X100ML,0.134491061,tm
2025-10,2026-02,724061,JFB LOTION MG 200TK 36X100ML,0.0,ml
2025-10,2026-02,724061,JFB LOTION MG 200TK 36X100ML,0.134491061,tm
2025-11,2026-02,724061,JFB LOTION MG 200TK 36X100ML,0.43291,ml
2025-11,2026-02,724061,JFB LOTION MG 200TK 36X100ML,0.220791597,tm
2025-12,2026-02,724061,JFB LOTION MG 200TK 36X100ML,0.368937083,ml
2025-12,2026-02,724061,JFB LOTION MG 200TK 36X100ML,0.220791597,tm
2026-01,2026-02,724061,JFB LOTION MG 200TK 36X100ML,0.214570129,ml
2026-01,2026-02,724061,JFB LOTION MG 200TK 36X100ML,0.160791597,tm
2025-10,2026-03,724061,JFB LOTION MG 200TK 36X100ML,0.0,ml
2025-10,2026-03,724061,JFB LOTION MG 200TK 36X100ML,0.11,tm
2025-11,2026-03,724061,JFB LOTION MG 200TK 36X100ML,0.43963,ml
2025-11,2026-03,724061,JFB LOTION MG 200TK 36X100ML,0.184394247,tm
2025-12,2026-03,724061,JFB LOTION MG 200TK 36X100ML,0.35492,ml
2025-12,2026-03,724061,JFB LOTION MG 200TK 36X100ML,0.184394247,tm
2026-01,2026-03,724061,JFB LOTION MG 200TK 36X100ML,0.0,ml
2026-01,2026-03,724061,JFB LOTION MG 200TK 36X100ML,0.154394247,tm
2026-02,2026-03,724061,JFB LOTION MG 200TK 36X100ML,0.135535902,ml
2026-02,2026-03,724061,JFB LOTION MG 200TK 36X100ML,0.184394247,tm
2025-11,2026-04,724061,JFB LOTION MG 200TK 36X100ML,0.40476,ml
2025-11,2026-04,724061,JFB LOTION MG 200TK 36X100ML,0.174394247,tm
2025-12,2026-04,724061,JFB LOTION MG 200TK 36X100ML,0.36997,ml
2025-12,2026-04,724061,JFB LOTION MG 200TK 36X100ML,0.279245,tm
2026-01,2026-04,724061,JFB LOTION MG 200TK 36X100ML,0.188693333,ml
2026-01,2026-04,724061,JFB LOTION MG 200TK 36X100ML,0.27159,tm
2026-02,2026-04,724061,JFB LOTION MG 200TK 36X100ML,0.299668261,ml
2026-02,2026-04,724061,JFB LOTION MG 200TK 36X100ML,0.245172989,tm
2026-03,2026-04,724061,JFB LOTION MG 200TK 36X100ML,0.241529384,ml
2026-03,2026-04,724061,JFB LOTION MG 200TK 36X100ML,0.245172989,tm
2025-12,2026-05,724061,JFB LOTION MG 200TK 36X100ML,0.349783333,ml
2025-12,2026-05,724061,JFB LOTION MG 200TK 36X100ML,0.25541,tm
2026-01,2026-05,724061,JFB LOTION MG 200TK 36X100ML,0.389493187,ml
2026-01,2026-05,724061,JFB LOTION MG 200TK 36X100ML,0.26904,tm
2026-02,2026-05,724061,JFB LOTION MG 200TK 36X100ML,0.260156764,ml
2026-02,2026-05,724061,JFB LOTION MG 200TK 36X100ML,0.306026181,tm
2026-03,2026-05,724061,JFB LOTION MG 200TK 36X100ML,0.266801488,ml
2026-03,2026-05,724061,JFB LOTION MG 200TK 36X100ML,0.275423563,tm
2026-04,2026-05,724061,JFB LOTION MG 200TK 36X100ML,0.28269,ml
2026-04,2026-05,724061,JFB LOTION MG 200TK 36X100ML,0.275423563,tm
2026-01,2026-06,724061,JFB LOTION MG 200TK 36X100ML,0.212876667,ml
2026-01,2026-06,724061,JFB LOTION MG 200TK 36X100ML,0.20944,tm
2026-02,2026-06,724061,JFB LOTION MG 200TK 36X100ML,0.127310815,ml
2026-02,2026-06,724061,JFB LOTION MG 200TK 36X100ML,0.21,tm
2026-03,2026-06,724061,JFB LOTION MG 200TK 36X100ML,0.228728797,ml
2026-03,2026-06,724061,JFB LOTION MG 200TK 36X100ML,0.188496,tm
2026-04,2026-06,724061,JFB LOTION MG 200TK 36X100ML,0.267989555,ml
2026-04,2026-06,724061,JFB LOTION MG 200TK 36X100ML,0.188496,tm
2026-05,2026-06,724061,JFB LOTION MG 200TK 36X100ML,0.134610395,ml
2026-05,2026-06,724061,JFB LOTION MG 200TK 36X100ML,0.230384,tm
2026-02,2026-07,724061,JFB LOTION MG 200TK 36X100ML,0.343307155,ml
2026-02,2026-07,724061,JFB LOTION MG 200TK 36X100ML,0.24,tm
2026-03,2026-07,724061,JFB LOTION MG 200TK 36X100ML,0.13978,ml
2026-03,2026-07,724061,JFB LOTION MG 200TK 36X100ML,0.215901,tm
2026-04,2026-07,724061,JFB LOTION MG 200TK 36X100ML,0.20404,ml
2026-04,2026-07,724061,JFB LOTION MG 200TK 36X100ML,0.215901,tm
2026-05,2026-07,724061,JFB LOTION MG 200TK 36X100ML,0.132792353,ml
2026-05,2026-07,724061,JFB LOTION MG 200TK 36X100ML,0.263879,tm
2026-06,2026-07,724061,JFB LOTION MG 200TK 36X100ML,0.230162314,ml
2026-06,2026-07,724061,JFB LOTION MG 200TK 36X100ML,0.263879,tm
2026-03,2026-08,724061,JFB LOTION MG 200TK 36X100ML,0.0,ml
2026-03,2026-08,724061,JFB LOTION MG 200TK 36X100ML,0.1754325,tm
2026-04,2026-08,724061,JFB LOTION MG 200TK 36X100ML,0.143716304,ml
2026-04,2026-08,724061,JFB LOTION MG 200TK 36X100ML,0.203804103,tm
2026-05,2026-08,724061,JFB LOTION MG 200TK 36X100ML,0.163021283,ml
2026-05,2026-08,724061,JFB LOTION MG 200TK 36X100ML,0.224184513,tm
2026-06,2026-08,724061,JFB LOTION MG 200TK 36X100ML,0.289234039,ml
2026-06,2026-08,724061,JFB LOTION MG 200TK 36X100ML,0.224184513,tm
2026-07,2026-08,724061,JFB LOTION MG 200TK 36X100ML,0.1123913004,ml
2026-07,2026-08,724061,JFB LOTION MG 200TK 36X100ML,0.224184513,tm
2026-04,2026-09,724061,JFB LOTION MG 200TK 36X100ML,0.997011972,ml
2026-04,2026-09,724061,JFB LOTION MG 200TK 36X100ML,0.835174785,tm
2026-05,2026-09,724061,JFB LOTION MG 200TK 36X100ML,0.579952677,ml
2026-05,2026-09,724061,JFB LOTION MG 200TK 36X100ML,0.835174785,tm
2026-06,2026-09,724061,JFB LOTION MG 200TK 36X100ML,0.827320675,ml
2026-06,2026-09,724061,JFB LOTION MG 200TK 36X100ML,0.835174785,tm
2026-07,2026-09,724061,JFB LOTION MG 200TK 36X100ML,0.5817151979,ml
2026-07,2026-09,724061,JFB LOTION MG 200TK 36X100ML,0.835174785,tm
2026-05,2026-10,724061,JFB LOTION MG 200TK 36X100ML,1.099318071,ml
2026-05,2026-10,724061,JFB LOTION MG 200TK 36X100ML,1.483056605,tm
2026-06,2026-10,724061,JFB LOTION MG 200TK 36X100ML,1.055837783,ml
2026-06,2026-10,724061,JFB LOTION MG 200TK 36X100ML,1.483056605,tm
2026-07,2026-10,724061,JFB LOTION MG 200TK 36X100ML,1.01823676,ml
2026-07,2026-10,724061,JFB LOTION MG 200TK 36X100ML,1.483056605,tm
2026-06,2026-11,724061,JFB LOTION MG 200TK 36X100ML,1.995154142,ml
2026-06,2026-11,724061,JFB LOTION MG 200TK 36X100ML,2.6,tm
2026-07,2026-11,724061,JFB LOTION MG 200TK 36X100ML,1.86265365,ml
2026-07,2026-11,724061,JFB LOTION MG 200TK 36X100ML,2.6,tm
2026-07,2026-12,724061,JFB LOTION MG 200TK 36X100ML,1.020151681,ml
2026-07,2026-12,724061,JFB LOTION MG 200TK 36X100ML,1.380035615,tm
2025-04,2025-05,724119,PN SHMP ONION SCHT 3TK 960X5.5ML,8.112410994,ml
2025-04,2025-05,724119,PN SHMP ONION SCHT 3TK 960X5.5ML,10.92287366,tm
2025-04,2025-06,724119,PN SHMP ONION SCHT 3TK 960X5.5ML,15.20000021,ml
2025-04,2025-06,724119,PN SHMP ONION SCHT 3TK 960X5.5ML,6.280652352,tm
2025-05,2025-06,724119,PN SHMP ONION SCHT 3TK 960X5.5ML,14.68383047,ml
2025-05,2025-06,724119,PN SHMP ONION SCHT 3TK 960X5.5ML,8.280652352,tm
2025-04,2025-07,724119,PN SHMP ONION SCHT 3TK 960X5.5ML,6.627340546,ml
2025-04,2025-07,724119,PN SHMP ONION SCHT 3TK 960X5.5ML,19.830586291,tm
2025-05,2025-07,724119,PN SHMP ONION SCHT 3TK 960X5.5ML,10.2427444,ml
2025-05,2025-07,724119,PN SHMP ONION SCHT 3TK 960X5.5ML,21.130586291,tm
2025-06,2025-07,724119,PN SHMP ONION SCHT 3TK 960X5.5ML,9.782798499,ml
2025-06,2025-07,724119,PN SHMP ONION SCHT 3TK 960X5.5ML,19.759999999999998,tm
2025-04,2025-08,724119,PN SHMP ONION SCHT 3TK 960X5.5ML,6.692490622,ml
2025-04,2025-08,724119,PN SHMP ONION SCHT 3TK 960X5.5ML,7.919083401,tm
2025-05,2025-08,724119,PN SHMP ONION SCHT 3TK 960X5.5ML,10.31448695,ml
2025-05,2025-08,724119,PN SHMP ONION SCHT 3TK 960X5.5ML,10.919083401,tm
2025-06,2025-08,724119,PN SHMP ONION SCHT 3TK 960X5.5ML,9.986858968,ml
2025-06,2025-08,724119,PN SHMP ONION SCHT 3TK 960X5.5ML,20.509999999999998,tm
2025-07,2025-08,724119,PN SHMP ONION SCHT 3TK 960X5.5ML,13.50753049,ml
2025-07,2025-08,724119,PN SHMP ONION SCHT 3TK 960X5.5ML,8.11,tm
2025-04,2025-09,724119,PN SHMP ONION SCHT 3TK 960X5.5ML,6.692490622,ml
2025-04,2025-09,724119,PN SHMP ONION SCHT 3TK 960X5.5ML,6.007580511,tm
2025-05,2025-09,724119,PN SHMP ONION SCHT 3TK 960X5.5ML,9.543621026,ml
2025-05,2025-09,724119,PN SHMP ONION SCHT 3TK 960X5.5ML,10.007580511,tm
2025-06,2025-09,724119,PN SHMP ONION SCHT 3TK 960X5.5ML,10.95231811,ml
2025-06,2025-09,724119,PN SHMP ONION SCHT 3TK 960X5.5ML,6.007580511,tm
2025-07,2025-09,724119,PN SHMP ONION SCHT 3TK 960X5.5ML,10.38477748,ml
2025-07,2025-09,724119,PN SHMP ONION SCHT 3TK 960X5.5ML,6.007580511,tm
2025-08,2025-09,724119,PN SHMP ONION SCHT 3TK 960X5.5ML,10.47142032,ml
2025-08,2025-09,724119,PN SHMP ONION SCHT 3TK 960X5.5ML,6.007580511,tm
2025-05,2025-10,724119,PN SHMP ONION SCHT 3TK 960X5.5ML,10.31448695,ml
2025-05,2025-10,724119,PN SHMP ONION SCHT 3TK 960X5.5ML,11.557514449,tm
2025-06,2025-10,724119,PN SHMP ONION SCHT 3TK 960X5.5ML,10.04740233,ml
2025-06,2025-10,724119,PN SHMP ONION SCHT 3TK 960X5.5ML,9.557514449,tm
2025-07,2025-10,724119,PN SHMP ONION SCHT 3TK 960X5.5ML,10.80381073,ml
2025-07,2025-10,724119,PN SHMP ONION SCHT 3TK 960X5.5ML,9.557514449,tm
2025-08,2025-10,724119,PN SHMP ONION SCHT 3TK 960X5.5ML,10.88721669,ml
2025-08,2025-10,724119,PN SHMP ONION SCHT 3TK 960X5.5ML,9.557514449,tm
2025-09,2025-10,724119,PN SHMP ONION SCHT 3TK 960X5.5ML,11.69605758,ml
2025-09,2025-10,724119,PN SHMP ONION SCHT 3TK 960X5.5ML,9.557514449,tm
2025-06,2025-11,724119,PN SHMP ONION SCHT 3TK 960X5.5ML,10.04740233,ml
2025-06,2025-11,724119,PN SHMP ONION SCHT 3TK 960X5.5ML,9.557514449,tm
2025-07,2025-11,724119,PN SHMP ONION SCHT 3TK 960X5.5ML,9.899272528,ml
2025-07,2025-11,724119,PN SHMP ONION SCHT 3TK 960X5.5ML,9.557514449,tm
2025-08,2025-11,724119,PN SHMP ONION SCHT 3TK 960X5.5ML,11.02112792,ml
2025-08,2025-11,724119,PN SHMP ONION SCHT 3TK 960X5.5ML,9.557514449,tm
2025-09,2025-11,724119,PN SHMP ONION SCHT 3TK 960X5.5ML,12.2501581,ml
2025-09,2025-11,724119,PN SHMP ONION SCHT 3TK 960X5.5ML,7.64601156,tm
2025-10,2025-11,724119,PN SHMP ONION SCHT 3TK 960X5.5ML,11.45543785,ml
2025-10,2025-11,724119,PN SHMP ONION SCHT 3TK 960X5.5ML,7.64601156,tm
2025-07,2025-12,724119,PN SHMP ONION SCHT 3TK 960X5.5ML,12.11126678,ml
2025-07,2025-12,724119,PN SHMP ONION SCHT 3TK 960X5.5ML,5.87104459,tm
2025-08,2025-12,724119,PN SHMP ONION SCHT 3TK 960X5.5ML,6.569655523,ml
2025-08,2025-12,724119,PN SHMP ONION SCHT 3TK 960X5.5ML,5.87104459,tm
2025-09,2025-12,724119,PN SHMP ONION SCHT 3TK 960X5.5ML,7.003775388,ml
2025-09,2025-12,724119,PN SHMP ONION SCHT 3TK 960X5.5ML,5.87104459,tm
2025-10,2025-12,724119,PN SHMP ONION SCHT 3TK 960X5.5ML,11.70508557,ml
2025-10,2025-12,724119,PN SHMP ONION SCHT 3TK 960X5.5ML,5.87104459,tm
2025-11,2025-12,724119,PN SHMP ONION SCHT 3TK 960X5.5ML,11.0977912,ml
2025-11,2025-12,724119,PN SHMP ONION SCHT 3TK 960X5.5ML,16.0,tm
2025-08,2026-01,724119,PN SHMP ONION SCHT 3TK 960X5.5ML,6.44887768,ml
2025-08,2026-01,724119,PN SHMP ONION SCHT 3TK 960X5.5ML,12.01516102,tm
2025-09,2026-01,724119,PN SHMP ONION SCHT 3TK 960X5.5ML,10.622741,ml
2025-09,2026-01,724119,PN SHMP ONION SCHT 3TK 960X5.5ML,12.01516102,tm
2025-10,2026-01,724119,PN SHMP ONION SCHT 3TK 960X5.5ML,6.713798706,ml
2025-10,2026-01,724119,PN SHMP ONION SCHT 3TK 960X5.5ML,12.01516102,tm
2025-11,2026-01,724119,PN SHMP ONION SCHT 3TK 960X5.5ML,7.539400809,ml
2025-11,2026-01,724119,PN SHMP ONION SCHT 3TK 960X5.5ML,12.01516102,tm
2025-12,2026-01,724119,PN SHMP ONION SCHT 3TK 960X5.5ML,8.754529657,ml
2025-12,2026-01,724119,PN SHMP ONION SCHT 3TK 960X5.5ML,12.02,tm
2025-09,2026-02,724119,PN SHMP ONION SCHT 3TK 960X5.5ML,6.637584929,ml
2025-09,2026-02,724119,PN SHMP ONION SCHT 3TK 960X5.5ML,7.64601156,tm
2025-10,2026-02,724119,PN SHMP ONION SCHT 3TK 960X5.5ML,12.20438101,ml
2025-10,2026-02,724119,PN SHMP ONION SCHT 3TK 960X5.5ML,7.64601156,tm
2025-11,2026-02,724119,PN SHMP ONION SCHT 3TK 960X5.5ML,8.689426673,ml
2025-11,2026-02,724119,PN SHMP ONION SCHT 3TK 960X5.5ML,9.64601156,tm
2025-12,2026-02,724119,PN SHMP ONION SCHT 3TK 960X5.5ML,7.957476951,ml
2025-12,2026-02,724119,PN SHMP ONION SCHT 3TK 960X5.5ML,12.65,tm
2026-01,2026-02,724119,PN SHMP ONION SCHT 3TK 960X5.5ML,11.5701653,ml
2026-01,2026-02,724119,PN SHMP ONION SCHT 3TK 960X5.5ML,12.64601156,tm
2025-10,2026-03,724119,PN SHMP ONION SCHT 3TK 960X5.5ML,6.532620609,ml
2025-10,2026-03,724119,PN SHMP ONION SCHT 3TK 960X5.5ML,12.28823286,tm
2025-11,2026-03,724119,PN SHMP ONION SCHT 3TK 960X5.5ML,10.0955713,ml
2025-11,2026-03,724119,PN SHMP ONION SCHT 3TK 960X5.5ML,12.28823286,tm
2025-12,2026-03,724119,PN SHMP ONION SCHT 3TK 960X5.5ML,7.491042809,ml
2025-12,2026-03,724119,PN SHMP ONION SCHT 3TK 960X5.5ML,12.29,tm
2026-01,2026-03,724119,PN SHMP ONION SCHT 3TK 960X5.5ML,12.99387637,ml
2026-01,2026-03,724119,PN SHMP ONION SCHT 3TK 960X5.5ML,12.28823286,tm
2026-02,2026-03,724119,PN SHMP ONION SCHT 3TK 960X5.5ML,12.57990618,ml
2026-02,2026-03,724119,PN SHMP ONION SCHT 3TK 960X5.5ML,12.28823286,tm
2025-11,2026-04,724119,PN SHMP ONION SCHT 3TK 960X5.5ML,25.84816491,ml
2025-11,2026-04,724119,PN SHMP ONION SCHT 3TK 960X5.5ML,12.124498054,tm
2025-12,2026-04,724119,PN SHMP ONION SCHT 3TK 960X5.5ML,13.26215362,ml
2025-12,2026-04,724119,PN SHMP ONION SCHT 3TK 960X5.5ML,13.0,tm
2026-01,2026-04,724119,PN SHMP ONION SCHT 3TK 960X5.5ML,25.78670374,ml
2026-01,2026-04,724119,PN SHMP ONION SCHT 3TK 960X5.5ML,15.0,tm
2026-02,2026-04,724119,PN SHMP ONION SCHT 3TK 960X5.5ML,14.37492117,ml
2026-02,2026-04,724119,PN SHMP ONION SCHT 3TK 960X5.5ML,15.0,tm
2026-03,2026-04,724119,PN SHMP ONION SCHT 3TK 960X5.5ML,13.29681872,ml
2026-03,2026-04,724119,PN SHMP ONION SCHT 3TK 960X5.5ML,15.0,tm
2025-12,2026-05,724119,PN SHMP ONION SCHT 3TK 960X5.5ML,14.97303427,ml
2025-12,2026-05,724119,PN SHMP ONION SCHT 3TK 960X5.5ML,14.0,tm
2026-01,2026-05,724119,PN SHMP ONION SCHT 3TK 960X5.5ML,18.35114459,ml
2026-01,2026-05,724119,PN SHMP ONION SCHT 3TK 960X5.5ML,18.0,tm
2026-02,2026-05,724119,PN SHMP ONION SCHT 3TK 960X5.5ML,14.12340506,ml
2026-02,2026-05,724119,PN SHMP ONION SCHT 3TK 960X5.5ML,18.0,tm
2026-03,2026-05,724119,PN SHMP ONION SCHT 3TK 960X5.5ML,13.62140345,ml
2026-03,2026-05,724119,PN SHMP ONION SCHT 3TK 960X5.5ML,18.0,tm
2026-04,2026-05,724119,PN SHMP ONION SCHT 3TK 960X5.5ML,17.66809635,ml
2026-04,2026-05,724119,PN SHMP ONION SCHT 3TK 960X5.5ML,15.0,tm
2026-01,2026-06,724119,PN SHMP ONION SCHT 3TK 960X5.5ML,11.9349842,ml
2026-01,2026-06,724119,PN SHMP ONION SCHT 3TK 960X5.5ML,13.0,tm
2026-02,2026-06,724119,PN SHMP ONION SCHT 3TK 960X5.5ML,12.3826819,ml
2026-02,2026-06,724119,PN SHMP ONION SCHT 3TK 960X5.5ML,13.0,tm
2026-03,2026-06,724119,PN SHMP ONION SCHT 3TK 960X5.5ML,11.33673892,ml
2026-03,2026-06,724119,PN SHMP ONION SCHT 3TK 960X5.5ML,13.0,tm
2026-04,2026-06,724119,PN SHMP ONION SCHT 3TK 960X5.5ML,11.05347673,ml
2026-04,2026-06,724119,PN SHMP ONION SCHT 3TK 960X5.5ML,13.0,tm
2026-05,2026-06,724119,PN SHMP ONION SCHT 3TK 960X5.5ML,11.9096846,ml
2026-05,2026-06,724119,PN SHMP ONION SCHT 3TK 960X5.5ML,13.0,tm
2026-02,2026-07,724119,PN SHMP ONION SCHT 3TK 960X5.5ML,15.40166546,ml
2026-02,2026-07,724119,PN SHMP ONION SCHT 3TK 960X5.5ML,13.0,tm
2026-03,2026-07,724119,PN SHMP ONION SCHT 3TK 960X5.5ML,14.24738375,ml
2026-03,2026-07,724119,PN SHMP ONION SCHT 3TK 960X5.5ML,12.0,tm
2026-04,2026-07,724119,PN SHMP ONION SCHT 3TK 960X5.5ML,13.9285292,ml
2026-04,2026-07,724119,PN SHMP ONION SCHT 3TK 960X5.5ML,13.0,tm
2026-05,2026-07,724119,PN SHMP ONION SCHT 3TK 960X5.5ML,12.1271798,ml
2026-05,2026-07,724119,PN SHMP ONION SCHT 3TK 960X5.5ML,13.0,tm
2026-06,2026-07,724119,PN SHMP ONION SCHT 3TK 960X5.5ML,14.56379458,ml
2026-06,2026-07,724119,PN SHMP ONION SCHT 3TK 960X5.5ML,13.0,tm
2026-03,2026-08,724119,PN SHMP ONION SCHT 3TK 960X5.5ML,15.74677484,ml
2026-03,2026-08,724119,PN SHMP ONION SCHT 3TK 960X5.5ML,12.0,tm
2026-04,2026-08,724119,PN SHMP ONION SCHT 3TK 960X5.5ML,13.18192744,ml
2026-04,2026-08,724119,PN SHMP ONION SCHT 3TK 960X5.5ML,12.0,tm
2026-05,2026-08,724119,PN SHMP ONION SCHT 3TK 960X5.5ML,12.34467499,ml
2026-05,2026-08,724119,PN SHMP ONION SCHT 3TK 960X5.5ML,12.0,tm
2026-06,2026-08,724119,PN SHMP ONION SCHT 3TK 960X5.5ML,10.43399703,ml
2026-06,2026-08,724119,PN SHMP ONION SCHT 3TK 960X5.5ML,12.0,tm
2026-07,2026-08,724119,PN SHMP ONION SCHT 3TK 960X5.5ML,12.825612137,ml
2026-07,2026-08,724119,PN SHMP ONION SCHT 3TK 960X5.5ML,13.056286946,tm
2026-04,2026-09,724119,PN SHMP ONION SCHT 3TK 960X5.5ML,10.34023973,ml
2026-04,2026-09,724119,PN SHMP ONION SCHT 3TK 960X5.5ML,14.0,tm
2026-05,2026-09,724119,PN SHMP ONION SCHT 3TK 960X5.5ML,8.944077196,ml
2026-05,2026-09,724119,PN SHMP ONION SCHT 3TK 960X5.5ML,14.0,tm
2026-06,2026-09,724119,PN SHMP ONION SCHT 3TK 960X5.5ML,10.12186914,ml
2026-06,2026-09,724119,PN SHMP ONION SCHT 3TK 960X5.5ML,14.0,tm
2026-07,2026-09,724119,PN SHMP ONION SCHT 3TK 960X5.5ML,13.058335819,ml
2026-07,2026-09,724119,PN SHMP ONION SCHT 3TK 960X5.5ML,13.293196275,tm
2026-05,2026-10,724119,PN SHMP ONION SCHT 3TK 960X5.5ML,12.77966539,ml
2026-05,2026-10,724119,PN SHMP ONION SCHT 3TK 960X5.5ML,14.0,tm
2026-06,2026-10,724119,PN SHMP ONION SCHT 3TK 960X5.5ML,11.00673407,ml
2026-06,2026-10,724119,PN SHMP ONION SCHT 3TK 960X5.5ML,14.0,tm
2026-07,2026-10,724119,PN SHMP ONION SCHT 3TK 960X5.5ML,13.291059501,ml
2026-07,2026-10,724119,PN SHMP ONION SCHT 3TK 960X5.5ML,13.530105604,tm
2026-06,2026-11,724119,PN SHMP ONION SCHT 3TK 960X5.5ML,11.00673407,ml
2026-06,2026-11,724119,PN SHMP ONION SCHT 3TK 960X5.5ML,14.0,tm
2026-07,2026-11,724119,PN SHMP ONION SCHT 3TK 960X5.5ML,15.733252422,ml
2026-07,2026-11,724119,PN SHMP ONION SCHT 3TK 960X5.5ML,16.016222541,tm
2026-07,2026-12,724119,PN SHMP ONION SCHT 3TK 960X5.5ML,13.756506864,ml
2026-07,2026-12,724119,PN SHMP ONION SCHT 3TK 960X5.5ML,14.003924262,tm
2025-04,2025-05,724120,JFB WASH MG 215TK 36X100ML,0.186666667,ml
2025-04,2025-05,724120,JFB WASH MG 215TK 36X100ML,0.41,tm
2025-04,2025-06,724120,JFB WASH MG 215TK 36X100ML,0.186666667,ml
2025-04,2025-06,724120,JFB WASH MG 215TK 36X100ML,0.34,tm
2025-05,2025-06,724120,JFB WASH MG 215TK 36X100ML,0.207366667,ml
2025-05,2025-06,724120,JFB WASH MG 215TK 36X100ML,0.34,tm
2025-04,2025-07,724120,JFB WASH MG 215TK 36X100ML,0.186666667,ml
2025-04,2025-07,724120,JFB WASH MG 215TK 36X100ML,0.21,tm
2025-05,2025-07,724120,JFB WASH MG 215TK 36X100ML,0.207366667,ml
2025-05,2025-07,724120,JFB WASH MG 215TK 36X100ML,0.21,tm
2025-06,2025-07,724120,JFB WASH MG 215TK 36X100ML,0.2506,ml
2025-06,2025-07,724120,JFB WASH MG 215TK 36X100ML,0.2363,tm
2025-04,2025-08,724120,JFB WASH MG 215TK 36X100ML,0.186666667,ml
2025-04,2025-08,724120,JFB WASH MG 215TK 36X100ML,0.3,tm
2025-05,2025-08,724120,JFB WASH MG 215TK 36X100ML,0.207366667,ml
2025-05,2025-08,724120,JFB WASH MG 215TK 36X100ML,0.3,tm
2025-06,2025-08,724120,JFB WASH MG 215TK 36X100ML,0.2506,ml
2025-06,2025-08,724120,JFB WASH MG 215TK 36X100ML,0.3641,tm
2025-07,2025-08,724120,JFB WASH MG 215TK 36X100ML,0.261966667,ml
2025-07,2025-08,724120,JFB WASH MG 215TK 36X100ML,0.36,tm
2025-04,2025-09,724120,JFB WASH MG 215TK 36X100ML,0.186666667,ml
2025-04,2025-09,724120,JFB WASH MG 215TK 36X100ML,0.28,tm
2025-05,2025-09,724120,JFB WASH MG 215TK 36X100ML,0.207366667,ml
2025-05,2025-09,724120,JFB WASH MG 215TK 36X100ML,0.28,tm
2025-06,2025-09,724120,JFB WASH MG 215TK 36X100ML,0.2506,ml
2025-06,2025-09,724120,JFB WASH MG 215TK 36X100ML,0.3163,tm
2025-07,2025-09,724120,JFB WASH MG 215TK 36X100ML,0.261966667,ml
2025-07,2025-09,724120,JFB WASH MG 215TK 36X100ML,0.32,tm
2025-08,2025-09,724120,JFB WASH MG 215TK 36X100ML,0.283890576,ml
2025-08,2025-09,724120,JFB WASH MG 215TK 36X100ML,0.28,tm
2025-05,2025-10,724120,JFB WASH MG 215TK 36X100ML,0.207366667,ml
2025-05,2025-10,724120,JFB WASH MG 215TK 36X100ML,0.37,tm
2025-06,2025-10,724120,JFB WASH MG 215TK 36X100ML,0.2506,ml
2025-06,2025-10,724120,JFB WASH MG 215TK 36X100ML,0.3542,tm
2025-07,2025-10,724120,JFB WASH MG 215TK 36X100ML,0.261966667,ml
2025-07,2025-10,724120,JFB WASH MG 215TK 36X100ML,0.35,tm
2025-08,2025-10,724120,JFB WASH MG 215TK 36X100ML,0.24058,ml
2025-08,2025-10,724120,JFB WASH MG 215TK 36X100ML,0.35,tm
2025-09,2025-10,724120,JFB WASH MG 215TK 36X100ML,0.221714856,ml
2025-09,2025-10,724120,JFB WASH MG 215TK 36X100ML,0.35,tm
2025-06,2025-11,724120,JFB WASH MG 215TK 36X100ML,0.2506,ml
2025-06,2025-11,724120,JFB WASH MG 215TK 36X100ML,0.2835,tm
2025-07,2025-11,724120,JFB WASH MG 215TK 36X100ML,0.261966667,ml
2025-07,2025-11,724120,JFB WASH MG 215TK 36X100ML,0.28,tm
2025-08,2025-11,724120,JFB WASH MG 215TK 36X100ML,0.317506385,ml
2025-08,2025-11,724120,JFB WASH MG 215TK 36X100ML,0.28,tm
2025-09,2025-11,724120,JFB WASH MG 215TK 36X100ML,0.241903333,ml
2025-09,2025-11,724120,JFB WASH MG 215TK 36X100ML,0.28,tm
2025-10,2025-11,724120,JFB WASH MG 215TK 36X100ML,0.202215807,ml
2025-10,2025-11,724120,JFB WASH MG 215TK 36X100ML,0.28,tm
2025-07,2025-12,724120,JFB WASH MG 215TK 36X100ML,0.261966667,ml
2025-07,2025-12,724120,JFB WASH MG 215TK 36X100ML,0.3,tm
2025-08,2025-12,724120,JFB WASH MG 215TK 36X100ML,0.197289226,ml
2025-08,2025-12,724120,JFB WASH MG 215TK 36X100ML,0.3,tm
2025-09,2025-12,724120,JFB WASH MG 215TK 36X100ML,0.0,ml
2025-09,2025-12,724120,JFB WASH MG 215TK 36X100ML,0.3,tm
2025-10,2025-12,724120,JFB WASH MG 215TK 36X100ML,0.180009284,ml
2025-10,2025-12,724120,JFB WASH MG 215TK 36X100ML,0.3,tm
2025-11,2025-12,724120,JFB WASH MG 215TK 36X100ML,0.172064355,ml
2025-11,2025-12,724120,JFB WASH MG 215TK 36X100ML,0.330949455,tm
2025-08,2026-01,724120,JFB WASH MG 215TK 36X100ML,0.224002696,ml
2025-08,2026-01,724120,JFB WASH MG 215TK 36X100ML,0.37,tm
2025-09,2026-01,724120,JFB WASH MG 215TK 36X100ML,0.0,ml
2025-09,2026-01,724120,JFB WASH MG 215TK 36X100ML,0.37,tm
2025-10,2026-01,724120,JFB WASH MG 215TK 36X100ML,0.1687,ml
2025-10,2026-01,724120,JFB WASH MG 215TK 36X100ML,0.37,tm
2025-11,2026-01,724120,JFB WASH MG 215TK 36X100ML,0.187270747,ml
2025-11,2026-01,724120,JFB WASH MG 215TK 36X100ML,0.373477493,tm
2025-12,2026-01,724120,JFB WASH MG 215TK 36X100ML,0.190146878,ml
2025-12,2026-01,724120,JFB WASH MG 215TK 36X100ML,0.373477493,tm
2025-09,2026-02,724120,JFB WASH MG 215TK 36X100ML,0.226800901,ml
2025-09,2026-02,724120,JFB WASH MG 215TK 36X100ML,0.211691399,tm
2025-10,2026-02,724120,JFB WASH MG 215TK 36X100ML,0.213998432,ml
2025-10,2026-02,724120,JFB WASH MG 215TK 36X100ML,0.290807471,tm
2025-11,2026-02,724120,JFB WASH MG 215TK 36X100ML,0.2859,ml
2025-11,2026-02,724120,JFB WASH MG 215TK 36X100ML,0.401910148,tm
2025-12,2026-02,724120,JFB WASH MG 215TK 36X100ML,0.211775442,ml
2025-12,2026-02,724120,JFB WASH MG 215TK 36X100ML,0.401910148,tm
2026-01,2026-02,724120,JFB WASH MG 215TK 36X100ML,0.212565458,ml
2026-01,2026-02,724120,JFB WASH MG 215TK 36X100ML,0.33,tm
2025-10,2026-03,724120,JFB WASH MG 215TK 36X100ML,0.21430457,ml
2025-10,2026-03,724120,JFB WASH MG 215TK 36X100ML,0.59784,tm
2025-11,2026-03,724120,JFB WASH MG 215TK 36X100ML,0.238120504,ml
2025-11,2026-03,724120,JFB WASH MG 215TK 36X100ML,0.326790409,tm
2025-12,2026-03,724120,JFB WASH MG 215TK 36X100ML,0.3271,ml
2025-12,2026-03,724120,JFB WASH MG 215TK 36X100ML,0.326790409,tm
2026-01,2026-03,724120,JFB WASH MG 215TK 36X100ML,0.285519143,ml
2026-01,2026-03,724120,JFB WASH MG 215TK 36X100ML,0.33,tm
2026-02,2026-03,724120,JFB WASH MG 215TK 36X100ML,0.27107,ml
2026-02,2026-03,724120,JFB WASH MG 215TK 36X100ML,0.33,tm
2025-11,2026-04,724120,JFB WASH MG 215TK 36X100ML,0.295047306,ml
2025-11,2026-04,724120,JFB WASH MG 215TK 36X100ML,0.326790409,tm
2025-12,2026-04,724120,JFB WASH MG 215TK 36X100ML,0.3271,ml
2025-12,2026-04,724120,JFB WASH MG 215TK 36X100ML,0.326790409,tm
2026-01,2026-04,724120,JFB WASH MG 215TK 36X100ML,0.299530826,ml
2026-01,2026-04,724120,JFB WASH MG 215TK 36X100ML,0.33,tm
2026-02,2026-04,724120,JFB WASH MG 215TK 36X100ML,0.345107311,ml
2026-02,2026-04,724120,JFB WASH MG 215TK 36X100ML,0.33,tm
2026-03,2026-04,724120,JFB WASH MG 215TK 36X100ML,0.33,tm
2025-12,2026-05,724120,JFB WASH MG 215TK 36X100ML,0.24399,ml
2025-12,2026-05,724120,JFB WASH MG 215TK 36X100ML,0.326790409,tm
2026-01,2026-05,724120,JFB WASH MG 215TK 36X100ML,0.234871218,ml
2026-01,2026-05,724120,JFB WASH MG 215TK 36X100ML,0.326790409,tm
2026-02,2026-05,724120,JFB WASH MG 215TK 36X100ML,0.233979611,ml
2026-02,2026-05,724120,JFB WASH MG 215TK 36X100ML,0.33,tm
2026-03,2026-05,724120,JFB WASH MG 215TK 36X100ML,0.33,tm
2026-04,2026-05,724120,JFB WASH MG 215TK 36X100ML,0.33,tm
2026-01,2026-06,724120,JFB WASH MG 215TK 36X100ML,0.267626447,ml
2026-01,2026-06,724120,JFB WASH MG 215TK 36X100ML,0.151818674,tm
2026-02,2026-06,724120,JFB WASH MG 215TK 36X100ML,0.203766,ml
2026-02,2026-06,724120,JFB WASH MG 215TK 36X100ML,0.33,tm
2026-03,2026-06,724120,JFB WASH MG 215TK 36X100ML,0.33,tm
2026-04,2026-06,724120,JFB WASH MG 215TK 36X100ML,0.33,tm
2026-05,2026-06,724120,JFB WASH MG 215TK 36X100ML,0.33,tm
2026-02,2026-07,724120,JFB WASH MG 215TK 36X100ML,0.224296,ml
2026-02,2026-07,724120,JFB WASH MG 215TK 36X100ML,0.326790409,tm
2026-03,2026-07,724120,JFB WASH MG 215TK 36X100ML,0.33,tm
2026-04,2026-07,724120,JFB WASH MG 215TK 36X100ML,0.33,tm
2026-05,2026-07,724120,JFB WASH MG 215TK 36X100ML,0.33,tm
2026-06,2026-07,724120,JFB WASH MG 215TK 36X100ML,0.33,tm
2026-03,2026-08,724120,JFB WASH MG 215TK 36X100ML,0.33,tm
2026-04,2026-08,724120,JFB WASH MG 215TK 36X100ML,0.33,tm
2026-05,2026-08,724120,JFB WASH MG 215TK 36X100ML,0.33,tm
2026-06,2026-08,724120,JFB WASH MG 215TK 36X100ML,0.33,tm
2026-07,2026-08,724120,JFB WASH MG 215TK 36X100ML,0.208,tm
2026-04,2026-09,724120,JFB WASH MG 215TK 36X100ML,0.33,tm
2026-05,2026-09,724120,JFB WASH MG 215TK 36X100ML,0.33,tm
2026-06,2026-09,724120,JFB WASH MG 215TK 36X100ML,0.33,tm
2026-07,2026-09,724120,JFB WASH MG 215TK 36X100ML,0.208,tm
2026-05,2026-10,724120,JFB WASH MG 215TK 36X100ML,0.22,tm
2026-06,2026-10,724120,JFB WASH MG 215TK 36X100ML,0.33,tm
2026-07,2026-10,724120,JFB WASH MG 215TK 36X100ML,0.208,tm
2026-06,2026-11,724120,JFB WASH MG 215TK 36X100ML,0.157,tm
2026-07,2026-11,724120,JFB WASH MG 215TK 36X100ML,0.208,tm
2026-07,2026-12,724120,JFB WASH MG 215TK 36X100ML,0.208,tm
2025-04,2025-05,724121,JFB WASH MG 325TK 48X200ML,0.305,ml
2025-04,2025-05,724121,JFB WASH MG 325TK 48X200ML,0.69,tm
2025-04,2025-06,724121,JFB WASH MG 325TK 48X200ML,0.305,ml
2025-04,2025-06,724121,JFB WASH MG 325TK 48X200ML,0.59,tm
2025-05,2025-06,724121,JFB WASH MG 325TK 48X200ML,0.366866667,ml
2025-05,2025-06,724121,JFB WASH MG 325TK 48X200ML,0.59,tm
2025-04,2025-07,724121,JFB WASH MG 325TK 48X200ML,0.305,ml
2025-04,2025-07,724121,JFB WASH MG 325TK 48X200ML,0.38,tm
2025-05,2025-07,724121,JFB WASH MG 325TK 48X200ML,0.366866667,ml
2025-05,2025-07,724121,JFB WASH MG 325TK 48X200ML,0.38,tm
2025-06,2025-07,724121,JFB WASH MG 325TK 48X200ML,0.462466667,ml
2025-06,2025-07,724121,JFB WASH MG 325TK 48X200ML,0.4398,tm
2025-04,2025-08,724121,JFB WASH MG 325TK 48X200ML,0.305,ml
2025-04,2025-08,724121,JFB WASH MG 325TK 48X200ML,0.49,tm
2025-05,2025-08,724121,JFB WASH MG 325TK 48X200ML,0.366866667,ml
2025-05,2025-08,724121,JFB WASH MG 325TK 48X200ML,0.49,tm
2025-06,2025-08,724121,JFB WASH MG 325TK 48X200ML,0.462466667,ml
2025-06,2025-08,724121,JFB WASH MG 325TK 48X200ML,0.5572,tm
2025-07,2025-08,724121,JFB WASH MG 325TK 48X200ML,0.460933333,ml
2025-07,2025-08,724121,JFB WASH MG 325TK 48X200ML,0.56,tm
2025-04,2025-09,724121,JFB WASH MG 325TK 48X200ML,0.305,ml
2025-04,2025-09,724121,JFB WASH MG 325TK 48X200ML,0.47,tm
2025-05,2025-09,724121,JFB WASH MG 325TK 48X200ML,0.366866667,ml
2025-05,2025-09,724121,JFB WASH MG 325TK 48X200ML,0.47,tm
2025-06,2025-09,724121,JFB WASH MG 325TK 48X200ML,0.462466667,ml
2025-06,2025-09,724121,JFB WASH MG 325TK 48X200ML,0.5432,tm
2025-07,2025-09,724121,JFB WASH MG 325TK 48X200ML,0.460933333,ml
2025-07,2025-09,724121,JFB WASH MG 325TK 48X200ML,0.54,tm
2025-08,2025-09,724121,JFB WASH MG 325TK 48X200ML,0.409711111,ml
2025-08,2025-09,724121,JFB WASH MG 325TK 48X200ML,0.47,tm
2025-05,2025-10,724121,JFB WASH MG 325TK 48X200ML,0.366866667,ml
2025-05,2025-10,724121,JFB WASH MG 325TK 48X200ML,0.51,tm
2025-06,2025-10,724121,JFB WASH MG 325TK 48X200ML,0.462466667,ml
2025-06,2025-10,724121,JFB WASH MG 325TK 48X200ML,0.6592,tm
2025-07,2025-10,724121,JFB WASH MG 325TK 48X200ML,0.460933333,ml
2025-07,2025-10,724121,JFB WASH MG 325TK 48X200ML,0.66,tm
2025-08,2025-10,724121,JFB WASH MG 325TK 48X200ML,0.38084,ml
2025-08,2025-10,724121,JFB WASH MG 325TK 48X200ML,0.66,tm
2025-09,2025-10,724121,JFB WASH MG 325TK 48X200ML,0.4021,ml
2025-09,2025-10,724121,JFB WASH MG 325TK 48X200ML,0.66,tm
2025-06,2025-11,724121,JFB WASH MG 325TK 48X200ML,0.462466667,ml
2025-06,2025-11,724121,JFB WASH MG 325TK 48X200ML,0.8814,tm
2025-07,2025-11,724121,JFB WASH MG 325TK 48X200ML,0.460933333,ml
2025-07,2025-11,724121,JFB WASH MG 325TK 48X200ML,0.88,tm
2025-08,2025-11,724121,JFB WASH MG 325TK 48X200ML,0.407778721,ml
2025-08,2025-11,724121,JFB WASH MG 325TK 48X200ML,0.88,tm
2025-09,2025-11,724121,JFB WASH MG 325TK 48X200ML,0.43847,ml
2025-09,2025-11,724121,JFB WASH MG 325TK 48X200ML,0.88,tm
2025-10,2025-11,724121,JFB WASH MG 325TK 48X200ML,0.398313267,ml
2025-10,2025-11,724121,JFB WASH MG 325TK 48X200ML,0.88,tm
2025-07,2025-12,724121,JFB WASH MG 325TK 48X200ML,0.460933333,ml
2025-07,2025-12,724121,JFB WASH MG 325TK 48X200ML,0.6,tm
2025-08,2025-12,724121,JFB WASH MG 325TK 48X200ML,0.312159139,ml
2025-08,2025-12,724121,JFB WASH MG 325TK 48X200ML,0.6,tm
2025-09,2025-12,724121,JFB WASH MG 325TK 48X200ML,0.319224703,ml
2025-09,2025-12,724121,JFB WASH MG 325TK 48X200ML,0.6,tm
2025-10,2025-12,724121,JFB WASH MG 325TK 48X200ML,0.024021745,ml
2025-10,2025-12,724121,JFB WASH MG 325TK 48X200ML,0.6,tm
2025-11,2025-12,724121,JFB WASH MG 325TK 48X200ML,0.187247448,ml
2025-11,2025-12,724121,JFB WASH MG 325TK 48X200ML,0.655007719,tm
2025-08,2026-01,724121,JFB WASH MG 325TK 48X200ML,0.408043209,ml
2025-08,2026-01,724121,JFB WASH MG 325TK 48X200ML,0.56,tm
2025-09,2026-01,724121,JFB WASH MG 325TK 48X200ML,0.336067758,ml
2025-09,2026-01,724121,JFB WASH MG 325TK 48X200ML,0.56,tm
2025-10,2026-01,724121,JFB WASH MG 325TK 48X200ML,0.375266271,ml
2025-10,2026-01,724121,JFB WASH MG 325TK 48X200ML,0.56,tm
2025-11,2026-01,724121,JFB WASH MG 325TK 48X200ML,0.364492906,ml
2025-11,2026-01,724121,JFB WASH MG 325TK 48X200ML,0.556522507,tm
2025-12,2026-01,724121,JFB WASH MG 325TK 48X200ML,0.328733202,ml
2025-12,2026-01,724121,JFB WASH MG 325TK 48X200ML,0.556522507,tm
2025-09,2026-02,724121,JFB WASH MG 325TK 48X200ML,0.4021,ml
2025-09,2026-02,724121,JFB WASH MG 325TK 48X200ML,0.428308601,tm
2025-10,2026-02,724121,JFB WASH MG 325TK 48X200ML,0.397524103,ml
2025-10,2026-02,724121,JFB WASH MG 325TK 48X200ML,0.391559366,tm
2025-11,2026-02,724121,JFB WASH MG 325TK 48X200ML,0.4474,ml
2025-11,2026-02,724121,JFB WASH MG 325TK 48X200ML,0.717748795,tm
2025-12,2026-02,724121,JFB WASH MG 325TK 48X200ML,0.507776185,ml
2025-12,2026-02,724121,JFB WASH MG 325TK 48X200ML,0.717748795,tm
2026-01,2026-02,724121,JFB WASH MG 325TK 48X200ML,0.393751711,ml
2026-01,2026-02,724121,JFB WASH MG 325TK 48X200ML,0.67,tm
2025-10,2026-03,724121,JFB WASH MG 325TK 48X200ML,0.397524103,ml
2025-10,2026-03,724121,JFB WASH MG 325TK 48X200ML,0.70336,tm
2025-11,2026-03,724121,JFB WASH MG 325TK 48X200ML,0.565546352,ml
2025-11,2026-03,724121,JFB WASH MG 325TK 48X200ML,0.792868534,tm
2025-12,2026-03,724121,JFB WASH MG 325TK 48X200ML,0.4758,ml
2025-12,2026-03,724121,JFB WASH MG 325TK 48X200ML,0.792868534,tm
2026-01,2026-03,724121,JFB WASH MG 325TK 48X200ML,0.393534273,ml
2026-01,2026-03,724121,JFB WASH MG 325TK 48X200ML,0.67,tm
2026-02,2026-03,724121,JFB WASH MG 325TK 48X200ML,0.36592,ml
2026-02,2026-03,724121,JFB WASH MG 325TK 48X200ML,0.67,tm
2025-11,2026-04,724121,JFB WASH MG 325TK 48X200ML,0.56093078,ml
2025-11,2026-04,724121,JFB WASH MG 325TK 48X200ML,0.792868534,tm
2025-12,2026-04,724121,JFB WASH MG 325TK 48X200ML,0.4758,ml
2025-12,2026-04,724121,JFB WASH MG 325TK 48X200ML,0.792868534,tm
2026-01,2026-04,724121,JFB WASH MG 325TK 48X200ML,0.393534273,ml
2026-01,2026-04,724121,JFB WASH MG 325TK 48X200ML,0.67,tm
2026-02,2026-04,724121,JFB WASH MG 325TK 48X200ML,0.392084818,ml
2026-02,2026-04,724121,JFB WASH MG 325TK 48X200ML,0.67,tm
2026-03,2026-04,724121,JFB WASH MG 325TK 48X200ML,0.67,tm
2025-12,2026-05,724121,JFB WASH MG 325TK 48X200ML,0.402974354,ml
2025-12,2026-05,724121,JFB WASH MG 325TK 48X200ML,0.667868534,tm
2026-01,2026-05,724121,JFB WASH MG 325TK 48X200ML,0.396063766,ml
2026-01,2026-05,724121,JFB WASH MG 325TK 48X200ML,0.667868534,tm
2026-02,2026-05,724121,JFB WASH MG 325TK 48X200ML,0.392084818,ml
2026-02,2026-05,724121,JFB WASH MG 325TK 48X200ML,0.67,tm
2026-03,2026-05,724121,JFB WASH MG 325TK 48X200ML,0.67,tm
2026-04,2026-05,724121,JFB WASH MG 325TK 48X200ML,0.67,tm
2026-01,2026-06,724121,JFB WASH MG 325TK 48X200ML,0.341111351,ml
2026-01,2026-06,724121,JFB WASH MG 325TK 48X200ML,0.293522383,tm
2026-02,2026-06,724121,JFB WASH MG 325TK 48X200ML,0.309025,ml
2026-02,2026-06,724121,JFB WASH MG 325TK 48X200ML,0.67,tm
2026-03,2026-06,724121,JFB WASH MG 325TK 48X200ML,0.67,tm
2026-04,2026-06,724121,JFB WASH MG 325TK 48X200ML,0.67,tm
2026-05,2026-06,724121,JFB WASH MG 325TK 48X200ML,0.67,tm
2026-02,2026-07,724121,JFB WASH MG 325TK 48X200ML,0.295345,ml
2026-02,2026-07,724121,JFB WASH MG 325TK 48X200ML,0.667868534,tm
2026-03,2026-07,724121,JFB WASH MG 325TK 48X200ML,0.67,tm
2026-04,2026-07,724121,JFB WASH MG 325TK 48X200ML,0.67,tm
2026-05,2026-07,724121,JFB WASH MG 325TK 48X200ML,0.67,tm
2026-06,2026-07,724121,JFB WASH MG 325TK 48X200ML,0.67,tm
2026-03,2026-08,724121,JFB WASH MG 325TK 48X200ML,0.67,tm
2026-04,2026-08,724121,JFB WASH MG 325TK 48X200ML,0.67,tm
2026-05,2026-08,724121,JFB WASH MG 325TK 48X200ML,0.67,tm
2026-06,2026-08,724121,JFB WASH MG 325TK 48X200ML,0.67,tm
2026-07,2026-08,724121,JFB WASH MG 325TK 48X200ML,0.448,tm
2026-04,2026-09,724121,JFB WASH MG 325TK 48X200ML,0.67,tm
2026-05,2026-09,724121,JFB WASH MG 325TK 48X200ML,0.67,tm
2026-06,2026-09,724121,JFB WASH MG 325TK 48X200ML,0.67,tm
2026-07,2026-09,724121,JFB WASH MG 325TK 48X200ML,0.448,tm
2026-05,2026-10,724121,JFB WASH MG 325TK 48X200ML,0.46,tm
2026-06,2026-10,724121,JFB WASH MG 325TK 48X200ML,0.67,tm
2026-07,2026-10,724121,JFB WASH MG 325TK 48X200ML,0.448,tm
2026-06,2026-11,724121,JFB WASH MG 325TK 48X200ML,0.3032,tm
2026-07,2026-11,724121,JFB WASH MG 325TK 48X200ML,0.448,tm
2026-07,2026-12,724121,JFB WASH MG 325TK 48X200ML,0.448,tm
2025-11,2025-12,724950,PA ONION HAIR OIL 100TK 144X100ML,2.0,tm
2025-11,2026-01,724950,PA ONION HAIR OIL 100TK 144X100ML,0.5,tm
2025-12,2026-01,724950,PA ONION HAIR OIL 100TK 144X100ML,0.5,tm
2025-11,2026-02,724950,PA ONION HAIR OIL 100TK 144X100ML,0.5,tm
2025-12,2026-02,724950,PA ONION HAIR OIL 100TK 144X100ML,0.5,tm
2026-01,2026-02,724950,PA ONION HAIR OIL 100TK 144X100ML,0.5,tm
2025-11,2026-03,724950,PA ONION HAIR OIL 100TK 144X100ML,1.0,tm
2025-12,2026-03,724950,PA ONION HAIR OIL 100TK 144X100ML,1.0,tm
2026-01,2026-03,724950,PA ONION HAIR OIL 100TK 144X100ML,1.0,tm
2026-02,2026-03,724950,PA ONION HAIR OIL 100TK 144X100ML,1.0,tm
2025-11,2026-04,724950,PA ONION HAIR OIL 100TK 144X100ML,1.0,tm
2025-12,2026-04,724950,PA ONION HAIR OIL 100TK 144X100ML,1.2,tm
2026-01,2026-04,724950,PA ONION HAIR OIL 100TK 144X100ML,1.2,tm
2026-02,2026-04,724950,PA ONION HAIR OIL 100TK 144X100ML,1.32,tm
2026-03,2026-04,724950,PA ONION HAIR OIL 100TK 144X100ML,0.5,tm
2025-12,2026-05,724950,PA ONION HAIR OIL 100TK 144X100ML,1.5,tm
2026-01,2026-05,724950,PA ONION HAIR OIL 100TK 144X100ML,1.5,tm
2026-02,2026-05,724950,PA ONION HAIR OIL 100TK 144X100ML,1.65,tm
2026-03,2026-05,724950,PA ONION HAIR OIL 100TK 144X100ML,0.8,tm
2026-04,2026-05,724950,PA ONION HAIR OIL 100TK 144X100ML,0.4,tm
2026-01,2026-06,724950,PA ONION HAIR OIL 100TK 144X100ML,1.2,tm
2026-02,2026-06,724950,PA ONION HAIR OIL 100TK 144X100ML,1.3,tm
2026-03,2026-06,724950,PA ONION HAIR OIL 100TK 144X100ML,0.5,tm
2026-04,2026-06,724950,PA ONION HAIR OIL 100TK 144X100ML,0.5,tm
2026-05,2026-06,724950,PA ONION HAIR OIL 100TK 144X100ML,0.5,tm
2026-02,2026-07,724950,PA ONION HAIR OIL 100TK 144X100ML,1.0,tm
2026-03,2026-07,724950,PA ONION HAIR OIL 100TK 144X100ML,0.5,tm
2026-04,2026-07,724950,PA ONION HAIR OIL 100TK 144X100ML,0.5,tm
2026-05,2026-07,724950,PA ONION HAIR OIL 100TK 144X100ML,0.5,tm
2026-06,2026-07,724950,PA ONION HAIR OIL 100TK 144X100ML,0.5,tm
2026-03,2026-08,724950,PA ONION HAIR OIL 100TK 144X100ML,0.5,tm
2026-04,2026-08,724950,PA ONION HAIR OIL 100TK 144X100ML,0.3,tm
2026-05,2026-08,724950,PA ONION HAIR OIL 100TK 144X100ML,0.3,tm
2026-06,2026-08,724950,PA ONION HAIR OIL 100TK 144X100ML,0.3,tm
2026-07,2026-08,724950,PA ONION HAIR OIL 100TK 144X100ML,0.3,tm
2026-04,2026-09,724950,PA ONION HAIR OIL 100TK 144X100ML,0.5,tm
2026-05,2026-09,724950,PA ONION HAIR OIL 100TK 144X100ML,0.5,tm
2026-06,2026-09,724950,PA ONION HAIR OIL 100TK 144X100ML,0.5,tm
2026-07,2026-09,724950,PA ONION HAIR OIL 100TK 144X100ML,0.5,tm
2026-05,2026-10,724950,PA ONION HAIR OIL 100TK 144X100ML,0.3,tm
2026-06,2026-10,724950,PA ONION HAIR OIL 100TK 144X100ML,0.3,tm
2026-07,2026-10,724950,PA ONION HAIR OIL 100TK 144X100ML,0.3,tm
2026-06,2026-11,724950,PA ONION HAIR OIL 100TK 144X100ML,0.5,tm
2026-07,2026-11,724950,PA ONION HAIR OIL 100TK 144X100ML,0.5,tm
2026-07,2026-12,724950,PA ONION HAIR OIL 100TK 144X100ML,0.5,tm
2025-04,2025-05,725248,PN SHMP EGG SHINE SCHT 2TK 1080X5.25ML,3.808523379,ml
2025-04,2025-05,725248,PN SHMP EGG SHINE SCHT 2TK 1080X5.25ML,6.383749343,tm
2025-04,2025-06,725248,PN SHMP EGG SHINE SCHT 2TK 1080X5.25ML,0.424330368,ml
2025-04,2025-06,725248,PN SHMP EGG SHINE SCHT 2TK 1080X5.25ML,3.670655872,tm
2025-05,2025-06,725248,PN SHMP EGG SHINE SCHT 2TK 1080X5.25ML,8.394017498,ml
2025-05,2025-06,725248,PN SHMP EGG SHINE SCHT 2TK 1080X5.25ML,3.670655872,tm
2025-04,2025-07,725248,PN SHMP EGG SHINE SCHT 2TK 1080X5.25ML,3.473983833,ml
2025-04,2025-07,725248,PN SHMP EGG SHINE SCHT 2TK 1080X5.25ML,5.745374409,tm
2025-05,2025-07,725248,PN SHMP EGG SHINE SCHT 2TK 1080X5.25ML,3.4826328,ml
2025-05,2025-07,725248,PN SHMP EGG SHINE SCHT 2TK 1080X5.25ML,5.745374409,tm
2025-06,2025-07,725248,PN SHMP EGG SHINE SCHT 2TK 1080X5.25ML,3.421429517,ml
2025-06,2025-07,725248,PN SHMP EGG SHINE SCHT 2TK 1080X5.25ML,5.745374409,tm
2025-04,2025-08,725248,PN SHMP EGG SHINE SCHT 2TK 1080X5.25ML,3.473983833,ml
2025-04,2025-08,725248,PN SHMP EGG SHINE SCHT 2TK 1080X5.25ML,4.628218274,tm
2025-05,2025-08,725248,PN SHMP EGG SHINE SCHT 2TK 1080X5.25ML,3.48295058,ml
2025-05,2025-08,725248,PN SHMP EGG SHINE SCHT 2TK 1080X5.25ML,4.628218274,tm
2025-06,2025-08,725248,PN SHMP EGG SHINE SCHT 2TK 1080X5.25ML,3.491490238,ml
2025-06,2025-08,725248,PN SHMP EGG SHINE SCHT 2TK 1080X5.25ML,4.628218274,tm
2025-07,2025-08,725248,PN SHMP EGG SHINE SCHT 2TK 1080X5.25ML,4.3661893,ml
2025-07,2025-08,725248,PN SHMP EGG SHINE SCHT 2TK 1080X5.25ML,4.628218274,tm
2025-04,2025-09,725248,PN SHMP EGG SHINE SCHT 2TK 1080X5.25ML,3.5896263,ml
2025-04,2025-09,725248,PN SHMP EGG SHINE SCHT 2TK 1080X5.25ML,3.511062139,tm
2025-05,2025-09,725248,PN SHMP EGG SHINE SCHT 2TK 1080X5.25ML,5.668407843,ml
2025-05,2025-09,725248,PN SHMP EGG SHINE SCHT 2TK 1080X5.25ML,3.511062139,tm
2025-06,2025-09,725248,PN SHMP EGG SHINE SCHT 2TK 1080X5.25ML,4.547331971,ml
2025-06,2025-09,725248,PN SHMP EGG SHINE SCHT 2TK 1080X5.25ML,3.511062139,tm
2025-07,2025-09,725248,PN SHMP EGG SHINE SCHT 2TK 1080X5.25ML,3.025555,ml
2025-07,2025-09,725248,PN SHMP EGG SHINE SCHT 2TK 1080X5.25ML,3.511062139,tm
2025-08,2025-09,725248,PN SHMP EGG SHINE SCHT 2TK 1080X5.25ML,4.679568605,ml
2025-08,2025-09,725248,PN SHMP EGG SHINE SCHT 2TK 1080X5.25ML,3.511062139,tm
2025-05,2025-10,725248,PN SHMP EGG SHINE SCHT 2TK 1080X5.25ML,3.46500688,ml
2025-05,2025-10,725248,PN SHMP EGG SHINE SCHT 2TK 1080X5.25ML,5.585780675,tm
2025-06,2025-10,725248,PN SHMP EGG SHINE SCHT 2TK 1080X5.25ML,3.652456483,ml
2025-06,2025-10,725248,PN SHMP EGG SHINE SCHT 2TK 1080X5.25ML,5.585780675,tm
2025-07,2025-10,725248,PN SHMP EGG SHINE SCHT 2TK 1080X5.25ML,3.6013049,ml
2025-07,2025-10,725248,PN SHMP EGG SHINE SCHT 2TK 1080X5.25ML,5.585780675,tm
2025-08,2025-10,725248,PN SHMP EGG SHINE SCHT 2TK 1080X5.25ML,5.919955985,ml
2025-08,2025-10,725248,PN SHMP EGG SHINE SCHT 2TK 1080X5.25ML,5.585780675,tm
2025-09,2025-10,725248,PN SHMP EGG SHINE SCHT 2TK 1080X5.25ML,2.663326952,ml
2025-09,2025-10,725248,PN SHMP EGG SHINE SCHT 2TK 1080X5.25ML,5.585780675,tm
2025-06,2025-11,725248,PN SHMP EGG SHINE SCHT 2TK 1080X5.25ML,3.376417383,ml
2025-06,2025-11,725248,PN SHMP EGG SHINE SCHT 2TK 1080X5.25ML,5.585780675,tm
2025-07,2025-11,725248,PN SHMP EGG SHINE SCHT 2TK 1080X5.25ML,3.3755256,ml
2025-07,2025-11,725248,PN SHMP EGG SHINE SCHT 2TK 1080X5.25ML,5.585780675,tm
2025-08,2025-11,725248,PN SHMP EGG SHINE SCHT 2TK 1080X5.25ML,3.2329174,ml
2025-08,2025-11,725248,PN SHMP EGG SHINE SCHT 2TK 1080X5.25ML,5.585780675,tm
2025-09,2025-11,725248,PN SHMP EGG SHINE SCHT 2TK 1080X5.25ML,2.0876486,ml
2025-09,2025-11,725248,PN SHMP EGG SHINE SCHT 2TK 1080X5.25ML,4.46862454,tm
2025-10,2025-11,725248,PN SHMP EGG SHINE SCHT 2TK 1080X5.25ML,3.214022972,ml
2025-10,2025-11,725248,PN SHMP EGG SHINE SCHT 2TK 1080X5.25ML,4.46862454,tm
2025-07,2025-12,725248,PN SHMP EGG SHINE SCHT 2TK 1080X5.25ML,2.6384348,ml
2025-07,2025-12,725248,PN SHMP EGG SHINE SCHT 2TK 1080X5.25ML,3.431265272,tm
2025-08,2025-12,725248,PN SHMP EGG SHINE SCHT 2TK 1080X5.25ML,3.847256953,ml
2025-08,2025-12,725248,PN SHMP EGG SHINE SCHT 2TK 1080X5.25ML,3.431265272,tm
2025-09,2025-12,725248,PN SHMP EGG SHINE SCHT 2TK 1080X5.25ML,3.244987542,ml
2025-09,2025-12,725248,PN SHMP EGG SHINE SCHT 2TK 1080X5.25ML,3.431265272,tm
2025-10,2025-12,725248,PN SHMP EGG SHINE SCHT 2TK 1080X5.25ML,2.323304638,ml
2025-10,2025-12,725248,PN SHMP EGG SHINE SCHT 2TK 1080X5.25ML,3.431265272,tm
2025-11,2025-12,725248,PN SHMP EGG SHINE SCHT 2TK 1080X5.25ML,1.850605525,ml
2025-11,2025-12,725248,PN SHMP EGG SHINE SCHT 2TK 1080X5.25ML,3.431265272,tm
2025-08,2026-01,725248,PN SHMP EGG SHINE SCHT 2TK 1080X5.25ML,3.847256953,ml
2025-08,2026-01,725248,PN SHMP EGG SHINE SCHT 2TK 1080X5.25ML,7.022124278,tm
2025-09,2026-01,725248,PN SHMP EGG SHINE SCHT 2TK 1080X5.25ML,2.07945272,ml
2025-09,2026-01,725248,PN SHMP EGG SHINE SCHT 2TK 1080X5.25ML,7.022124278,tm
2025-10,2026-01,725248,PN SHMP EGG SHINE SCHT 2TK 1080X5.25ML,1.563436,ml
2025-10,2026-01,725248,PN SHMP EGG SHINE SCHT 2TK 1080X5.25ML,7.022124278,tm
2025-11,2026-01,725248,PN SHMP EGG SHINE SCHT 2TK 1080X5.25ML,1.46354825,ml
2025-11,2026-01,725248,PN SHMP EGG SHINE SCHT 2TK 1080X5.25ML,2.022124278,tm
2025-12,2026-01,725248,PN SHMP EGG SHINE SCHT 2TK 1080X5.25ML,2.31531805,ml
2025-12,2026-01,725248,PN SHMP EGG SHINE SCHT 2TK 1080X5.25ML,2.02,tm
2025-09,2026-02,725248,PN SHMP EGG SHINE SCHT 2TK 1080X5.25ML,3.638781407,ml
2025-09,2026-02,725248,PN SHMP EGG SHINE SCHT 2TK 1080X5.25ML,4.46862454,tm
2025-10,2026-02,725248,PN SHMP EGG SHINE SCHT 2TK 1080X5.25ML,2.190990968,ml
2025-10,2026-02,725248,PN SHMP EGG SHINE SCHT 2TK 1080X5.25ML,4.46862454,tm
2025-11,2026-02,725248,PN SHMP EGG SHINE SCHT 2TK 1080X5.25ML,1.424234815,ml
2025-11,2026-02,725248,PN SHMP EGG SHINE SCHT 2TK 1080X5.25ML,2.46862454,tm
2025-12,2026-02,725248,PN SHMP EGG SHINE SCHT 2TK 1080X5.25ML,1.472883,ml
2025-12,2026-02,725248,PN SHMP EGG SHINE SCHT 2TK 1080X5.25ML,2.0,tm
2026-01,2026-02,725248,PN SHMP EGG SHINE SCHT 2TK 1080X5.25ML,1.70903776,ml
2026-01,2026-02,725248,PN SHMP EGG SHINE SCHT 2TK 1080X5.25ML,2.0,tm
2025-10,2026-03,725248,PN SHMP EGG SHINE SCHT 2TK 1080X5.25ML,1.563436,ml
2025-10,2026-03,725248,PN SHMP EGG SHINE SCHT 2TK 1080X5.25ML,7.181718011,tm
2025-11,2026-03,725248,PN SHMP EGG SHINE SCHT 2TK 1080X5.25ML,2.59701978,ml
2025-11,2026-03,725248,PN SHMP EGG SHINE SCHT 2TK 1080X5.25ML,2.181718011,tm
2025-12,2026-03,725248,PN SHMP EGG SHINE SCHT 2TK 1080X5.25ML,1.472883,ml
2025-12,2026-03,725248,PN SHMP EGG SHINE SCHT 2TK 1080X5.25ML,2.18,tm
2026-01,2026-03,725248,PN SHMP EGG SHINE SCHT 2TK 1080X5.25ML,1.70903776,ml
2026-01,2026-03,725248,PN SHMP EGG SHINE SCHT 2TK 1080X5.25ML,2.181718011,tm
2026-02,2026-03,725248,PN SHMP EGG SHINE SCHT 2TK 1080X5.25ML,1.80140494,ml
2026-02,2026-03,725248,PN SHMP EGG SHINE SCHT 2TK 1080X5.25ML,2.181718011,tm
2025-11,2026-04,725248,PN SHMP EGG SHINE SCHT 2TK 1080X5.25ML,1.381725273,ml
2025-11,2026-04,725248,PN SHMP EGG SHINE SCHT 2TK 1080X5.25ML,2.079233852,tm
2025-12,2026-04,725248,PN SHMP EGG SHINE SCHT 2TK 1080X5.25ML,0.420646884,ml
2025-12,2026-04,725248,PN SHMP EGG SHINE SCHT 2TK 1080X5.25ML,1.0,tm
2026-01,2026-04,725248,PN SHMP EGG SHINE SCHT 2TK 1080X5.25ML,1.70903776,ml
2026-01,2026-04,725248,PN SHMP EGG SHINE SCHT 2TK 1080X5.25ML,1.0,tm
2026-02,2026-04,725248,PN SHMP EGG SHINE SCHT 2TK 1080X5.25ML,1.77418254,ml
2026-02,2026-04,725248,PN SHMP EGG SHINE SCHT 2TK 1080X5.25ML,1.0,tm
2026-03,2026-04,725248,PN SHMP EGG SHINE SCHT 2TK 1080X5.25ML,1.685339667,ml
2026-03,2026-04,725248,PN SHMP EGG SHINE SCHT 2TK 1080X5.25ML,1.5,tm
2025-12,2026-05,725248,PN SHMP EGG SHINE SCHT 2TK 1080X5.25ML,0.520674951,ml
2025-12,2026-05,725248,PN SHMP EGG SHINE SCHT 2TK 1080X5.25ML,1.0,tm
2026-01,2026-05,725248,PN SHMP EGG SHINE SCHT 2TK 1080X5.25ML,1.81902966,ml
2026-01,2026-05,725248,PN SHMP EGG SHINE SCHT 2TK 1080X5.25ML,1.0,tm
2026-02,2026-05,725248,PN SHMP EGG SHINE SCHT 2TK 1080X5.25ML,1.77418254,ml
2026-02,2026-05,725248,PN SHMP EGG SHINE SCHT 2TK 1080X5.25ML,1.0,tm
2026-03,2026-05,725248,PN SHMP EGG SHINE SCHT 2TK 1080X5.25ML,1.685339667,ml
2026-03,2026-05,725248,PN SHMP EGG SHINE SCHT 2TK 1080X5.25ML,2.0,tm
2026-04,2026-05,725248,PN SHMP EGG SHINE SCHT 2TK 1080X5.25ML,1.707351667,ml
2026-04,2026-05,725248,PN SHMP EGG SHINE SCHT 2TK 1080X5.25ML,1.5,tm
2026-01,2026-06,725248,PN SHMP EGG SHINE SCHT 2TK 1080X5.25ML,1.434858377,ml
2026-01,2026-06,725248,PN SHMP EGG SHINE SCHT 2TK 1080X5.25ML,1.0,tm
2026-02,2026-06,725248,PN SHMP EGG SHINE SCHT 2TK 1080X5.25ML,1.566158961,ml
2026-02,2026-06,725248,PN SHMP EGG SHINE SCHT 2TK 1080X5.25ML,1.0,tm
2026-03,2026-06,725248,PN SHMP EGG SHINE SCHT 2TK 1080X5.25ML,1.685339667,ml
2026-03,2026-06,725248,PN SHMP EGG SHINE SCHT 2TK 1080X5.25ML,1.5,tm
2026-04,2026-06,725248,PN SHMP EGG SHINE SCHT 2TK 1080X5.25ML,1.707351667,ml
2026-04,2026-06,725248,PN SHMP EGG SHINE SCHT 2TK 1080X5.25ML,1.5,tm
2026-05,2026-06,725248,PN SHMP EGG SHINE SCHT 2TK 1080X5.25ML,1.5,tm
2026-02,2026-07,725248,PN SHMP EGG SHINE SCHT 2TK 1080X5.25ML,0.652975018,ml
2026-02,2026-07,725248,PN SHMP EGG SHINE SCHT 2TK 1080X5.25ML,1.0,tm
2026-03,2026-07,725248,PN SHMP EGG SHINE SCHT 2TK 1080X5.25ML,1.685339667,ml
2026-03,2026-07,725248,PN SHMP EGG SHINE SCHT 2TK 1080X5.25ML,1.0,tm
2026-04,2026-07,725248,PN SHMP EGG SHINE SCHT 2TK 1080X5.25ML,1.707351667,ml
2026-04,2026-07,725248,PN SHMP EGG SHINE SCHT 2TK 1080X5.25ML,1.0,tm
2026-05,2026-07,725248,PN SHMP EGG SHINE SCHT 2TK 1080X5.25ML,1.0,tm
2026-06,2026-07,725248,PN SHMP EGG SHINE SCHT 2TK 1080X5.25ML,1.0,tm
2026-03,2026-08,725248,PN SHMP EGG SHINE SCHT 2TK 1080X5.25ML,1.685339667,ml
2026-03,2026-08,725248,PN SHMP EGG SHINE SCHT 2TK 1080X5.25ML,1.0,tm
2026-04,2026-08,725248,PN SHMP EGG SHINE SCHT 2TK 1080X5.25ML,1.707351667,ml
2026-04,2026-08,725248,PN SHMP EGG SHINE SCHT 2TK 1080X5.25ML,1.0,tm
2026-05,2026-08,725248,PN SHMP EGG SHINE SCHT 2TK 1080X5.25ML,1.0,tm
2026-06,2026-08,725248,PN SHMP EGG SHINE SCHT 2TK 1080X5.25ML,1.0,tm
2026-07,2026-08,725248,PN SHMP EGG SHINE SCHT 2TK 1080X5.25ML,1.0,tm
2026-04,2026-09,725248,PN SHMP EGG SHINE SCHT 2TK 1080X5.25ML,1.707351667,ml
2026-04,2026-09,725248,PN SHMP EGG SHINE SCHT 2TK 1080X5.25ML,1.0,tm
2026-05,2026-09,725248,PN SHMP EGG SHINE SCHT 2TK 1080X5.25ML,1.0,tm
2026-06,2026-09,725248,PN SHMP EGG SHINE SCHT 2TK 1080X5.25ML,1.0,tm
2026-07,2026-09,725248,PN SHMP EGG SHINE SCHT 2TK 1080X5.25ML,1.0,tm
2026-05,2026-10,725248,PN SHMP EGG SHINE SCHT 2TK 1080X5.25ML,1.0,tm
2026-06,2026-10,725248,PN SHMP EGG SHINE SCHT 2TK 1080X5.25ML,1.0,tm
2026-07,2026-10,725248,PN SHMP EGG SHINE SCHT 2TK 1080X5.25ML,1.0,tm
2026-06,2026-11,725248,PN SHMP EGG SHINE SCHT 2TK 1080X5.25ML,1.0,tm
2026-07,2026-11,725248,PN SHMP EGG SHINE SCHT 2TK 1080X5.25ML,1.0,tm
2026-07,2026-12,725248,PN SHMP EGG SHINE SCHT 2TK 1080X5.25ML,1.0,tm
2025-04,2025-05,725314,PN SHMP EGG SHINE 230TK 24X170ML,2.538532529,ml
2025-04,2025-05,725314,PN SHMP EGG SHINE 230TK 24X170ML,1.226275143,tm
2025-04,2025-06,725314,PN SHMP EGG SHINE 230TK 24X170ML,3.704842327,ml
2025-04,2025-06,725314,PN SHMP EGG SHINE 230TK 24X170ML,0.875910816,tm
2025-05,2025-06,725314,PN SHMP EGG SHINE 230TK 24X170ML,0.406700212,ml
2025-05,2025-06,725314,PN SHMP EGG SHINE 230TK 24X170ML,0.875910816,tm
2025-04,2025-07,725314,PN SHMP EGG SHINE 230TK 24X170ML,0.221915385,ml
2025-04,2025-07,725314,PN SHMP EGG SHINE 230TK 24X170ML,1.226275143,tm
2025-05,2025-07,725314,PN SHMP EGG SHINE 230TK 24X170ML,0.241881667,ml
2025-05,2025-07,725314,PN SHMP EGG SHINE 230TK 24X170ML,1.226275143,tm
2025-06,2025-07,725314,PN SHMP EGG SHINE 230TK 24X170ML,0.2617796,ml
2025-06,2025-07,725314,PN SHMP EGG SHINE 230TK 24X170ML,1.226275143,tm
2025-04,2025-08,725314,PN SHMP EGG SHINE 230TK 24X170ML,0.392725227,ml
2025-04,2025-08,725314,PN SHMP EGG SHINE 230TK 24X170ML,0.875910816,tm
2025-05,2025-08,725314,PN SHMP EGG SHINE 230TK 24X170ML,0.406700212,ml
2025-05,2025-08,725314,PN SHMP EGG SHINE 230TK 24X170ML,0.875910816,tm
2025-06,2025-08,725314,PN SHMP EGG SHINE 230TK 24X170ML,0.403406,ml
2025-06,2025-08,725314,PN SHMP EGG SHINE 230TK 24X170ML,0.875910816,tm
2025-07,2025-08,725314,PN SHMP EGG SHINE 230TK 24X170ML,0.471215478,ml
2025-07,2025-08,725314,PN SHMP EGG SHINE 230TK 24X170ML,0.875910816,tm
2025-04,2025-09,725314,PN SHMP EGG SHINE 230TK 24X170ML,0.237788154,ml
2025-04,2025-09,725314,PN SHMP EGG SHINE 230TK 24X170ML,1.226275143,tm
2025-05,2025-09,725314,PN SHMP EGG SHINE 230TK 24X170ML,0.246868333,ml
2025-05,2025-09,725314,PN SHMP EGG SHINE 230TK 24X170ML,1.226275143,tm
2025-06,2025-09,725314,PN SHMP EGG SHINE 230TK 24X170ML,0.152294853,ml
2025-06,2025-09,725314,PN SHMP EGG SHINE 230TK 24X170ML,1.226275143,tm
2025-07,2025-09,725314,PN SHMP EGG SHINE 230TK 24X170ML,0.262038,ml
2025-07,2025-09,725314,PN SHMP EGG SHINE 230TK 24X170ML,1.226275143,tm
2025-08,2025-09,725314,PN SHMP EGG SHINE 230TK 24X170ML,0.192450332,ml
2025-08,2025-09,725314,PN SHMP EGG SHINE 230TK 24X170ML,1.226275143,tm
2025-05,2025-10,725314,PN SHMP EGG SHINE 230TK 24X170ML,0.245447889,ml
2025-05,2025-10,725314,PN SHMP EGG SHINE 230TK 24X170ML,1.0,tm
2025-06,2025-10,725314,PN SHMP EGG SHINE 230TK 24X170ML,0.2344164,ml
2025-06,2025-10,725314,PN SHMP EGG SHINE 230TK 24X170ML,0.770801518,tm
2025-07,2025-10,725314,PN SHMP EGG SHINE 230TK 24X170ML,0.229296,ml
2025-07,2025-10,725314,PN SHMP EGG SHINE 230TK 24X170ML,0.770801518,tm
2025-08,2025-10,725314,PN SHMP EGG SHINE 230TK 24X170ML,0.181458,ml
2025-08,2025-10,725314,PN SHMP EGG SHINE 230TK 24X170ML,0.770801518,tm
2025-09,2025-10,725314,PN SHMP EGG SHINE 230TK 24X170ML,0.145983935,ml
2025-09,2025-10,725314,PN SHMP EGG SHINE 230TK 24X170ML,0.789555329,tm
2025-06,2025-11,725314,PN SHMP EGG SHINE 230TK 24X170ML,0.212511646,ml
2025-06,2025-11,725314,PN SHMP EGG SHINE 230TK 24X170ML,0.770801518,tm
2025-07,2025-11,725314,PN SHMP EGG SHINE 230TK 24X170ML,0.228322931,ml
2025-07,2025-11,725314,PN SHMP EGG SHINE 230TK 24X170ML,0.770801518,tm
2025-08,2025-11,725314,PN SHMP EGG SHINE 230TK 24X170ML,0.255140938,ml
2025-08,2025-11,725314,PN SHMP EGG SHINE 230TK 24X170ML,0.770801518,tm
2025-09,2025-11,725314,PN SHMP EGG SHINE 230TK 24X170ML,0.202344675,ml
2025-09,2025-11,725314,PN SHMP EGG SHINE 230TK 24X170ML,0.783661517,tm
2025-10,2025-11,725314,PN SHMP EGG SHINE 230TK 24X170ML,0.22739003,ml
2025-10,2025-11,725314,PN SHMP EGG SHINE 230TK 24X170ML,1.17885346,tm
2025-07,2025-12,725314,PN SHMP EGG SHINE 230TK 24X170ML,0.263262,ml
2025-07,2025-12,725314,PN SHMP EGG SHINE 230TK 24X170ML,1.2,tm
2025-08,2025-12,725314,PN SHMP EGG SHINE 230TK 24X170ML,0.195194,ml
2025-08,2025-12,725314,PN SHMP EGG SHINE 230TK 24X170ML,1.2,tm
2025-09,2025-12,725314,PN SHMP EGG SHINE 230TK 24X170ML,0.419067,ml
2025-09,2025-12,725314,PN SHMP EGG SHINE 230TK 24X170ML,1.147507643,tm
2025-10,2025-12,725314,PN SHMP EGG SHINE 230TK 24X170ML,0.163726787,ml
2025-10,2025-12,725314,PN SHMP EGG SHINE 230TK 24X170ML,1.147507643,tm
2025-11,2025-12,725314,PN SHMP EGG SHINE 230TK 24X170ML,0.114912196,ml
2025-11,2025-12,725314,PN SHMP EGG SHINE 230TK 24X170ML,0.626275143,tm
2025-08,2026-01,725314,PN SHMP EGG SHINE 230TK 24X170ML,0.093393935,ml
2025-08,2026-01,725314,PN SHMP EGG SHINE 230TK 24X170ML,0.77,tm
2025-09,2026-01,725314,PN SHMP EGG SHINE 230TK 24X170ML,0.0,ml
2025-09,2026-01,725314,PN SHMP EGG SHINE 230TK 24X170ML,0.893868996,tm
2025-10,2026-01,725314,PN SHMP EGG SHINE 230TK 24X170ML,0.097229521,ml
2025-10,2026-01,725314,PN SHMP EGG SHINE 230TK 24X170ML,0.893868996,tm
2025-11,2026-01,725314,PN SHMP EGG SHINE 230TK 24X170ML,0.109206398,ml
2025-11,2026-01,725314,PN SHMP EGG SHINE 230TK 24X170ML,0.968295176,tm
2025-12,2026-01,725314,PN SHMP EGG SHINE 230TK 24X170ML,0.259037507,ml
2025-12,2026-01,725314,PN SHMP EGG SHINE 230TK 24X170ML,0.968295176,tm
2025-09,2026-02,725314,PN SHMP EGG SHINE 230TK 24X170ML,0.573195128,ml
2025-09,2026-02,725314,PN SHMP EGG SHINE 230TK 24X170ML,0.853354039,tm
2025-10,2026-02,725314,PN SHMP EGG SHINE 230TK 24X170ML,0.555871933,ml
2025-10,2026-02,725314,PN SHMP EGG SHINE 230TK 24X170ML,0.853354039,tm
2025-11,2026-02,725314,PN SHMP EGG SHINE 230TK 24X170ML,0.446833749,ml
2025-11,2026-02,725314,PN SHMP EGG SHINE 230TK 24X170ML,0.718801518,tm
2025-12,2026-02,725314,PN SHMP EGG SHINE 230TK 24X170ML,0.216170045,ml
2025-12,2026-02,725314,PN SHMP EGG SHINE 230TK 24X170ML,0.718801518,tm
2026-01,2026-02,725314,PN SHMP EGG SHINE 230TK 24X170ML,0.284895963,ml
2026-01,2026-02,725314,PN SHMP EGG SHINE 230TK 24X170ML,0.718801518,tm
2025-10,2026-03,725314,PN SHMP EGG SHINE 230TK 24X170ML,0.0,ml
2025-10,2026-03,725314,PN SHMP EGG SHINE 230TK 24X170ML,0.853354039,tm
2025-11,2026-03,725314,PN SHMP EGG SHINE 230TK 24X170ML,0.907023753,ml
2025-11,2026-03,725314,PN SHMP EGG SHINE 230TK 24X170ML,1.617457306,tm
2025-12,2026-03,725314,PN SHMP EGG SHINE 230TK 24X170ML,0.070856834,ml
2025-12,2026-03,725314,PN SHMP EGG SHINE 230TK 24X170ML,1.617457306,tm
2026-01,2026-03,725314,PN SHMP EGG SHINE 230TK 24X170ML,0.0,ml
2026-01,2026-03,725314,PN SHMP EGG SHINE 230TK 24X170ML,1.617457306,tm
2026-02,2026-03,725314,PN SHMP EGG SHINE 230TK 24X170ML,0.188445,ml
2026-02,2026-03,725314,PN SHMP EGG SHINE 230TK 24X170ML,1.401457306,tm
2025-11,2026-04,725314,PN SHMP EGG SHINE 230TK 24X170ML,0.237331087,ml
2025-11,2026-04,725314,PN SHMP EGG SHINE 230TK 24X170ML,0.882755084,tm
2025-12,2026-04,725314,PN SHMP EGG SHINE 230TK 24X170ML,0.102314274,ml
2025-12,2026-04,725314,PN SHMP EGG SHINE 230TK 24X170ML,1.5,tm
2026-01,2026-04,725314,PN SHMP EGG SHINE 230TK 24X170ML,0.0,ml
2026-01,2026-04,725314,PN SHMP EGG SHINE 230TK 24X170ML,0.9,tm
2026-02,2026-04,725314,PN SHMP EGG SHINE 230TK 24X170ML,0.691288396,ml
2026-02,2026-04,725314,PN SHMP EGG SHINE 230TK 24X170ML,0.7,tm
2026-03,2026-04,725314,PN SHMP EGG SHINE 230TK 24X170ML,0.18564,ml
2026-03,2026-04,725314,PN SHMP EGG SHINE 230TK 24X170ML,0.7,tm
2025-12,2026-05,725314,PN SHMP EGG SHINE 230TK 24X170ML,0.215567361,ml
2025-12,2026-05,725314,PN SHMP EGG SHINE 230TK 24X170ML,2.026275143,tm
2026-01,2026-05,725314,PN SHMP EGG SHINE 230TK 24X170ML,1.151705232,ml
2026-01,2026-05,725314,PN SHMP EGG SHINE 230TK 24X170ML,1.226275143,tm
2026-02,2026-05,725314,PN SHMP EGG SHINE 230TK 24X170ML,0.004024577,ml
2026-02,2026-05,725314,PN SHMP EGG SHINE 230TK 24X170ML,1.226275143,tm
2026-03,2026-05,725314,PN SHMP EGG SHINE 230TK 24X170ML,0.18564,ml
2026-03,2026-05,725314,PN SHMP EGG SHINE 230TK 24X170ML,0.8,tm
2026-04,2026-05,725314,PN SHMP EGG SHINE 230TK 24X170ML,0.518726667,ml
2026-04,2026-05,725314,PN SHMP EGG SHINE 230TK 24X170ML,0.8,tm
2026-01,2026-06,725314,PN SHMP EGG SHINE 230TK 24X170ML,0.284895963,ml
2026-01,2026-06,725314,PN SHMP EGG SHINE 230TK 24X170ML,0.9,tm
2026-02,2026-06,725314,PN SHMP EGG SHINE 230TK 24X170ML,0.272975171,ml
2026-02,2026-06,725314,PN SHMP EGG SHINE 230TK 24X170ML,0.7,tm
2026-03,2026-06,725314,PN SHMP EGG SHINE 230TK 24X170ML,0.18564,ml
2026-03,2026-06,725314,PN SHMP EGG SHINE 230TK 24X170ML,0.7,tm
2026-04,2026-06,725314,PN SHMP EGG SHINE 230TK 24X170ML,0.518726667,ml
2026-04,2026-06,725314,PN SHMP EGG SHINE 230TK 24X170ML,0.7,tm
2026-05,2026-06,725314,PN SHMP EGG SHINE 230TK 24X170ML,0.218892784,ml
2026-05,2026-06,725314,PN SHMP EGG SHINE 230TK 24X170ML,0.7,tm
2026-02,2026-07,725314,PN SHMP EGG SHINE 230TK 24X170ML,0.910421265,ml
2026-02,2026-07,725314,PN SHMP EGG SHINE 230TK 24X170ML,0.6,tm
2026-03,2026-07,725314,PN SHMP EGG SHINE 230TK 24X170ML,0.18564,ml
2026-03,2026-07,725314,PN SHMP EGG SHINE 230TK 24X170ML,0.6,tm
2026-04,2026-07,725314,PN SHMP EGG SHINE 230TK 24X170ML,0.518726667,ml
2026-04,2026-07,725314,PN SHMP EGG SHINE 230TK 24X170ML,0.5,tm
2026-05,2026-07,725314,PN SHMP EGG SHINE 230TK 24X170ML,0.0,ml
2026-05,2026-07,725314,PN SHMP EGG SHINE 230TK 24X170ML,0.5,tm
2026-06,2026-07,725314,PN SHMP EGG SHINE 230TK 24X170ML,0.208416036,ml
2026-06,2026-07,725314,PN SHMP EGG SHINE 230TK 24X170ML,0.5,tm
2026-03,2026-08,725314,PN SHMP EGG SHINE 230TK 24X170ML,0.18564,ml
2026-03,2026-08,725314,PN SHMP EGG SHINE 230TK 24X170ML,0.7,tm
2026-04,2026-08,725314,PN SHMP EGG SHINE 230TK 24X170ML,0.518726667,ml
2026-04,2026-08,725314,PN SHMP EGG SHINE 230TK 24X170ML,0.5,tm
2026-05,2026-08,725314,PN SHMP EGG SHINE 230TK 24X170ML,0.251185977,ml
2026-05,2026-08,725314,PN SHMP EGG SHINE 230TK 24X170ML,0.5,tm
2026-06,2026-08,725314,PN SHMP EGG SHINE 230TK 24X170ML,0.208416036,ml
2026-06,2026-08,725314,PN SHMP EGG SHINE 230TK 24X170ML,0.5,tm
2026-07,2026-08,725314,PN SHMP EGG SHINE 230TK 24X170ML,0.06288519049,ml
2026-07,2026-08,725314,PN SHMP EGG SHINE 230TK 24X170ML,0.5,tm
2026-04,2026-09,725314,PN SHMP EGG SHINE 230TK 24X170ML,0.518726667,ml
2026-04,2026-09,725314,PN SHMP EGG SHINE 230TK 24X170ML,0.5,tm
2026-05,2026-09,725314,PN SHMP EGG SHINE 230TK 24X170ML,0.251185977,ml
2026-05,2026-09,725314,PN SHMP EGG SHINE 230TK 24X170ML,0.5,tm
2026-06,2026-09,725314,PN SHMP EGG SHINE 230TK 24X170ML,0.036468387,ml
2026-06,2026-09,725314,PN SHMP EGG SHINE 230TK 24X170ML,0.5,tm
2026-07,2026-09,725314,PN SHMP EGG SHINE 230TK 24X170ML,0.05228546894,ml
2026-07,2026-09,725314,PN SHMP EGG SHINE 230TK 24X170ML,0.5,tm
2026-05,2026-10,725314,PN SHMP EGG SHINE 230TK 24X170ML,0.251185977,ml
2026-05,2026-10,725314,PN SHMP EGG SHINE 230TK 24X170ML,0.5,tm
2026-06,2026-10,725314,PN SHMP EGG SHINE 230TK 24X170ML,0.252036311,ml
2026-06,2026-10,725314,PN SHMP EGG SHINE 230TK 24X170ML,0.5,tm
2026-07,2026-10,725314,PN SHMP EGG SHINE 230TK 24X170ML,0.1455313333,ml
2026-07,2026-10,725314,PN SHMP EGG SHINE 230TK 24X170ML,0.5,tm
2026-06,2026-11,725314,PN SHMP EGG SHINE 230TK 24X170ML,0.208416036,ml
2026-06,2026-11,725314,PN SHMP EGG SHINE 230TK 24X170ML,0.5,tm
2026-07,2026-11,725314,PN SHMP EGG SHINE 230TK 24X170ML,0.240485115,ml
2026-07,2026-11,725314,PN SHMP EGG SHINE 230TK 24X170ML,0.5,tm
2026-07,2026-12,725314,PN SHMP EGG SHINE 230TK 24X170ML,0.0204863043,ml
2026-07,2026-12,725314,PN SHMP EGG SHINE 230TK 24X170ML,0.5,tm
2025-04,2025-05,725315,PN SHMP EGG SHINE 370TK 24X330ML,0.907530776,ml
2025-04,2025-05,725315,PN SHMP EGG SHINE 370TK 24X330ML,1.922640604,tm
2025-04,2025-06,725315,PN SHMP EGG SHINE 370TK 24X330ML,0.785153899,ml
2025-04,2025-06,725315,PN SHMP EGG SHINE 370TK 24X330ML,1.373314717,tm
2025-05,2025-06,725315,PN SHMP EGG SHINE 370TK 24X330ML,0.5248352,ml
2025-05,2025-06,725315,PN SHMP EGG SHINE 370TK 24X330ML,1.373314717,tm
2025-04,2025-07,725315,PN SHMP EGG SHINE 370TK 24X330ML,0.4912349,ml
2025-04,2025-07,725315,PN SHMP EGG SHINE 370TK 24X330ML,1.922640604,tm
2025-05,2025-07,725315,PN SHMP EGG SHINE 370TK 24X330ML,0.4993592,ml
2025-05,2025-07,725315,PN SHMP EGG SHINE 370TK 24X330ML,1.922640604,tm
2025-06,2025-07,725315,PN SHMP EGG SHINE 370TK 24X330ML,0.55483219,ml
2025-06,2025-07,725315,PN SHMP EGG SHINE 370TK 24X330ML,1.922640604,tm
2025-04,2025-08,725315,PN SHMP EGG SHINE 370TK 24X330ML,0.515479933,ml
2025-04,2025-08,725315,PN SHMP EGG SHINE 370TK 24X330ML,1.373314717,tm
2025-05,2025-08,725315,PN SHMP EGG SHINE 370TK 24X330ML,0.528326938,ml
2025-05,2025-08,725315,PN SHMP EGG SHINE 370TK 24X330ML,1.573314717,tm
2025-06,2025-08,725315,PN SHMP EGG SHINE 370TK 24X330ML,0.838432126,ml
2025-06,2025-08,725315,PN SHMP EGG SHINE 370TK 24X330ML,1.373314717,tm
2025-07,2025-08,725315,PN SHMP EGG SHINE 370TK 24X330ML,0.366333887,ml
2025-07,2025-08,725315,PN SHMP EGG SHINE 370TK 24X330ML,1.373314717,tm
2025-04,2025-09,725315,PN SHMP EGG SHINE 370TK 24X330ML,0.558465144,ml
2025-04,2025-09,725315,PN SHMP EGG SHINE 370TK 24X330ML,1.922640604,tm
2025-05,2025-09,725315,PN SHMP EGG SHINE 370TK 24X330ML,0.5474822,ml
2025-05,2025-09,725315,PN SHMP EGG SHINE 370TK 24X330ML,2.022640604,tm
2025-06,2025-09,725315,PN SHMP EGG SHINE 370TK 24X330ML,0.582902392,ml
2025-06,2025-09,725315,PN SHMP EGG SHINE 370TK 24X330ML,1.922640604,tm
2025-07,2025-09,725315,PN SHMP EGG SHINE 370TK 24X330ML,0.371733383,ml
2025-07,2025-09,725315,PN SHMP EGG SHINE 370TK 24X330ML,0.922640604,tm
2025-08,2025-09,725315,PN SHMP EGG SHINE 370TK 24X330ML,0.490432781,ml
2025-08,2025-09,725315,PN SHMP EGG SHINE 370TK 24X330ML,0.922640604,tm
2025-05,2025-10,725315,PN SHMP EGG SHINE 370TK 24X330ML,0.5474822,ml
2025-05,2025-10,725315,PN SHMP EGG SHINE 370TK 24X330ML,1.308516951,tm
2025-06,2025-10,725315,PN SHMP EGG SHINE 370TK 24X330ML,0.596039767,ml
2025-06,2025-10,725315,PN SHMP EGG SHINE 370TK 24X330ML,1.208516951,tm
2025-07,2025-10,725315,PN SHMP EGG SHINE 370TK 24X330ML,0.377079317,ml
2025-07,2025-10,725315,PN SHMP EGG SHINE 370TK 24X330ML,1.208516951,tm
2025-08,2025-10,725315,PN SHMP EGG SHINE 370TK 24X330ML,0.532539314,ml
2025-08,2025-10,725315,PN SHMP EGG SHINE 370TK 24X330ML,1.208516951,tm
2025-09,2025-10,725315,PN SHMP EGG SHINE 370TK 24X330ML,0.412183369,ml
2025-09,2025-10,725315,PN SHMP EGG SHINE 370TK 24X330ML,1.277028839,tm
2025-06,2025-11,725315,PN SHMP EGG SHINE 370TK 24X330ML,0.568694945,ml
2025-06,2025-11,725315,PN SHMP EGG SHINE 370TK 24X330ML,1.208516951,tm
2025-07,2025-11,725315,PN SHMP EGG SHINE 370TK 24X330ML,0.419515249,ml
2025-07,2025-11,725315,PN SHMP EGG SHINE 370TK 24X330ML,1.208516951,tm
2025-08,2025-11,725315,PN SHMP EGG SHINE 370TK 24X330ML,0.615472322,ml
2025-08,2025-11,725315,PN SHMP EGG SHINE 370TK 24X330ML,1.208516951,tm
2025-09,2025-11,725315,PN SHMP EGG SHINE 370TK 24X330ML,0.394254212,ml
2025-09,2025-11,725315,PN SHMP EGG SHINE 370TK 24X330ML,1.254927662,tm
2025-10,2025-11,725315,PN SHMP EGG SHINE 370TK 24X330ML,0.398735966,ml
2025-10,2025-11,725315,PN SHMP EGG SHINE 370TK 24X330ML,1.854927662,tm
2025-07,2025-12,725315,PN SHMP EGG SHINE 370TK 24X330ML,0.388963267,ml
2025-07,2025-12,725315,PN SHMP EGG SHINE 370TK 24X330ML,1.9,tm
2025-08,2025-12,725315,PN SHMP EGG SHINE 370TK 24X330ML,0.560066961,ml
2025-08,2025-12,725315,PN SHMP EGG SHINE 370TK 24X330ML,1.9,tm
2025-09,2025-12,725315,PN SHMP EGG SHINE 370TK 24X330ML,0.42410747,ml
2025-09,2025-12,725315,PN SHMP EGG SHINE 370TK 24X330ML,1.660497112,tm
2025-10,2025-12,725315,PN SHMP EGG SHINE 370TK 24X330ML,0.383496214,ml
2025-10,2025-12,725315,PN SHMP EGG SHINE 370TK 24X330ML,1.660497112,tm
2025-11,2025-12,725315,PN SHMP EGG SHINE 370TK 24X330ML,0.288196785,ml
2025-11,2025-12,725315,PN SHMP EGG SHINE 370TK 24X330ML,0.99488,tm
2025-08,2026-01,725315,PN SHMP EGG SHINE 370TK 24X330ML,0.723804561,ml
2025-08,2026-01,725315,PN SHMP EGG SHINE 370TK 24X330ML,1.2,tm
2025-09,2026-01,725315,PN SHMP EGG SHINE 370TK 24X330ML,0.295442742,ml
2025-09,2026-01,725315,PN SHMP EGG SHINE 370TK 24X330ML,1.757002875,tm
2025-10,2026-01,725315,PN SHMP EGG SHINE 370TK 24X330ML,0.677276748,ml
2025-10,2026-01,725315,PN SHMP EGG SHINE 370TK 24X330ML,1.757002875,tm
2025-11,2026-01,725315,PN SHMP EGG SHINE 370TK 24X330ML,0.397939406,ml
2025-11,2026-01,725315,PN SHMP EGG SHINE 370TK 24X330ML,1.208516951,tm
2025-12,2026-01,725315,PN SHMP EGG SHINE 370TK 24X330ML,0.409488496,ml
2025-12,2026-01,725315,PN SHMP EGG SHINE 370TK 24X330ML,1.208516951,tm
2025-09,2026-02,725315,PN SHMP EGG SHINE 370TK 24X330ML,0.631558295,ml
2025-09,2026-02,725315,PN SHMP EGG SHINE 370TK 24X330ML,1.512115398,tm
2025-10,2026-02,725315,PN SHMP EGG SHINE 370TK 24X330ML,1.573305905,ml
2025-10,2026-02,725315,PN SHMP EGG SHINE 370TK 24X330ML,1.512115398,tm
2025-11,2026-02,725315,PN SHMP EGG SHINE 370TK 24X330ML,0.634156058,ml
2025-11,2026-02,725315,PN SHMP EGG SHINE 370TK 24X330ML,1.208516951,tm
2025-12,2026-02,725315,PN SHMP EGG SHINE 370TK 24X330ML,4.9067524,ml
2025-12,2026-02,725315,PN SHMP EGG SHINE 370TK 24X330ML,1.208516951,tm
2026-01,2026-02,725315,PN SHMP EGG SHINE 370TK 24X330ML,0.684605384,ml
2026-01,2026-02,725315,PN SHMP EGG SHINE 370TK 24X330ML,1.208516951,tm
2025-10,2026-03,725315,PN SHMP EGG SHINE 370TK 24X330ML,0.558411792,ml
2025-10,2026-03,725315,PN SHMP EGG SHINE 370TK 24X330ML,1.512115398,tm
2025-11,2026-03,725315,PN SHMP EGG SHINE 370TK 24X330ML,0.241450052,ml
2025-11,2026-03,725315,PN SHMP EGG SHINE 370TK 24X330ML,2.697303547,tm
2025-12,2026-03,725315,PN SHMP EGG SHINE 370TK 24X330ML,0.0,ml
2025-12,2026-03,725315,PN SHMP EGG SHINE 370TK 24X330ML,2.697303547,tm
2026-01,2026-03,725315,PN SHMP EGG SHINE 370TK 24X330ML,0.0,ml
2026-01,2026-03,725315,PN SHMP EGG SHINE 370TK 24X330ML,2.697303547,tm
2026-02,2026-03,725315,PN SHMP EGG SHINE 370TK 24X330ML,0.335015789,ml
2026-02,2026-03,725315,PN SHMP EGG SHINE 370TK 24X330ML,5.897303547,tm
2025-11,2026-04,725315,PN SHMP EGG SHINE 370TK 24X330ML,0.561506518,ml
2025-11,2026-04,725315,PN SHMP EGG SHINE 370TK 24X330ML,1.395834766,tm
2025-12,2026-04,725315,PN SHMP EGG SHINE 370TK 24X330ML,1.854207331,ml
2025-12,2026-04,725315,PN SHMP EGG SHINE 370TK 24X330ML,1.496516951,tm
2026-01,2026-04,725315,PN SHMP EGG SHINE 370TK 24X330ML,0.932605784,ml
2026-01,2026-04,725315,PN SHMP EGG SHINE 370TK 24X330ML,1.208516951,tm
2026-02,2026-04,725315,PN SHMP EGG SHINE 370TK 24X330ML,0.514679307,ml
2026-02,2026-04,725315,PN SHMP EGG SHINE 370TK 24X330ML,1.208516951,tm
2026-03,2026-04,725315,PN SHMP EGG SHINE 370TK 24X330ML,0.388176,ml
2026-03,2026-04,725315,PN SHMP EGG SHINE 370TK 24X330ML,1.5,tm
2025-12,2026-05,725315,PN SHMP EGG SHINE 370TK 24X330ML,2.733016572,ml
2025-12,2026-05,725315,PN SHMP EGG SHINE 370TK 24X330ML,2.210640604,tm
2026-01,2026-05,725315,PN SHMP EGG SHINE 370TK 24X330ML,1.31362324,ml
2026-01,2026-05,725315,PN SHMP EGG SHINE 370TK 24X330ML,1.922640604,tm
2026-02,2026-05,725315,PN SHMP EGG SHINE 370TK 24X330ML,0.986790728,ml
2026-02,2026-05,725315,PN SHMP EGG SHINE 370TK 24X330ML,1.922640604,tm
2026-03,2026-05,725315,PN SHMP EGG SHINE 370TK 24X330ML,0.388176,ml
2026-03,2026-05,725315,PN SHMP EGG SHINE 370TK 24X330ML,2.0,tm
2026-04,2026-05,725315,PN SHMP EGG SHINE 370TK 24X330ML,1.008187,ml
2026-04,2026-05,725315,PN SHMP EGG SHINE 370TK 24X330ML,2.0,tm
2026-01,2026-06,725315,PN SHMP EGG SHINE 370TK 24X330ML,0.505658382,ml
2026-01,2026-06,725315,PN SHMP EGG SHINE 370TK 24X330ML,1.208516951,tm
2026-02,2026-06,725315,PN SHMP EGG SHINE 370TK 24X330ML,0.498187122,ml
2026-02,2026-06,725315,PN SHMP EGG SHINE 370TK 24X330ML,1.208516951,tm
2026-03,2026-06,725315,PN SHMP EGG SHINE 370TK 24X330ML,0.388176,ml
2026-03,2026-06,725315,PN SHMP EGG SHINE 370TK 24X330ML,1.5,tm
2026-04,2026-06,725315,PN SHMP EGG SHINE 370TK 24X330ML,1.008187,ml
2026-04,2026-06,725315,PN SHMP EGG SHINE 370TK 24X330ML,1.5,tm
2026-05,2026-06,725315,PN SHMP EGG SHINE 370TK 24X330ML,0.243864379,ml
2026-05,2026-06,725315,PN SHMP EGG SHINE 370TK 24X330ML,1.5,tm
2026-02,2026-07,725315,PN SHMP EGG SHINE 370TK 24X330ML,0.389242892,ml
2026-02,2026-07,725315,PN SHMP EGG SHINE 370TK 24X330ML,1.2,tm
2026-03,2026-07,725315,PN SHMP EGG SHINE 370TK 24X330ML,0.388176,ml
2026-03,2026-07,725315,PN SHMP EGG SHINE 370TK 24X330ML,1.2,tm
2026-04,2026-07,725315,PN SHMP EGG SHINE 370TK 24X330ML,1.008187,ml
2026-04,2026-07,725315,PN SHMP EGG SHINE 370TK 24X330ML,1.2,tm
2026-05,2026-07,725315,PN SHMP EGG SHINE 370TK 24X330ML,0.711075357,ml
2026-05,2026-07,725315,PN SHMP EGG SHINE 370TK 24X330ML,1.2,tm
2026-06,2026-07,725315,PN SHMP EGG SHINE 370TK 24X330ML,0.472130193,ml
2026-06,2026-07,725315,PN SHMP EGG SHINE 370TK 24X330ML,1.2,tm
2026-03,2026-08,725315,PN SHMP EGG SHINE 370TK 24X330ML,0.388176,ml
2026-03,2026-08,725315,PN SHMP EGG SHINE 370TK 24X330ML,1.4,tm
2026-04,2026-08,725315,PN SHMP EGG SHINE 370TK 24X330ML,1.008187,ml
2026-04,2026-08,725315,PN SHMP EGG SHINE 370TK 24X330ML,1.4,tm
2026-05,2026-08,725315,PN SHMP EGG SHINE 370TK 24X330ML,0.363270949,ml
2026-05,2026-08,725315,PN SHMP EGG SHINE 370TK 24X330ML,1.4,tm
2026-06,2026-08,725315,PN SHMP EGG SHINE 370TK 24X330ML,0.415521249,ml
2026-06,2026-08,725315,PN SHMP EGG SHINE 370TK 24X330ML,1.4,tm
2026-07,2026-08,725315,PN SHMP EGG SHINE 370TK 24X330ML,0.325082626,ml
2026-07,2026-08,725315,PN SHMP EGG SHINE 370TK 24X330ML,1.4,tm
2026-04,2026-09,725315,PN SHMP EGG SHINE 370TK 24X330ML,1.008187,ml
2026-04,2026-09,725315,PN SHMP EGG SHINE 370TK 24X330ML,1.0,tm
2026-05,2026-09,725315,PN SHMP EGG SHINE 370TK 24X330ML,0.34433417,ml
2026-05,2026-09,725315,PN SHMP EGG SHINE 370TK 24X330ML,1.0,tm
2026-06,2026-09,725315,PN SHMP EGG SHINE 370TK 24X330ML,0.472130193,ml
2026-06,2026-09,725315,PN SHMP EGG SHINE 370TK 24X330ML,1.0,tm
2026-07,2026-09,725315,PN SHMP EGG SHINE 370TK 24X330ML,0.4653511767,ml
2026-07,2026-09,725315,PN SHMP EGG SHINE 370TK 24X330ML,1.0,tm
2026-05,2026-10,725315,PN SHMP EGG SHINE 370TK 24X330ML,0.225885835,ml
2026-05,2026-10,725315,PN SHMP EGG SHINE 370TK 24X330ML,1.4,tm
2026-06,2026-10,725315,PN SHMP EGG SHINE 370TK 24X330ML,0.259859988,ml
2026-06,2026-10,725315,PN SHMP EGG SHINE 370TK 24X330ML,1.4,tm
2026-07,2026-10,725315,PN SHMP EGG SHINE 370TK 24X330ML,0.3961224437,ml
2026-07,2026-10,725315,PN SHMP EGG SHINE 370TK 24X330ML,1.4,tm
2026-06,2026-11,725315,PN SHMP EGG SHINE 370TK 24X330ML,0.369966296,ml
2026-06,2026-11,725315,PN SHMP EGG SHINE 370TK 24X330ML,1.2,tm
2026-07,2026-11,725315,PN SHMP EGG SHINE 370TK 24X330ML,0.4060331225,ml
2026-07,2026-11,725315,PN SHMP EGG SHINE 370TK 24X330ML,1.2,tm
2026-07,2026-12,725315,PN SHMP EGG SHINE 370TK 24X330ML,0.4653511767,ml
2026-07,2026-12,725315,PN SHMP EGG SHINE 370TK 24X330ML,1.2,tm
2025-04,2025-05,725947,PA SECRETS ALMOND 240TK 96X200ML,1.2126,ml
2025-04,2025-05,725947,PA SECRETS ALMOND 240TK 96X200ML,1.75,tm
2025-04,2025-06,725947,PA SECRETS ALMOND 240TK 96X200ML,1.2126,ml
2025-04,2025-06,725947,PA SECRETS ALMOND 240TK 96X200ML,3.19,tm
2025-05,2025-06,725947,PA SECRETS ALMOND 240TK 96X200ML,1.4016,ml
2025-05,2025-06,725947,PA SECRETS ALMOND 240TK 96X200ML,3.4,tm
2025-04,2025-07,725947,PA SECRETS ALMOND 240TK 96X200ML,1.2126,ml
2025-04,2025-07,725947,PA SECRETS ALMOND 240TK 96X200ML,1.625468466,tm
2025-05,2025-07,725947,PA SECRETS ALMOND 240TK 96X200ML,1.4016,ml
2025-05,2025-07,725947,PA SECRETS ALMOND 240TK 96X200ML,1.62,tm
2025-06,2025-07,725947,PA SECRETS ALMOND 240TK 96X200ML,0.547333333,ml
2025-06,2025-07,725947,PA SECRETS ALMOND 240TK 96X200ML,1.9,tm
2025-04,2025-08,725947,PA SECRETS ALMOND 240TK 96X200ML,1.2126,ml
2025-04,2025-08,725947,PA SECRETS ALMOND 240TK 96X200ML,1.570052609,tm
2025-05,2025-08,725947,PA SECRETS ALMOND 240TK 96X200ML,1.4016,ml
2025-05,2025-08,725947,PA SECRETS ALMOND 240TK 96X200ML,1.62,tm
2025-06,2025-08,725947,PA SECRETS ALMOND 240TK 96X200ML,0.547333333,ml
2025-06,2025-08,725947,PA SECRETS ALMOND 240TK 96X200ML,1.62,tm
2025-07,2025-08,725947,PA SECRETS ALMOND 240TK 96X200ML,0.701333333,ml
2025-07,2025-08,725947,PA SECRETS ALMOND 240TK 96X200ML,1.62,tm
2025-04,2025-09,725947,PA SECRETS ALMOND 240TK 96X200ML,1.2126,ml
2025-04,2025-09,725947,PA SECRETS ALMOND 240TK 96X200ML,1.888799591,tm
2025-05,2025-09,725947,PA SECRETS ALMOND 240TK 96X200ML,1.4016,ml
2025-05,2025-09,725947,PA SECRETS ALMOND 240TK 96X200ML,1.89,tm
2025-06,2025-09,725947,PA SECRETS ALMOND 240TK 96X200ML,0.547333333,ml
2025-06,2025-09,725947,PA SECRETS ALMOND 240TK 96X200ML,2.2,tm
2025-07,2025-09,725947,PA SECRETS ALMOND 240TK 96X200ML,0.701333333,ml
2025-07,2025-09,725947,PA SECRETS ALMOND 240TK 96X200ML,2.2,tm
2025-08,2025-09,725947,PA SECRETS ALMOND 240TK 96X200ML,1.524333333,ml
2025-08,2025-09,725947,PA SECRETS ALMOND 240TK 96X200ML,1.7,tm
2025-05,2025-10,725947,PA SECRETS ALMOND 240TK 96X200ML,1.4016,ml
2025-05,2025-10,725947,PA SECRETS ALMOND 240TK 96X200ML,1.6,tm
2025-06,2025-10,725947,PA SECRETS ALMOND 240TK 96X200ML,0.547333333,ml
2025-06,2025-10,725947,PA SECRETS ALMOND 240TK 96X200ML,2.101095598,tm
2025-07,2025-10,725947,PA SECRETS ALMOND 240TK 96X200ML,0.701333333,ml
2025-07,2025-10,725947,PA SECRETS ALMOND 240TK 96X200ML,2.101095598,tm
2025-08,2025-10,725947,PA SECRETS ALMOND 240TK 96X200ML,1.524333333,ml
2025-08,2025-10,725947,PA SECRETS ALMOND 240TK 96X200ML,2.101095598,tm
2025-09,2025-10,725947,PA SECRETS ALMOND 240TK 96X200ML,1.451066667,ml
2025-09,2025-10,725947,PA SECRETS ALMOND 240TK 96X200ML,3.801095598,tm
2025-06,2025-11,725947,PA SECRETS ALMOND 240TK 96X200ML,0.547333333,ml
2025-06,2025-11,725947,PA SECRETS ALMOND 240TK 96X200ML,1.743454412,tm
2025-07,2025-11,725947,PA SECRETS ALMOND 240TK 96X200ML,0.701333333,ml
2025-07,2025-11,725947,PA SECRETS ALMOND 240TK 96X200ML,1.743454412,tm
2025-08,2025-11,725947,PA SECRETS ALMOND 240TK 96X200ML,1.524333333,ml
2025-08,2025-11,725947,PA SECRETS ALMOND 240TK 96X200ML,1.743454412,tm
2025-09,2025-11,725947,PA SECRETS ALMOND 240TK 96X200ML,1.451066667,ml
2025-09,2025-11,725947,PA SECRETS ALMOND 240TK 96X200ML,1.343454412,tm
2025-10,2025-11,725947,PA SECRETS ALMOND 240TK 96X200ML,1.3172,ml
2025-10,2025-11,725947,PA SECRETS ALMOND 240TK 96X200ML,3.073648701,tm
2025-07,2025-12,725947,PA SECRETS ALMOND 240TK 96X200ML,0.701333333,ml
2025-07,2025-12,725947,PA SECRETS ALMOND 240TK 96X200ML,2.35,tm
2025-08,2025-12,725947,PA SECRETS ALMOND 240TK 96X200ML,1.524333333,ml
2025-08,2025-12,725947,PA SECRETS ALMOND 240TK 96X200ML,2.35,tm
2025-09,2025-12,725947,PA SECRETS ALMOND 240TK 96X200ML,1.451066667,ml
2025-09,2025-12,725947,PA SECRETS ALMOND 240TK 96X200ML,1.971260037,tm
2025-10,2025-12,725947,PA SECRETS ALMOND 240TK 96X200ML,1.3172,ml
2025-10,2025-12,725947,PA SECRETS ALMOND 240TK 96X200ML,1.971260037,tm
2025-11,2025-12,725947,PA SECRETS ALMOND 240TK 96X200ML,0.326466667,ml
2025-11,2025-12,725947,PA SECRETS ALMOND 240TK 96X200ML,3.9046,tm
2025-08,2026-01,725947,PA SECRETS ALMOND 240TK 96X200ML,1.524333333,ml
2025-08,2026-01,725947,PA SECRETS ALMOND 240TK 96X200ML,1.42,tm
2025-09,2026-01,725947,PA SECRETS ALMOND 240TK 96X200ML,1.451066667,ml
2025-09,2026-01,725947,PA SECRETS ALMOND 240TK 96X200ML,1.427438923,tm
2025-10,2026-01,725947,PA SECRETS ALMOND 240TK 96X200ML,1.3172,ml
2025-10,2026-01,725947,PA SECRETS ALMOND 240TK 96X200ML,1.427438923,tm
2025-11,2026-01,725947,PA SECRETS ALMOND 240TK 96X200ML,0.326466667,ml
2025-11,2026-01,725947,PA SECRETS ALMOND 240TK 96X200ML,1.227438923,tm
2025-12,2026-01,725947,PA SECRETS ALMOND 240TK 96X200ML,0.451666667,ml
2025-12,2026-01,725947,PA SECRETS ALMOND 240TK 96X200ML,1.227438923,tm
2025-09,2026-02,725947,PA SECRETS ALMOND 240TK 96X200ML,1.451066667,ml
2025-09,2026-02,725947,PA SECRETS ALMOND 240TK 96X200ML,1.900707495,tm
2025-10,2026-02,725947,PA SECRETS ALMOND 240TK 96X200ML,1.3172,ml
2025-10,2026-02,725947,PA SECRETS ALMOND 240TK 96X200ML,1.900707495,tm
2025-11,2026-02,725947,PA SECRETS ALMOND 240TK 96X200ML,0.326466667,ml
2025-11,2026-02,725947,PA SECRETS ALMOND 240TK 96X200ML,3.9046,tm
2025-12,2026-02,725947,PA SECRETS ALMOND 240TK 96X200ML,0.451666667,ml
2025-12,2026-02,725947,PA SECRETS ALMOND 240TK 96X200ML,3.9046,tm
2026-01,2026-02,725947,PA SECRETS ALMOND 240TK 96X200ML,3.9046,tm
2025-10,2026-03,725947,PA SECRETS ALMOND 240TK 96X200ML,1.3172,ml
2025-10,2026-03,725947,PA SECRETS ALMOND 240TK 96X200ML,2.30348584,tm
2025-11,2026-03,725947,PA SECRETS ALMOND 240TK 96X200ML,0.326466667,ml
2025-11,2026-03,725947,PA SECRETS ALMOND 240TK 96X200ML,2.30348584,tm
2025-12,2026-03,725947,PA SECRETS ALMOND 240TK 96X200ML,0.451666667,ml
2025-12,2026-03,725947,PA SECRETS ALMOND 240TK 96X200ML,2.30348584,tm
2026-01,2026-03,725947,PA SECRETS ALMOND 240TK 96X200ML,2.30348584,tm
2026-02,2026-03,725947,PA SECRETS ALMOND 240TK 96X200ML,1.242133333,ml
2026-02,2026-03,725947,PA SECRETS ALMOND 240TK 96X200ML,3.9046,tm
2025-11,2026-04,725947,PA SECRETS ALMOND 240TK 96X200ML,0.326466667,ml
2025-11,2026-04,725947,PA SECRETS ALMOND 240TK 96X200ML,2.2093539,tm
2025-12,2026-04,725947,PA SECRETS ALMOND 240TK 96X200ML,0.451666667,ml
2025-12,2026-04,725947,PA SECRETS ALMOND 240TK 96X200ML,1.65,tm
2026-01,2026-04,725947,PA SECRETS ALMOND 240TK 96X200ML,1.65,tm
2026-02,2026-04,725947,PA SECRETS ALMOND 240TK 96X200ML,1.242133333,ml
2026-02,2026-04,725947,PA SECRETS ALMOND 240TK 96X200ML,2.0,tm
2026-03,2026-04,725947,PA SECRETS ALMOND 240TK 96X200ML,1.154266667,ml
2026-03,2026-04,725947,PA SECRETS ALMOND 240TK 96X200ML,1.8,tm
2025-12,2026-05,725947,PA SECRETS ALMOND 240TK 96X200ML,0.451666667,ml
2025-12,2026-05,725947,PA SECRETS ALMOND 240TK 96X200ML,1.8,tm
2026-01,2026-05,725947,PA SECRETS ALMOND 240TK 96X200ML,1.8,tm
2026-02,2026-05,725947,PA SECRETS ALMOND 240TK 96X200ML,1.242133333,ml
2026-02,2026-05,725947,PA SECRETS ALMOND 240TK 96X200ML,2.0,tm
2026-03,2026-05,725947,PA SECRETS ALMOND 240TK 96X200ML,1.154266667,ml
2026-03,2026-05,725947,PA SECRETS ALMOND 240TK 96X200ML,1.7,tm
2026-04,2026-05,725947,PA SECRETS ALMOND 240TK 96X200ML,1.765066667,ml
2026-04,2026-05,725947,PA SECRETS ALMOND 240TK 96X200ML,1.7,tm
2026-01,2026-06,725947,PA SECRETS ALMOND 240TK 96X200ML,3.34413194,tm
2026-02,2026-06,725947,PA SECRETS ALMOND 240TK 96X200ML,1.242133333,ml
2026-02,2026-06,725947,PA SECRETS ALMOND 240TK 96X200ML,3.6472,tm
2026-03,2026-06,725947,PA SECRETS ALMOND 240TK 96X200ML,1.154266667,ml
2026-03,2026-06,725947,PA SECRETS ALMOND 240TK 96X200ML,3.2,tm
2026-04,2026-06,725947,PA SECRETS ALMOND 240TK 96X200ML,1.765066667,ml
2026-04,2026-06,725947,PA SECRETS ALMOND 240TK 96X200ML,3.2,tm
2026-05,2026-06,725947,PA SECRETS ALMOND 240TK 96X200ML,0.901666667,ml
2026-05,2026-06,725947,PA SECRETS ALMOND 240TK 96X200ML,1.0,tm
2026-02,2026-07,725947,PA SECRETS ALMOND 240TK 96X200ML,1.242133333,ml
2026-02,2026-07,725947,PA SECRETS ALMOND 240TK 96X200ML,1.2,tm
2026-03,2026-07,725947,PA SECRETS ALMOND 240TK 96X200ML,1.154266667,ml
2026-03,2026-07,725947,PA SECRETS ALMOND 240TK 96X200ML,1.2,tm
2026-04,2026-07,725947,PA SECRETS ALMOND 240TK 96X200ML,1.765066667,ml
2026-04,2026-07,725947,PA SECRETS ALMOND 240TK 96X200ML,1.0,tm
2026-05,2026-07,725947,PA SECRETS ALMOND 240TK 96X200ML,0.901666667,ml
2026-05,2026-07,725947,PA SECRETS ALMOND 240TK 96X200ML,3.2,tm
2026-06,2026-07,725947,PA SECRETS ALMOND 240TK 96X200ML,1.022266667,ml
2026-06,2026-07,725947,PA SECRETS ALMOND 240TK 96X200ML,2.5,tm
2026-03,2026-08,725947,PA SECRETS ALMOND 240TK 96X200ML,1.154266667,ml
2026-03,2026-08,725947,PA SECRETS ALMOND 240TK 96X200ML,1.2,tm
2026-04,2026-08,725947,PA SECRETS ALMOND 240TK 96X200ML,1.765066667,ml
2026-04,2026-08,725947,PA SECRETS ALMOND 240TK 96X200ML,1.0,tm
2026-05,2026-08,725947,PA SECRETS ALMOND 240TK 96X200ML,0.901666667,ml
2026-05,2026-08,725947,PA SECRETS ALMOND 240TK 96X200ML,1.0,tm
2026-06,2026-08,725947,PA SECRETS ALMOND 240TK 96X200ML,1.022266667,ml
2026-06,2026-08,725947,PA SECRETS ALMOND 240TK 96X200ML,1.0,tm
2026-07,2026-08,725947,PA SECRETS ALMOND 240TK 96X200ML,1.558533333,ml
2026-07,2026-08,725947,PA SECRETS ALMOND 240TK 96X200ML,1.0,tm
2026-04,2026-09,725947,PA SECRETS ALMOND 240TK 96X200ML,1.765066667,ml
2026-04,2026-09,725947,PA SECRETS ALMOND 240TK 96X200ML,3.0,tm
2026-05,2026-09,725947,PA SECRETS ALMOND 240TK 96X200ML,0.901666667,ml
2026-05,2026-09,725947,PA SECRETS ALMOND 240TK 96X200ML,3.2,tm
2026-06,2026-09,725947,PA SECRETS ALMOND 240TK 96X200ML,1.022266667,ml
2026-06,2026-09,725947,PA SECRETS ALMOND 240TK 96X200ML,2.5,tm
2026-07,2026-09,725947,PA SECRETS ALMOND 240TK 96X200ML,1.558533333,ml
2026-07,2026-09,725947,PA SECRETS ALMOND 240TK 96X200ML,2.5,tm
2026-05,2026-10,725947,PA SECRETS ALMOND 240TK 96X200ML,0.901666667,ml
2026-05,2026-10,725947,PA SECRETS ALMOND 240TK 96X200ML,1.0,tm
2026-06,2026-10,725947,PA SECRETS ALMOND 240TK 96X200ML,1.022266667,ml
2026-06,2026-10,725947,PA SECRETS ALMOND 240TK 96X200ML,1.0,tm
2026-07,2026-10,725947,PA SECRETS ALMOND 240TK 96X200ML,1.558533333,ml
2026-07,2026-10,725947,PA SECRETS ALMOND 240TK 96X200ML,1.0,tm
2026-06,2026-11,725947,PA SECRETS ALMOND 240TK 96X200ML,1.022266667,ml
2026-06,2026-11,725947,PA SECRETS ALMOND 240TK 96X200ML,2.8,tm
2026-07,2026-11,725947,PA SECRETS ALMOND 240TK 96X200ML,1.558533333,ml
2026-07,2026-11,725947,PA SECRETS ALMOND 240TK 96X200ML,2.8,tm
2026-07,2026-12,725947,PA SECRETS ALMOND 240TK 96X200ML,1.558533333,ml
2026-07,2026-12,725947,PA SECRETS ALMOND 240TK 96X200ML,1.2,tm
2025-04,2025-05,725948,PA SECRETS ROSEMARY 240TK 96X200ML,0.810133333,ml
2025-04,2025-05,725948,PA SECRETS ROSEMARY 240TK 96X200ML,1.5,tm
2025-04,2025-06,725948,PA SECRETS ROSEMARY 240TK 96X200ML,0.810133333,ml
2025-04,2025-06,725948,PA SECRETS ROSEMARY 240TK 96X200ML,2.49,tm
2025-05,2025-06,725948,PA SECRETS ROSEMARY 240TK 96X200ML,0.904066667,ml
2025-05,2025-06,725948,PA SECRETS ROSEMARY 240TK 96X200ML,2.89,tm
2025-04,2025-07,725948,PA SECRETS ROSEMARY 240TK 96X200ML,0.810133333,ml
2025-04,2025-07,725948,PA SECRETS ROSEMARY 240TK 96X200ML,1.457562488,tm
2025-05,2025-07,725948,PA SECRETS ROSEMARY 240TK 96X200ML,0.904066667,ml
2025-05,2025-07,725948,PA SECRETS ROSEMARY 240TK 96X200ML,1.62,tm
2025-06,2025-07,725948,PA SECRETS ROSEMARY 240TK 96X200ML,0.3916,ml
2025-06,2025-07,725948,PA SECRETS ROSEMARY 240TK 96X200ML,1.7,tm
2025-04,2025-08,725948,PA SECRETS ROSEMARY 240TK 96X200ML,0.810133333,ml
2025-04,2025-08,725948,PA SECRETS ROSEMARY 240TK 96X200ML,1.407870922,tm
2025-05,2025-08,725948,PA SECRETS ROSEMARY 240TK 96X200ML,0.904066667,ml
2025-05,2025-08,725948,PA SECRETS ROSEMARY 240TK 96X200ML,1.62,tm
2025-06,2025-08,725948,PA SECRETS ROSEMARY 240TK 96X200ML,0.3916,ml
2025-06,2025-08,725948,PA SECRETS ROSEMARY 240TK 96X200ML,1.62,tm
2025-07,2025-08,725948,PA SECRETS ROSEMARY 240TK 96X200ML,0.498133333,ml
2025-07,2025-08,725948,PA SECRETS ROSEMARY 240TK 96X200ML,1.62,tm
2025-04,2025-09,725948,PA SECRETS ROSEMARY 240TK 96X200ML,0.810133333,ml
2025-04,2025-09,725948,PA SECRETS ROSEMARY 240TK 96X200ML,1.693692304,tm
2025-05,2025-09,725948,PA SECRETS ROSEMARY 240TK 96X200ML,0.904066667,ml
2025-05,2025-09,725948,PA SECRETS ROSEMARY 240TK 96X200ML,1.69,tm
2025-06,2025-09,725948,PA SECRETS ROSEMARY 240TK 96X200ML,0.3916,ml
2025-06,2025-09,725948,PA SECRETS ROSEMARY 240TK 96X200ML,1.5,tm
2025-07,2025-09,725948,PA SECRETS ROSEMARY 240TK 96X200ML,0.498133333,ml
2025-07,2025-09,725948,PA SECRETS ROSEMARY 240TK 96X200ML,1.5,tm
2025-08,2025-09,725948,PA SECRETS ROSEMARY 240TK 96X200ML,0.928666667,ml
2025-08,2025-09,725948,PA SECRETS ROSEMARY 240TK 96X200ML,1.5,tm
2025-05,2025-10,725948,PA SECRETS ROSEMARY 240TK 96X200ML,0.904066667,ml
2025-05,2025-10,725948,PA SECRETS ROSEMARY 240TK 96X200ML,1.44,tm
2025-06,2025-10,725948,PA SECRETS ROSEMARY 240TK 96X200ML,0.3916,ml
2025-06,2025-10,725948,PA SECRETS ROSEMARY 240TK 96X200ML,1.435707263,tm
2025-07,2025-10,725948,PA SECRETS ROSEMARY 240TK 96X200ML,0.498133333,ml
2025-07,2025-10,725948,PA SECRETS ROSEMARY 240TK 96X200ML,1.435707263,tm
2025-08,2025-10,725948,PA SECRETS ROSEMARY 240TK 96X200ML,0.928666667,ml
2025-08,2025-10,725948,PA SECRETS ROSEMARY 240TK 96X200ML,1.435707263,tm
2025-09,2025-10,725948,PA SECRETS ROSEMARY 240TK 96X200ML,0.8718,ml
2025-09,2025-10,725948,PA SECRETS ROSEMARY 240TK 96X200ML,2.935707263,tm
2025-06,2025-11,725948,PA SECRETS ROSEMARY 240TK 96X200ML,0.3916,ml
2025-06,2025-11,725948,PA SECRETS ROSEMARY 240TK 96X200ML,1.563360843,tm
2025-07,2025-11,725948,PA SECRETS ROSEMARY 240TK 96X200ML,0.498133333,ml
2025-07,2025-11,725948,PA SECRETS ROSEMARY 240TK 96X200ML,1.563360843,tm
2025-08,2025-11,725948,PA SECRETS ROSEMARY 240TK 96X200ML,0.928666667,ml
2025-08,2025-11,725948,PA SECRETS ROSEMARY 240TK 96X200ML,1.563360843,tm
2025-09,2025-11,725948,PA SECRETS ROSEMARY 240TK 96X200ML,0.8718,ml
2025-09,2025-11,725948,PA SECRETS ROSEMARY 240TK 96X200ML,1.163360843,tm
2025-10,2025-11,725948,PA SECRETS ROSEMARY 240TK 96X200ML,0.788466667,ml
2025-10,2025-11,725948,PA SECRETS ROSEMARY 240TK 96X200ML,2.661245573,tm
2025-07,2025-12,725948,PA SECRETS ROSEMARY 240TK 96X200ML,0.498133333,ml
2025-07,2025-12,725948,PA SECRETS ROSEMARY 240TK 96X200ML,2.0,tm
2025-08,2025-12,725948,PA SECRETS ROSEMARY 240TK 96X200ML,0.928666667,ml
2025-08,2025-12,725948,PA SECRETS ROSEMARY 240TK 96X200ML,2.0,tm
2025-09,2025-12,725948,PA SECRETS ROSEMARY 240TK 96X200ML,0.8718,ml
2025-09,2025-12,725948,PA SECRETS ROSEMARY 240TK 96X200ML,1.767634836,tm
2025-10,2025-12,725948,PA SECRETS ROSEMARY 240TK 96X200ML,0.788466667,ml
2025-10,2025-12,725948,PA SECRETS ROSEMARY 240TK 96X200ML,1.767634836,tm
2025-11,2025-12,725948,PA SECRETS ROSEMARY 240TK 96X200ML,0.262333333,ml
2025-11,2025-12,725948,PA SECRETS ROSEMARY 240TK 96X200ML,2.4724,tm
2025-08,2026-01,725948,PA SECRETS ROSEMARY 240TK 96X200ML,0.928666667,ml
2025-08,2026-01,725948,PA SECRETS ROSEMARY 240TK 96X200ML,1.28,tm
2025-09,2026-01,725948,PA SECRETS ROSEMARY 240TK 96X200ML,0.8718,ml
2025-09,2026-01,725948,PA SECRETS ROSEMARY 240TK 96X200ML,1.279988799,tm
2025-10,2026-01,725948,PA SECRETS ROSEMARY 240TK 96X200ML,0.788466667,ml
2025-10,2026-01,725948,PA SECRETS ROSEMARY 240TK 96X200ML,1.279988799,tm
2025-11,2026-01,725948,PA SECRETS ROSEMARY 240TK 96X200ML,0.262333333,ml
2025-11,2026-01,725948,PA SECRETS ROSEMARY 240TK 96X200ML,0.779988799,tm
2025-12,2026-01,725948,PA SECRETS ROSEMARY 240TK 96X200ML,0.358133333,ml
2025-12,2026-01,725948,PA SECRETS ROSEMARY 240TK 96X200ML,0.779988799,tm
2025-09,2026-02,725948,PA SECRETS ROSEMARY 240TK 96X200ML,0.8718,ml
2025-09,2026-02,725948,PA SECRETS ROSEMARY 240TK 96X200ML,1.704370158,tm
2025-10,2026-02,725948,PA SECRETS ROSEMARY 240TK 96X200ML,0.788466667,ml
2025-10,2026-02,725948,PA SECRETS ROSEMARY 240TK 96X200ML,1.704370158,tm
2025-11,2026-02,725948,PA SECRETS ROSEMARY 240TK 96X200ML,0.262333333,ml
2025-11,2026-02,725948,PA SECRETS ROSEMARY 240TK 96X200ML,2.4724,tm
2025-12,2026-02,725948,PA SECRETS ROSEMARY 240TK 96X200ML,0.358133333,ml
2025-12,2026-02,725948,PA SECRETS ROSEMARY 240TK 96X200ML,2.4724,tm
2026-01,2026-02,725948,PA SECRETS ROSEMARY 240TK 96X200ML,2.4724,tm
2025-10,2026-03,725948,PA SECRETS ROSEMARY 240TK 96X200ML,0.788466667,ml
2025-10,2026-03,725948,PA SECRETS ROSEMARY 240TK 96X200ML,1.906861508,tm
2025-11,2026-03,725948,PA SECRETS ROSEMARY 240TK 96X200ML,0.262333333,ml
2025-11,2026-03,725948,PA SECRETS ROSEMARY 240TK 96X200ML,1.906861508,tm
2025-12,2026-03,725948,PA SECRETS ROSEMARY 240TK 96X200ML,0.358133333,ml
2025-12,2026-03,725948,PA SECRETS ROSEMARY 240TK 96X200ML,1.906861508,tm
2026-01,2026-03,725948,PA SECRETS ROSEMARY 240TK 96X200ML,1.906861508,tm
2026-02,2026-03,725948,PA SECRETS ROSEMARY 240TK 96X200ML,0.775266667,ml
2026-02,2026-03,725948,PA SECRETS ROSEMARY 240TK 96X200ML,2.4724,tm
2025-11,2026-04,725948,PA SECRETS ROSEMARY 240TK 96X200ML,0.262333333,ml
2025-11,2026-04,725948,PA SECRETS ROSEMARY 240TK 96X200ML,1.768386422,tm
2025-12,2026-04,725948,PA SECRETS ROSEMARY 240TK 96X200ML,0.358133333,ml
2025-12,2026-04,725948,PA SECRETS ROSEMARY 240TK 96X200ML,1.25,tm
2026-01,2026-04,725948,PA SECRETS ROSEMARY 240TK 96X200ML,1.25,tm
2026-02,2026-04,725948,PA SECRETS ROSEMARY 240TK 96X200ML,0.775266667,ml
2026-02,2026-04,725948,PA SECRETS ROSEMARY 240TK 96X200ML,1.4,tm
2026-03,2026-04,725948,PA SECRETS ROSEMARY 240TK 96X200ML,0.695266667,ml
2026-03,2026-04,725948,PA SECRETS ROSEMARY 240TK 96X200ML,1.4,tm
2025-12,2026-05,725948,PA SECRETS ROSEMARY 240TK 96X200ML,0.358133333,ml
2025-12,2026-05,725948,PA SECRETS ROSEMARY 240TK 96X200ML,1.1,tm
2026-01,2026-05,725948,PA SECRETS ROSEMARY 240TK 96X200ML,1.1,tm
2026-02,2026-05,725948,PA SECRETS ROSEMARY 240TK 96X200ML,0.775266667,ml
2026-02,2026-05,725948,PA SECRETS ROSEMARY 240TK 96X200ML,1.4,tm
2026-03,2026-05,725948,PA SECRETS ROSEMARY 240TK 96X200ML,0.695266667,ml
2026-03,2026-05,725948,PA SECRETS ROSEMARY 240TK 96X200ML,1.2,tm
2026-04,2026-05,725948,PA SECRETS ROSEMARY 240TK 96X200ML,1.2564,ml
2026-04,2026-05,725948,PA SECRETS ROSEMARY 240TK 96X200ML,1.2,tm
2026-01,2026-06,725948,PA SECRETS ROSEMARY 240TK 96X200ML,1.948475086,tm
2026-02,2026-06,725948,PA SECRETS ROSEMARY 240TK 96X200ML,0.775266667,ml
2026-02,2026-06,725948,PA SECRETS ROSEMARY 240TK 96X200ML,2.8688,tm
2026-03,2026-06,725948,PA SECRETS ROSEMARY 240TK 96X200ML,0.695266667,ml
2026-03,2026-06,725948,PA SECRETS ROSEMARY 240TK 96X200ML,2.6,tm
2026-04,2026-06,725948,PA SECRETS ROSEMARY 240TK 96X200ML,1.2564,ml
2026-04,2026-06,725948,PA SECRETS ROSEMARY 240TK 96X200ML,2.6,tm
2026-05,2026-06,725948,PA SECRETS ROSEMARY 240TK 96X200ML,0.573933333,ml
2026-05,2026-06,725948,PA SECRETS ROSEMARY 240TK 96X200ML,1.0,tm
2026-02,2026-07,725948,PA SECRETS ROSEMARY 240TK 96X200ML,0.775266667,ml
2026-02,2026-07,725948,PA SECRETS ROSEMARY 240TK 96X200ML,1.15,tm
2026-03,2026-07,725948,PA SECRETS ROSEMARY 240TK 96X200ML,0.695266667,ml
2026-03,2026-07,725948,PA SECRETS ROSEMARY 240TK 96X200ML,1.15,tm
2026-04,2026-07,725948,PA SECRETS ROSEMARY 240TK 96X200ML,1.2564,ml
2026-04,2026-07,725948,PA SECRETS ROSEMARY 240TK 96X200ML,1.0,tm
2026-05,2026-07,725948,PA SECRETS ROSEMARY 240TK 96X200ML,0.573933333,ml
2026-05,2026-07,725948,PA SECRETS ROSEMARY 240TK 96X200ML,2.6,tm
2026-06,2026-07,725948,PA SECRETS ROSEMARY 240TK 96X200ML,0.6626,ml
2026-06,2026-07,725948,PA SECRETS ROSEMARY 240TK 96X200ML,2.0,tm
2026-03,2026-08,725948,PA SECRETS ROSEMARY 240TK 96X200ML,0.695266667,ml
2026-03,2026-08,725948,PA SECRETS ROSEMARY 240TK 96X200ML,1.0,tm
2026-04,2026-08,725948,PA SECRETS ROSEMARY 240TK 96X200ML,1.2564,ml
2026-04,2026-08,725948,PA SECRETS ROSEMARY 240TK 96X200ML,1.0,tm
2026-05,2026-08,725948,PA SECRETS ROSEMARY 240TK 96X200ML,0.573933333,ml
2026-05,2026-08,725948,PA SECRETS ROSEMARY 240TK 96X200ML,1.0,tm
2026-06,2026-08,725948,PA SECRETS ROSEMARY 240TK 96X200ML,0.6626,ml
2026-06,2026-08,725948,PA SECRETS ROSEMARY 240TK 96X200ML,1.0,tm
2026-07,2026-08,725948,PA SECRETS ROSEMARY 240TK 96X200ML,0.9668666667,ml
2026-07,2026-08,725948,PA SECRETS ROSEMARY 240TK 96X200ML,1.0,tm
2026-04,2026-09,725948,PA SECRETS ROSEMARY 240TK 96X200ML,1.2564,ml
2026-04,2026-09,725948,PA SECRETS ROSEMARY 240TK 96X200ML,2.2,tm
2026-05,2026-09,725948,PA SECRETS ROSEMARY 240TK 96X200ML,0.573933333,ml
2026-05,2026-09,725948,PA SECRETS ROSEMARY 240TK 96X200ML,2.6,tm
2026-06,2026-09,725948,PA SECRETS ROSEMARY 240TK 96X200ML,0.6626,ml
2026-06,2026-09,725948,PA SECRETS ROSEMARY 240TK 96X200ML,2.0,tm
2026-07,2026-09,725948,PA SECRETS ROSEMARY 240TK 96X200ML,0.9668666667,ml
2026-07,2026-09,725948,PA SECRETS ROSEMARY 240TK 96X200ML,2.0,tm
2026-05,2026-10,725948,PA SECRETS ROSEMARY 240TK 96X200ML,0.573933333,ml
2026-05,2026-10,725948,PA SECRETS ROSEMARY 240TK 96X200ML,1.0,tm
2026-06,2026-10,725948,PA SECRETS ROSEMARY 240TK 96X200ML,0.6626,ml
2026-06,2026-10,725948,PA SECRETS ROSEMARY 240TK 96X200ML,1.0,tm
2026-07,2026-10,725948,PA SECRETS ROSEMARY 240TK 96X200ML,0.9668666667,ml
2026-07,2026-10,725948,PA SECRETS ROSEMARY 240TK 96X200ML,1.0,tm
2026-06,2026-11,725948,PA SECRETS ROSEMARY 240TK 96X200ML,0.6626,ml
2026-06,2026-11,725948,PA SECRETS ROSEMARY 240TK 96X200ML,0.8,tm
2026-07,2026-11,725948,PA SECRETS ROSEMARY 240TK 96X200ML,0.9668666667,ml
2026-07,2026-11,725948,PA SECRETS ROSEMARY 240TK 96X200ML,0.8,tm
2026-07,2026-12,725948,PA SECRETS ROSEMARY 240TK 96X200ML,0.9668666667,ml
2026-07,2026-12,725948,PA SECRETS ROSEMARY 240TK 96X200ML,1.0,tm
2025-04,2025-05,725949,PA SECRETS BLACKSEED 240TK 96X200ML,1.379733333,ml
2025-04,2025-05,725949,PA SECRETS BLACKSEED 240TK 96X200ML,1.75,tm
2025-04,2025-06,725949,PA SECRETS BLACKSEED 240TK 96X200ML,1.379733333,ml
2025-04,2025-06,725949,PA SECRETS BLACKSEED 240TK 96X200ML,2.915,tm
2025-05,2025-06,725949,PA SECRETS BLACKSEED 240TK 96X200ML,1.582,ml
2025-05,2025-06,725949,PA SECRETS BLACKSEED 240TK 96X200ML,2.48,tm
2025-04,2025-07,725949,PA SECRETS BLACKSEED 240TK 96X200ML,1.379733333,ml
2025-04,2025-07,725949,PA SECRETS BLACKSEED 240TK 96X200ML,1.622886154,tm
2025-05,2025-07,725949,PA SECRETS BLACKSEED 240TK 96X200ML,1.582,ml
2025-05,2025-07,725949,PA SECRETS BLACKSEED 240TK 96X200ML,1.46,tm
2025-06,2025-07,725949,PA SECRETS BLACKSEED 240TK 96X200ML,0.650266667,ml
2025-06,2025-07,725949,PA SECRETS BLACKSEED 240TK 96X200ML,1.9,tm
2025-04,2025-08,725949,PA SECRETS BLACKSEED 240TK 96X200ML,1.379733333,ml
2025-04,2025-08,725949,PA SECRETS BLACKSEED 240TK 96X200ML,1.567558334,tm
2025-05,2025-08,725949,PA SECRETS BLACKSEED 240TK 96X200ML,1.582,ml
2025-05,2025-08,725949,PA SECRETS BLACKSEED 240TK 96X200ML,1.32,tm
2025-06,2025-08,725949,PA SECRETS BLACKSEED 240TK 96X200ML,0.650266667,ml
2025-06,2025-08,725949,PA SECRETS BLACKSEED 240TK 96X200ML,1.32,tm
2025-07,2025-08,725949,PA SECRETS BLACKSEED 240TK 96X200ML,0.836533333,ml
2025-07,2025-08,725949,PA SECRETS BLACKSEED 240TK 96X200ML,1.32,tm
2025-04,2025-09,725949,PA SECRETS BLACKSEED 240TK 96X200ML,1.379733333,ml
2025-04,2025-09,725949,PA SECRETS BLACKSEED 240TK 96X200ML,1.885798936,tm
2025-05,2025-09,725949,PA SECRETS BLACKSEED 240TK 96X200ML,1.582,ml
2025-05,2025-09,725949,PA SECRETS BLACKSEED 240TK 96X200ML,1.89,tm
2025-06,2025-09,725949,PA SECRETS BLACKSEED 240TK 96X200ML,0.650266667,ml
2025-06,2025-09,725949,PA SECRETS BLACKSEED 240TK 96X200ML,2.3,tm
2025-07,2025-09,725949,PA SECRETS BLACKSEED 240TK 96X200ML,0.836533333,ml
2025-07,2025-09,725949,PA SECRETS BLACKSEED 240TK 96X200ML,2.3,tm
2025-08,2025-09,725949,PA SECRETS BLACKSEED 240TK 96X200ML,1.568066667,ml
2025-08,2025-09,725949,PA SECRETS BLACKSEED 240TK 96X200ML,1.55,tm
2025-05,2025-10,725949,PA SECRETS BLACKSEED 240TK 96X200ML,1.582,ml
2025-05,2025-10,725949,PA SECRETS BLACKSEED 240TK 96X200ML,1.6,tm
2025-06,2025-10,725949,PA SECRETS BLACKSEED 240TK 96X200ML,0.650266667,ml
2025-06,2025-10,725949,PA SECRETS BLACKSEED 240TK 96X200ML,1.598552005,tm
2025-07,2025-10,725949,PA SECRETS BLACKSEED 240TK 96X200ML,0.836533333,ml
2025-07,2025-10,725949,PA SECRETS BLACKSEED 240TK 96X200ML,1.598552005,tm
2025-08,2025-10,725949,PA SECRETS BLACKSEED 240TK 96X200ML,1.568066667,ml
2025-08,2025-10,725949,PA SECRETS BLACKSEED 240TK 96X200ML,1.598552005,tm
2025-09,2025-10,725949,PA SECRETS BLACKSEED 240TK 96X200ML,1.5128,ml
2025-09,2025-10,725949,PA SECRETS BLACKSEED 240TK 96X200ML,3.298552005,tm
2025-06,2025-11,725949,PA SECRETS BLACKSEED 240TK 96X200ML,0.650266667,ml
2025-06,2025-11,725949,PA SECRETS BLACKSEED 240TK 96X200ML,1.740684661,tm
2025-07,2025-11,725949,PA SECRETS BLACKSEED 240TK 96X200ML,0.836533333,ml
2025-07,2025-11,725949,PA SECRETS BLACKSEED 240TK 96X200ML,1.740684661,tm
2025-08,2025-11,725949,PA SECRETS BLACKSEED 240TK 96X200ML,1.568066667,ml
2025-08,2025-11,725949,PA SECRETS BLACKSEED 240TK 96X200ML,1.740684661,tm
2025-09,2025-11,725949,PA SECRETS BLACKSEED 240TK 96X200ML,1.5128,ml
2025-09,2025-11,725949,PA SECRETS BLACKSEED 240TK 96X200ML,1.340684661,tm
2025-10,2025-11,725949,PA SECRETS BLACKSEED 240TK 96X200ML,1.362466333,ml
2025-10,2025-11,725949,PA SECRETS BLACKSEED 240TK 96X200ML,3.068106126,tm
2025-07,2025-12,725949,PA SECRETS BLACKSEED 240TK 96X200ML,0.836533333,ml
2025-07,2025-12,725949,PA SECRETS BLACKSEED 240TK 96X200ML,2.25,tm
2025-08,2025-12,725949,PA SECRETS BLACKSEED 240TK 96X200ML,1.568066667,ml
2025-08,2025-12,725949,PA SECRETS BLACKSEED 240TK 96X200ML,2.25,tm
2025-09,2025-12,725949,PA SECRETS BLACKSEED 240TK 96X200ML,1.5128,ml
2025-09,2025-12,725949,PA SECRETS BLACKSEED 240TK 96X200ML,1.968128381,tm
2025-10,2025-12,725949,PA SECRETS BLACKSEED 240TK 96X200ML,1.362466333,ml
2025-10,2025-12,725949,PA SECRETS BLACKSEED 240TK 96X200ML,1.968128381,tm
2025-11,2025-12,725949,PA SECRETS BLACKSEED 240TK 96X200ML,0.458733,ml
2025-11,2025-12,725949,PA SECRETS BLACKSEED 240TK 96X200ML,3.6736,tm
2025-08,2026-01,725949,PA SECRETS BLACKSEED 240TK 96X200ML,1.568066667,ml
2025-08,2026-01,725949,PA SECRETS BLACKSEED 240TK 96X200ML,1.42,tm
2025-09,2026-01,725949,PA SECRETS BLACKSEED 240TK 96X200ML,1.5128,ml
2025-09,2026-01,725949,PA SECRETS BLACKSEED 240TK 96X200ML,1.425171212,tm
2025-10,2026-01,725949,PA SECRETS BLACKSEED 240TK 96X200ML,1.362466333,ml
2025-10,2026-01,725949,PA SECRETS BLACKSEED 240TK 96X200ML,1.425171212,tm
2025-11,2026-01,725949,PA SECRETS BLACKSEED 240TK 96X200ML,0.458733,ml
2025-11,2026-01,725949,PA SECRETS BLACKSEED 240TK 96X200ML,1.125171212,tm
2025-12,2026-01,725949,PA SECRETS BLACKSEED 240TK 96X200ML,0.579933,ml
2025-12,2026-01,725949,PA SECRETS BLACKSEED 240TK 96X200ML,1.125171212,tm
2025-09,2026-02,725949,PA SECRETS BLACKSEED 240TK 96X200ML,1.5128,ml
2025-09,2026-02,725949,PA SECRETS BLACKSEED 240TK 96X200ML,1.897687922,tm
2025-10,2026-02,725949,PA SECRETS BLACKSEED 240TK 96X200ML,1.362466333,ml
2025-10,2026-02,725949,PA SECRETS BLACKSEED 240TK 96X200ML,1.897687922,tm
2025-11,2026-02,725949,PA SECRETS BLACKSEED 240TK 96X200ML,0.458733,ml
2025-11,2026-02,725949,PA SECRETS BLACKSEED 240TK 96X200ML,3.6736,tm
2025-12,2026-02,725949,PA SECRETS BLACKSEED 240TK 96X200ML,0.579933,ml
2025-12,2026-02,725949,PA SECRETS BLACKSEED 240TK 96X200ML,3.6736,tm
2026-01,2026-02,725949,PA SECRETS BLACKSEED 240TK 96X200ML,3.6736,tm
2025-10,2026-03,725949,PA SECRETS BLACKSEED 240TK 96X200ML,1.362466333,ml
2025-10,2026-03,725949,PA SECRETS BLACKSEED 240TK 96X200ML,2.300461853,tm
2025-11,2026-03,725949,PA SECRETS BLACKSEED 240TK 96X200ML,0.458733,ml
2025-11,2026-03,725949,PA SECRETS BLACKSEED 240TK 96X200ML,2.300461853,tm
2025-12,2026-03,725949,PA SECRETS BLACKSEED 240TK 96X200ML,0.579933,ml
2025-12,2026-03,725949,PA SECRETS BLACKSEED 240TK 96X200ML,2.300461853,tm
2026-01,2026-03,725949,PA SECRETS BLACKSEED 240TK 96X200ML,2.300461853,tm
2026-02,2026-03,725949,PA SECRETS BLACKSEED 240TK 96X200ML,1.2618,ml
2026-02,2026-03,725949,PA SECRETS BLACKSEED 240TK 96X200ML,3.6736,tm
2025-11,2026-04,725949,PA SECRETS BLACKSEED 240TK 96X200ML,0.458733,ml
2025-11,2026-04,725949,PA SECRETS BLACKSEED 240TK 96X200ML,2.244449459,tm
2025-12,2026-04,725949,PA SECRETS BLACKSEED 240TK 96X200ML,0.579933,ml
2025-12,2026-04,725949,PA SECRETS BLACKSEED 240TK 96X200ML,1.3,tm
2026-01,2026-04,725949,PA SECRETS BLACKSEED 240TK 96X200ML,1.3,tm
2026-02,2026-04,725949,PA SECRETS BLACKSEED 240TK 96X200ML,1.2618,ml
2026-02,2026-04,725949,PA SECRETS BLACKSEED 240TK 96X200ML,1.6,tm
2026-03,2026-04,725949,PA SECRETS BLACKSEED 240TK 96X200ML,1.163933333,ml
2026-03,2026-04,725949,PA SECRETS BLACKSEED 240TK 96X200ML,1.6,tm
2025-12,2026-05,725949,PA SECRETS BLACKSEED 240TK 96X200ML,0.579933,ml
2025-12,2026-05,725949,PA SECRETS BLACKSEED 240TK 96X200ML,1.4,tm
2026-01,2026-05,725949,PA SECRETS BLACKSEED 240TK 96X200ML,1.4,tm
2026-02,2026-05,725949,PA SECRETS BLACKSEED 240TK 96X200ML,1.2618,ml
2026-02,2026-05,725949,PA SECRETS BLACKSEED 240TK 96X200ML,1.6,tm
2026-03,2026-05,725949,PA SECRETS BLACKSEED 240TK 96X200ML,1.163933333,ml
2026-03,2026-05,725949,PA SECRETS BLACKSEED 240TK 96X200ML,1.3,tm
2026-04,2026-05,725949,PA SECRETS BLACKSEED 240TK 96X200ML,1.649599667,ml
2026-04,2026-05,725949,PA SECRETS BLACKSEED 240TK 96X200ML,1.3,tm
2026-01,2026-06,725949,PA SECRETS BLACKSEED 240TK 96X200ML,2.706012394,tm
2026-02,2026-06,725949,PA SECRETS BLACKSEED 240TK 96X200ML,1.2618,ml
2026-02,2026-06,725949,PA SECRETS BLACKSEED 240TK 96X200ML,2.98,tm
2026-03,2026-06,725949,PA SECRETS BLACKSEED 240TK 96X200ML,1.163933333,ml
2026-03,2026-06,725949,PA SECRETS BLACKSEED 240TK 96X200ML,2.8,tm
2026-04,2026-06,725949,PA SECRETS BLACKSEED 240TK 96X200ML,1.649599667,ml
2026-04,2026-06,725949,PA SECRETS BLACKSEED 240TK 96X200ML,2.8,tm
2026-05,2026-06,725949,PA SECRETS BLACKSEED 240TK 96X200ML,0.935066667,ml
2026-05,2026-06,725949,PA SECRETS BLACKSEED 240TK 96X200ML,1.1,tm
2026-02,2026-07,725949,PA SECRETS BLACKSEED 240TK 96X200ML,1.2618,ml
2026-02,2026-07,725949,PA SECRETS BLACKSEED 240TK 96X200ML,1.15,tm
2026-03,2026-07,725949,PA SECRETS BLACKSEED 240TK 96X200ML,1.163933333,ml
2026-03,2026-07,725949,PA SECRETS BLACKSEED 240TK 96X200ML,1.15,tm
2026-04,2026-07,725949,PA SECRETS BLACKSEED 240TK 96X200ML,1.649599667,ml
2026-04,2026-07,725949,PA SECRETS BLACKSEED 240TK 96X200ML,1.1,tm
2026-05,2026-07,725949,PA SECRETS BLACKSEED 240TK 96X200ML,0.935066667,ml
2026-05,2026-07,725949,PA SECRETS BLACKSEED 240TK 96X200ML,2.8,tm
2026-06,2026-07,725949,PA SECRETS BLACKSEED 240TK 96X200ML,1.047666667,ml
2026-06,2026-07,725949,PA SECRETS BLACKSEED 240TK 96X200ML,2.0,tm
2026-03,2026-08,725949,PA SECRETS BLACKSEED 240TK 96X200ML,1.163933333,ml
2026-03,2026-08,725949,PA SECRETS BLACKSEED 240TK 96X200ML,1.0,tm
2026-04,2026-08,725949,PA SECRETS BLACKSEED 240TK 96X200ML,1.649599667,ml
2026-04,2026-08,725949,PA SECRETS BLACKSEED 240TK 96X200ML,1.1,tm
2026-05,2026-08,725949,PA SECRETS BLACKSEED 240TK 96X200ML,0.935066667,ml
2026-05,2026-08,725949,PA SECRETS BLACKSEED 240TK 96X200ML,1.1,tm
2026-06,2026-08,725949,PA SECRETS BLACKSEED 240TK 96X200ML,1.047666667,ml
2026-06,2026-08,725949,PA SECRETS BLACKSEED 240TK 96X200ML,1.0,tm
2026-07,2026-08,725949,PA SECRETS BLACKSEED 240TK 96X200ML,1.565866667,ml
2026-07,2026-08,725949,PA SECRETS BLACKSEED 240TK 96X200ML,1.0,tm
2026-04,2026-09,725949,PA SECRETS BLACKSEED 240TK 96X200ML,1.649599667,ml
2026-04,2026-09,725949,PA SECRETS BLACKSEED 240TK 96X200ML,2.4,tm
2026-05,2026-09,725949,PA SECRETS BLACKSEED 240TK 96X200ML,0.935066667,ml
2026-05,2026-09,725949,PA SECRETS BLACKSEED 240TK 96X200ML,2.8,tm
2026-06,2026-09,725949,PA SECRETS BLACKSEED 240TK 96X200ML,1.047666667,ml
2026-06,2026-09,725949,PA SECRETS BLACKSEED 240TK 96X200ML,2.0,tm
2026-07,2026-09,725949,PA SECRETS BLACKSEED 240TK 96X200ML,1.565866667,ml
2026-07,2026-09,725949,PA SECRETS BLACKSEED 240TK 96X200ML,2.0,tm
2026-05,2026-10,725949,PA SECRETS BLACKSEED 240TK 96X200ML,0.935066667,ml
2026-05,2026-10,725949,PA SECRETS BLACKSEED 240TK 96X200ML,1.1,tm
2026-06,2026-10,725949,PA SECRETS BLACKSEED 240TK 96X200ML,1.047666667,ml
2026-06,2026-10,725949,PA SECRETS BLACKSEED 240TK 96X200ML,1.0,tm
2026-07,2026-10,725949,PA SECRETS BLACKSEED 240TK 96X200ML,1.565866667,ml
2026-07,2026-10,725949,PA SECRETS BLACKSEED 240TK 96X200ML,1.0,tm
2026-06,2026-11,725949,PA SECRETS BLACKSEED 240TK 96X200ML,1.047666667,ml
2026-06,2026-11,725949,PA SECRETS BLACKSEED 240TK 96X200ML,0.8,tm
2026-07,2026-11,725949,PA SECRETS BLACKSEED 240TK 96X200ML,1.565866667,ml
2026-07,2026-11,725949,PA SECRETS BLACKSEED 240TK 96X200ML,0.8,tm
2026-07,2026-12,725949,PA SECRETS BLACKSEED 240TK 96X200ML,1.565866667,ml
2026-07,2026-12,725949,PA SECRETS BLACKSEED 240TK 96X200ML,1.0,tm
2025-04,2025-05,726121,PA BELI MULTIVITAMIN 200TK 96X200ML,2.3268,ml
2025-04,2025-05,726121,PA BELI MULTIVITAMIN 200TK 96X200ML,6.0,tm
2025-04,2025-06,726121,PA BELI MULTIVITAMIN 200TK 96X200ML,2.3268,ml
2025-04,2025-06,726121,PA BELI MULTIVITAMIN 200TK 96X200ML,4.0,tm
2025-05,2025-06,726121,PA BELI MULTIVITAMIN 200TK 96X200ML,1.647866667,ml
2025-05,2025-06,726121,PA BELI MULTIVITAMIN 200TK 96X200ML,4.0,tm
2025-04,2025-07,726121,PA BELI MULTIVITAMIN 200TK 96X200ML,2.3268,ml
2025-04,2025-07,726121,PA BELI MULTIVITAMIN 200TK 96X200ML,4.0,tm
2025-05,2025-07,726121,PA BELI MULTIVITAMIN 200TK 96X200ML,1.647866667,ml
2025-05,2025-07,726121,PA BELI MULTIVITAMIN 200TK 96X200ML,4.0,tm
2025-06,2025-07,726121,PA BELI MULTIVITAMIN 200TK 96X200ML,1.605733333,ml
2025-06,2025-07,726121,PA BELI MULTIVITAMIN 200TK 96X200ML,4.0,tm
2025-04,2025-08,726121,PA BELI MULTIVITAMIN 200TK 96X200ML,2.3268,ml
2025-04,2025-08,726121,PA BELI MULTIVITAMIN 200TK 96X200ML,8.0,tm
2025-05,2025-08,726121,PA BELI MULTIVITAMIN 200TK 96X200ML,1.647866667,ml
2025-05,2025-08,726121,PA BELI MULTIVITAMIN 200TK 96X200ML,8.0,tm
2025-06,2025-08,726121,PA BELI MULTIVITAMIN 200TK 96X200ML,1.605733333,ml
2025-06,2025-08,726121,PA BELI MULTIVITAMIN 200TK 96X200ML,8.0,tm
2025-07,2025-08,726121,PA BELI MULTIVITAMIN 200TK 96X200ML,1.1822,ml
2025-07,2025-08,726121,PA BELI MULTIVITAMIN 200TK 96X200ML,8.0,tm
2025-04,2025-09,726121,PA BELI MULTIVITAMIN 200TK 96X200ML,2.3268,ml
2025-04,2025-09,726121,PA BELI MULTIVITAMIN 200TK 96X200ML,3.0,tm
2025-05,2025-09,726121,PA BELI MULTIVITAMIN 200TK 96X200ML,1.647866667,ml
2025-05,2025-09,726121,PA BELI MULTIVITAMIN 200TK 96X200ML,3.0,tm
2025-06,2025-09,726121,PA BELI MULTIVITAMIN 200TK 96X200ML,1.605733333,ml
2025-06,2025-09,726121,PA BELI MULTIVITAMIN 200TK 96X200ML,3.0,tm
2025-07,2025-09,726121,PA BELI MULTIVITAMIN 200TK 96X200ML,1.1822,ml
2025-07,2025-09,726121,PA BELI MULTIVITAMIN 200TK 96X200ML,3.0,tm
2025-08,2025-09,726121,PA BELI MULTIVITAMIN 200TK 96X200ML,1.379666667,ml
2025-08,2025-09,726121,PA BELI MULTIVITAMIN 200TK 96X200ML,5.0,tm
2025-05,2025-10,726121,PA BELI MULTIVITAMIN 200TK 96X200ML,1.647866667,ml
2025-05,2025-10,726121,PA BELI MULTIVITAMIN 200TK 96X200ML,6.0,tm
2025-06,2025-10,726121,PA BELI MULTIVITAMIN 200TK 96X200ML,1.605733333,ml
2025-06,2025-10,726121,PA BELI MULTIVITAMIN 200TK 96X200ML,6.0,tm
2025-07,2025-10,726121,PA BELI MULTIVITAMIN 200TK 96X200ML,1.1822,ml
2025-07,2025-10,726121,PA BELI MULTIVITAMIN 200TK 96X200ML,6.0,tm
2025-08,2025-10,726121,PA BELI MULTIVITAMIN 200TK 96X200ML,1.379666667,ml
2025-08,2025-10,726121,PA BELI MULTIVITAMIN 200TK 96X200ML,6.0,tm
2025-09,2025-10,726121,PA BELI MULTIVITAMIN 200TK 96X200ML,3.024,ml
2025-09,2025-10,726121,PA BELI MULTIVITAMIN 200TK 96X200ML,6.030816,tm
2025-06,2025-11,726121,PA BELI MULTIVITAMIN 200TK 96X200ML,1.605733333,ml
2025-06,2025-11,726121,PA BELI MULTIVITAMIN 200TK 96X200ML,6.0,tm
2025-07,2025-11,726121,PA BELI MULTIVITAMIN 200TK 96X200ML,1.1822,ml
2025-07,2025-11,726121,PA BELI MULTIVITAMIN 200TK 96X200ML,6.0,tm
2025-08,2025-11,726121,PA BELI MULTIVITAMIN 200TK 96X200ML,1.379666667,ml
2025-08,2025-11,726121,PA BELI MULTIVITAMIN 200TK 96X200ML,6.0,tm
2025-09,2025-11,726121,PA BELI MULTIVITAMIN 200TK 96X200ML,3.024,ml
2025-09,2025-11,726121,PA BELI MULTIVITAMIN 200TK 96X200ML,6.0338976,tm
2025-10,2025-11,726121,PA BELI MULTIVITAMIN 200TK 96X200ML,3.4108,ml
2025-10,2025-11,726121,PA BELI MULTIVITAMIN 200TK 96X200ML,6.0338976,tm
2025-07,2025-12,726121,PA BELI MULTIVITAMIN 200TK 96X200ML,1.1822,ml
2025-07,2025-12,726121,PA BELI MULTIVITAMIN 200TK 96X200ML,6.0,tm
2025-08,2025-12,726121,PA BELI MULTIVITAMIN 200TK 96X200ML,1.379666667,ml
2025-08,2025-12,726121,PA BELI MULTIVITAMIN 200TK 96X200ML,6.0,tm
2025-09,2025-12,726121,PA BELI MULTIVITAMIN 200TK 96X200ML,3.024,ml
2025-09,2025-12,726121,PA BELI MULTIVITAMIN 200TK 96X200ML,6.03050784,tm
2025-10,2025-12,726121,PA BELI MULTIVITAMIN 200TK 96X200ML,3.4108,ml
2025-10,2025-12,726121,PA BELI MULTIVITAMIN 200TK 96X200ML,6.03050784,tm
2025-11,2025-12,726121,PA BELI MULTIVITAMIN 200TK 96X200ML,3.439133333,ml
2025-11,2025-12,726121,PA BELI MULTIVITAMIN 200TK 96X200ML,6.0,tm
2025-08,2026-01,726121,PA BELI MULTIVITAMIN 200TK 96X200ML,1.379666667,ml
2025-08,2026-01,726121,PA BELI MULTIVITAMIN 200TK 96X200ML,4.002,tm
2025-09,2026-01,726121,PA BELI MULTIVITAMIN 200TK 96X200ML,3.024,ml
2025-09,2026-01,726121,PA BELI MULTIVITAMIN 200TK 96X200ML,4.018304704,tm
2025-10,2026-01,726121,PA BELI MULTIVITAMIN 200TK 96X200ML,3.4108,ml
2025-10,2026-01,726121,PA BELI MULTIVITAMIN 200TK 96X200ML,4.018304704,tm
2025-11,2026-01,726121,PA BELI MULTIVITAMIN 200TK 96X200ML,3.439133333,ml
2025-11,2026-01,726121,PA BELI MULTIVITAMIN 200TK 96X200ML,4.0,tm
2025-12,2026-01,726121,PA BELI MULTIVITAMIN 200TK 96X200ML,1.668133333,ml
2025-12,2026-01,726121,PA BELI MULTIVITAMIN 200TK 96X200ML,4.0,tm
2025-09,2026-02,726121,PA BELI MULTIVITAMIN 200TK 96X200ML,3.024,ml
2025-09,2026-02,726121,PA BELI MULTIVITAMIN 200TK 96X200ML,4.020135174,tm
2025-10,2026-02,726121,PA BELI MULTIVITAMIN 200TK 96X200ML,3.4108,ml
2025-10,2026-02,726121,PA BELI MULTIVITAMIN 200TK 96X200ML,4.020135174,tm
2025-11,2026-02,726121,PA BELI MULTIVITAMIN 200TK 96X200ML,3.439133333,ml
2025-11,2026-02,726121,PA BELI MULTIVITAMIN 200TK 96X200ML,4.0,tm
2025-12,2026-02,726121,PA BELI MULTIVITAMIN 200TK 96X200ML,1.668133333,ml
2025-12,2026-02,726121,PA BELI MULTIVITAMIN 200TK 96X200ML,4.0,tm
2026-01,2026-02,726121,PA BELI MULTIVITAMIN 200TK 96X200ML,4.0,tm
2025-10,2026-03,726121,PA BELI MULTIVITAMIN 200TK 96X200ML,3.4108,ml
2025-10,2026-03,726121,PA BELI MULTIVITAMIN 200TK 96X200ML,6.020135174,tm
2025-11,2026-03,726121,PA BELI MULTIVITAMIN 200TK 96X200ML,3.439133333,ml
2025-11,2026-03,726121,PA BELI MULTIVITAMIN 200TK 96X200ML,6.0,tm
2025-12,2026-03,726121,PA BELI MULTIVITAMIN 200TK 96X200ML,1.668133333,ml
2025-12,2026-03,726121,PA BELI MULTIVITAMIN 200TK 96X200ML,6.0,tm
2026-01,2026-03,726121,PA BELI MULTIVITAMIN 200TK 96X200ML,6.0,tm
2026-02,2026-03,726121,PA BELI MULTIVITAMIN 200TK 96X200ML,1.225866667,ml
2026-02,2026-03,726121,PA BELI MULTIVITAMIN 200TK 96X200ML,6.0,tm
2025-11,2026-04,726121,PA BELI MULTIVITAMIN 200TK 96X200ML,3.439133333,ml
2025-11,2026-04,726121,PA BELI MULTIVITAMIN 200TK 96X200ML,4.0,tm
2025-12,2026-04,726121,PA BELI MULTIVITAMIN 200TK 96X200ML,1.668133333,ml
2025-12,2026-04,726121,PA BELI MULTIVITAMIN 200TK 96X200ML,5.200135174,tm
2026-01,2026-04,726121,PA BELI MULTIVITAMIN 200TK 96X200ML,3.650135174,tm
2026-02,2026-04,726121,PA BELI MULTIVITAMIN 200TK 96X200ML,1.225866667,ml
2026-02,2026-04,726121,PA BELI MULTIVITAMIN 200TK 96X200ML,3.85,tm
2026-03,2026-04,726121,PA BELI MULTIVITAMIN 200TK 96X200ML,1.187333333,ml
2026-03,2026-04,726121,PA BELI MULTIVITAMIN 200TK 96X200ML,2.5,tm
2025-12,2026-05,726121,PA BELI MULTIVITAMIN 200TK 96X200ML,1.668133333,ml
2025-12,2026-05,726121,PA BELI MULTIVITAMIN 200TK 96X200ML,8.0,tm
2026-01,2026-05,726121,PA BELI MULTIVITAMIN 200TK 96X200ML,5.300135174,tm
2026-02,2026-05,726121,PA BELI MULTIVITAMIN 200TK 96X200ML,1.225866667,ml
2026-02,2026-05,726121,PA BELI MULTIVITAMIN 200TK 96X200ML,6.05,tm
2026-03,2026-05,726121,PA BELI MULTIVITAMIN 200TK 96X200ML,1.187333333,ml
2026-03,2026-05,726121,PA BELI MULTIVITAMIN 200TK 96X200ML,4.5,tm
2026-04,2026-05,726121,PA BELI MULTIVITAMIN 200TK 96X200ML,1.522533333,ml
2026-04,2026-05,726121,PA BELI MULTIVITAMIN 200TK 96X200ML,4.5,tm
2026-01,2026-06,726121,PA BELI MULTIVITAMIN 200TK 96X200ML,3.650135174,tm
2026-02,2026-06,726121,PA BELI MULTIVITAMIN 200TK 96X200ML,1.225866667,ml
2026-02,2026-06,726121,PA BELI MULTIVITAMIN 200TK 96X200ML,3.5,tm
2026-03,2026-06,726121,PA BELI MULTIVITAMIN 200TK 96X200ML,1.187333333,ml
2026-03,2026-06,726121,PA BELI MULTIVITAMIN 200TK 96X200ML,2.5,tm
2026-04,2026-06,726121,PA BELI MULTIVITAMIN 200TK 96X200ML,1.522533333,ml
2026-04,2026-06,726121,PA BELI MULTIVITAMIN 200TK 96X200ML,2.5,tm
2026-05,2026-06,726121,PA BELI MULTIVITAMIN 200TK 96X200ML,1.0118,ml
2026-05,2026-06,726121,PA BELI MULTIVITAMIN 200TK 96X200ML,2.5,tm
2026-02,2026-07,726121,PA BELI MULTIVITAMIN 200TK 96X200ML,1.225866667,ml
2026-02,2026-07,726121,PA BELI MULTIVITAMIN 200TK 96X200ML,4.0,tm
2026-03,2026-07,726121,PA BELI MULTIVITAMIN 200TK 96X200ML,1.187333333,ml
2026-03,2026-07,726121,PA BELI MULTIVITAMIN 200TK 96X200ML,2.0,tm
2026-04,2026-07,726121,PA BELI MULTIVITAMIN 200TK 96X200ML,1.522533333,ml
2026-04,2026-07,726121,PA BELI MULTIVITAMIN 200TK 96X200ML,2.0,tm
2026-05,2026-07,726121,PA BELI MULTIVITAMIN 200TK 96X200ML,1.0118,ml
2026-05,2026-07,726121,PA BELI MULTIVITAMIN 200TK 96X200ML,3.3,tm
2026-06,2026-07,726121,PA BELI MULTIVITAMIN 200TK 96X200ML,1.247,ml
2026-06,2026-07,726121,PA BELI MULTIVITAMIN 200TK 96X200ML,3.3,tm
2026-03,2026-08,726121,PA BELI MULTIVITAMIN 200TK 96X200ML,1.187333333,ml
2026-03,2026-08,726121,PA BELI MULTIVITAMIN 200TK 96X200ML,3.5,tm
2026-04,2026-08,726121,PA BELI MULTIVITAMIN 200TK 96X200ML,1.522533333,ml
2026-04,2026-08,726121,PA BELI MULTIVITAMIN 200TK 96X200ML,3.5,tm
2026-05,2026-08,726121,PA BELI MULTIVITAMIN 200TK 96X200ML,1.0118,ml
2026-05,2026-08,726121,PA BELI MULTIVITAMIN 200TK 96X200ML,3.0,tm
2026-06,2026-08,726121,PA BELI MULTIVITAMIN 200TK 96X200ML,1.247,ml
2026-06,2026-08,726121,PA BELI MULTIVITAMIN 200TK 96X200ML,3.0,tm
2026-07,2026-08,726121,PA BELI MULTIVITAMIN 200TK 96X200ML,1.177,ml
2026-07,2026-08,726121,PA BELI MULTIVITAMIN 200TK 96X200ML,3.0,tm
2026-04,2026-09,726121,PA BELI MULTIVITAMIN 200TK 96X200ML,1.522533333,ml
2026-04,2026-09,726121,PA BELI MULTIVITAMIN 200TK 96X200ML,4.0,tm
2026-05,2026-09,726121,PA BELI MULTIVITAMIN 200TK 96X200ML,1.0118,ml
2026-05,2026-09,726121,PA BELI MULTIVITAMIN 200TK 96X200ML,4.0,tm
2026-06,2026-09,726121,PA BELI MULTIVITAMIN 200TK 96X200ML,1.247,ml
2026-06,2026-09,726121,PA BELI MULTIVITAMIN 200TK 96X200ML,4.0,tm
2026-07,2026-09,726121,PA BELI MULTIVITAMIN 200TK 96X200ML,1.177,ml
2026-07,2026-09,726121,PA BELI MULTIVITAMIN 200TK 96X200ML,4.0,tm
2026-05,2026-10,726121,PA BELI MULTIVITAMIN 200TK 96X200ML,1.0118,ml
2026-05,2026-10,726121,PA BELI MULTIVITAMIN 200TK 96X200ML,3.5,tm
2026-06,2026-10,726121,PA BELI MULTIVITAMIN 200TK 96X200ML,1.247,ml
2026-06,2026-10,726121,PA BELI MULTIVITAMIN 200TK 96X200ML,3.5,tm
2026-07,2026-10,726121,PA BELI MULTIVITAMIN 200TK 96X200ML,1.177,ml
2026-07,2026-10,726121,PA BELI MULTIVITAMIN 200TK 96X200ML,3.5,tm
2026-06,2026-11,726121,PA BELI MULTIVITAMIN 200TK 96X200ML,1.247,ml
2026-06,2026-11,726121,PA BELI MULTIVITAMIN 200TK 96X200ML,5.5,tm
2026-07,2026-11,726121,PA BELI MULTIVITAMIN 200TK 96X200ML,1.177,ml
2026-07,2026-11,726121,PA BELI MULTIVITAMIN 200TK 96X200ML,5.5,tm
2026-07,2026-12,726121,PA BELI MULTIVITAMIN 200TK 96X200ML,1.177,ml
2026-07,2026-12,726121,PA BELI MULTIVITAMIN 200TK 96X200ML,4.0,tm
2025-04,2025-05,726286,BELI 15TK 360X18ML,0.09816,ml
2025-04,2025-05,726286,BELI 15TK 360X18ML,1.0,tm
2025-04,2025-06,726286,BELI 15TK 360X18ML,0.09816,ml
2025-04,2025-06,726286,BELI 15TK 360X18ML,1.5,tm
2025-05,2025-06,726286,BELI 15TK 360X18ML,0.089052,ml
2025-05,2025-06,726286,BELI 15TK 360X18ML,1.5,tm
2025-04,2025-07,726286,BELI 15TK 360X18ML,0.09816,ml
2025-04,2025-07,726286,BELI 15TK 360X18ML,1.0,tm
2025-05,2025-07,726286,BELI 15TK 360X18ML,0.089052,ml
2025-05,2025-07,726286,BELI 15TK 360X18ML,1.0,tm
2025-06,2025-07,726286,BELI 15TK 360X18ML,0.178734,ml
2025-06,2025-07,726286,BELI 15TK 360X18ML,1.0,tm
2025-04,2025-08,726286,BELI 15TK 360X18ML,0.09816,ml
2025-04,2025-08,726286,BELI 15TK 360X18ML,1.0,tm
2025-05,2025-08,726286,BELI 15TK 360X18ML,0.089052,ml
2025-05,2025-08,726286,BELI 15TK 360X18ML,1.0,tm
2025-06,2025-08,726286,BELI 15TK 360X18ML,0.178734,ml
2025-06,2025-08,726286,BELI 15TK 360X18ML,1.0,tm
2025-07,2025-08,726286,BELI 15TK 360X18ML,0.309486,ml
2025-07,2025-08,726286,BELI 15TK 360X18ML,1.0,tm
2025-04,2025-09,726286,BELI 15TK 360X18ML,0.09816,ml
2025-04,2025-09,726286,BELI 15TK 360X18ML,1.0,tm
2025-05,2025-09,726286,BELI 15TK 360X18ML,0.089052,ml
2025-05,2025-09,726286,BELI 15TK 360X18ML,1.0,tm
2025-06,2025-09,726286,BELI 15TK 360X18ML,0.178734,ml
2025-06,2025-09,726286,BELI 15TK 360X18ML,1.0,tm
2025-07,2025-09,726286,BELI 15TK 360X18ML,0.309486,ml
2025-07,2025-09,726286,BELI 15TK 360X18ML,1.0,tm
2025-08,2025-09,726286,BELI 15TK 360X18ML,0.405348,ml
2025-08,2025-09,726286,BELI 15TK 360X18ML,3.0,tm
2025-05,2025-10,726286,BELI 15TK 360X18ML,0.089052,ml
2025-05,2025-10,726286,BELI 15TK 360X18ML,1.5,tm
2025-06,2025-10,726286,BELI 15TK 360X18ML,0.178734,ml
2025-06,2025-10,726286,BELI 15TK 360X18ML,1.5,tm
2025-07,2025-10,726286,BELI 15TK 360X18ML,0.309486,ml
2025-07,2025-10,726286,BELI 15TK 360X18ML,1.5,tm
2025-08,2025-10,726286,BELI 15TK 360X18ML,0.405348,ml
2025-08,2025-10,726286,BELI 15TK 360X18ML,1.5,tm
2025-09,2025-10,726286,BELI 15TK 360X18ML,0.438066,ml
2025-09,2025-10,726286,BELI 15TK 360X18ML,1.5,tm
2025-06,2025-11,726286,BELI 15TK 360X18ML,0.178734,ml
2025-06,2025-11,726286,BELI 15TK 360X18ML,1.0,tm
2025-07,2025-11,726286,BELI 15TK 360X18ML,0.309486,ml
2025-07,2025-11,726286,BELI 15TK 360X18ML,1.0,tm
2025-08,2025-11,726286,BELI 15TK 360X18ML,0.405348,ml
2025-08,2025-11,726286,BELI 15TK 360X18ML,1.0,tm
2025-09,2025-11,726286,BELI 15TK 360X18ML,0.438066,ml
2025-09,2025-11,726286,BELI 15TK 360X18ML,1.0,tm
2025-10,2025-11,726286,BELI 15TK 360X18ML,1.054062,ml
2025-10,2025-11,726286,BELI 15TK 360X18ML,1.0,tm
2025-07,2025-12,726286,BELI 15TK 360X18ML,0.309486,ml
2025-07,2025-12,726286,BELI 15TK 360X18ML,1.0,tm
2025-08,2025-12,726286,BELI 15TK 360X18ML,0.405348,ml
2025-08,2025-12,726286,BELI 15TK 360X18ML,1.0,tm
2025-09,2025-12,726286,BELI 15TK 360X18ML,0.438066,ml
2025-09,2025-12,726286,BELI 15TK 360X18ML,1.0,tm
2025-10,2025-12,726286,BELI 15TK 360X18ML,1.054062,ml
2025-10,2025-12,726286,BELI 15TK 360X18ML,1.0,tm
2025-11,2025-12,726286,BELI 15TK 360X18ML,1.571244,ml
2025-11,2025-12,726286,BELI 15TK 360X18ML,1.0,tm
2025-08,2026-01,726286,BELI 15TK 360X18ML,0.405348,ml
2025-08,2026-01,726286,BELI 15TK 360X18ML,1.0,tm
2025-09,2026-01,726286,BELI 15TK 360X18ML,0.438066,ml
2025-09,2026-01,726286,BELI 15TK 360X18ML,1.0,tm
2025-10,2026-01,726286,BELI 15TK 360X18ML,1.054062,ml
2025-10,2026-01,726286,BELI 15TK 360X18ML,1.0,tm
2025-11,2026-01,726286,BELI 15TK 360X18ML,1.571244,ml
2025-11,2026-01,726286,BELI 15TK 360X18ML,1.0,tm
2025-12,2026-01,726286,BELI 15TK 360X18ML,1.577712,ml
2025-12,2026-01,726286,BELI 15TK 360X18ML,0.5,tm
2025-09,2026-02,726286,BELI 15TK 360X18ML,0.438066,ml
2025-09,2026-02,726286,BELI 15TK 360X18ML,1.0,tm
2025-10,2026-02,726286,BELI 15TK 360X18ML,1.054062,ml
2025-10,2026-02,726286,BELI 15TK 360X18ML,1.0,tm
2025-11,2026-02,726286,BELI 15TK 360X18ML,1.571244,ml
2025-11,2026-02,726286,BELI 15TK 360X18ML,1.0,tm
2025-12,2026-02,726286,BELI 15TK 360X18ML,1.577712,ml
2025-12,2026-02,726286,BELI 15TK 360X18ML,3.16051618,tm
2026-01,2026-02,726286,BELI 15TK 360X18ML,3.122486298,tm
2025-10,2026-03,726286,BELI 15TK 360X18ML,1.054062,ml
2025-10,2026-03,726286,BELI 15TK 360X18ML,1.5,tm
2025-11,2026-03,726286,BELI 15TK 360X18ML,1.571244,ml
2025-11,2026-03,726286,BELI 15TK 360X18ML,1.0,tm
2025-12,2026-03,726286,BELI 15TK 360X18ML,1.577712,ml
2025-12,2026-03,726286,BELI 15TK 360X18ML,3.16051618,tm
2026-01,2026-03,726286,BELI 15TK 360X18ML,3.122486298,tm
2026-02,2026-03,726286,BELI 15TK 360X18ML,1.124838,ml
2026-02,2026-03,726286,BELI 15TK 360X18ML,3.143789984,tm
2025-11,2026-04,726286,BELI 15TK 360X18ML,1.571244,ml
2025-11,2026-04,726286,BELI 15TK 360X18ML,1.0,tm
2025-12,2026-04,726286,BELI 15TK 360X18ML,1.577712,ml
2026-02,2026-04,726286,BELI 15TK 360X18ML,1.124838,ml
2026-03,2026-04,726286,BELI 15TK 360X18ML,1.141638,ml
2026-03,2026-04,726286,BELI 15TK 360X18ML,0.960669607,tm
2025-12,2026-05,726286,BELI 15TK 360X18ML,1.577712,ml
2026-02,2026-05,726286,BELI 15TK 360X18ML,1.124838,ml
2026-03,2026-05,726286,BELI 15TK 360X18ML,1.141638,ml
2026-04,2026-05,726286,BELI 15TK 360X18ML,0.810800108,tm
2026-02,2026-06,726286,BELI 15TK 360X18ML,1.124838,ml
2026-03,2026-06,726286,BELI 15TK 360X18ML,1.141638,ml
2026-05,2026-06,726286,BELI 15TK 360X18ML,0.49,tm
2026-02,2026-07,726286,BELI 15TK 360X18ML,1.124838,ml
2026-03,2026-07,726286,BELI 15TK 360X18ML,1.141638,ml
2026-06,2026-07,726286,BELI 15TK 360X18ML,0.528719287,tm
2026-03,2026-08,726286,BELI 15TK 360X18ML,1.141638,ml
2026-07,2026-08,726286,BELI 15TK 360X18ML,0.21,tm
2026-07,2026-09,726286,BELI 15TK 360X18ML,0.21,tm
2025-04,2025-05,726657,JFB TPST GEL OR 100TK 48X45G,0.204375,ml
2025-04,2025-05,726657,JFB TPST GEL OR 100TK 48X45G,0.47,tm
2025-04,2025-06,726657,JFB TPST GEL OR 100TK 48X45G,0.204375,ml
2025-04,2025-06,726657,JFB TPST GEL OR 100TK 48X45G,0.47,tm
2025-05,2025-06,726657,JFB TPST GEL OR 100TK 48X45G,0.21897,ml
2025-05,2025-06,726657,JFB TPST GEL OR 100TK 48X45G,0.47,tm
2025-04,2025-07,726657,JFB TPST GEL OR 100TK 48X45G,0.204375,ml
2025-04,2025-07,726657,JFB TPST GEL OR 100TK 48X45G,1.2,tm
2025-05,2025-07,726657,JFB TPST GEL OR 100TK 48X45G,0.21897,ml
2025-05,2025-07,726657,JFB TPST GEL OR 100TK 48X45G,1.2,tm
2025-06,2025-07,726657,JFB TPST GEL OR 100TK 48X45G,0.231495,ml
2025-06,2025-07,726657,JFB TPST GEL OR 100TK 48X45G,0.8781,tm
2025-04,2025-08,726657,JFB TPST GEL OR 100TK 48X45G,0.204375,ml
2025-04,2025-08,726657,JFB TPST GEL OR 100TK 48X45G,1.16,tm
2025-05,2025-08,726657,JFB TPST GEL OR 100TK 48X45G,0.21897,ml
2025-05,2025-08,726657,JFB TPST GEL OR 100TK 48X45G,1.16,tm
2025-06,2025-08,726657,JFB TPST GEL OR 100TK 48X45G,0.231495,ml
2025-06,2025-08,726657,JFB TPST GEL OR 100TK 48X45G,1.198865,tm
2025-07,2025-08,726657,JFB TPST GEL OR 100TK 48X45G,0.25368,ml
2025-07,2025-08,726657,JFB TPST GEL OR 100TK 48X45G,1.2,tm
2025-04,2025-09,726657,JFB TPST GEL OR 100TK 48X45G,0.204375,ml
2025-04,2025-09,726657,JFB TPST GEL OR 100TK 48X45G,0.58,tm
2025-05,2025-09,726657,JFB TPST GEL OR 100TK 48X45G,0.21897,ml
2025-05,2025-09,726657,JFB TPST GEL OR 100TK 48X45G,0.58,tm
2025-06,2025-09,726657,JFB TPST GEL OR 100TK 48X45G,0.231495,ml
2025-06,2025-09,726657,JFB TPST GEL OR 100TK 48X45G,0.97746,tm
2025-07,2025-09,726657,JFB TPST GEL OR 100TK 48X45G,0.25368,ml
2025-07,2025-09,726657,JFB TPST GEL OR 100TK 48X45G,0.98,tm
2025-08,2025-09,726657,JFB TPST GEL OR 100TK 48X45G,0.26631,ml
2025-08,2025-09,726657,JFB TPST GEL OR 100TK 48X45G,0.61,tm
2025-05,2025-10,726657,JFB TPST GEL OR 100TK 48X45G,0.21897,ml
2025-05,2025-10,726657,JFB TPST GEL OR 100TK 48X45G,0.79,tm
2025-06,2025-10,726657,JFB TPST GEL OR 100TK 48X45G,0.231495,ml
2025-06,2025-10,726657,JFB TPST GEL OR 100TK 48X45G,1.325345,tm
2025-07,2025-10,726657,JFB TPST GEL OR 100TK 48X45G,0.25368,ml
2025-07,2025-10,726657,JFB TPST GEL OR 100TK 48X45G,1.33,tm
2025-08,2025-10,726657,JFB TPST GEL OR 100TK 48X45G,0.26631,ml
2025-08,2025-10,726657,JFB TPST GEL OR 100TK 48X45G,1.33,tm
2025-09,2025-10,726657,JFB TPST GEL OR 100TK 48X45G,0.29928,ml
2025-09,2025-10,726657,JFB TPST GEL OR 100TK 48X45G,0.72,tm
2025-06,2025-11,726657,JFB TPST GEL OR 100TK 48X45G,0.231495,ml
2025-06,2025-11,726657,JFB TPST GEL OR 100TK 48X45G,1.334845,tm
2025-07,2025-11,726657,JFB TPST GEL OR 100TK 48X45G,0.25368,ml
2025-07,2025-11,726657,JFB TPST GEL OR 100TK 48X45G,1.33,tm
2025-08,2025-11,726657,JFB TPST GEL OR 100TK 48X45G,0.26631,ml
2025-08,2025-11,726657,JFB TPST GEL OR 100TK 48X45G,1.33,tm
2025-09,2025-11,726657,JFB TPST GEL OR 100TK 48X45G,0.29928,ml
2025-09,2025-11,726657,JFB TPST GEL OR 100TK 48X45G,0.95,tm
2025-10,2025-11,726657,JFB TPST GEL OR 100TK 48X45G,0.41931,ml
2025-10,2025-11,726657,JFB TPST GEL OR 100TK 48X45G,0.95,tm
2025-07,2025-12,726657,JFB TPST GEL OR 100TK 48X45G,0.25368,ml
2025-07,2025-12,726657,JFB TPST GEL OR 100TK 48X45G,0.73,tm
2025-08,2025-12,726657,JFB TPST GEL OR 100TK 48X45G,0.26631,ml
2025-08,2025-12,726657,JFB TPST GEL OR 100TK 48X45G,0.73,tm
2025-09,2025-12,726657,JFB TPST GEL OR 100TK 48X45G,0.29928,ml
2025-09,2025-12,726657,JFB TPST GEL OR 100TK 48X45G,0.73,tm
2025-10,2025-12,726657,JFB TPST GEL OR 100TK 48X45G,0.41931,ml
2025-10,2025-12,726657,JFB TPST GEL OR 100TK 48X45G,0.73,tm
2025-11,2025-12,726657,JFB TPST GEL OR 100TK 48X45G,0.41103,ml
2025-11,2025-12,726657,JFB TPST GEL OR 100TK 48X45G,1.04885417,tm
2025-08,2026-01,726657,JFB TPST GEL OR 100TK 48X45G,0.26631,ml
2025-08,2026-01,726657,JFB TPST GEL OR 100TK 48X45G,0.63,tm
2025-09,2026-01,726657,JFB TPST GEL OR 100TK 48X45G,0.29928,ml
2025-09,2026-01,726657,JFB TPST GEL OR 100TK 48X45G,0.558063139,tm
2025-10,2026-01,726657,JFB TPST GEL OR 100TK 48X45G,0.41931,ml
2025-10,2026-01,726657,JFB TPST GEL OR 100TK 48X45G,0.558063139,tm
2025-11,2026-01,726657,JFB TPST GEL OR 100TK 48X45G,0.41103,ml
2025-11,2026-01,726657,JFB TPST GEL OR 100TK 48X45G,0.634153767,tm
2025-12,2026-01,726657,JFB TPST GEL OR 100TK 48X45G,0.525045,ml
2025-12,2026-01,726657,JFB TPST GEL OR 100TK 48X45G,0.634153767,tm
2025-09,2026-02,726657,JFB TPST GEL OR 100TK 48X45G,0.29928,ml
2025-09,2026-02,726657,JFB TPST GEL OR 100TK 48X45G,0.651245714,tm
2025-10,2026-02,726657,JFB TPST GEL OR 100TK 48X45G,0.41931,ml
2025-10,2026-02,726657,JFB TPST GEL OR 100TK 48X45G,0.651245714,tm
2025-11,2026-02,726657,JFB TPST GEL OR 100TK 48X45G,0.41103,ml
2025-11,2026-02,726657,JFB TPST GEL OR 100TK 48X45G,0.40827929,tm
2025-12,2026-02,726657,JFB TPST GEL OR 100TK 48X45G,0.525045,ml
2025-12,2026-02,726657,JFB TPST GEL OR 100TK 48X45G,0.40827929,tm
2026-01,2026-02,726657,JFB TPST GEL OR 100TK 48X45G,0.35427929,tm
2025-10,2026-03,726657,JFB TPST GEL OR 100TK 48X45G,0.41931,ml
2025-10,2026-03,726657,JFB TPST GEL OR 100TK 48X45G,0.763038,tm
2025-11,2026-03,726657,JFB TPST GEL OR 100TK 48X45G,0.41103,ml
2025-11,2026-03,726657,JFB TPST GEL OR 100TK 48X45G,0.427392907,tm
2025-12,2026-03,726657,JFB TPST GEL OR 100TK 48X45G,0.525045,ml
2025-12,2026-03,726657,JFB TPST GEL OR 100TK 48X45G,0.427392907,tm
2026-01,2026-03,726657,JFB TPST GEL OR 100TK 48X45G,0.359892907,tm
2026-02,2026-03,726657,JFB TPST GEL OR 100TK 48X45G,0.55344,ml
2026-02,2026-03,726657,JFB TPST GEL OR 100TK 48X45G,0.427392907,tm
2025-11,2026-04,726657,JFB TPST GEL OR 100TK 48X45G,0.41103,ml
2025-11,2026-04,726657,JFB TPST GEL OR 100TK 48X45G,0.427392907,tm
2025-12,2026-04,726657,JFB TPST GEL OR 100TK 48X45G,0.525045,ml
2025-12,2026-04,726657,JFB TPST GEL OR 100TK 48X45G,0.471538125,tm
2026-01,2026-04,726657,JFB TPST GEL OR 100TK 48X45G,0.3878766,tm
2026-02,2026-04,726657,JFB TPST GEL OR 100TK 48X45G,0.55344,ml
2026-02,2026-04,726657,JFB TPST GEL OR 100TK 48X45G,0.437938051,tm
2026-03,2026-04,726657,JFB TPST GEL OR 100TK 48X45G,0.44928,ml
2026-03,2026-04,726657,JFB TPST GEL OR 100TK 48X45G,0.437938051,tm
2025-12,2026-05,726657,JFB TPST GEL OR 100TK 48X45G,0.525045,ml
2025-12,2026-05,726657,JFB TPST GEL OR 100TK 48X45G,0.51436125,tm
2026-01,2026-05,726657,JFB TPST GEL OR 100TK 48X45G,0.5362335,tm
2026-02,2026-05,726657,JFB TPST GEL OR 100TK 48X45G,0.55344,ml
2026-02,2026-05,726657,JFB TPST GEL OR 100TK 48X45G,0.67688074,tm
2026-03,2026-05,726657,JFB TPST GEL OR 100TK 48X45G,0.44928,ml
2026-03,2026-05,726657,JFB TPST GEL OR 100TK 48X45G,0.609192666,tm
2026-04,2026-05,726657,JFB TPST GEL OR 100TK 48X45G,0.361815,ml
2026-04,2026-05,726657,JFB TPST GEL OR 100TK 48X45G,0.609192666,tm
2026-01,2026-06,726657,JFB TPST GEL OR 100TK 48X45G,0.464119875,tm
2026-02,2026-06,726657,JFB TPST GEL OR 100TK 48X45G,0.55344,ml
2026-02,2026-06,726657,JFB TPST GEL OR 100TK 48X45G,0.63,tm
2026-03,2026-06,726657,JFB TPST GEL OR 100TK 48X45G,0.44928,ml
2026-03,2026-06,726657,JFB TPST GEL OR 100TK 48X45G,0.563510925,tm
2026-04,2026-06,726657,JFB TPST GEL OR 100TK 48X45G,0.361815,ml
2026-04,2026-06,726657,JFB TPST GEL OR 100TK 48X45G,0.563510925,tm
2026-05,2026-06,726657,JFB TPST GEL OR 100TK 48X45G,0.272985,ml
2026-05,2026-06,726657,JFB TPST GEL OR 100TK 48X45G,0.688735575,tm
2026-02,2026-07,726657,JFB TPST GEL OR 100TK 48X45G,0.55344,ml
2026-02,2026-07,726657,JFB TPST GEL OR 100TK 48X45G,0.65,tm
2026-03,2026-07,726657,JFB TPST GEL OR 100TK 48X45G,0.44928,ml
2026-03,2026-07,726657,JFB TPST GEL OR 100TK 48X45G,0.588102525,tm
2026-04,2026-07,726657,JFB TPST GEL OR 100TK 48X45G,0.361815,ml
2026-04,2026-07,726657,JFB TPST GEL OR 100TK 48X45G,0.588102525,tm
2026-05,2026-07,726657,JFB TPST GEL OR 100TK 48X45G,0.272985,ml
2026-05,2026-07,726657,JFB TPST GEL OR 100TK 48X45G,0.718791975,tm
2026-06,2026-07,726657,JFB TPST GEL OR 100TK 48X45G,0.24936,ml
2026-06,2026-07,726657,JFB TPST GEL OR 100TK 48X45G,0.718791975,tm
2026-03,2026-08,726657,JFB TPST GEL OR 100TK 48X45G,0.44928,ml
2026-03,2026-08,726657,JFB TPST GEL OR 100TK 48X45G,0.888366893,tm
2026-04,2026-08,726657,JFB TPST GEL OR 100TK 48X45G,0.361815,ml
2026-04,2026-08,726657,JFB TPST GEL OR 100TK 48X45G,0.888366893,tm
2026-05,2026-08,726657,JFB TPST GEL OR 100TK 48X45G,0.272985,ml
2026-05,2026-08,726657,JFB TPST GEL OR 100TK 48X45G,1.085781758,tm
2026-06,2026-08,726657,JFB TPST GEL OR 100TK 48X45G,0.24936,ml
2026-06,2026-08,726657,JFB TPST GEL OR 100TK 48X45G,1.085781758,tm
2026-07,2026-08,726657,JFB TPST GEL OR 100TK 48X45G,0.35268,ml
2026-07,2026-08,726657,JFB TPST GEL OR 100TK 48X45G,0.868625406,tm
2026-04,2026-09,726657,JFB TPST GEL OR 100TK 48X45G,0.361815,ml
2026-04,2026-09,726657,JFB TPST GEL OR 100TK 48X45G,0.42,tm
2026-05,2026-09,726657,JFB TPST GEL OR 100TK 48X45G,0.272985,ml
2026-05,2026-09,726657,JFB TPST GEL OR 100TK 48X45G,0.418610925,tm
2026-06,2026-09,726657,JFB TPST GEL OR 100TK 48X45G,0.24936,ml
2026-06,2026-09,726657,JFB TPST GEL OR 100TK 48X45G,0.418610925,tm
2026-07,2026-09,726657,JFB TPST GEL OR 100TK 48X45G,0.35268,ml
2026-07,2026-09,726657,JFB TPST GEL OR 100TK 48X45G,0.33488874,tm
2026-05,2026-10,726657,JFB TPST GEL OR 100TK 48X45G,0.272985,ml
2026-05,2026-10,726657,JFB TPST GEL OR 100TK 48X45G,1.241323628,tm
2026-06,2026-10,726657,JFB TPST GEL OR 100TK 48X45G,0.24936,ml
2026-06,2026-10,726657,JFB TPST GEL OR 100TK 48X45G,1.241323628,tm
2026-07,2026-10,726657,JFB TPST GEL OR 100TK 48X45G,0.35268,ml
2026-07,2026-10,726657,JFB TPST GEL OR 100TK 48X45G,0.993058902,tm
2026-06,2026-11,726657,JFB TPST GEL OR 100TK 48X45G,0.24936,ml
2026-06,2026-11,726657,JFB TPST GEL OR 100TK 48X45G,0.5,tm
2026-07,2026-11,726657,JFB TPST GEL OR 100TK 48X45G,0.35268,ml
2026-07,2026-11,726657,JFB TPST GEL OR 100TK 48X45G,0.66193782,tm
2026-07,2026-12,726657,JFB TPST GEL OR 100TK 48X45G,0.35268,ml
2026-07,2026-12,726657,JFB TPST GEL OR 100TK 48X45G,0.844554749,tm
2025-04,2025-05,726658,JFB TPST GEL MNG 100TK 48X45G,0.167655,ml
2025-04,2025-05,726658,JFB TPST GEL MNG 100TK 48X45G,0.66,tm
2025-04,2025-06,726658,JFB TPST GEL MNG 100TK 48X45G,0.167655,ml
2025-04,2025-06,726658,JFB TPST GEL MNG 100TK 48X45G,0.66,tm
2025-05,2025-06,726658,JFB TPST GEL MNG 100TK 48X45G,0.1767,ml
2025-05,2025-06,726658,JFB TPST GEL MNG 100TK 48X45G,0.66,tm
2025-04,2025-07,726658,JFB TPST GEL MNG 100TK 48X45G,0.167655,ml
2025-04,2025-07,726658,JFB TPST GEL MNG 100TK 48X45G,1.3,tm
2025-05,2025-07,726658,JFB TPST GEL MNG 100TK 48X45G,0.1767,ml
2025-05,2025-07,726658,JFB TPST GEL MNG 100TK 48X45G,1.3,tm
2025-06,2025-07,726658,JFB TPST GEL MNG 100TK 48X45G,0.17025,ml
2025-06,2025-07,726658,JFB TPST GEL MNG 100TK 48X45G,0.797335,tm
2025-04,2025-08,726658,JFB TPST GEL MNG 100TK 48X45G,0.167655,ml
2025-04,2025-08,726658,JFB TPST GEL MNG 100TK 48X45G,1.59,tm
2025-05,2025-08,726658,JFB TPST GEL MNG 100TK 48X45G,0.1767,ml
2025-05,2025-08,726658,JFB TPST GEL MNG 100TK 48X45G,1.59,tm
2025-06,2025-08,726658,JFB TPST GEL MNG 100TK 48X45G,0.17025,ml
2025-06,2025-08,726658,JFB TPST GEL MNG 100TK 48X45G,0.878865,tm
2025-07,2025-08,726658,JFB TPST GEL MNG 100TK 48X45G,0.19797,ml
2025-07,2025-08,726658,JFB TPST GEL MNG 100TK 48X45G,0.88,tm
2025-04,2025-09,726658,JFB TPST GEL MNG 100TK 48X45G,0.167655,ml
2025-04,2025-09,726658,JFB TPST GEL MNG 100TK 48X45G,0.92,tm
2025-05,2025-09,726658,JFB TPST GEL MNG 100TK 48X45G,0.1767,ml
2025-05,2025-09,726658,JFB TPST GEL MNG 100TK 48X45G,0.92,tm
2025-06,2025-09,726658,JFB TPST GEL MNG 100TK 48X45G,0.17025,ml
2025-06,2025-09,726658,JFB TPST GEL MNG 100TK 48X45G,0.62134,tm
2025-07,2025-09,726658,JFB TPST GEL MNG 100TK 48X45G,0.19797,ml
2025-07,2025-09,726658,JFB TPST GEL MNG 100TK 48X45G,0.62,tm
2025-08,2025-09,726658,JFB TPST GEL MNG 100TK 48X45G,0.206715,ml
2025-08,2025-09,726658,JFB TPST GEL MNG 100TK 48X45G,0.39,tm
2025-05,2025-10,726658,JFB TPST GEL MNG 100TK 48X45G,0.1767,ml
2025-05,2025-10,726658,JFB TPST GEL MNG 100TK 48X45G,0.99,tm
2025-06,2025-10,726658,JFB TPST GEL MNG 100TK 48X45G,0.17025,ml
2025-06,2025-10,726658,JFB TPST GEL MNG 100TK 48X45G,0.72349,tm
2025-07,2025-10,726658,JFB TPST GEL MNG 100TK 48X45G,0.19797,ml
2025-07,2025-10,726658,JFB TPST GEL MNG 100TK 48X45G,0.72,tm
2025-08,2025-10,726658,JFB TPST GEL MNG 100TK 48X45G,0.206715,ml
2025-08,2025-10,726658,JFB TPST GEL MNG 100TK 48X45G,0.72,tm
2025-09,2025-10,726658,JFB TPST GEL MNG 100TK 48X45G,0.228435,ml
2025-09,2025-10,726658,JFB TPST GEL MNG 100TK 48X45G,1.33,tm
2025-06,2025-11,726658,JFB TPST GEL MNG 100TK 48X45G,0.17025,ml
2025-06,2025-11,726658,JFB TPST GEL MNG 100TK 48X45G,0.949915,tm
2025-07,2025-11,726658,JFB TPST GEL MNG 100TK 48X45G,0.19797,ml
2025-07,2025-11,726658,JFB TPST GEL MNG 100TK 48X45G,0.95,tm
2025-08,2025-11,726658,JFB TPST GEL MNG 100TK 48X45G,0.206715,ml
2025-08,2025-11,726658,JFB TPST GEL MNG 100TK 48X45G,0.95,tm
2025-09,2025-11,726658,JFB TPST GEL MNG 100TK 48X45G,0.228435,ml
2025-09,2025-11,726658,JFB TPST GEL MNG 100TK 48X45G,1.33,tm
2025-10,2025-11,726658,JFB TPST GEL MNG 100TK 48X45G,0.289575,ml
2025-10,2025-11,726658,JFB TPST GEL MNG 100TK 48X45G,1.33,tm
2025-07,2025-12,726658,JFB TPST GEL MNG 100TK 48X45G,0.19797,ml
2025-07,2025-12,726658,JFB TPST GEL MNG 100TK 48X45G,0.99,tm
2025-08,2025-12,726658,JFB TPST GEL MNG 100TK 48X45G,0.206715,ml
2025-08,2025-12,726658,JFB TPST GEL MNG 100TK 48X45G,0.99,tm
2025-09,2025-12,726658,JFB TPST GEL MNG 100TK 48X45G,0.228435,ml
2025-09,2025-12,726658,JFB TPST GEL MNG 100TK 48X45G,0.99,tm
2025-10,2025-12,726658,JFB TPST GEL MNG 100TK 48X45G,0.289575,ml
2025-10,2025-12,726658,JFB TPST GEL MNG 100TK 48X45G,0.99,tm
2025-11,2025-12,726658,JFB TPST GEL MNG 100TK 48X45G,0.2844,ml
2025-11,2025-12,726658,JFB TPST GEL MNG 100TK 48X45G,0.777309666,tm
2025-08,2026-01,726658,JFB TPST GEL MNG 100TK 48X45G,0.206715,ml
2025-08,2026-01,726658,JFB TPST GEL MNG 100TK 48X45G,0.56,tm
2025-09,2026-01,726658,JFB TPST GEL MNG 100TK 48X45G,0.228435,ml
2025-09,2026-01,726658,JFB TPST GEL MNG 100TK 48X45G,0.634153767,tm
2025-10,2026-01,726658,JFB TPST GEL MNG 100TK 48X45G,0.289575,ml
2025-10,2026-01,726658,JFB TPST GEL MNG 100TK 48X45G,0.634153767,tm
2025-11,2026-01,726658,JFB TPST GEL MNG 100TK 48X45G,0.2844,ml
2025-11,2026-01,726658,JFB TPST GEL MNG 100TK 48X45G,0.558063139,tm
2025-12,2026-01,726658,JFB TPST GEL MNG 100TK 48X45G,0.355875,ml
2025-12,2026-01,726658,JFB TPST GEL MNG 100TK 48X45G,0.558063139,tm
2025-09,2026-02,726658,JFB TPST GEL MNG 100TK 48X45G,0.228435,ml
2025-09,2026-02,726658,JFB TPST GEL MNG 100TK 48X45G,0.814479001,tm
2025-10,2026-02,726658,JFB TPST GEL MNG 100TK 48X45G,0.289575,ml
2025-10,2026-02,726658,JFB TPST GEL MNG 100TK 48X45G,0.814479001,tm
2025-11,2026-02,726658,JFB TPST GEL MNG 100TK 48X45G,0.2844,ml
2025-11,2026-02,726658,JFB TPST GEL MNG 100TK 48X45G,0.293857068,tm
2025-12,2026-02,726658,JFB TPST GEL MNG 100TK 48X45G,0.355875,ml
2025-12,2026-02,726658,JFB TPST GEL MNG 100TK 48X45G,0.293857068,tm
2026-01,2026-02,726658,JFB TPST GEL MNG 100TK 48X45G,0.239857068,tm
2025-10,2026-03,726658,JFB TPST GEL MNG 100TK 48X45G,0.289575,ml
2025-10,2026-03,726658,JFB TPST GEL MNG 100TK 48X45G,0.94863,tm
2025-11,2026-03,726658,JFB TPST GEL MNG 100TK 48X45G,0.2844,ml
2025-11,2026-03,726658,JFB TPST GEL MNG 100TK 48X45G,0.274743451,tm
2025-12,2026-03,726658,JFB TPST GEL MNG 100TK 48X45G,0.355875,ml
2025-12,2026-03,726658,JFB TPST GEL MNG 100TK 48X45G,0.274743451,tm
2026-01,2026-03,726658,JFB TPST GEL MNG 100TK 48X45G,0.211743451,tm
2026-02,2026-03,726658,JFB TPST GEL MNG 100TK 48X45G,0.373185,ml
2026-02,2026-03,726658,JFB TPST GEL MNG 100TK 48X45G,0.274743451,tm
2025-11,2026-04,726658,JFB TPST GEL MNG 100TK 48X45G,0.2844,ml
2025-11,2026-04,726658,JFB TPST GEL MNG 100TK 48X45G,0.279243451,tm
2025-12,2026-04,726658,JFB TPST GEL MNG 100TK 48X45G,0.355875,ml
2025-12,2026-04,726658,JFB TPST GEL MNG 100TK 48X45G,0.57283875,tm
2026-01,2026-04,726658,JFB TPST GEL MNG 100TK 48X45G,0.4851252,tm
2026-02,2026-04,726658,JFB TPST GEL MNG 100TK 48X45G,0.373185,ml
2026-02,2026-04,726658,JFB TPST GEL MNG 100TK 48X45G,0.350148626,tm
2026-03,2026-04,726658,JFB TPST GEL MNG 100TK 48X45G,0.3234,ml
2026-03,2026-04,726658,JFB TPST GEL MNG 100TK 48X45G,0.350148626,tm
2025-12,2026-05,726658,JFB TPST GEL MNG 100TK 48X45G,0.355875,ml
2025-12,2026-05,726658,JFB TPST GEL MNG 100TK 48X45G,0.563394375,tm
2026-01,2026-05,726658,JFB TPST GEL MNG 100TK 48X45G,0.59507325,tm
2026-02,2026-05,726658,JFB TPST GEL MNG 100TK 48X45G,0.373185,ml
2026-02,2026-05,726658,JFB TPST GEL MNG 100TK 48X45G,0.609952015,tm
2026-03,2026-05,726658,JFB TPST GEL MNG 100TK 48X45G,0.3234,ml
2026-03,2026-05,726658,JFB TPST GEL MNG 100TK 48X45G,0.548956814,tm
2026-04,2026-05,726658,JFB TPST GEL MNG 100TK 48X45G,0.321375,ml
2026-04,2026-05,726658,JFB TPST GEL MNG 100TK 48X45G,0.548956814,tm
2026-01,2026-06,726658,JFB TPST GEL MNG 100TK 48X45G,0.62612325,tm
2026-02,2026-06,726658,JFB TPST GEL MNG 100TK 48X45G,0.373185,ml
2026-02,2026-06,726658,JFB TPST GEL MNG 100TK 48X45G,0.46,tm
2026-03,2026-06,726658,JFB TPST GEL MNG 100TK 48X45G,0.3234,ml
2026-03,2026-06,726658,JFB TPST GEL MNG 100TK 48X45G,0.417707887,tm
2026-04,2026-06,726658,JFB TPST GEL MNG 100TK 48X45G,0.321375,ml
2026-04,2026-06,726658,JFB TPST GEL MNG 100TK 48X45G,0.417707887,tm
2026-05,2026-06,726658,JFB TPST GEL MNG 100TK 48X45G,0.23079,ml
2026-05,2026-06,726658,JFB TPST GEL MNG 100TK 48X45G,0.510531862,tm
2026-02,2026-07,726658,JFB TPST GEL MNG 100TK 48X45G,0.373185,ml
2026-02,2026-07,726658,JFB TPST GEL MNG 100TK 48X45G,0.53,tm
2026-03,2026-07,726658,JFB TPST GEL MNG 100TK 48X45G,0.3234,ml
2026-03,2026-07,726658,JFB TPST GEL MNG 100TK 48X45G,0.478301962,tm
2026-04,2026-07,726658,JFB TPST GEL MNG 100TK 48X45G,0.321375,ml
2026-04,2026-07,726658,JFB TPST GEL MNG 100TK 48X45G,0.478301962,tm
2026-05,2026-07,726658,JFB TPST GEL MNG 100TK 48X45G,0.23079,ml
2026-05,2026-07,726658,JFB TPST GEL MNG 100TK 48X45G,0.584591287,tm
2026-06,2026-07,726658,JFB TPST GEL MNG 100TK 48X45G,0.229185,ml
2026-06,2026-07,726658,JFB TPST GEL MNG 100TK 48X45G,0.584591287,tm
2026-03,2026-08,726658,JFB TPST GEL MNG 100TK 48X45G,0.3234,ml
2026-03,2026-08,726658,JFB TPST GEL MNG 100TK 48X45G,0.61445466,tm
2026-04,2026-08,726658,JFB TPST GEL MNG 100TK 48X45G,0.321375,ml
2026-04,2026-08,726658,JFB TPST GEL MNG 100TK 48X45G,0.61445466,tm
2026-05,2026-08,726658,JFB TPST GEL MNG 100TK 48X45G,0.23079,ml
2026-05,2026-08,726658,JFB TPST GEL MNG 100TK 48X45G,0.75100014,tm
2026-06,2026-08,726658,JFB TPST GEL MNG 100TK 48X45G,0.229185,ml
2026-06,2026-08,726658,JFB TPST GEL MNG 100TK 48X45G,0.75100014,tm
2026-07,2026-08,726658,JFB TPST GEL MNG 100TK 48X45G,0.322455,ml
2026-07,2026-08,726658,JFB TPST GEL MNG 100TK 48X45G,0.600800112,tm
2026-04,2026-09,726658,JFB TPST GEL MNG 100TK 48X45G,0.321375,ml
2026-04,2026-09,726658,JFB TPST GEL MNG 100TK 48X45G,0.29,tm
2026-05,2026-09,726658,JFB TPST GEL MNG 100TK 48X45G,0.23079,ml
2026-05,2026-09,726658,JFB TPST GEL MNG 100TK 48X45G,0.294884437,tm
2026-06,2026-09,726658,JFB TPST GEL MNG 100TK 48X45G,0.229185,ml
2026-06,2026-09,726658,JFB TPST GEL MNG 100TK 48X45G,0.294884437,tm
2026-07,2026-09,726658,JFB TPST GEL MNG 100TK 48X45G,0.322455,ml
2026-07,2026-09,726658,JFB TPST GEL MNG 100TK 48X45G,0.23590755,tm
2026-05,2026-10,726658,JFB TPST GEL MNG 100TK 48X45G,0.23079,ml
2026-05,2026-10,726658,JFB TPST GEL MNG 100TK 48X45G,0.95262849,tm
2026-06,2026-10,726658,JFB TPST GEL MNG 100TK 48X45G,0.229185,ml
2026-06,2026-10,726658,JFB TPST GEL MNG 100TK 48X45G,0.95262849,tm
2026-07,2026-10,726658,JFB TPST GEL MNG 100TK 48X45G,0.322455,ml
2026-07,2026-10,726658,JFB TPST GEL MNG 100TK 48X45G,0.762102792,tm
2026-06,2026-11,726658,JFB TPST GEL MNG 100TK 48X45G,0.229185,ml
2026-06,2026-11,726658,JFB TPST GEL MNG 100TK 48X45G,0.7,tm
2026-07,2026-11,726658,JFB TPST GEL MNG 100TK 48X45G,0.322455,ml
2026-07,2026-11,726658,JFB TPST GEL MNG 100TK 48X45G,0.52964526,tm
2026-07,2026-12,726658,JFB TPST GEL MNG 100TK 48X45G,0.322455,ml
2026-07,2026-12,726658,JFB TPST GEL MNG 100TK 48X45G,0.701110322,tm
2025-04,2025-05,726677,JFB MILKY GLOW SOAP 110TK 48X75G,0.36295,ml
2025-04,2025-05,726677,JFB MILKY GLOW SOAP 110TK 48X75G,3.6950000000000003,tm
2025-04,2025-06,726677,JFB MILKY GLOW SOAP 110TK 48X75G,0.36295,ml
2025-04,2025-06,726677,JFB MILKY GLOW SOAP 110TK 48X75G,6.026,tm
2025-05,2025-06,726677,JFB MILKY GLOW SOAP 110TK 48X75G,0.38025,ml
2025-05,2025-06,726677,JFB MILKY GLOW SOAP 110TK 48X75G,4.55,tm
2025-04,2025-07,726677,JFB MILKY GLOW SOAP 110TK 48X75G,0.36295,ml
2025-04,2025-07,726677,JFB MILKY GLOW SOAP 110TK 48X75G,0.71,tm
2025-05,2025-07,726677,JFB MILKY GLOW SOAP 110TK 48X75G,0.38025,ml
2025-05,2025-07,726677,JFB MILKY GLOW SOAP 110TK 48X75G,2.3875,tm
2025-06,2025-07,726677,JFB MILKY GLOW SOAP 110TK 48X75G,0.461275,ml
2025-06,2025-07,726677,JFB MILKY GLOW SOAP 110TK 48X75G,2.580425,tm
2025-04,2025-08,726677,JFB MILKY GLOW SOAP 110TK 48X75G,0.36295,ml
2025-04,2025-08,726677,JFB MILKY GLOW SOAP 110TK 48X75G,1.79,tm
2025-05,2025-08,726677,JFB MILKY GLOW SOAP 110TK 48X75G,0.38025,ml
2025-05,2025-08,726677,JFB MILKY GLOW SOAP 110TK 48X75G,1.6592500000000001,tm
2025-06,2025-08,726677,JFB MILKY GLOW SOAP 110TK 48X75G,0.461275,ml
2025-06,2025-08,726677,JFB MILKY GLOW SOAP 110TK 48X75G,2.059125,tm
2025-07,2025-08,726677,JFB MILKY GLOW SOAP 110TK 48X75G,0.30305,ml
2025-07,2025-08,726677,JFB MILKY GLOW SOAP 110TK 48X75G,2.06,tm
2025-04,2025-09,726677,JFB MILKY GLOW SOAP 110TK 48X75G,0.36295,ml
2025-04,2025-09,726677,JFB MILKY GLOW SOAP 110TK 48X75G,1.23,tm
2025-05,2025-09,726677,JFB MILKY GLOW SOAP 110TK 48X75G,0.38025,ml
2025-05,2025-09,726677,JFB MILKY GLOW SOAP 110TK 48X75G,1.2,tm
2025-06,2025-09,726677,JFB MILKY GLOW SOAP 110TK 48X75G,0.461275,ml
2025-06,2025-09,726677,JFB MILKY GLOW SOAP 110TK 48X75G,1.4128,tm
2025-07,2025-09,726677,JFB MILKY GLOW SOAP 110TK 48X75G,0.30305,ml
2025-07,2025-09,726677,JFB MILKY GLOW SOAP 110TK 48X75G,1.41,tm
2025-08,2025-09,726677,JFB MILKY GLOW SOAP 110TK 48X75G,0.5117,ml
2025-08,2025-09,726677,JFB MILKY GLOW SOAP 110TK 48X75G,0.73,tm
2025-05,2025-10,726677,JFB MILKY GLOW SOAP 110TK 48X75G,0.38025,ml
2025-05,2025-10,726677,JFB MILKY GLOW SOAP 110TK 48X75G,1.43,tm
2025-06,2025-10,726677,JFB MILKY GLOW SOAP 110TK 48X75G,0.461275,ml
2025-06,2025-10,726677,JFB MILKY GLOW SOAP 110TK 48X75G,1.638875,tm
2025-07,2025-10,726677,JFB MILKY GLOW SOAP 110TK 48X75G,0.30305,ml
2025-07,2025-10,726677,JFB MILKY GLOW SOAP 110TK 48X75G,1.64,tm
2025-08,2025-10,726677,JFB MILKY GLOW SOAP 110TK 48X75G,0.5117,ml
2025-08,2025-10,726677,JFB MILKY GLOW SOAP 110TK 48X75G,1.64,tm
2025-09,2025-10,726677,JFB MILKY GLOW SOAP 110TK 48X75G,0.4385,ml
2025-09,2025-10,726677,JFB MILKY GLOW SOAP 110TK 48X75G,1.64,tm
2025-06,2025-11,726677,JFB MILKY GLOW SOAP 110TK 48X75G,0.461275,ml
2025-06,2025-11,726677,JFB MILKY GLOW SOAP 110TK 48X75G,1.781025,tm
2025-07,2025-11,726677,JFB MILKY GLOW SOAP 110TK 48X75G,0.30305,ml
2025-07,2025-11,726677,JFB MILKY GLOW SOAP 110TK 48X75G,1.78,tm
2025-08,2025-11,726677,JFB MILKY GLOW SOAP 110TK 48X75G,0.5117,ml
2025-08,2025-11,726677,JFB MILKY GLOW SOAP 110TK 48X75G,1.78,tm
2025-09,2025-11,726677,JFB MILKY GLOW SOAP 110TK 48X75G,0.4385,ml
2025-09,2025-11,726677,JFB MILKY GLOW SOAP 110TK 48X75G,1.78,tm
2025-10,2025-11,726677,JFB MILKY GLOW SOAP 110TK 48X75G,0.390375,ml
2025-10,2025-11,726677,JFB MILKY GLOW SOAP 110TK 48X75G,1.78,tm
2025-07,2025-12,726677,JFB MILKY GLOW SOAP 110TK 48X75G,0.30305,ml
2025-07,2025-12,726677,JFB MILKY GLOW SOAP 110TK 48X75G,1.23,tm
2025-08,2025-12,726677,JFB MILKY GLOW SOAP 110TK 48X75G,0.5117,ml
2025-08,2025-12,726677,JFB MILKY GLOW SOAP 110TK 48X75G,1.23,tm
2025-09,2025-12,726677,JFB MILKY GLOW SOAP 110TK 48X75G,0.4385,ml
2025-09,2025-12,726677,JFB MILKY GLOW SOAP 110TK 48X75G,1.23,tm
2025-10,2025-12,726677,JFB MILKY GLOW SOAP 110TK 48X75G,0.390375,ml
2025-10,2025-12,726677,JFB MILKY GLOW SOAP 110TK 48X75G,1.23,tm
2025-11,2025-12,726677,JFB MILKY GLOW SOAP 110TK 48X75G,0.14885,ml
2025-11,2025-12,726677,JFB MILKY GLOW SOAP 110TK 48X75G,1.253342839,tm
2025-08,2026-01,726677,JFB MILKY GLOW SOAP 110TK 48X75G,0.5117,ml
2025-08,2026-01,726677,JFB MILKY GLOW SOAP 110TK 48X75G,0.99,tm
2025-09,2026-01,726677,JFB MILKY GLOW SOAP 110TK 48X75G,0.4385,ml
2025-09,2026-01,726677,JFB MILKY GLOW SOAP 110TK 48X75G,0.99,tm
2025-10,2026-01,726677,JFB MILKY GLOW SOAP 110TK 48X75G,0.390375,ml
2025-10,2026-01,726677,JFB MILKY GLOW SOAP 110TK 48X75G,0.99,tm
2025-11,2026-01,726677,JFB MILKY GLOW SOAP 110TK 48X75G,0.14885,ml
2025-11,2026-01,726677,JFB MILKY GLOW SOAP 110TK 48X75G,0.99,tm
2025-12,2026-01,726677,JFB MILKY GLOW SOAP 110TK 48X75G,0.162875,ml
2025-12,2026-01,726677,JFB MILKY GLOW SOAP 110TK 48X75G,0.99,tm
2025-09,2026-02,726677,JFB MILKY GLOW SOAP 110TK 48X75G,0.4385,ml
2025-09,2026-02,726677,JFB MILKY GLOW SOAP 110TK 48X75G,1.11,tm
2025-10,2026-02,726677,JFB MILKY GLOW SOAP 110TK 48X75G,0.390375,ml
2025-10,2026-02,726677,JFB MILKY GLOW SOAP 110TK 48X75G,1.11,tm
2025-11,2026-02,726677,JFB MILKY GLOW SOAP 110TK 48X75G,0.14885,ml
2025-11,2026-02,726677,JFB MILKY GLOW SOAP 110TK 48X75G,0.783153009,tm
2025-12,2026-02,726677,JFB MILKY GLOW SOAP 110TK 48X75G,0.162875,ml
2025-12,2026-02,726677,JFB MILKY GLOW SOAP 110TK 48X75G,0.783153009,tm
2026-01,2026-02,726677,JFB MILKY GLOW SOAP 110TK 48X75G,0.734403009,tm
2025-10,2026-03,726677,JFB MILKY GLOW SOAP 110TK 48X75G,0.390375,ml
2025-10,2026-03,726677,JFB MILKY GLOW SOAP 110TK 48X75G,1.35974,tm
2025-11,2026-03,726677,JFB MILKY GLOW SOAP 110TK 48X75G,0.14885,ml
2025-11,2026-03,726677,JFB MILKY GLOW SOAP 110TK 48X75G,0.783153009,tm
2025-12,2026-03,726677,JFB MILKY GLOW SOAP 110TK 48X75G,0.162875,ml
2025-12,2026-03,726677,JFB MILKY GLOW SOAP 110TK 48X75G,0.783153009,tm
2026-01,2026-03,726677,JFB MILKY GLOW SOAP 110TK 48X75G,0.719403009,tm
2026-02,2026-03,726677,JFB MILKY GLOW SOAP 110TK 48X75G,0.33265,ml
2026-02,2026-03,726677,JFB MILKY GLOW SOAP 110TK 48X75G,0.734403009,tm
2025-11,2026-04,726677,JFB MILKY GLOW SOAP 110TK 48X75G,0.14885,ml
2025-11,2026-04,726677,JFB MILKY GLOW SOAP 110TK 48X75G,0.775653009,tm
2025-12,2026-04,726677,JFB MILKY GLOW SOAP 110TK 48X75G,0.162875,ml
2025-12,2026-04,726677,JFB MILKY GLOW SOAP 110TK 48X75G,0.767460938,tm
2026-01,2026-04,726677,JFB MILKY GLOW SOAP 110TK 48X75G,0.711210938,tm
2026-02,2026-04,726677,JFB MILKY GLOW SOAP 110TK 48X75G,0.33265,ml
2026-02,2026-04,726677,JFB MILKY GLOW SOAP 110TK 48X75G,0.719403009,tm
2026-03,2026-04,726677,JFB MILKY GLOW SOAP 110TK 48X75G,0.330325,ml
2026-03,2026-04,726677,JFB MILKY GLOW SOAP 110TK 48X75G,0.667714201,tm
2025-12,2026-05,726677,JFB MILKY GLOW SOAP 110TK 48X75G,0.162875,ml
2025-12,2026-05,726677,JFB MILKY GLOW SOAP 110TK 48X75G,0.510117188,tm
2026-01,2026-05,726677,JFB MILKY GLOW SOAP 110TK 48X75G,0.453867188,tm
2026-02,2026-05,726677,JFB MILKY GLOW SOAP 110TK 48X75G,0.33265,ml
2026-02,2026-05,726677,JFB MILKY GLOW SOAP 110TK 48X75G,0.711210938,tm
2026-03,2026-05,726677,JFB MILKY GLOW SOAP 110TK 48X75G,0.330325,ml
2026-03,2026-05,726677,JFB MILKY GLOW SOAP 110TK 48X75G,0.743417888,tm
2026-04,2026-05,726677,JFB MILKY GLOW SOAP 110TK 48X75G,0.41675,ml
2026-04,2026-05,726677,JFB MILKY GLOW SOAP 110TK 48X75G,0.743417888,tm
2026-01,2026-06,726677,JFB MILKY GLOW SOAP 110TK 48X75G,0.453867188,tm
2026-02,2026-06,726677,JFB MILKY GLOW SOAP 110TK 48X75G,0.33265,ml
2026-02,2026-06,726677,JFB MILKY GLOW SOAP 110TK 48X75G,0.453867188,tm
2026-03,2026-06,726677,JFB MILKY GLOW SOAP 110TK 48X75G,0.330325,ml
2026-03,2026-06,726677,JFB MILKY GLOW SOAP 110TK 48X75G,0.66339,tm
2026-04,2026-06,726677,JFB MILKY GLOW SOAP 110TK 48X75G,0.41675,ml
2026-04,2026-06,726677,JFB MILKY GLOW SOAP 110TK 48X75G,0.66339,tm
2026-05,2026-06,726677,JFB MILKY GLOW SOAP 110TK 48X75G,0.317375,ml
2026-05,2026-06,726677,JFB MILKY GLOW SOAP 110TK 48X75G,0.407891,tm
2026-02,2026-07,726677,JFB MILKY GLOW SOAP 110TK 48X75G,0.33265,ml
2026-02,2026-07,726677,JFB MILKY GLOW SOAP 110TK 48X75G,0.453867188,tm
2026-03,2026-07,726677,JFB MILKY GLOW SOAP 110TK 48X75G,0.330325,ml
2026-03,2026-07,726677,JFB MILKY GLOW SOAP 110TK 48X75G,0.304678125,tm
2026-04,2026-07,726677,JFB MILKY GLOW SOAP 110TK 48X75G,0.41675,ml
2026-04,2026-07,726677,JFB MILKY GLOW SOAP 110TK 48X75G,0.304678125,tm
2026-05,2026-07,726677,JFB MILKY GLOW SOAP 110TK 48X75G,0.317375,ml
2026-05,2026-07,726677,JFB MILKY GLOW SOAP 110TK 48X75G,0.409622812,tm
2026-06,2026-07,726677,JFB MILKY GLOW SOAP 110TK 48X75G,0.332425,ml
2026-06,2026-07,726677,JFB MILKY GLOW SOAP 110TK 48X75G,0.409622812,tm
2026-03,2026-08,726677,JFB MILKY GLOW SOAP 110TK 48X75G,0.330325,ml
2026-03,2026-08,726677,JFB MILKY GLOW SOAP 110TK 48X75G,0.16844625,tm
2026-04,2026-08,726677,JFB MILKY GLOW SOAP 110TK 48X75G,0.41675,ml
2026-04,2026-08,726677,JFB MILKY GLOW SOAP 110TK 48X75G,0.16844625,tm
2026-05,2026-08,726677,JFB MILKY GLOW SOAP 110TK 48X75G,0.317375,ml
2026-05,2026-08,726677,JFB MILKY GLOW SOAP 110TK 48X75G,0.226466625,tm
2026-06,2026-08,726677,JFB MILKY GLOW SOAP 110TK 48X75G,0.332425,ml
2026-06,2026-08,726677,JFB MILKY GLOW SOAP 110TK 48X75G,0.226466625,tm
2026-07,2026-08,726677,JFB MILKY GLOW SOAP 110TK 48X75G,0.2712235,ml
2026-07,2026-08,726677,JFB MILKY GLOW SOAP 110TK 48X75G,0.298342608,tm
2026-04,2026-09,726677,JFB MILKY GLOW SOAP 110TK 48X75G,0.41675,ml
2026-04,2026-09,726677,JFB MILKY GLOW SOAP 110TK 48X75G,0.17,tm
2026-05,2026-09,726677,JFB MILKY GLOW SOAP 110TK 48X75G,0.317375,ml
2026-05,2026-09,726677,JFB MILKY GLOW SOAP 110TK 48X75G,0.190224375,tm
2026-06,2026-09,726677,JFB MILKY GLOW SOAP 110TK 48X75G,0.332425,ml
2026-06,2026-09,726677,JFB MILKY GLOW SOAP 110TK 48X75G,0.190224375,tm
2026-07,2026-09,726677,JFB MILKY GLOW SOAP 110TK 48X75G,0.25361875,ml
2026-07,2026-09,726677,JFB MILKY GLOW SOAP 110TK 48X75G,0.278977593,tm
2026-05,2026-10,726677,JFB MILKY GLOW SOAP 110TK 48X75G,0.317375,ml
2026-05,2026-10,726677,JFB MILKY GLOW SOAP 110TK 48X75G,0.573863297,tm
2026-06,2026-10,726677,JFB MILKY GLOW SOAP 110TK 48X75G,0.332425,ml
2026-06,2026-10,726677,JFB MILKY GLOW SOAP 110TK 48X75G,0.573863297,tm
2026-07,2026-10,726677,JFB MILKY GLOW SOAP 110TK 48X75G,0.2987875,ml
2026-07,2026-10,726677,JFB MILKY GLOW SOAP 110TK 48X75G,0.328662679,tm
2026-06,2026-11,726677,JFB MILKY GLOW SOAP 110TK 48X75G,0.332425,ml
2026-06,2026-11,726677,JFB MILKY GLOW SOAP 110TK 48X75G,0.4,tm
2026-07,2026-11,726677,JFB MILKY GLOW SOAP 110TK 48X75G,0.40645,ml
2026-07,2026-11,726677,JFB MILKY GLOW SOAP 110TK 48X75G,0.447090142,tm
2026-07,2026-12,726677,JFB MILKY GLOW SOAP 110TK 48X75G,0.3984903411,ml
2026-07,2026-12,726677,JFB MILKY GLOW SOAP 110TK 48X75G,0.438334612,tm
2025-04,2025-05,726858,BELI 15TK 360X18ML,0.741108,ml
2025-04,2025-06,726858,BELI 15TK 360X18ML,0.741108,ml
2025-05,2025-06,726858,BELI 15TK 360X18ML,0.688836,ml
2025-04,2025-07,726858,BELI 15TK 360X18ML,0.741108,ml
2025-05,2025-07,726858,BELI 15TK 360X18ML,0.688836,ml
2025-06,2025-07,726858,BELI 15TK 360X18ML,0.478308,ml
2025-04,2025-08,726858,BELI 15TK 360X18ML,0.741108,ml
2025-05,2025-08,726858,BELI 15TK 360X18ML,0.688836,ml
2025-06,2025-08,726858,BELI 15TK 360X18ML,0.478308,ml
2025-07,2025-08,726858,BELI 15TK 360X18ML,0.263868,ml
2025-04,2025-09,726858,BELI 15TK 360X18ML,0.741108,ml
2025-05,2025-09,726858,BELI 15TK 360X18ML,0.688836,ml
2025-06,2025-09,726858,BELI 15TK 360X18ML,0.478308,ml
2025-07,2025-09,726858,BELI 15TK 360X18ML,0.263868,ml
2025-08,2025-09,726858,BELI 15TK 360X18ML,0.109656,ml
2025-05,2025-10,726858,BELI 15TK 360X18ML,0.688836,ml
2025-06,2025-10,726858,BELI 15TK 360X18ML,0.478308,ml
2025-07,2025-10,726858,BELI 15TK 360X18ML,0.263868,ml
2025-08,2025-10,726858,BELI 15TK 360X18ML,0.109656,ml
2025-09,2025-10,726858,BELI 15TK 360X18ML,0.081162,ml
2025-06,2025-11,726858,BELI 15TK 360X18ML,0.478308,ml
2025-07,2025-11,726858,BELI 15TK 360X18ML,0.263868,ml
2025-08,2025-11,726858,BELI 15TK 360X18ML,0.109656,ml
2025-09,2025-11,726858,BELI 15TK 360X18ML,0.081162,ml
2025-10,2025-11,726858,BELI 15TK 360X18ML,0.127044,ml
2025-07,2025-12,726858,BELI 15TK 360X18ML,0.263868,ml
2025-08,2025-12,726858,BELI 15TK 360X18ML,0.109656,ml
2025-09,2025-12,726858,BELI 15TK 360X18ML,0.081162,ml
2025-10,2025-12,726858,BELI 15TK 360X18ML,0.127044,ml
2025-11,2025-12,726858,BELI 15TK 360X18ML,0.137148,ml
2025-08,2026-01,726858,BELI 15TK 360X18ML,0.109656,ml
2025-09,2026-01,726858,BELI 15TK 360X18ML,0.081162,ml
2025-10,2026-01,726858,BELI 15TK 360X18ML,0.127044,ml
2025-11,2026-01,726858,BELI 15TK 360X18ML,0.137148,ml
2025-12,2026-01,726858,BELI 15TK 360X18ML,0.11385,ml
2025-09,2026-02,726858,BELI 15TK 360X18ML,0.081162,ml
2025-10,2026-02,726858,BELI 15TK 360X18ML,0.127044,ml
2025-11,2026-02,726858,BELI 15TK 360X18ML,0.137148,ml
2025-12,2026-02,726858,BELI 15TK 360X18ML,0.11385,ml
2025-10,2026-03,726858,BELI 15TK 360X18ML,0.127044,ml
2025-11,2026-03,726858,BELI 15TK 360X18ML,0.137148,ml
2025-12,2026-03,726858,BELI 15TK 360X18ML,0.11385,ml
2026-02,2026-03,726858,BELI 15TK 360X18ML,0.05247,ml
2025-11,2026-04,726858,BELI 15TK 360X18ML,0.137148,ml
2025-12,2026-04,726858,BELI 15TK 360X18ML,0.11385,ml
2026-02,2026-04,726858,BELI 15TK 360X18ML,0.05247,ml
2026-03,2026-04,726858,BELI 15TK 360X18ML,0.048768,ml
2025-12,2026-05,726858,BELI 15TK 360X18ML,0.11385,ml
2026-02,2026-05,726858,BELI 15TK 360X18ML,0.05247,ml
2026-03,2026-05,726858,BELI 15TK 360X18ML,0.048768,ml
2026-02,2026-06,726858,BELI 15TK 360X18ML,0.05247,ml
2026-03,2026-06,726858,BELI 15TK 360X18ML,0.048768,ml
2026-02,2026-07,726858,BELI 15TK 360X18ML,0.05247,ml
2026-03,2026-07,726858,BELI 15TK 360X18ML,0.048768,ml
2026-03,2026-08,726858,BELI 15TK 360X18ML,0.048768,ml
2026-05,2026-06,726865,PCNO 20TK 352X20ML,0.042286667,ml
2026-05,2026-07,726865,PCNO 20TK 352X20ML,0.042286667,ml
2026-06,2026-07,726865,PCNO 20TK 352X20ML,0.02117333333,ml
2026-05,2026-08,726865,PCNO 20TK 352X20ML,0.042286667,ml
2026-06,2026-08,726865,PCNO 20TK 352X20ML,0.02117333333,ml
2026-07,2026-08,726865,PCNO 20TK 352X20ML,0.01879348452,ml
2026-05,2026-09,726865,PCNO 20TK 352X20ML,0.042286667,ml
2026-06,2026-09,726865,PCNO 20TK 352X20ML,0.02117333333,ml
2026-07,2026-09,726865,PCNO 20TK 352X20ML,0.01879348452,ml
2026-05,2026-10,726865,PCNO 20TK 352X20ML,0.042286667,ml
2026-06,2026-10,726865,PCNO 20TK 352X20ML,0.02117333333,ml
2026-07,2026-10,726865,PCNO 20TK 352X20ML,0.2168274067,ml
2026-06,2026-11,726865,PCNO 20TK 352X20ML,0.02117333333,ml
2026-07,2026-11,726865,PCNO 20TK 352X20ML,0.01879348452,ml
2026-07,2026-12,726865,PCNO 20TK 352X20ML,0.01775827119,ml
2025-04,2025-05,726985,PA AMLA 55TK 144X75ML,0.227625,ml
2025-04,2025-05,726985,PA AMLA 55TK 144X75ML,0.5,tm
2025-04,2025-06,726985,PA AMLA 55TK 144X75ML,0.227625,ml
2025-04,2025-06,726985,PA AMLA 55TK 144X75ML,0.6,tm
2025-05,2025-06,726985,PA AMLA 55TK 144X75ML,0.499775,ml
2025-05,2025-06,726985,PA AMLA 55TK 144X75ML,0.6,tm
2025-04,2025-07,726985,PA AMLA 55TK 144X75ML,0.227625,ml
2025-04,2025-07,726985,PA AMLA 55TK 144X75ML,0.3,tm
2025-05,2025-07,726985,PA AMLA 55TK 144X75ML,0.499775,ml
2025-05,2025-07,726985,PA AMLA 55TK 144X75ML,0.21,tm
2025-06,2025-07,726985,PA AMLA 55TK 144X75ML,1.002775,ml
2025-06,2025-07,726985,PA AMLA 55TK 144X75ML,1.2,tm
2025-04,2025-08,726985,PA AMLA 55TK 144X75ML,0.227625,ml
2025-04,2025-08,726985,PA AMLA 55TK 144X75ML,1.4,tm
2025-05,2025-08,726985,PA AMLA 55TK 144X75ML,0.499775,ml
2025-05,2025-08,726985,PA AMLA 55TK 144X75ML,1.5,tm
2025-06,2025-08,726985,PA AMLA 55TK 144X75ML,1.002775,ml
2025-06,2025-08,726985,PA AMLA 55TK 144X75ML,0.4,tm
2025-07,2025-08,726985,PA AMLA 55TK 144X75ML,1.002525,ml
2025-07,2025-08,726985,PA AMLA 55TK 144X75ML,0.4,tm
2025-04,2025-09,726985,PA AMLA 55TK 144X75ML,0.227625,ml
2025-04,2025-09,726985,PA AMLA 55TK 144X75ML,0.3,tm
2025-05,2025-09,726985,PA AMLA 55TK 144X75ML,0.499775,ml
2025-05,2025-09,726985,PA AMLA 55TK 144X75ML,0.2,tm
2025-06,2025-09,726985,PA AMLA 55TK 144X75ML,1.002775,ml
2025-06,2025-09,726985,PA AMLA 55TK 144X75ML,0.2,tm
2025-07,2025-09,726985,PA AMLA 55TK 144X75ML,1.002525,ml
2025-07,2025-09,726985,PA AMLA 55TK 144X75ML,0.2,tm
2025-08,2025-09,726985,PA AMLA 55TK 144X75ML,0.593375,ml
2025-08,2025-09,726985,PA AMLA 55TK 144X75ML,0.7,tm
2025-05,2025-10,726985,PA AMLA 55TK 144X75ML,0.499775,ml
2025-05,2025-10,726985,PA AMLA 55TK 144X75ML,1.0,tm
2025-06,2025-10,726985,PA AMLA 55TK 144X75ML,1.002775,ml
2025-06,2025-10,726985,PA AMLA 55TK 144X75ML,1.0,tm
2025-07,2025-10,726985,PA AMLA 55TK 144X75ML,1.002525,ml
2025-07,2025-10,726985,PA AMLA 55TK 144X75ML,1.0,tm
2025-08,2025-10,726985,PA AMLA 55TK 144X75ML,0.593375,ml
2025-08,2025-10,726985,PA AMLA 55TK 144X75ML,1.0,tm
2025-09,2025-10,726985,PA AMLA 55TK 144X75ML,0.6312,ml
2025-09,2025-10,726985,PA AMLA 55TK 144X75ML,0.7,tm
2025-06,2025-11,726985,PA AMLA 55TK 144X75ML,1.002775,ml
2025-06,2025-11,726985,PA AMLA 55TK 144X75ML,0.207071461,tm
2025-07,2025-11,726985,PA AMLA 55TK 144X75ML,1.002525,ml
2025-07,2025-11,726985,PA AMLA 55TK 144X75ML,0.207071461,tm
2025-08,2025-11,726985,PA AMLA 55TK 144X75ML,0.593375,ml
2025-08,2025-11,726985,PA AMLA 55TK 144X75ML,0.207071461,tm
2025-09,2025-11,726985,PA AMLA 55TK 144X75ML,0.6312,ml
2025-09,2025-11,726985,PA AMLA 55TK 144X75ML,0.207071461,tm
2025-10,2025-11,726985,PA AMLA 55TK 144X75ML,0.6202,ml
2025-10,2025-11,726985,PA AMLA 55TK 144X75ML,0.211520521,tm
2025-07,2025-12,726985,PA AMLA 55TK 144X75ML,1.002525,ml
2025-07,2025-12,726985,PA AMLA 55TK 144X75ML,0.4,tm
2025-08,2025-12,726985,PA AMLA 55TK 144X75ML,0.593375,ml
2025-08,2025-12,726985,PA AMLA 55TK 144X75ML,0.4,tm
2025-09,2025-12,726985,PA AMLA 55TK 144X75ML,0.6312,ml
2025-09,2025-12,726985,PA AMLA 55TK 144X75ML,1.8,tm
2025-10,2025-12,726985,PA AMLA 55TK 144X75ML,0.6202,ml
2025-10,2025-12,726985,PA AMLA 55TK 144X75ML,1.8,tm
2025-11,2025-12,726985,PA AMLA 55TK 144X75ML,0.6175,ml
2025-11,2025-12,726985,PA AMLA 55TK 144X75ML,0.207071461,tm
2025-08,2026-01,726985,PA AMLA 55TK 144X75ML,0.593375,ml
2025-08,2026-01,726985,PA AMLA 55TK 144X75ML,1.7,tm
2025-09,2026-01,726985,PA AMLA 55TK 144X75ML,0.6312,ml
2025-09,2026-01,726985,PA AMLA 55TK 144X75ML,1.65657169,tm
2025-10,2026-01,726985,PA AMLA 55TK 144X75ML,0.6202,ml
2025-10,2026-01,726985,PA AMLA 55TK 144X75ML,1.65657169,tm
2025-11,2026-01,726985,PA AMLA 55TK 144X75ML,0.6175,ml
2025-11,2026-01,726985,PA AMLA 55TK 144X75ML,0.276095282,tm
2025-12,2026-01,726985,PA AMLA 55TK 144X75ML,0.07065,ml
2025-12,2026-01,726985,PA AMLA 55TK 144X75ML,0.276095282,tm
2025-09,2026-02,726985,PA AMLA 55TK 144X75ML,0.6312,ml
2025-09,2026-02,726985,PA AMLA 55TK 144X75ML,0.276095282,tm
2025-10,2026-02,726985,PA AMLA 55TK 144X75ML,0.6202,ml
2025-10,2026-02,726985,PA AMLA 55TK 144X75ML,0.276095282,tm
2025-11,2026-02,726985,PA AMLA 55TK 144X75ML,0.6175,ml
2025-11,2026-02,726985,PA AMLA 55TK 144X75ML,0.276095282,tm
2025-12,2026-02,726985,PA AMLA 55TK 144X75ML,0.07065,ml
2025-12,2026-02,726985,PA AMLA 55TK 144X75ML,0.276095282,tm
2026-01,2026-02,726985,PA AMLA 55TK 144X75ML,0.276095282,tm
2025-10,2026-03,726985,PA AMLA 55TK 144X75ML,0.6202,ml
2025-10,2026-03,726985,PA AMLA 55TK 144X75ML,0.552190563,tm
2025-11,2026-03,726985,PA AMLA 55TK 144X75ML,0.6175,ml
2025-11,2026-03,726985,PA AMLA 55TK 144X75ML,0.352190563,tm
2025-12,2026-03,726985,PA AMLA 55TK 144X75ML,0.07065,ml
2025-12,2026-03,726985,PA AMLA 55TK 144X75ML,0.352190563,tm
2026-01,2026-03,726985,PA AMLA 55TK 144X75ML,0.352190563,tm
2026-02,2026-03,726985,PA AMLA 55TK 144X75ML,0.084,ml
2026-02,2026-03,726985,PA AMLA 55TK 144X75ML,0.352190563,tm
2025-11,2026-04,726985,PA AMLA 55TK 144X75ML,0.6175,ml
2025-11,2026-04,726985,PA AMLA 55TK 144X75ML,0.352190563,tm
2025-12,2026-04,726985,PA AMLA 55TK 144X75ML,0.07065,ml
2025-12,2026-04,726985,PA AMLA 55TK 144X75ML,0.1,tm
2026-01,2026-04,726985,PA AMLA 55TK 144X75ML,0.1,tm
2026-02,2026-04,726985,PA AMLA 55TK 144X75ML,0.084,ml
2026-02,2026-04,726985,PA AMLA 55TK 144X75ML,1.7,tm
2026-03,2026-04,726985,PA AMLA 55TK 144X75ML,0.085325,ml
2026-03,2026-04,726985,PA AMLA 55TK 144X75ML,0.1,tm
2025-12,2026-05,726985,PA AMLA 55TK 144X75ML,0.07065,ml
2025-12,2026-05,726985,PA AMLA 55TK 144X75ML,1.0,tm
2026-01,2026-05,726985,PA AMLA 55TK 144X75ML,0.2,tm
2026-02,2026-05,726985,PA AMLA 55TK 144X75ML,0.084,ml
2026-02,2026-05,726985,PA AMLA 55TK 144X75ML,0.2,tm
2026-03,2026-05,726985,PA AMLA 55TK 144X75ML,0.085325,ml
2026-03,2026-05,726985,PA AMLA 55TK 144X75ML,1.5,tm
2026-04,2026-05,726985,PA AMLA 55TK 144X75ML,0.10905,ml
2026-04,2026-05,726985,PA AMLA 55TK 144X75ML,1.5,tm
2026-01,2026-06,726985,PA AMLA 55TK 144X75ML,1.7,tm
2026-02,2026-06,726985,PA AMLA 55TK 144X75ML,0.084,ml
2026-02,2026-06,726985,PA AMLA 55TK 144X75ML,0.1,tm
2026-03,2026-06,726985,PA AMLA 55TK 144X75ML,0.085325,ml
2026-03,2026-06,726985,PA AMLA 55TK 144X75ML,0.1,tm
2026-04,2026-06,726985,PA AMLA 55TK 144X75ML,0.10905,ml
2026-04,2026-06,726985,PA AMLA 55TK 144X75ML,0.1,tm
2026-05,2026-06,726985,PA AMLA 55TK 144X75ML,0.104725,ml
2026-05,2026-06,726985,PA AMLA 55TK 144X75ML,0.1,tm
2026-02,2026-07,726985,PA AMLA 55TK 144X75ML,0.084,ml
2026-02,2026-07,726985,PA AMLA 55TK 144X75ML,0.1,tm
2026-03,2026-07,726985,PA AMLA 55TK 144X75ML,0.085325,ml
2026-03,2026-07,726985,PA AMLA 55TK 144X75ML,0.1,tm
2026-04,2026-07,726985,PA AMLA 55TK 144X75ML,0.10905,ml
2026-04,2026-07,726985,PA AMLA 55TK 144X75ML,0.1,tm
2026-05,2026-07,726985,PA AMLA 55TK 144X75ML,0.104725,ml
2026-05,2026-07,726985,PA AMLA 55TK 144X75ML,0.1,tm
2026-06,2026-07,726985,PA AMLA 55TK 144X75ML,0.131625,ml
2026-06,2026-07,726985,PA AMLA 55TK 144X75ML,0.1,tm
2026-03,2026-08,726985,PA AMLA 55TK 144X75ML,0.085325,ml
2026-03,2026-08,726985,PA AMLA 55TK 144X75ML,1.5,tm
2026-04,2026-08,726985,PA AMLA 55TK 144X75ML,0.10905,ml
2026-04,2026-08,726985,PA AMLA 55TK 144X75ML,1.5,tm
2026-05,2026-08,726985,PA AMLA 55TK 144X75ML,0.104725,ml
2026-05,2026-08,726985,PA AMLA 55TK 144X75ML,1.7,tm
2026-06,2026-08,726985,PA AMLA 55TK 144X75ML,0.131625,ml
2026-06,2026-08,726985,PA AMLA 55TK 144X75ML,0.7,tm
2026-07,2026-08,726985,PA AMLA 55TK 144X75ML,0.604475,ml
2026-07,2026-08,726985,PA AMLA 55TK 144X75ML,0.5,tm
2026-04,2026-09,726985,PA AMLA 55TK 144X75ML,0.10905,ml
2026-04,2026-09,726985,PA AMLA 55TK 144X75ML,0.1,tm
2026-05,2026-09,726985,PA AMLA 55TK 144X75ML,0.104725,ml
2026-05,2026-09,726985,PA AMLA 55TK 144X75ML,0.1,tm
2026-06,2026-09,726985,PA AMLA 55TK 144X75ML,0.131625,ml
2026-06,2026-09,726985,PA AMLA 55TK 144X75ML,0.1,tm
2026-07,2026-09,726985,PA AMLA 55TK 144X75ML,0.604475,ml
2026-07,2026-09,726985,PA AMLA 55TK 144X75ML,0.1,tm
2026-05,2026-10,726985,PA AMLA 55TK 144X75ML,0.104725,ml
2026-05,2026-10,726985,PA AMLA 55TK 144X75ML,0.1,tm
2026-06,2026-10,726985,PA AMLA 55TK 144X75ML,0.131625,ml
2026-06,2026-10,726985,PA AMLA 55TK 144X75ML,0.1,tm
2026-07,2026-10,726985,PA AMLA 55TK 144X75ML,0.604475,ml
2026-07,2026-10,726985,PA AMLA 55TK 144X75ML,0.1,tm
2026-06,2026-11,726985,PA AMLA 55TK 144X75ML,0.131625,ml
2026-06,2026-11,726985,PA AMLA 55TK 144X75ML,0.1,tm
2026-07,2026-11,726985,PA AMLA 55TK 144X75ML,0.604475,ml
2026-07,2026-11,726985,PA AMLA 55TK 144X75ML,0.1,tm
2026-07,2026-12,726985,PA AMLA 55TK 144X75ML,0.604475,ml
2026-07,2026-12,726985,PA AMLA 55TK 144X75ML,0.1,tm
2025-04,2025-05,726986,PA AMLA 100TK 96X150ML,3.475018,ml
2025-04,2025-05,726986,PA AMLA 100TK 96X150ML,4.5,tm
2025-04,2025-06,726986,PA AMLA 100TK 96X150ML,3.475018,ml
2025-04,2025-06,726986,PA AMLA 100TK 96X150ML,6.4,tm
2025-05,2025-06,726986,PA AMLA 100TK 96X150ML,2.42392,ml
2025-05,2025-06,726986,PA AMLA 100TK 96X150ML,6.4,tm
2025-04,2025-07,726986,PA AMLA 100TK 96X150ML,3.475018,ml
2025-04,2025-07,726986,PA AMLA 100TK 96X150ML,3.2,tm
2025-05,2025-07,726986,PA AMLA 100TK 96X150ML,2.42392,ml
2025-05,2025-07,726986,PA AMLA 100TK 96X150ML,1.3,tm
2025-06,2025-07,726986,PA AMLA 100TK 96X150ML,4.091192,ml
2025-06,2025-07,726986,PA AMLA 100TK 96X150ML,8.8,tm
2025-04,2025-08,726986,PA AMLA 100TK 96X150ML,3.475018,ml
2025-04,2025-08,726986,PA AMLA 100TK 96X150ML,8.6,tm
2025-05,2025-08,726986,PA AMLA 100TK 96X150ML,2.42392,ml
2025-05,2025-08,726986,PA AMLA 100TK 96X150ML,10.5,tm
2025-06,2025-08,726986,PA AMLA 100TK 96X150ML,4.091192,ml
2025-06,2025-08,726986,PA AMLA 100TK 96X150ML,5.1,tm
2025-07,2025-08,726986,PA AMLA 100TK 96X150ML,4.043798667,ml
2025-07,2025-08,726986,PA AMLA 100TK 96X150ML,5.1,tm
2025-04,2025-09,726986,PA AMLA 100TK 96X150ML,3.475018,ml
2025-04,2025-09,726986,PA AMLA 100TK 96X150ML,3.2,tm
2025-05,2025-09,726986,PA AMLA 100TK 96X150ML,2.42392,ml
2025-05,2025-09,726986,PA AMLA 100TK 96X150ML,2.8,tm
2025-06,2025-09,726986,PA AMLA 100TK 96X150ML,4.091192,ml
2025-06,2025-09,726986,PA AMLA 100TK 96X150ML,1.3,tm
2025-07,2025-09,726986,PA AMLA 100TK 96X150ML,4.043798667,ml
2025-07,2025-09,726986,PA AMLA 100TK 96X150ML,1.3,tm
2025-08,2025-09,726986,PA AMLA 100TK 96X150ML,2.621582333,ml
2025-08,2025-09,726986,PA AMLA 100TK 96X150ML,3.3,tm
2025-05,2025-10,726986,PA AMLA 100TK 96X150ML,2.42392,ml
2025-05,2025-10,726986,PA AMLA 100TK 96X150ML,5.0,tm
2025-06,2025-10,726986,PA AMLA 100TK 96X150ML,4.091192,ml
2025-06,2025-10,726986,PA AMLA 100TK 96X150ML,5.0,tm
2025-07,2025-10,726986,PA AMLA 100TK 96X150ML,4.043798667,ml
2025-07,2025-10,726986,PA AMLA 100TK 96X150ML,5.0,tm
2025-08,2025-10,726986,PA AMLA 100TK 96X150ML,2.621582333,ml
2025-08,2025-10,726986,PA AMLA 100TK 96X150ML,5.0,tm
2025-09,2025-10,726986,PA AMLA 100TK 96X150ML,2.855133,ml
2025-09,2025-10,726986,PA AMLA 100TK 96X150ML,4.8,tm
2025-06,2025-11,726986,PA AMLA 100TK 96X150ML,4.091192,ml
2025-06,2025-11,726986,PA AMLA 100TK 96X150ML,1.292928539,tm
2025-07,2025-11,726986,PA AMLA 100TK 96X150ML,4.043798667,ml
2025-07,2025-11,726986,PA AMLA 100TK 96X150ML,1.292928539,tm
2025-08,2025-11,726986,PA AMLA 100TK 96X150ML,2.621582333,ml
2025-08,2025-11,726986,PA AMLA 100TK 96X150ML,1.292928539,tm
2025-09,2025-11,726986,PA AMLA 100TK 96X150ML,2.855133,ml
2025-09,2025-11,726986,PA AMLA 100TK 96X150ML,1.292928539,tm
2025-10,2025-11,726986,PA AMLA 100TK 96X150ML,2.728252333,ml
2025-10,2025-11,726986,PA AMLA 100TK 96X150ML,1.304792699,tm
2025-07,2025-12,726986,PA AMLA 100TK 96X150ML,4.043798667,ml
2025-07,2025-12,726986,PA AMLA 100TK 96X150ML,2.6,tm
2025-08,2025-12,726986,PA AMLA 100TK 96X150ML,2.621582333,ml
2025-08,2025-12,726986,PA AMLA 100TK 96X150ML,2.6,tm
2025-09,2025-12,726986,PA AMLA 100TK 96X150ML,2.855133,ml
2025-09,2025-12,726986,PA AMLA 100TK 96X150ML,7.7,tm
2025-10,2025-12,726986,PA AMLA 100TK 96X150ML,2.728252333,ml
2025-10,2025-12,726986,PA AMLA 100TK 96X150ML,7.710677744,tm
2025-11,2025-12,726986,PA AMLA 100TK 96X150ML,2.699906667,ml
2025-11,2025-12,726986,PA AMLA 100TK 96X150ML,1.292928539,tm
2025-08,2026-01,726986,PA AMLA 100TK 96X150ML,2.621582333,ml
2025-08,2026-01,726986,PA AMLA 100TK 96X150ML,10.3,tm
2025-09,2026-01,726986,PA AMLA 100TK 96X150ML,2.855133,ml
2025-09,2026-01,726986,PA AMLA 100TK 96X150ML,10.34342831,tm
2025-10,2026-01,726986,PA AMLA 100TK 96X150ML,2.728252333,ml
2025-10,2026-01,726986,PA AMLA 100TK 96X150ML,10.349834957,tm
2025-11,2026-01,726986,PA AMLA 100TK 96X150ML,2.699906667,ml
2025-11,2026-01,726986,PA AMLA 100TK 96X150ML,1.723904718,tm
2025-12,2026-01,726986,PA AMLA 100TK 96X150ML,0.918130667,ml
2025-12,2026-01,726986,PA AMLA 100TK 96X150ML,1.723904718,tm
2025-09,2026-02,726986,PA AMLA 100TK 96X150ML,2.855133,ml
2025-09,2026-02,726986,PA AMLA 100TK 96X150ML,1.723904718,tm
2025-10,2026-02,726986,PA AMLA 100TK 96X150ML,2.728252333,ml
2025-10,2026-02,726986,PA AMLA 100TK 96X150ML,1.730311365,tm
2025-11,2026-02,726986,PA AMLA 100TK 96X150ML,2.699906667,ml
2025-11,2026-02,726986,PA AMLA 100TK 96X150ML,1.723904718,tm
2025-12,2026-02,726986,PA AMLA 100TK 96X150ML,0.918130667,ml
2025-12,2026-02,726986,PA AMLA 100TK 96X150ML,1.723904718,tm
2026-01,2026-02,726986,PA AMLA 100TK 96X150ML,1.723904718,tm
2025-10,2026-03,726986,PA AMLA 100TK 96X150ML,2.728252333,ml
2025-10,2026-03,726986,PA AMLA 100TK 96X150ML,3.454216083,tm
2025-11,2026-03,726986,PA AMLA 100TK 96X150ML,2.699906667,ml
2025-11,2026-03,726986,PA AMLA 100TK 96X150ML,2.647809437,tm
2025-12,2026-03,726986,PA AMLA 100TK 96X150ML,0.918130667,ml
2025-12,2026-03,726986,PA AMLA 100TK 96X150ML,2.647809437,tm
2026-01,2026-03,726986,PA AMLA 100TK 96X150ML,2.647809437,tm
2026-02,2026-03,726986,PA AMLA 100TK 96X150ML,1.094408667,ml
2026-02,2026-03,726986,PA AMLA 100TK 96X150ML,2.647809437,tm
2025-11,2026-04,726986,PA AMLA 100TK 96X150ML,2.699906667,ml
2025-11,2026-04,726986,PA AMLA 100TK 96X150ML,2.647809437,tm
2025-12,2026-04,726986,PA AMLA 100TK 96X150ML,0.918130667,ml
2025-12,2026-04,726986,PA AMLA 100TK 96X150ML,0.896406646,tm
2026-01,2026-04,726986,PA AMLA 100TK 96X150ML,1.096406646,tm
2026-02,2026-04,726986,PA AMLA 100TK 96X150ML,1.094408667,ml
2026-02,2026-04,726986,PA AMLA 100TK 96X150ML,8.3,tm
2026-03,2026-04,726986,PA AMLA 100TK 96X150ML,1.094307,ml
2026-03,2026-04,726986,PA AMLA 100TK 96X150ML,1.4,tm
2025-12,2026-05,726986,PA AMLA 100TK 96X150ML,0.918130667,ml
2025-12,2026-05,726986,PA AMLA 100TK 96X150ML,7.146406646,tm
2026-01,2026-05,726986,PA AMLA 100TK 96X150ML,1.796406646,tm
2026-02,2026-05,726986,PA AMLA 100TK 96X150ML,1.094408667,ml
2026-02,2026-05,726986,PA AMLA 100TK 96X150ML,1.8,tm
2026-03,2026-05,726986,PA AMLA 100TK 96X150ML,1.094307,ml
2026-03,2026-05,726986,PA AMLA 100TK 96X150ML,8.0,tm
2026-04,2026-05,726986,PA AMLA 100TK 96X150ML,1.277355667,ml
2026-04,2026-05,726986,PA AMLA 100TK 96X150ML,8.0,tm
2026-01,2026-06,726986,PA AMLA 100TK 96X150ML,8.296406646,tm
2026-02,2026-06,726986,PA AMLA 100TK 96X150ML,1.094408667,ml
2026-02,2026-06,726986,PA AMLA 100TK 96X150ML,1.1,tm
2026-03,2026-06,726986,PA AMLA 100TK 96X150ML,1.094307,ml
2026-03,2026-06,726986,PA AMLA 100TK 96X150ML,0.9,tm
2026-04,2026-06,726986,PA AMLA 100TK 96X150ML,1.277355667,ml
2026-04,2026-06,726986,PA AMLA 100TK 96X150ML,1.0,tm
2026-05,2026-06,726986,PA AMLA 100TK 96X150ML,1.236075,ml
2026-05,2026-06,726986,PA AMLA 100TK 96X150ML,1.1,tm
2026-02,2026-07,726986,PA AMLA 100TK 96X150ML,1.094408667,ml
2026-02,2026-07,726986,PA AMLA 100TK 96X150ML,0.9,tm
2026-03,2026-07,726986,PA AMLA 100TK 96X150ML,1.094307,ml
2026-03,2026-07,726986,PA AMLA 100TK 96X150ML,0.9,tm
2026-04,2026-07,726986,PA AMLA 100TK 96X150ML,1.277355667,ml
2026-04,2026-07,726986,PA AMLA 100TK 96X150ML,1.1,tm
2026-05,2026-07,726986,PA AMLA 100TK 96X150ML,1.236075,ml
2026-05,2026-07,726986,PA AMLA 100TK 96X150ML,1.3,tm
2026-06,2026-07,726986,PA AMLA 100TK 96X150ML,1.373325,ml
2026-06,2026-07,726986,PA AMLA 100TK 96X150ML,1.3,tm
2026-03,2026-08,726986,PA AMLA 100TK 96X150ML,1.094307,ml
2026-03,2026-08,726986,PA AMLA 100TK 96X150ML,8.0,tm
2026-04,2026-08,726986,PA AMLA 100TK 96X150ML,1.277355667,ml
2026-04,2026-08,726986,PA AMLA 100TK 96X150ML,8.0,tm
2026-05,2026-08,726986,PA AMLA 100TK 96X150ML,1.236075,ml
2026-05,2026-08,726986,PA AMLA 100TK 96X150ML,8.3,tm
2026-06,2026-08,726986,PA AMLA 100TK 96X150ML,1.373325,ml
2026-06,2026-08,726986,PA AMLA 100TK 96X150ML,8.5,tm
2026-07,2026-08,726986,PA AMLA 100TK 96X150ML,3.224355,ml
2026-07,2026-08,726986,PA AMLA 100TK 96X150ML,1.5,tm
2026-04,2026-09,726986,PA AMLA 100TK 96X150ML,1.277355667,ml
2026-04,2026-09,726986,PA AMLA 100TK 96X150ML,1.1,tm
2026-05,2026-09,726986,PA AMLA 100TK 96X150ML,1.236075,ml
2026-05,2026-09,726986,PA AMLA 100TK 96X150ML,1.1,tm
2026-06,2026-09,726986,PA AMLA 100TK 96X150ML,1.373325,ml
2026-06,2026-09,726986,PA AMLA 100TK 96X150ML,1.1,tm
2026-07,2026-09,726986,PA AMLA 100TK 96X150ML,3.224355,ml
2026-07,2026-09,726986,PA AMLA 100TK 96X150ML,1.1,tm
2026-05,2026-10,726986,PA AMLA 100TK 96X150ML,1.236075,ml
2026-05,2026-10,726986,PA AMLA 100TK 96X150ML,1.2,tm
2026-06,2026-10,726986,PA AMLA 100TK 96X150ML,1.373325,ml
2026-06,2026-10,726986,PA AMLA 100TK 96X150ML,1.2,tm
2026-07,2026-10,726986,PA AMLA 100TK 96X150ML,3.224355,ml
2026-07,2026-10,726986,PA AMLA 100TK 96X150ML,1.2,tm
2026-06,2026-11,726986,PA AMLA 100TK 96X150ML,1.373325,ml
2026-06,2026-11,726986,PA AMLA 100TK 96X150ML,0.9,tm
2026-07,2026-11,726986,PA AMLA 100TK 96X150ML,3.224355,ml
2026-07,2026-11,726986,PA AMLA 100TK 96X150ML,0.9,tm
2026-07,2026-12,726986,PA AMLA 100TK 96X150ML,3.224355,ml
2026-07,2026-12,726986,PA AMLA 100TK 96X150ML,7.5,tm
2025-04,2025-05,727423,JFB WIPES 230TK 24X80PC 24X383G,1.064485,ml
2025-04,2025-06,727423,JFB WIPES 230TK 24X80PC 24X383G,1.064485,ml
2025-05,2025-06,727423,JFB WIPES 230TK 24X80PC 24X383G,0.263986667,ml
2025-05,2025-06,727423,JFB WIPES 230TK 24X80PC 24X383G,0.35,tm
2025-04,2025-07,727423,JFB WIPES 230TK 24X80PC 24X383G,1.064485,ml
2025-05,2025-07,727423,JFB WIPES 230TK 24X80PC 24X383G,0.263986667,ml
2025-06,2025-07,727423,JFB WIPES 230TK 24X80PC 24X383G,0.052805667,ml
2025-06,2025-07,727423,JFB WIPES 230TK 24X80PC 24X383G,0.35,tm
2025-04,2025-08,727423,JFB WIPES 230TK 24X80PC 24X383G,1.064485,ml
2025-05,2025-08,727423,JFB WIPES 230TK 24X80PC 24X383G,0.263986667,ml
2025-05,2025-08,727423,JFB WIPES 230TK 24X80PC 24X383G,7.14,tm
2025-06,2025-08,727423,JFB WIPES 230TK 24X80PC 24X383G,0.052805667,ml
2025-06,2025-08,727423,JFB WIPES 230TK 24X80PC 24X383G,0.35,tm
2025-07,2025-08,727423,JFB WIPES 230TK 24X80PC 24X383G,0.059571333,ml
2025-07,2025-08,727423,JFB WIPES 230TK 24X80PC 24X383G,0.35,tm
2025-04,2025-09,727423,JFB WIPES 230TK 24X80PC 24X383G,1.064485,ml
2025-05,2025-09,727423,JFB WIPES 230TK 24X80PC 24X383G,0.263986667,ml
2025-05,2025-09,727423,JFB WIPES 230TK 24X80PC 24X383G,2.68,tm
2025-06,2025-09,727423,JFB WIPES 230TK 24X80PC 24X383G,0.052805667,ml
2025-06,2025-09,727423,JFB WIPES 230TK 24X80PC 24X383G,0.35,tm
2025-07,2025-09,727423,JFB WIPES 230TK 24X80PC 24X383G,0.059571333,ml
2025-07,2025-09,727423,JFB WIPES 230TK 24X80PC 24X383G,0.35,tm
2025-08,2025-09,727423,JFB WIPES 230TK 24X80PC 24X383G,0.078729333,ml
2025-08,2025-09,727423,JFB WIPES 230TK 24X80PC 24X383G,2.42,tm
2025-05,2025-10,727423,JFB WIPES 230TK 24X80PC 24X383G,0.263986667,ml
2025-05,2025-10,727423,JFB WIPES 230TK 24X80PC 24X383G,4.046404144,tm
2025-06,2025-10,727423,JFB WIPES 230TK 24X80PC 24X383G,0.052805667,ml
2025-06,2025-10,727423,JFB WIPES 230TK 24X80PC 24X383G,0.35,tm
2025-07,2025-10,727423,JFB WIPES 230TK 24X80PC 24X383G,0.059571333,ml
2025-07,2025-10,727423,JFB WIPES 230TK 24X80PC 24X383G,0.35,tm
2025-08,2025-10,727423,JFB WIPES 230TK 24X80PC 24X383G,0.078729333,ml
2025-08,2025-10,727423,JFB WIPES 230TK 24X80PC 24X383G,0.35,tm
2025-09,2025-10,727423,JFB WIPES 230TK 24X80PC 24X383G,0.082515667,ml
2025-06,2025-11,727423,JFB WIPES 230TK 24X80PC 24X383G,0.052805667,ml
2025-06,2025-11,727423,JFB WIPES 230TK 24X80PC 24X383G,0.35,tm
2025-07,2025-11,727423,JFB WIPES 230TK 24X80PC 24X383G,0.059571333,ml
2025-07,2025-11,727423,JFB WIPES 230TK 24X80PC 24X383G,0.35,tm
2025-08,2025-11,727423,JFB WIPES 230TK 24X80PC 24X383G,0.078729333,ml
2025-08,2025-11,727423,JFB WIPES 230TK 24X80PC 24X383G,0.35,tm
2025-09,2025-11,727423,JFB WIPES 230TK 24X80PC 24X383G,0.082515667,ml
2025-10,2025-11,727423,JFB WIPES 230TK 24X80PC 24X383G,0.119566333,ml
2025-07,2025-12,727423,JFB WIPES 230TK 24X80PC 24X383G,0.059571333,ml
2025-07,2025-12,727423,JFB WIPES 230TK 24X80PC 24X383G,0.35,tm
2025-08,2025-12,727423,JFB WIPES 230TK 24X80PC 24X383G,0.078729333,ml
2025-08,2025-12,727423,JFB WIPES 230TK 24X80PC 24X383G,0.35,tm
2025-09,2025-12,727423,JFB WIPES 230TK 24X80PC 24X383G,0.082515667,ml
2025-10,2025-12,727423,JFB WIPES 230TK 24X80PC 24X383G,0.119566333,ml
2025-11,2025-12,727423,JFB WIPES 230TK 24X80PC 24X383G,2.610604191,ml
2025-08,2026-01,727423,JFB WIPES 230TK 24X80PC 24X383G,0.078729333,ml
2025-08,2026-01,727423,JFB WIPES 230TK 24X80PC 24X383G,0.35,tm
2025-09,2026-01,727423,JFB WIPES 230TK 24X80PC 24X383G,0.082515667,ml
2025-10,2026-01,727423,JFB WIPES 230TK 24X80PC 24X383G,0.119566333,ml
2025-11,2026-01,727423,JFB WIPES 230TK 24X80PC 24X383G,0.642802431,ml
2025-12,2026-01,727423,JFB WIPES 230TK 24X80PC 24X383G,0.620485258,ml
2025-09,2026-02,727423,JFB WIPES 230TK 24X80PC 24X383G,0.082515667,ml
2025-10,2026-02,727423,JFB WIPES 230TK 24X80PC 24X383G,0.119566333,ml
2025-11,2026-02,727423,JFB WIPES 230TK 24X80PC 24X383G,0.337647146,ml
2025-12,2026-02,727423,JFB WIPES 230TK 24X80PC 24X383G,0.0,ml
2026-01,2026-02,727423,JFB WIPES 230TK 24X80PC 24X383G,0.304744649,ml
2025-10,2026-03,727423,JFB WIPES 230TK 24X80PC 24X383G,0.119566333,ml
2025-11,2026-03,727423,JFB WIPES 230TK 24X80PC 24X383G,0.144408498,ml
2025-12,2026-03,727423,JFB WIPES 230TK 24X80PC 24X383G,0.0,ml
2026-01,2026-03,727423,JFB WIPES 230TK 24X80PC 24X383G,0.45176078,ml
2026-02,2026-03,727423,JFB WIPES 230TK 24X80PC 24X383G,0.0319356,ml
2025-11,2026-04,727423,JFB WIPES 230TK 24X80PC 24X383G,0.054635912,ml
2025-12,2026-04,727423,JFB WIPES 230TK 24X80PC 24X383G,0.0,ml
2026-01,2026-04,727423,JFB WIPES 230TK 24X80PC 24X383G,0.52432658,ml
2026-02,2026-04,727423,JFB WIPES 230TK 24X80PC 24X383G,0.023194,ml
2025-12,2026-05,727423,JFB WIPES 230TK 24X80PC 24X383G,0.0,ml
2026-01,2026-05,727423,JFB WIPES 230TK 24X80PC 24X383G,0.52432658,ml
2026-02,2026-05,727423,JFB WIPES 230TK 24X80PC 24X383G,0.0319356,ml
2026-01,2026-06,727423,JFB WIPES 230TK 24X80PC 24X383G,0.52432658,ml
2026-02,2026-06,727423,JFB WIPES 230TK 24X80PC 24X383G,0.0319356,ml
2026-02,2026-07,727423,JFB WIPES 230TK 24X80PC 24X383G,0.0319356,ml
2025-04,2025-05,727425,JFB WIPES 285TK 24X120PC 24X575G,1.223025,ml
2025-04,2025-06,727425,JFB WIPES 285TK 24X120PC 24X575G,1.223025,ml
2025-05,2025-06,727425,JFB WIPES 285TK 24X120PC 24X575G,0.653008333,ml
2025-05,2025-06,727425,JFB WIPES 285TK 24X120PC 24X575G,0.6,tm
2025-04,2025-07,727425,JFB WIPES 285TK 24X120PC 24X575G,1.223025,ml
2025-05,2025-07,727425,JFB WIPES 285TK 24X120PC 24X575G,0.653008333,ml
2025-06,2025-07,727425,JFB WIPES 285TK 24X120PC 24X575G,0.249741667,ml
2025-06,2025-07,727425,JFB WIPES 285TK 24X120PC 24X575G,0.6,tm
2025-04,2025-08,727425,JFB WIPES 285TK 24X120PC 24X575G,1.223025,ml
2025-05,2025-08,727425,JFB WIPES 285TK 24X120PC 24X575G,0.653008333,ml
2025-05,2025-08,727425,JFB WIPES 285TK 24X120PC 24X575G,4.86,tm
2025-06,2025-08,727425,JFB WIPES 285TK 24X120PC 24X575G,0.249741667,ml
2025-06,2025-08,727425,JFB WIPES 285TK 24X120PC 24X575G,0.6,tm
2025-07,2025-08,727425,JFB WIPES 285TK 24X120PC 24X575G,0.27945,ml
2025-07,2025-08,727425,JFB WIPES 285TK 24X120PC 24X575G,0.6,tm
2025-04,2025-09,727425,JFB WIPES 285TK 24X120PC 24X575G,1.223025,ml
2025-05,2025-09,727425,JFB WIPES 285TK 24X120PC 24X575G,0.653008333,ml
2025-05,2025-09,727425,JFB WIPES 285TK 24X120PC 24X575G,1.82,tm
2025-06,2025-09,727425,JFB WIPES 285TK 24X120PC 24X575G,0.249741667,ml
2025-06,2025-09,727425,JFB WIPES 285TK 24X120PC 24X575G,0.6,tm
2025-07,2025-09,727425,JFB WIPES 285TK 24X120PC 24X575G,0.27945,ml
2025-07,2025-09,727425,JFB WIPES 285TK 24X120PC 24X575G,0.6,tm
2025-08,2025-09,727425,JFB WIPES 285TK 24X120PC 24X575G,0.252233333,ml
2025-08,2025-09,727425,JFB WIPES 285TK 24X120PC 24X575G,5.68,tm
2025-05,2025-10,727425,JFB WIPES 285TK 24X120PC 24X575G,0.653008333,ml
2025-05,2025-10,727425,JFB WIPES 285TK 24X120PC 24X575G,2.620861383,tm
2025-06,2025-10,727425,JFB WIPES 285TK 24X120PC 24X575G,0.249741667,ml
2025-06,2025-10,727425,JFB WIPES 285TK 24X120PC 24X575G,0.6,tm
2025-07,2025-10,727425,JFB WIPES 285TK 24X120PC 24X575G,0.27945,ml
2025-07,2025-10,727425,JFB WIPES 285TK 24X120PC 24X575G,0.6,tm
2025-08,2025-10,727425,JFB WIPES 285TK 24X120PC 24X575G,0.252233333,ml
2025-08,2025-10,727425,JFB WIPES 285TK 24X120PC 24X575G,0.6,tm
2025-09,2025-10,727425,JFB WIPES 285TK 24X120PC 24X575G,0.207575,ml
2025-06,2025-11,727425,JFB WIPES 285TK 24X120PC 24X575G,0.249741667,ml
2025-06,2025-11,727425,JFB WIPES 285TK 24X120PC 24X575G,0.6,tm
2025-07,2025-11,727425,JFB WIPES 285TK 24X120PC 24X575G,0.27945,ml
2025-07,2025-11,727425,JFB WIPES 285TK 24X120PC 24X575G,0.6,tm
2025-08,2025-11,727425,JFB WIPES 285TK 24X120PC 24X575G,0.252233333,ml
2025-08,2025-11,727425,JFB WIPES 285TK 24X120PC 24X575G,0.6,tm
2025-09,2025-11,727425,JFB WIPES 285TK 24X120PC 24X575G,0.207575,ml
2025-10,2025-11,727425,JFB WIPES 285TK 24X120PC 24X575G,0.163108333,ml
2025-07,2025-12,727425,JFB WIPES 285TK 24X120PC 24X575G,0.27945,ml
2025-07,2025-12,727425,JFB WIPES 285TK 24X120PC 24X575G,0.6,tm
2025-08,2025-12,727425,JFB WIPES 285TK 24X120PC 24X575G,0.252233333,ml
2025-08,2025-12,727425,JFB WIPES 285TK 24X120PC 24X575G,0.6,tm
2025-09,2025-12,727425,JFB WIPES 285TK 24X120PC 24X575G,0.207575,ml
2025-10,2025-12,727425,JFB WIPES 285TK 24X120PC 24X575G,0.163108333,ml
2025-11,2025-12,727425,JFB WIPES 285TK 24X120PC 24X575G,2.048986972,ml
2025-08,2026-01,727425,JFB WIPES 285TK 24X120PC 24X575G,0.252233333,ml
2025-08,2026-01,727425,JFB WIPES 285TK 24X120PC 24X575G,0.6,tm
2025-09,2026-01,727425,JFB WIPES 285TK 24X120PC 24X575G,0.207575,ml
2025-10,2026-01,727425,JFB WIPES 285TK 24X120PC 24X575G,0.163108333,ml
2025-11,2026-01,727425,JFB WIPES 285TK 24X120PC 24X575G,0.653412304,ml
2025-12,2026-01,727425,JFB WIPES 285TK 24X120PC 24X575G,0.512623746,ml
2025-09,2026-02,727425,JFB WIPES 285TK 24X120PC 24X575G,0.207575,ml
2025-10,2026-02,727425,JFB WIPES 285TK 24X120PC 24X575G,0.163108333,ml
2025-11,2026-02,727425,JFB WIPES 285TK 24X120PC 24X575G,0.942402,ml
2025-12,2026-02,727425,JFB WIPES 285TK 24X120PC 24X575G,0.601550625,ml
2026-01,2026-02,727425,JFB WIPES 285TK 24X120PC 24X575G,0.248773343,ml
2025-10,2026-03,727425,JFB WIPES 285TK 24X120PC 24X575G,0.163108333,ml
2025-11,2026-03,727425,JFB WIPES 285TK 24X120PC 24X575G,0.388954461,ml
2025-12,2026-03,727425,JFB WIPES 285TK 24X120PC 24X575G,0.601550625,ml
2026-01,2026-03,727425,JFB WIPES 285TK 24X120PC 24X575G,0.283690214,ml
2026-02,2026-03,727425,JFB WIPES 285TK 24X120PC 24X575G,0.325205625,ml
2025-11,2026-04,727425,JFB WIPES 285TK 24X120PC 24X575G,0.0,ml
2025-12,2026-04,727425,JFB WIPES 285TK 24X120PC 24X575G,0.601550625,ml
2026-01,2026-04,727425,JFB WIPES 285TK 24X120PC 24X575G,0.552421667,ml
2026-02,2026-04,727425,JFB WIPES 285TK 24X120PC 24X575G,0.325205625,ml
2025-12,2026-05,727425,JFB WIPES 285TK 24X120PC 24X575G,0.601550625,ml
2026-01,2026-05,727425,JFB WIPES 285TK 24X120PC 24X575G,0.552421667,ml
2026-02,2026-05,727425,JFB WIPES 285TK 24X120PC 24X575G,0.325205625,ml
2026-01,2026-06,727425,JFB WIPES 285TK 24X120PC 24X575G,0.552421667,ml
2026-02,2026-06,727425,JFB WIPES 285TK 24X120PC 24X575G,0.325205625,ml
2026-02,2026-07,727425,JFB WIPES 285TK 24X120PC 24X575G,0.325205625,ml
2025-04,2025-05,727975,PA ADV VIT E 150TK 96X150ML,1.143971667,ml
2025-04,2025-05,727975,PA ADV VIT E 150TK 96X150ML,4.0,tm
2025-04,2025-06,727975,PA ADV VIT E 150TK 96X150ML,1.143971667,ml
2025-04,2025-06,727975,PA ADV VIT E 150TK 96X150ML,3.0,tm
2025-05,2025-06,727975,PA ADV VIT E 150TK 96X150ML,1.189877667,ml
2025-05,2025-06,727975,PA ADV VIT E 150TK 96X150ML,4.0,tm
2025-04,2025-07,727975,PA ADV VIT E 150TK 96X150ML,1.143971667,ml
2025-04,2025-07,727975,PA ADV VIT E 150TK 96X150ML,3.0,tm
2025-05,2025-07,727975,PA ADV VIT E 150TK 96X150ML,1.189877667,ml
2025-05,2025-07,727975,PA ADV VIT E 150TK 96X150ML,4.0,tm
2025-06,2025-07,727975,PA ADV VIT E 150TK 96X150ML,1.200991,ml
2025-06,2025-07,727975,PA ADV VIT E 150TK 96X150ML,4.0,tm
2025-04,2025-08,727975,PA ADV VIT E 150TK 96X150ML,1.143971667,ml
2025-04,2025-08,727975,PA ADV VIT E 150TK 96X150ML,3.0,tm
2025-05,2025-08,727975,PA ADV VIT E 150TK 96X150ML,1.189877667,ml
2025-05,2025-08,727975,PA ADV VIT E 150TK 96X150ML,8.0,tm
2025-06,2025-08,727975,PA ADV VIT E 150TK 96X150ML,1.200991,ml
2025-06,2025-08,727975,PA ADV VIT E 150TK 96X150ML,8.0,tm
2025-07,2025-08,727975,PA ADV VIT E 150TK 96X150ML,1.997690667,ml
2025-07,2025-08,727975,PA ADV VIT E 150TK 96X150ML,8.0,tm
2025-04,2025-09,727975,PA ADV VIT E 150TK 96X150ML,1.143971667,ml
2025-04,2025-09,727975,PA ADV VIT E 150TK 96X150ML,4.0,tm
2025-05,2025-09,727975,PA ADV VIT E 150TK 96X150ML,1.189877667,ml
2025-05,2025-09,727975,PA ADV VIT E 150TK 96X150ML,4.0,tm
2025-06,2025-09,727975,PA ADV VIT E 150TK 96X150ML,1.200991,ml
2025-06,2025-09,727975,PA ADV VIT E 150TK 96X150ML,4.0,tm
2025-07,2025-09,727975,PA ADV VIT E 150TK 96X150ML,1.997690667,ml
2025-07,2025-09,727975,PA ADV VIT E 150TK 96X150ML,4.0,tm
2025-08,2025-09,727975,PA ADV VIT E 150TK 96X150ML,2.270432,ml
2025-08,2025-09,727975,PA ADV VIT E 150TK 96X150ML,2.5,tm
2025-05,2025-10,727975,PA ADV VIT E 150TK 96X150ML,1.189877667,ml
2025-05,2025-10,727975,PA ADV VIT E 150TK 96X150ML,3.0,tm
2025-06,2025-10,727975,PA ADV VIT E 150TK 96X150ML,1.200991,ml
2025-06,2025-10,727975,PA ADV VIT E 150TK 96X150ML,3.0,tm
2025-07,2025-10,727975,PA ADV VIT E 150TK 96X150ML,1.997690667,ml
2025-07,2025-10,727975,PA ADV VIT E 150TK 96X150ML,3.0,tm
2025-08,2025-10,727975,PA ADV VIT E 150TK 96X150ML,2.270432,ml
2025-08,2025-10,727975,PA ADV VIT E 150TK 96X150ML,3.0,tm
2025-09,2025-10,727975,PA ADV VIT E 150TK 96X150ML,2.596188,ml
2025-09,2025-10,727975,PA ADV VIT E 150TK 96X150ML,2.5,tm
2025-06,2025-11,727975,PA ADV VIT E 150TK 96X150ML,1.200991,ml
2025-06,2025-11,727975,PA ADV VIT E 150TK 96X150ML,3.0,tm
2025-07,2025-11,727975,PA ADV VIT E 150TK 96X150ML,1.997690667,ml
2025-07,2025-11,727975,PA ADV VIT E 150TK 96X150ML,3.0,tm
2025-08,2025-11,727975,PA ADV VIT E 150TK 96X150ML,2.270432,ml
2025-08,2025-11,727975,PA ADV VIT E 150TK 96X150ML,3.0,tm
2025-09,2025-11,727975,PA ADV VIT E 150TK 96X150ML,2.596188,ml
2025-09,2025-11,727975,PA ADV VIT E 150TK 96X150ML,2.5,tm
2025-10,2025-11,727975,PA ADV VIT E 150TK 96X150ML,1.890922667,ml
2025-10,2025-11,727975,PA ADV VIT E 150TK 96X150ML,2.5,tm
2025-07,2025-12,727975,PA ADV VIT E 150TK 96X150ML,1.997690667,ml
2025-07,2025-12,727975,PA ADV VIT E 150TK 96X150ML,4.0,tm
2025-08,2025-12,727975,PA ADV VIT E 150TK 96X150ML,2.270432,ml
2025-08,2025-12,727975,PA ADV VIT E 150TK 96X150ML,4.0,tm
2025-09,2025-12,727975,PA ADV VIT E 150TK 96X150ML,2.596188,ml
2025-09,2025-12,727975,PA ADV VIT E 150TK 96X150ML,2.5,tm
2025-10,2025-12,727975,PA ADV VIT E 150TK 96X150ML,1.890922667,ml
2025-10,2025-12,727975,PA ADV VIT E 150TK 96X150ML,2.5,tm
2025-11,2025-12,727975,PA ADV VIT E 150TK 96X150ML,1.813789,ml
2025-11,2025-12,727975,PA ADV VIT E 150TK 96X150ML,2.5,tm
2025-08,2026-01,727975,PA ADV VIT E 150TK 96X150ML,2.270432,ml
2025-08,2026-01,727975,PA ADV VIT E 150TK 96X150ML,3.0,tm
2025-09,2026-01,727975,PA ADV VIT E 150TK 96X150ML,2.596188,ml
2025-09,2026-01,727975,PA ADV VIT E 150TK 96X150ML,3.0,tm
2025-10,2026-01,727975,PA ADV VIT E 150TK 96X150ML,1.890922667,ml
2025-10,2026-01,727975,PA ADV VIT E 150TK 96X150ML,3.0,tm
2025-11,2026-01,727975,PA ADV VIT E 150TK 96X150ML,1.813789,ml
2025-11,2026-01,727975,PA ADV VIT E 150TK 96X150ML,3.0,tm
2025-12,2026-01,727975,PA ADV VIT E 150TK 96X150ML,1.835537667,ml
2025-12,2026-01,727975,PA ADV VIT E 150TK 96X150ML,3.0,tm
2025-09,2026-02,727975,PA ADV VIT E 150TK 96X150ML,2.596188,ml
2025-09,2026-02,727975,PA ADV VIT E 150TK 96X150ML,3.0,tm
2025-10,2026-02,727975,PA ADV VIT E 150TK 96X150ML,1.890922667,ml
2025-10,2026-02,727975,PA ADV VIT E 150TK 96X150ML,3.0,tm
2025-11,2026-02,727975,PA ADV VIT E 150TK 96X150ML,1.813789,ml
2025-11,2026-02,727975,PA ADV VIT E 150TK 96X150ML,3.0,tm
2025-12,2026-02,727975,PA ADV VIT E 150TK 96X150ML,1.835537667,ml
2025-12,2026-02,727975,PA ADV VIT E 150TK 96X150ML,3.0,tm
2026-01,2026-02,727975,PA ADV VIT E 150TK 96X150ML,3.0,tm
2025-10,2026-03,727975,PA ADV VIT E 150TK 96X150ML,1.890922667,ml
2025-10,2026-03,727975,PA ADV VIT E 150TK 96X150ML,4.0,tm
2025-11,2026-03,727975,PA ADV VIT E 150TK 96X150ML,1.813789,ml
2025-11,2026-03,727975,PA ADV VIT E 150TK 96X150ML,4.0,tm
2025-12,2026-03,727975,PA ADV VIT E 150TK 96X150ML,1.835537667,ml
2025-12,2026-03,727975,PA ADV VIT E 150TK 96X150ML,4.0,tm
2026-01,2026-03,727975,PA ADV VIT E 150TK 96X150ML,4.0,tm
2026-02,2026-03,727975,PA ADV VIT E 150TK 96X150ML,2.006102333,ml
2026-02,2026-03,727975,PA ADV VIT E 150TK 96X150ML,4.0,tm
2025-11,2026-04,727975,PA ADV VIT E 150TK 96X150ML,1.813789,ml
2025-11,2026-04,727975,PA ADV VIT E 150TK 96X150ML,3.0,tm
2025-12,2026-04,727975,PA ADV VIT E 150TK 96X150ML,1.835537667,ml
2025-12,2026-04,727975,PA ADV VIT E 150TK 96X150ML,2.2,tm
2026-01,2026-04,727975,PA ADV VIT E 150TK 96X150ML,3.0,tm
2026-02,2026-04,727975,PA ADV VIT E 150TK 96X150ML,2.006102333,ml
2026-02,2026-04,727975,PA ADV VIT E 150TK 96X150ML,3.0,tm
2026-03,2026-04,727975,PA ADV VIT E 150TK 96X150ML,1.706356,ml
2026-03,2026-04,727975,PA ADV VIT E 150TK 96X150ML,2.2,tm
2025-12,2026-05,727975,PA ADV VIT E 150TK 96X150ML,1.835537667,ml
2025-12,2026-05,727975,PA ADV VIT E 150TK 96X150ML,3.0,tm
2026-01,2026-05,727975,PA ADV VIT E 150TK 96X150ML,3.8,tm
2026-02,2026-05,727975,PA ADV VIT E 150TK 96X150ML,2.006102333,ml
2026-02,2026-05,727975,PA ADV VIT E 150TK 96X150ML,3.8,tm
2026-03,2026-05,727975,PA ADV VIT E 150TK 96X150ML,1.706356,ml
2026-03,2026-05,727975,PA ADV VIT E 150TK 96X150ML,3.0,tm
2026-04,2026-05,727975,PA ADV VIT E 150TK 96X150ML,1.710605,ml
2026-04,2026-05,727975,PA ADV VIT E 150TK 96X150ML,3.0,tm
2026-01,2026-06,727975,PA ADV VIT E 150TK 96X150ML,2.7,tm
2026-02,2026-06,727975,PA ADV VIT E 150TK 96X150ML,2.006102333,ml
2026-02,2026-06,727975,PA ADV VIT E 150TK 96X150ML,2.7,tm
2026-03,2026-06,727975,PA ADV VIT E 150TK 96X150ML,1.706356,ml
2026-03,2026-06,727975,PA ADV VIT E 150TK 96X150ML,2.3,tm
2026-04,2026-06,727975,PA ADV VIT E 150TK 96X150ML,1.710605,ml
2026-04,2026-06,727975,PA ADV VIT E 150TK 96X150ML,2.3,tm
2026-05,2026-06,727975,PA ADV VIT E 150TK 96X150ML,1.307551,ml
2026-05,2026-06,727975,PA ADV VIT E 150TK 96X150ML,2.7,tm
2026-02,2026-07,727975,PA ADV VIT E 150TK 96X150ML,2.006102333,ml
2026-02,2026-07,727975,PA ADV VIT E 150TK 96X150ML,3.0,tm
2026-03,2026-07,727975,PA ADV VIT E 150TK 96X150ML,1.706356,ml
2026-03,2026-07,727975,PA ADV VIT E 150TK 96X150ML,2.5,tm
2026-04,2026-07,727975,PA ADV VIT E 150TK 96X150ML,1.710605,ml
2026-04,2026-07,727975,PA ADV VIT E 150TK 96X150ML,2.5,tm
2026-05,2026-07,727975,PA ADV VIT E 150TK 96X150ML,1.307551,ml
2026-05,2026-07,727975,PA ADV VIT E 150TK 96X150ML,3.0,tm
2026-06,2026-07,727975,PA ADV VIT E 150TK 96X150ML,1.148469333,ml
2026-06,2026-07,727975,PA ADV VIT E 150TK 96X150ML,1.5,tm
2026-03,2026-08,727975,PA ADV VIT E 150TK 96X150ML,1.706356,ml
2026-03,2026-08,727975,PA ADV VIT E 150TK 96X150ML,3.0,tm
2026-04,2026-08,727975,PA ADV VIT E 150TK 96X150ML,1.710605,ml
2026-04,2026-08,727975,PA ADV VIT E 150TK 96X150ML,2.5,tm
2026-05,2026-08,727975,PA ADV VIT E 150TK 96X150ML,1.307551,ml
2026-05,2026-08,727975,PA ADV VIT E 150TK 96X150ML,3.0,tm
2026-06,2026-08,727975,PA ADV VIT E 150TK 96X150ML,1.148469333,ml
2026-06,2026-08,727975,PA ADV VIT E 150TK 96X150ML,2.5,tm
2026-07,2026-08,727975,PA ADV VIT E 150TK 96X150ML,1.071430667,ml
2026-07,2026-08,727975,PA ADV VIT E 150TK 96X150ML,2.5,tm
2026-04,2026-09,727975,PA ADV VIT E 150TK 96X150ML,1.710605,ml
2026-04,2026-09,727975,PA ADV VIT E 150TK 96X150ML,2.5,tm
2026-05,2026-09,727975,PA ADV VIT E 150TK 96X150ML,1.307551,ml
2026-05,2026-09,727975,PA ADV VIT E 150TK 96X150ML,2.5,tm
2026-06,2026-09,727975,PA ADV VIT E 150TK 96X150ML,1.148469333,ml
2026-06,2026-09,727975,PA ADV VIT E 150TK 96X150ML,2.0,tm
2026-07,2026-09,727975,PA ADV VIT E 150TK 96X150ML,1.071430667,ml
2026-07,2026-09,727975,PA ADV VIT E 150TK 96X150ML,2.0,tm
2026-05,2026-10,727975,PA ADV VIT E 150TK 96X150ML,1.307551,ml
2026-05,2026-10,727975,PA ADV VIT E 150TK 96X150ML,3.0,tm
2026-06,2026-10,727975,PA ADV VIT E 150TK 96X150ML,1.148469333,ml
2026-06,2026-10,727975,PA ADV VIT E 150TK 96X150ML,2.5,tm
2026-07,2026-10,727975,PA ADV VIT E 150TK 96X150ML,1.071430667,ml
2026-07,2026-10,727975,PA ADV VIT E 150TK 96X150ML,2.5,tm
2026-06,2026-11,727975,PA ADV VIT E 150TK 96X150ML,1.148469333,ml
2026-06,2026-11,727975,PA ADV VIT E 150TK 96X150ML,2.2,tm
2026-07,2026-11,727975,PA ADV VIT E 150TK 96X150ML,1.071430667,ml
2026-07,2026-11,727975,PA ADV VIT E 150TK 96X150ML,2.2,tm
2026-07,2026-12,727975,PA ADV VIT E 150TK 96X150ML,1.071430667,ml
2026-07,2026-12,727975,PA ADV VIT E 150TK 96X150ML,2.2,tm
2025-04,2025-05,728926,SAF HONEY 50TK 120X40G,0.154418658,tm
2025-04,2025-06,728926,SAF HONEY 50TK 120X40G,0.154418658,tm
2025-05,2025-06,728926,SAF HONEY 50TK 120X40G,0.154418658,tm
2025-04,2025-07,728926,SAF HONEY 50TK 120X40G,0.152887302,tm
2025-05,2025-07,728926,SAF HONEY 50TK 120X40G,0.152887302,tm
2025-06,2025-07,728926,SAF HONEY 50TK 120X40G,0.152887302,tm
2025-04,2025-08,728926,SAF HONEY 50TK 120X40G,0.153204502,tm
2025-05,2025-08,728926,SAF HONEY 50TK 120X40G,0.153204502,tm
2025-06,2025-08,728926,SAF HONEY 50TK 120X40G,0.45,tm
2025-07,2025-08,728926,SAF HONEY 50TK 120X40G,0.45,tm
2025-04,2025-09,728926,SAF HONEY 50TK 120X40G,1.268004093,tm
2025-05,2025-09,728926,SAF HONEY 50TK 120X40G,1.268004093,tm
2025-06,2025-09,728926,SAF HONEY 50TK 120X40G,1.07,tm
2025-07,2025-09,728926,SAF HONEY 50TK 120X40G,1.07,tm
2025-08,2025-09,728926,SAF HONEY 50TK 120X40G,1.07,tm
2025-05,2025-10,728926,SAF HONEY 50TK 120X40G,1.268004093,tm
2025-06,2025-10,728926,SAF HONEY 50TK 120X40G,0.99,tm
2025-07,2025-10,728926,SAF HONEY 50TK 120X40G,0.99,tm
2025-08,2025-10,728926,SAF HONEY 50TK 120X40G,0.99,tm
2025-09,2025-10,728926,SAF HONEY 50TK 120X40G,1.15,tm
2025-06,2025-11,728926,SAF HONEY 50TK 120X40G,0.89,tm
2025-07,2025-11,728926,SAF HONEY 50TK 120X40G,0.89,tm
2025-08,2025-11,728926,SAF HONEY 50TK 120X40G,0.89,tm
2025-09,2025-11,728926,SAF HONEY 50TK 120X40G,0.99,tm
2025-10,2025-11,728926,SAF HONEY 50TK 120X40G,1.2,tm
2025-07,2025-12,728926,SAF HONEY 50TK 120X40G,0.58,tm
2025-08,2025-12,728926,SAF HONEY 50TK 120X40G,0.58,tm
2025-09,2025-12,728926,SAF HONEY 50TK 120X40G,0.63,tm
2025-10,2025-12,728926,SAF HONEY 50TK 120X40G,0.83,tm
2025-11,2025-12,728926,SAF HONEY 50TK 120X40G,0.702752885,tm
2025-08,2026-01,728926,SAF HONEY 50TK 120X40G,0.42,tm
2025-09,2026-01,728926,SAF HONEY 50TK 120X40G,0.42,tm
2025-10,2026-01,728926,SAF HONEY 50TK 120X40G,0.52,tm
2025-11,2026-01,728926,SAF HONEY 50TK 120X40G,0.468501923,tm
2025-12,2026-01,728926,SAF HONEY 50TK 120X40G,0.468501923,tm
2025-09,2026-02,728926,SAF HONEY 50TK 120X40G,0.152887302,tm
2025-10,2026-02,728926,SAF HONEY 50TK 120X40G,0.2,tm
2025-11,2026-02,728926,SAF HONEY 50TK 120X40G,0.163975673,tm
2025-12,2026-02,728926,SAF HONEY 50TK 120X40G,0.163975673,tm
2026-01,2026-02,728926,SAF HONEY 50TK 120X40G,0.163975673,tm
2025-10,2026-03,728926,SAF HONEY 50TK 120X40G,0.2,tm
2025-11,2026-03,728926,SAF HONEY 50TK 120X40G,0.140550577,tm
2025-12,2026-03,728926,SAF HONEY 50TK 120X40G,0.140550577,tm
2026-01,2026-03,728926,SAF HONEY 50TK 120X40G,0.140550577,tm
2026-02,2026-03,728926,SAF HONEY 50TK 120X40G,0.140550577,tm
2025-11,2026-04,728926,SAF HONEY 50TK 120X40G,0.14,tm
2025-12,2026-04,728926,SAF HONEY 50TK 120X40G,0.062128,tm
2026-01,2026-04,728926,SAF HONEY 50TK 120X40G,0.062128,tm
2026-02,2026-04,728926,SAF HONEY 50TK 120X40G,0.049111372,tm
2026-03,2026-04,728926,SAF HONEY 50TK 120X40G,0.417961768,ml
2026-03,2026-04,728926,SAF HONEY 50TK 120X40G,0.062128,tm
2025-12,2026-05,728926,SAF HONEY 50TK 120X40G,0.068376,tm
2026-01,2026-05,728926,SAF HONEY 50TK 120X40G,0.068376,tm
2026-02,2026-05,728926,SAF HONEY 50TK 120X40G,0.047562403,tm
2026-03,2026-05,728926,SAF HONEY 50TK 120X40G,0.48460452,ml
2026-03,2026-05,728926,SAF HONEY 50TK 120X40G,0.068376,tm
2026-04,2026-05,728926,SAF HONEY 50TK 120X40G,0.266333333,ml
2026-04,2026-05,728926,SAF HONEY 50TK 120X40G,0.068376,tm
2026-01,2026-06,728926,SAF HONEY 50TK 120X40G,0.068376,tm
2026-02,2026-06,728926,SAF HONEY 50TK 120X40G,0.053186947,tm
2026-03,2026-06,728926,SAF HONEY 50TK 120X40G,0.479119126,ml
2026-03,2026-06,728926,SAF HONEY 50TK 120X40G,0.046376,tm
2026-04,2026-06,728926,SAF HONEY 50TK 120X40G,0.266333333,ml
2026-04,2026-06,728926,SAF HONEY 50TK 120X40G,0.046376,tm
2026-05,2026-06,728926,SAF HONEY 50TK 120X40G,0.190613333,ml
2026-05,2026-06,728926,SAF HONEY 50TK 120X40G,0.3,tm
2026-02,2026-07,728926,SAF HONEY 50TK 120X40G,0.062530067,tm
2026-03,2026-07,728926,SAF HONEY 50TK 120X40G,0.48460452,ml
2026-03,2026-07,728926,SAF HONEY 50TK 120X40G,0.079728,tm
2026-04,2026-07,728926,SAF HONEY 50TK 120X40G,0.266333333,ml
2026-04,2026-07,728926,SAF HONEY 50TK 120X40G,0.079728,tm
2026-05,2026-07,728926,SAF HONEY 50TK 120X40G,0.190613333,ml
2026-05,2026-07,728926,SAF HONEY 50TK 120X40G,0.3,tm
2026-06,2026-07,728926,SAF HONEY 50TK 120X40G,0.1360533333,ml
2026-06,2026-07,728926,SAF HONEY 50TK 120X40G,0.3,tm
2026-03,2026-08,728926,SAF HONEY 50TK 120X40G,0.482703118,ml
2026-03,2026-08,728926,SAF HONEY 50TK 120X40G,0.25648,tm
2026-04,2026-08,728926,SAF HONEY 50TK 120X40G,0.266333333,ml
2026-04,2026-08,728926,SAF HONEY 50TK 120X40G,0.250291073,tm
2026-05,2026-08,728926,SAF HONEY 50TK 120X40G,0.190613333,ml
2026-05,2026-08,728926,SAF HONEY 50TK 120X40G,0.250291073,tm
2026-06,2026-08,728926,SAF HONEY 50TK 120X40G,0.1360533333,ml
2026-06,2026-08,728926,SAF HONEY 50TK 120X40G,0.250291073,tm
2026-07,2026-08,728926,SAF HONEY 50TK 120X40G,0.1491066667,ml
2026-07,2026-08,728926,SAF HONEY 50TK 120X40G,0.250291073,tm
2026-04,2026-09,728926,SAF HONEY 50TK 120X40G,0.266333333,ml
2026-04,2026-09,728926,SAF HONEY 50TK 120X40G,1.038598654,tm
2026-05,2026-09,728926,SAF HONEY 50TK 120X40G,0.190613333,ml
2026-05,2026-09,728926,SAF HONEY 50TK 120X40G,1.038598654,tm
2026-06,2026-09,728926,SAF HONEY 50TK 120X40G,0.1360533333,ml
2026-06,2026-09,728926,SAF HONEY 50TK 120X40G,1.038598654,tm
2026-07,2026-09,728926,SAF HONEY 50TK 120X40G,0.1491066667,ml
2026-07,2026-09,728926,SAF HONEY 50TK 120X40G,1.038598654,tm
2026-05,2026-10,728926,SAF HONEY 50TK 120X40G,0.190613333,ml
2026-05,2026-10,728926,SAF HONEY 50TK 120X40G,0.870062045,tm
2026-06,2026-10,728926,SAF HONEY 50TK 120X40G,0.1360533333,ml
2026-06,2026-10,728926,SAF HONEY 50TK 120X40G,0.870062045,tm
2026-07,2026-10,728926,SAF HONEY 50TK 120X40G,0.1491066667,ml
2026-07,2026-10,728926,SAF HONEY 50TK 120X40G,0.870062045,tm
2026-06,2026-11,728926,SAF HONEY 50TK 120X40G,0.1360533333,ml
2026-06,2026-11,728926,SAF HONEY 50TK 120X40G,0.870062045,tm
2026-07,2026-11,728926,SAF HONEY 50TK 120X40G,0.1491066667,ml
2026-07,2026-11,728926,SAF HONEY 50TK 120X40G,0.870062045,tm
2026-07,2026-12,728926,SAF HONEY 50TK 120X40G,0.1491066667,ml
2026-07,2026-12,728926,SAF HONEY 50TK 120X40G,0.466208109,tm
2025-04,2025-05,729651,JFB MG SOAP (F W POW 100G) 0TK 72X25G,0.8675,tm
2025-05,2025-06,729651,JFB MG SOAP (F W POW 100G) 0TK 72X25G,0.22735,tm
2025-09,2025-10,730379,FIERA CREAM 160TK 48X47G,8.8,tm
2025-09,2025-11,730379,FIERA CREAM 160TK 48X47G,7.8,tm
2025-10,2025-11,730379,FIERA CREAM 160TK 48X47G,4.5,tm
2025-09,2025-12,730379,FIERA CREAM 160TK 48X47G,1.7,tm
2025-10,2025-12,730379,FIERA CREAM 160TK 48X47G,3.9,tm
2025-11,2025-12,730379,FIERA CREAM 160TK 48X47G,1.8,tm
2025-09,2026-01,730379,FIERA CREAM 160TK 48X47G,7.5,tm
2025-10,2026-01,730379,FIERA CREAM 160TK 48X47G,4.3,tm
2025-11,2026-01,730379,FIERA CREAM 160TK 48X47G,2.1,tm
2025-12,2026-01,730379,FIERA CREAM 160TK 48X47G,2.1,tm
2025-09,2026-02,730379,FIERA CREAM 160TK 48X47G,7.9,tm
2025-10,2026-02,730379,FIERA CREAM 160TK 48X47G,3.9,tm
2025-11,2026-02,730379,FIERA CREAM 160TK 48X47G,4.5,tm
2025-12,2026-02,730379,FIERA CREAM 160TK 48X47G,4.5,tm
2026-01,2026-02,730379,FIERA CREAM 160TK 48X47G,4.5,tm
2025-10,2026-03,730379,FIERA CREAM 160TK 48X47G,4.3,tm
2025-11,2026-03,730379,FIERA CREAM 160TK 48X47G,3.0,tm
2025-12,2026-03,730379,FIERA CREAM 160TK 48X47G,3.0,tm
2026-01,2026-03,730379,FIERA CREAM 160TK 48X47G,7.38,tm
2026-02,2026-03,730379,FIERA CREAM 160TK 48X47G,2.0,tm
2025-11,2026-04,730379,FIERA CREAM 160TK 48X47G,1.8,tm
2025-12,2026-04,730379,FIERA CREAM 160TK 48X47G,1.8,tm
2026-01,2026-04,730379,FIERA CREAM 160TK 48X47G,1.8,tm
2026-02,2026-04,730379,FIERA CREAM 160TK 48X47G,1.8,tm
2026-03,2026-04,730379,FIERA CREAM 160TK 48X47G,1.6,tm
2025-12,2026-05,730379,FIERA CREAM 160TK 48X47G,5.0,tm
2026-01,2026-05,730379,FIERA CREAM 160TK 48X47G,5.0,tm
2026-02,2026-05,730379,FIERA CREAM 160TK 48X47G,5.0,tm
2026-03,2026-05,730379,FIERA CREAM 160TK 48X47G,3.0,tm
2026-04,2026-05,730379,FIERA CREAM 160TK 48X47G,3.7,tm
2026-01,2026-06,730379,FIERA CREAM 160TK 48X47G,2.0,tm
2026-02,2026-06,730379,FIERA CREAM 160TK 48X47G,2.0,tm
2026-03,2026-06,730379,FIERA CREAM 160TK 48X47G,1.5,tm
2026-04,2026-06,730379,FIERA CREAM 160TK 48X47G,1.8,tm
2026-05,2026-06,730379,FIERA CREAM 160TK 48X47G,2.2,tm
2026-02,2026-07,730379,FIERA CREAM 160TK 48X47G,2.5,tm
2026-03,2026-07,730379,FIERA CREAM 160TK 48X47G,1.6,tm
2026-04,2026-07,730379,FIERA CREAM 160TK 48X47G,3.0,tm
2026-05,2026-07,730379,FIERA CREAM 160TK 48X47G,2.0,tm
2026-06,2026-07,730379,FIERA CREAM 160TK 48X47G,1.5,tm
2026-03,2026-08,730379,FIERA CREAM 160TK 48X47G,2.5,tm
2026-04,2026-08,730379,FIERA CREAM 160TK 48X47G,1.8,tm
2026-05,2026-08,730379,FIERA CREAM 160TK 48X47G,2.2,tm
2026-06,2026-08,730379,FIERA CREAM 160TK 48X47G,2.2,tm
2026-07,2026-08,730379,FIERA CREAM 160TK 48X47G,0.9,tm
2026-04,2026-09,730379,FIERA CREAM 160TK 48X47G,2.5,tm
2026-05,2026-09,730379,FIERA CREAM 160TK 48X47G,2.3,tm
2026-06,2026-09,730379,FIERA CREAM 160TK 48X47G,2.3,tm
2026-07,2026-09,730379,FIERA CREAM 160TK 48X47G,1.1,tm
2026-05,2026-10,730379,FIERA CREAM 160TK 48X47G,2.5,tm
2026-06,2026-10,730379,FIERA CREAM 160TK 48X47G,2.5,tm
2026-07,2026-10,730379,FIERA CREAM 160TK 48X47G,1.5,tm
2026-06,2026-11,730379,FIERA CREAM 160TK 48X47G,2.5,tm
2026-07,2026-11,730379,FIERA CREAM 160TK 48X47G,1.7,tm
2026-07,2026-12,730379,FIERA CREAM 160TK 48X47G,1.6,tm
2025-09,2025-10,730380,FIERA CREAM 95TK 72X23G,7.0,tm
2025-09,2025-11,730380,FIERA CREAM 95TK 72X23G,8.7,tm
2025-10,2025-11,730380,FIERA CREAM 95TK 72X23G,5.5,tm
2025-09,2025-12,730380,FIERA CREAM 95TK 72X23G,1.3,tm
2025-10,2025-12,730380,FIERA CREAM 95TK 72X23G,3.2,tm
2025-11,2025-12,730380,FIERA CREAM 95TK 72X23G,1.2,tm
2025-09,2026-01,730380,FIERA CREAM 95TK 72X23G,8.5,tm
2025-10,2026-01,730380,FIERA CREAM 95TK 72X23G,5.3,tm
2025-11,2026-01,730380,FIERA CREAM 95TK 72X23G,2.4,tm
2025-12,2026-01,730380,FIERA CREAM 95TK 72X23G,2.4,tm
2025-09,2026-02,730380,FIERA CREAM 95TK 72X23G,6.4,tm
2025-10,2026-02,730380,FIERA CREAM 95TK 72X23G,3.2,tm
2025-11,2026-02,730380,FIERA CREAM 95TK 72X23G,3.5,tm
2025-12,2026-02,730380,FIERA CREAM 95TK 72X23G,3.5,tm
2026-01,2026-02,730380,FIERA CREAM 95TK 72X23G,3.5,tm
2025-10,2026-03,730380,FIERA CREAM 95TK 72X23G,5.3,tm
2025-11,2026-03,730380,FIERA CREAM 95TK 72X23G,4.0,tm
2025-12,2026-03,730380,FIERA CREAM 95TK 72X23G,4.0,tm
2026-01,2026-03,730380,FIERA CREAM 95TK 72X23G,3.95,tm
2026-02,2026-03,730380,FIERA CREAM 95TK 72X23G,3.0,tm
2025-11,2026-04,730380,FIERA CREAM 95TK 72X23G,1.2,tm
2025-12,2026-04,730380,FIERA CREAM 95TK 72X23G,1.2,tm
2026-01,2026-04,730380,FIERA CREAM 95TK 72X23G,1.2,tm
2026-02,2026-04,730380,FIERA CREAM 95TK 72X23G,1.2,tm
2026-03,2026-04,730380,FIERA CREAM 95TK 72X23G,2.0,tm
2025-12,2026-05,730380,FIERA CREAM 95TK 72X23G,4.0,tm
2026-01,2026-05,730380,FIERA CREAM 95TK 72X23G,4.0,tm
2026-02,2026-05,730380,FIERA CREAM 95TK 72X23G,4.0,tm
2026-03,2026-05,730380,FIERA CREAM 95TK 72X23G,2.0,tm
2026-04,2026-05,730380,FIERA CREAM 95TK 72X23G,1.8,tm
2026-01,2026-06,730380,FIERA CREAM 95TK 72X23G,2.2,tm
2026-02,2026-06,730380,FIERA CREAM 95TK 72X23G,2.2,tm
2026-03,2026-06,730380,FIERA CREAM 95TK 72X23G,1.0,tm
2026-04,2026-06,730380,FIERA CREAM 95TK 72X23G,0.7,tm
2026-05,2026-06,730380,FIERA CREAM 95TK 72X23G,1.0,tm
2026-02,2026-07,730380,FIERA CREAM 95TK 72X23G,2.3,tm
2026-03,2026-07,730380,FIERA CREAM 95TK 72X23G,2.0,tm
2026-04,2026-07,730380,FIERA CREAM 95TK 72X23G,1.5,tm
2026-05,2026-07,730380,FIERA CREAM 95TK 72X23G,1.5,tm
2026-06,2026-07,730380,FIERA CREAM 95TK 72X23G,1.0,tm
2026-03,2026-08,730380,FIERA CREAM 95TK 72X23G,2.0,tm
2026-04,2026-08,730380,FIERA CREAM 95TK 72X23G,0.7,tm
2026-05,2026-08,730380,FIERA CREAM 95TK 72X23G,1.6,tm
2026-06,2026-08,730380,FIERA CREAM 95TK 72X23G,1.6,tm
2026-07,2026-08,730380,FIERA CREAM 95TK 72X23G,0.6,tm
2026-04,2026-09,730380,FIERA CREAM 95TK 72X23G,2.0,tm
2026-05,2026-09,730380,FIERA CREAM 95TK 72X23G,1.7,tm
2026-06,2026-09,730380,FIERA CREAM 95TK 72X23G,1.7,tm
2026-07,2026-09,730380,FIERA CREAM 95TK 72X23G,0.8,tm
2026-05,2026-10,730380,FIERA CREAM 95TK 72X23G,2.0,tm
2026-06,2026-10,730380,FIERA CREAM 95TK 72X23G,1.8,tm
2026-07,2026-10,730380,FIERA CREAM 95TK 72X23G,0.9,tm
2026-06,2026-11,730380,FIERA CREAM 95TK 72X23G,1.8,tm
2026-07,2026-11,730380,FIERA CREAM 95TK 72X23G,1.0,tm
2026-07,2026-12,730380,FIERA CREAM 95TK 72X23G,1.0,tm
2025-07,2025-08,730768,PN SHMP ON (F W BELI 200ML) 0TK 168X5ML,12.4,tm
2025-08,2025-09,730768,PN SHMP ON (F W BELI 200ML) 0TK 168X5ML,5.4,tm
2025-09,2025-10,730768,PN SHMP ON (F W BELI 200ML) 0TK 168X5ML,2.61934,tm
2025-10,2025-11,730768,PN SHMP ON (F W BELI 200ML) 0TK 168X5ML,0.46884000000000003,tm
2025-11,2025-12,730768,PN SHMP ON (F W BELI 200ML) 0TK 168X5ML,0.2383,tm
2026-01,2026-02,730768,PN SHMP ON (F W BELI 200ML) 0TK 168X5ML,0.10400000000000001,tm
2025-07,2025-08,731494,PA BELI MV (F W BELI 400ML) 0TK 30X34ML,4.59,tm
2025-08,2025-09,731494,PA BELI MV (F W BELI 400ML) 0TK 30X34ML,2.125,tm
2025-09,2025-10,731494,PA BELI MV (F W BELI 400ML) 0TK 30X34ML,0.91868,tm
2025-10,2025-11,731494,PA BELI MV (F W BELI 400ML) 0TK 30X34ML,0.336294,tm
2025-11,2025-12,731494,PA BELI MV (F W BELI 400ML) 0TK 30X34ML,0.281248,tm
2025-12,2026-01,731494,PA BELI MV (F W BELI 400ML) 0TK 30X34ML,0.278528,tm
2026-01,2026-02,731494,PA BELI MV (F W BELI 400ML) 0TK 30X34ML,0.2686,tm
2025-07,2025-09,731495,PA BELI MV (F NC 2X5ML) 120TK 120X100ML,10.0,tm
2025-08,2025-09,731495,PA BELI MV (F NC 2X5ML) 120TK 120X100ML,10.0,tm
2025-09,2025-10,731495,PA BELI MV (F NC 2X5ML) 120TK 120X100ML,10.0,tm
2025-10,2025-11,731495,PA BELI MV (F NC 2X5ML) 120TK 120X100ML,4.6,tm
2025-10,2025-12,731495,PA BELI MV (F NC 2X5ML) 120TK 120X100ML,3.16,tm
2025-11,2025-12,731495,PA BELI MV (F NC 2X5ML) 120TK 120X100ML,3.16,tm
2025-10,2026-01,731495,PA BELI MV (F NC 2X5ML) 120TK 120X100ML,1.05,tm
2025-11,2026-01,731495,PA BELI MV (F NC 2X5ML) 120TK 120X100ML,1.05,tm
2025-12,2026-01,731495,PA BELI MV (F NC 2X5ML) 120TK 120X100ML,1.05,tm
2025-10,2026-02,731495,PA BELI MV (F NC 2X5ML) 120TK 120X100ML,2.55,tm
2025-11,2026-02,731495,PA BELI MV (F NC 2X5ML) 120TK 120X100ML,2.55,tm
2025-12,2026-02,731495,PA BELI MV (F NC 2X5ML) 120TK 120X100ML,2.55,tm
2026-01,2026-02,731495,PA BELI MV (F NC 2X5ML) 120TK 120X100ML,2.55,tm
2025-10,2026-03,731495,PA BELI MV (F NC 2X5ML) 120TK 120X100ML,1.5,tm
2025-11,2026-03,731495,PA BELI MV (F NC 2X5ML) 120TK 120X100ML,1.5,tm
2025-12,2026-03,731495,PA BELI MV (F NC 2X5ML) 120TK 120X100ML,1.5,tm
2026-01,2026-03,731495,PA BELI MV (F NC 2X5ML) 120TK 120X100ML,1.5,tm
2026-02,2026-03,731495,PA BELI MV (F NC 2X5ML) 120TK 120X100ML,1.5,tm
2025-11,2026-04,731495,PA BELI MV (F NC 2X5ML) 120TK 120X100ML,1.05,tm
2025-12,2026-04,731495,PA BELI MV (F NC 2X5ML) 120TK 120X100ML,1.2,tm
2026-01,2026-04,731495,PA BELI MV (F NC 2X5ML) 120TK 120X100ML,0.85,tm
2026-02,2026-04,731495,PA BELI MV (F NC 2X5ML) 120TK 120X100ML,1.1,tm
2026-03,2026-04,731495,PA BELI MV (F NC 2X5ML) 120TK 120X100ML,0.6,tm
2025-12,2026-05,731495,PA BELI MV (F NC 2X5ML) 120TK 120X100ML,1.5,tm
2026-01,2026-05,731495,PA BELI MV (F NC 2X5ML) 120TK 120X100ML,1.2,tm
2026-02,2026-05,731495,PA BELI MV (F NC 2X5ML) 120TK 120X100ML,1.1,tm
2026-03,2026-05,731495,PA BELI MV (F NC 2X5ML) 120TK 120X100ML,0.8,tm
2026-04,2026-05,731495,PA BELI MV (F NC 2X5ML) 120TK 120X100ML,0.8,tm
2026-01,2026-06,731495,PA BELI MV (F NC 2X5ML) 120TK 120X100ML,0.85,tm
2026-02,2026-06,731495,PA BELI MV (F NC 2X5ML) 120TK 120X100ML,1.0,tm
2026-03,2026-06,731495,PA BELI MV (F NC 2X5ML) 120TK 120X100ML,0.5,tm
2026-04,2026-06,731495,PA BELI MV (F NC 2X5ML) 120TK 120X100ML,0.5,tm
2026-05,2026-06,731495,PA BELI MV (F NC 2X5ML) 120TK 120X100ML,0.5,tm
2026-02,2026-07,731495,PA BELI MV (F NC 2X5ML) 120TK 120X100ML,1.0,tm
2026-03,2026-07,731495,PA BELI MV (F NC 2X5ML) 120TK 120X100ML,0.5,tm
2026-04,2026-07,731495,PA BELI MV (F NC 2X5ML) 120TK 120X100ML,0.5,tm
2026-05,2026-07,731495,PA BELI MV (F NC 2X5ML) 120TK 120X100ML,0.5,tm
2026-06,2026-07,731495,PA BELI MV (F NC 2X5ML) 120TK 120X100ML,0.5,tm
2026-03,2026-08,731495,PA BELI MV (F NC 2X5ML) 120TK 120X100ML,0.5,tm
2026-04,2026-08,731495,PA BELI MV (F NC 2X5ML) 120TK 120X100ML,0.5,tm
2026-05,2026-08,731495,PA BELI MV (F NC 2X5ML) 120TK 120X100ML,0.5,tm
2026-06,2026-08,731495,PA BELI MV (F NC 2X5ML) 120TK 120X100ML,0.5,tm
2026-07,2026-08,731495,PA BELI MV (F NC 2X5ML) 120TK 120X100ML,0.5,tm
2026-04,2026-09,731495,PA BELI MV (F NC 2X5ML) 120TK 120X100ML,0.5,tm
2026-05,2026-09,731495,PA BELI MV (F NC 2X5ML) 120TK 120X100ML,0.5,tm
2026-06,2026-09,731495,PA BELI MV (F NC 2X5ML) 120TK 120X100ML,0.5,tm
2026-07,2026-09,731495,PA BELI MV (F NC 2X5ML) 120TK 120X100ML,0.5,tm
2026-05,2026-10,731495,PA BELI MV (F NC 2X5ML) 120TK 120X100ML,0.5,tm
2026-06,2026-10,731495,PA BELI MV (F NC 2X5ML) 120TK 120X100ML,0.5,tm
2026-07,2026-10,731495,PA BELI MV (F NC 2X5ML) 120TK 120X100ML,0.5,tm
2026-06,2026-11,731495,PA BELI MV (F NC 2X5ML) 120TK 120X100ML,0.8,tm
2026-07,2026-11,731495,PA BELI MV (F NC 2X5ML) 120TK 120X100ML,0.8,tm
2026-07,2026-12,731495,PA BELI MV (F NC 2X5ML) 120TK 120X100ML,0.5,tm
2025-08,2025-10,731594,PEARL FC (F W BELI 200ML) 0TK 72X9G,2.7,tm
2025-09,2025-10,731594,PEARL FC (F W BELI 200ML) 0TK 72X9G,2.925,tm
2025-08,2025-11,731594,PEARL FC (F W BELI 200ML) 0TK 72X9G,1.8,tm
2025-09,2025-11,731594,PEARL FC (F W BELI 200ML) 0TK 72X9G,1.575,tm
2025-10,2025-12,731594,PEARL FC (F W BELI 200ML) 0TK 72X9G,4.5,tm
2025-11,2025-12,731594,PEARL FC (F W BELI 200ML) 0TK 72X9G,3.231522,tm
2025-12,2026-01,731594,PEARL FC (F W BELI 200ML) 0TK 72X9G,0.32796,tm
2026-01,2026-02,731594,PEARL FC (F W BELI 200ML) 0TK 72X9G,0.07605,tm
2026-01,2026-03,731594,PEARL FC (F W BELI 200ML) 0TK 72X9G,4.5,tm
2026-02,2026-03,731594,PEARL FC (F W BELI 200ML) 0TK 72X9G,4.05,tm
2026-03,2026-04,731594,PEARL FC (F W BELI 200ML) 0TK 72X9G,2.55915,tm
2026-04,2026-05,731594,PEARL FC (F W BELI 200ML) 0TK 72X9G,1.161,tm
2026-05,2026-06,731594,PEARL FC (F W BELI 200ML) 0TK 72X9G,0.35271,tm
2026-04,2026-07,731594,PEARL FC (F W BELI 200ML) 0TK 72X9G,3.0,tm
2026-05,2026-07,731594,PEARL FC (F W BELI 200ML) 0TK 72X9G,3.0,tm
2026-06,2026-07,731594,PEARL FC (F W BELI 200ML) 0TK 72X9G,2.2365,tm
2026-05,2026-08,731594,PEARL FC (F W BELI 200ML) 0TK 72X9G,9.9,tm
2026-06,2026-08,731594,PEARL FC (F W BELI 200ML) 0TK 72X9G,10.887,tm
2026-07,2026-08,731594,PEARL FC (F W BELI 200ML) 0TK 72X9G,3.3000000000000003,tm
2026-05,2026-09,731594,PEARL FC (F W BELI 200ML) 0TK 72X9G,7.2,tm
2026-06,2026-09,731594,PEARL FC (F W BELI 200ML) 0TK 72X9G,7.2,tm
2026-07,2026-09,731594,PEARL FC (F W BELI 200ML) 0TK 72X9G,3.0,tm
2026-05,2026-10,731594,PEARL FC (F W BELI 200ML) 0TK 72X9G,2.7,tm
2026-06,2026-10,731594,PEARL FC (F W BELI 200ML) 0TK 72X9G,2.7,tm
2026-07,2026-10,731594,PEARL FC (F W BELI 200ML) 0TK 72X9G,2.061,tm
2026-07,2026-11,731594,PEARL FC (F W BELI 200ML) 0TK 72X9G,0.6849,tm
2025-09,2025-10,731671,PN SHMP LLS SCHT 2TK 1080X5.15ML,116.386825021,tm
2025-09,2025-11,731671,PN SHMP LLS SCHT 2TK 1080X5.15ML,143.838482218,tm
2025-10,2025-11,731671,PN SHMP LLS SCHT 2TK 1080X5.15ML,250.0,tm
2025-09,2025-12,731671,PN SHMP LLS SCHT 2TK 1080X5.15ML,109.868409726,tm
2025-10,2025-12,731671,PN SHMP LLS SCHT 2TK 1080X5.15ML,170.0,tm
2025-11,2025-12,731671,PN SHMP LLS SCHT 2TK 1080X5.15ML,170.0,tm
2025-09,2026-01,731671,PN SHMP LLS SCHT 2TK 1080X5.15ML,132.730639828,tm
2025-10,2026-01,731671,PN SHMP LLS SCHT 2TK 1080X5.15ML,230.0,tm
2025-11,2026-01,731671,PN SHMP LLS SCHT 2TK 1080X5.15ML,230.0,tm
2025-12,2026-01,731671,PN SHMP LLS SCHT 2TK 1080X5.15ML,70.0,tm
2025-09,2026-02,731671,PN SHMP LLS SCHT 2TK 1080X5.15ML,125.804233731,tm
2025-10,2026-02,731671,PN SHMP LLS SCHT 2TK 1080X5.15ML,190.0,tm
2025-11,2026-02,731671,PN SHMP LLS SCHT 2TK 1080X5.15ML,190.0,tm
2025-12,2026-02,731671,PN SHMP LLS SCHT 2TK 1080X5.15ML,80.0,tm
2026-01,2026-02,731671,PN SHMP LLS SCHT 2TK 1080X5.15ML,80.0,tm
2025-10,2026-03,731671,PN SHMP LLS SCHT 2TK 1080X5.15ML,260.0,tm
2025-11,2026-03,731671,PN SHMP LLS SCHT 2TK 1080X5.15ML,260.0,tm
2025-12,2026-03,731671,PN SHMP LLS SCHT 2TK 1080X5.15ML,100.0,tm
2026-01,2026-03,731671,PN SHMP LLS SCHT 2TK 1080X5.15ML,100.0,tm
2026-02,2026-03,731671,PN SHMP LLS SCHT 2TK 1080X5.15ML,100.0,tm
2025-11,2026-04,731671,PN SHMP LLS SCHT 2TK 1080X5.15ML,255.0,tm
2025-12,2026-04,731671,PN SHMP LLS SCHT 2TK 1080X5.15ML,80.0,tm
2026-01,2026-04,731671,PN SHMP LLS SCHT 2TK 1080X5.15ML,80.0,tm
2026-02,2026-04,731671,PN SHMP LLS SCHT 2TK 1080X5.15ML,80.0,tm
2026-03,2026-04,731671,PN SHMP LLS SCHT 2TK 1080X5.15ML,88.54285714299999,tm
2025-12,2026-05,731671,PN SHMP LLS SCHT 2TK 1080X5.15ML,100.0,tm
2026-01,2026-05,731671,PN SHMP LLS SCHT 2TK 1080X5.15ML,100.0,tm
2026-02,2026-05,731671,PN SHMP LLS SCHT 2TK 1080X5.15ML,100.0,tm
2026-03,2026-05,731671,PN SHMP LLS SCHT 2TK 1080X5.15ML,90.0,tm
2026-04,2026-05,731671,PN SHMP LLS SCHT 2TK 1080X5.15ML,70.0,tm
2026-01,2026-06,731671,PN SHMP LLS SCHT 2TK 1080X5.15ML,100.0,tm
2026-02,2026-06,731671,PN SHMP LLS SCHT 2TK 1080X5.15ML,100.0,tm
2026-03,2026-06,731671,PN SHMP LLS SCHT 2TK 1080X5.15ML,89.428571429,tm
2026-04,2026-06,731671,PN SHMP LLS SCHT 2TK 1080X5.15ML,89.428571429,tm
2026-05,2026-06,731671,PN SHMP LLS SCHT 2TK 1080X5.15ML,70.6708,tm
2026-02,2026-07,731671,PN SHMP LLS SCHT 2TK 1080X5.15ML,80.0,tm
2026-03,2026-07,731671,PN SHMP LLS SCHT 2TK 1080X5.15ML,65.0,tm
2026-04,2026-07,731671,PN SHMP LLS SCHT 2TK 1080X5.15ML,65.0,tm
2026-05,2026-07,731671,PN SHMP LLS SCHT 2TK 1080X5.15ML,65.0,tm
2026-06,2026-07,731671,PN SHMP LLS SCHT 2TK 1080X5.15ML,67.530857143,tm
2026-03,2026-08,731671,PN SHMP LLS SCHT 2TK 1080X5.15ML,89.428571429,tm
2026-04,2026-08,731671,PN SHMP LLS SCHT 2TK 1080X5.15ML,89.428571429,tm
2026-05,2026-08,731671,PN SHMP LLS SCHT 2TK 1080X5.15ML,60.0,tm
2026-06,2026-08,731671,PN SHMP LLS SCHT 2TK 1080X5.15ML,60.0,tm
2026-07,2026-08,731671,PN SHMP LLS SCHT 2TK 1080X5.15ML,50.500285714,tm
2026-04,2026-09,731671,PN SHMP LLS SCHT 2TK 1080X5.15ML,60.0,tm
2026-05,2026-09,731671,PN SHMP LLS SCHT 2TK 1080X5.15ML,100.0,tm
2026-06,2026-09,731671,PN SHMP LLS SCHT 2TK 1080X5.15ML,70.0,tm
2026-07,2026-09,731671,PN SHMP LLS SCHT 2TK 1080X5.15ML,60.0,tm
2026-05,2026-10,731671,PN SHMP LLS SCHT 2TK 1080X5.15ML,60.0,tm
2026-06,2026-10,731671,PN SHMP LLS SCHT 2TK 1080X5.15ML,50.0,tm
2026-07,2026-10,731671,PN SHMP LLS SCHT 2TK 1080X5.15ML,50.0,tm
2026-06,2026-11,731671,PN SHMP LLS SCHT 2TK 1080X5.15ML,60.0,tm
2026-07,2026-11,731671,PN SHMP LLS SCHT 2TK 1080X5.15ML,50.0,tm
2026-07,2026-12,731671,PN SHMP LLS SCHT 2TK 1080X5.15ML,50.0,tm
2025-09,2025-10,731728,PN SHMP LLS 265TK 24X320ML,1.518654837,tm
2025-09,2025-11,731728,PN SHMP LLS 265TK 24X320ML,1.644082047,tm
2025-10,2025-11,731728,PN SHMP LLS 265TK 24X320ML,2.607371273,tm
2025-09,2025-12,731728,PN SHMP LLS 265TK 24X320ML,4.101594271,tm
2025-10,2025-12,731728,PN SHMP LLS 265TK 24X320ML,6.421447855,tm
2025-11,2025-12,731728,PN SHMP LLS 265TK 24X320ML,5.48368,tm
2025-09,2026-01,731728,PN SHMP LLS 265TK 24X320ML,1.524869882,tm
2025-10,2026-01,731728,PN SHMP LLS 265TK 24X320ML,3.337606791,tm
2025-11,2026-01,731728,PN SHMP LLS 265TK 24X320ML,2.824869882,tm
2025-12,2026-01,731728,PN SHMP LLS 265TK 24X320ML,3.48368,tm
2025-09,2026-02,731728,PN SHMP LLS 265TK 24X320ML,3.701594271,tm
2025-10,2026-02,731728,PN SHMP LLS 265TK 24X320ML,6.083297352,tm
2025-11,2026-02,731728,PN SHMP LLS 265TK 24X320ML,4.701594271,tm
2025-12,2026-02,731728,PN SHMP LLS 265TK 24X320ML,4.701594270999999,tm
2026-01,2026-02,731728,PN SHMP LLS 265TK 24X320ML,4.701594270999999,tm
2025-10,2026-03,731728,PN SHMP LLS 265TK 24X320ML,6.083297352,tm
2025-11,2026-03,731728,PN SHMP LLS 265TK 24X320ML,1.711321256,tm
2025-12,2026-03,731728,PN SHMP LLS 265TK 24X320ML,1.711321256,tm
2026-01,2026-03,731728,PN SHMP LLS 265TK 24X320ML,1.711321256,tm
2026-02,2026-03,731728,PN SHMP LLS 265TK 24X320ML,1.711321256,tm
2025-11,2026-04,731728,PN SHMP LLS 265TK 24X320ML,6.083297352,tm
2025-12,2026-04,731728,PN SHMP LLS 265TK 24X320ML,2.044,tm
2026-01,2026-04,731728,PN SHMP LLS 265TK 24X320ML,1.5,tm
2026-02,2026-04,731728,PN SHMP LLS 265TK 24X320ML,1.5,tm
2026-03,2026-04,731728,PN SHMP LLS 265TK 24X320ML,2.5,tm
2025-12,2026-05,731728,PN SHMP LLS 265TK 24X320ML,5.044,tm
2026-01,2026-05,731728,PN SHMP LLS 265TK 24X320ML,4.5,tm
2026-02,2026-05,731728,PN SHMP LLS 265TK 24X320ML,4.5,tm
2026-03,2026-05,731728,PN SHMP LLS 265TK 24X320ML,3.0,tm
2026-04,2026-05,731728,PN SHMP LLS 265TK 24X320ML,3.0,tm
2026-01,2026-06,731728,PN SHMP LLS 265TK 24X320ML,1.5,tm
2026-02,2026-06,731728,PN SHMP LLS 265TK 24X320ML,1.5,tm
2026-03,2026-06,731728,PN SHMP LLS 265TK 24X320ML,2.0,tm
2026-04,2026-06,731728,PN SHMP LLS 265TK 24X320ML,2.0,tm
2026-05,2026-06,731728,PN SHMP LLS 265TK 24X320ML,2.0,tm
2026-02,2026-07,731728,PN SHMP LLS 265TK 24X320ML,2.3,tm
2026-03,2026-07,731728,PN SHMP LLS 265TK 24X320ML,2.5,tm
2026-04,2026-07,731728,PN SHMP LLS 265TK 24X320ML,2.5,tm
2026-05,2026-07,731728,PN SHMP LLS 265TK 24X320ML,2.5,tm
2026-06,2026-07,731728,PN SHMP LLS 265TK 24X320ML,2.5,tm
2026-03,2026-08,731728,PN SHMP LLS 265TK 24X320ML,1.5,tm
2026-04,2026-08,731728,PN SHMP LLS 265TK 24X320ML,1.5,tm
2026-05,2026-08,731728,PN SHMP LLS 265TK 24X320ML,1.5,tm
2026-06,2026-08,731728,PN SHMP LLS 265TK 24X320ML,1.5,tm
2026-07,2026-08,731728,PN SHMP LLS 265TK 24X320ML,1.5,tm
2026-04,2026-09,731728,PN SHMP LLS 265TK 24X320ML,1.7,tm
2026-05,2026-09,731728,PN SHMP LLS 265TK 24X320ML,1.7,tm
2026-06,2026-09,731728,PN SHMP LLS 265TK 24X320ML,1.7,tm
2026-07,2026-09,731728,PN SHMP LLS 265TK 24X320ML,1.7,tm
2026-05,2026-10,731728,PN SHMP LLS 265TK 24X320ML,1.5,tm
2026-06,2026-10,731728,PN SHMP LLS 265TK 24X320ML,1.5,tm
2026-07,2026-10,731728,PN SHMP LLS 265TK 24X320ML,1.5,tm
2026-06,2026-11,731728,PN SHMP LLS 265TK 24X320ML,1.2,tm
2026-07,2026-11,731728,PN SHMP LLS 265TK 24X320ML,1.2,tm
2026-07,2026-12,731728,PN SHMP LLS 265TK 24X320ML,1.2,tm
2025-09,2025-10,731729,PNS LLS 140TK 24X160ML,1.361369773,tm
2025-09,2025-11,731729,PNS LLS 140TK 24X160ML,1.361369773,tm
2025-10,2025-11,731729,PNS LLS 140TK 24X160ML,1.538461539,tm
2025-09,2025-12,731729,PNS LLS 140TK 24X160ML,3.676797601,tm
2025-10,2025-12,731729,PNS LLS 140TK 24X160ML,5.600291455,tm
2025-11,2025-12,731729,PNS LLS 140TK 24X160ML,1.8208,tm
2025-09,2026-01,731729,PNS LLS 140TK 24X160ML,2.227791814,tm
2025-10,2026-01,731729,PNS LLS 140TK 24X160ML,2.356717681,tm
2025-11,2026-01,731729,PNS LLS 140TK 24X160ML,1.627791814,tm
2025-12,2026-01,731729,PNS LLS 140TK 24X160ML,1.627791814,tm
2025-09,2026-02,731729,PNS LLS 140TK 24X160ML,3.276797601,tm
2025-10,2026-02,731729,PNS LLS 140TK 24X160ML,7.863852514,tm
2025-11,2026-02,731729,PNS LLS 140TK 24X160ML,2.676797601,tm
2025-12,2026-02,731729,PNS LLS 140TK 24X160ML,2.676797601,tm
2026-01,2026-02,731729,PNS LLS 140TK 24X160ML,2.676797601,tm
2025-10,2026-03,731729,PNS LLS 140TK 24X160ML,7.863852514,tm
2025-11,2026-03,731729,PNS LLS 140TK 24X160ML,1.134081987,tm
2025-12,2026-03,731729,PNS LLS 140TK 24X160ML,1.134081987,tm
2026-01,2026-03,731729,PNS LLS 140TK 24X160ML,1.134081987,tm
2026-02,2026-03,731729,PNS LLS 140TK 24X160ML,2.334081987,tm
2025-11,2026-04,731729,PNS LLS 140TK 24X160ML,7.063852514,tm
2025-12,2026-04,731729,PNS LLS 140TK 24X160ML,1.0,tm
2026-01,2026-04,731729,PNS LLS 140TK 24X160ML,0.81,tm
2026-02,2026-04,731729,PNS LLS 140TK 24X160ML,1.0,tm
2026-03,2026-04,731729,PNS LLS 140TK 24X160ML,1.0,tm
2025-12,2026-05,731729,PNS LLS 140TK 24X160ML,1.0,tm
2026-01,2026-05,731729,PNS LLS 140TK 24X160ML,0.808,tm
2026-02,2026-05,731729,PNS LLS 140TK 24X160ML,1.0,tm
2026-03,2026-05,731729,PNS LLS 140TK 24X160ML,1.5,tm
2026-04,2026-05,731729,PNS LLS 140TK 24X160ML,1.5,tm
2026-01,2026-06,731729,PNS LLS 140TK 24X160ML,1.308,tm
2026-02,2026-06,731729,PNS LLS 140TK 24X160ML,1.5,tm
2026-03,2026-06,731729,PNS LLS 140TK 24X160ML,1.0,tm
2026-04,2026-06,731729,PNS LLS 140TK 24X160ML,1.0,tm
2026-05,2026-06,731729,PNS LLS 140TK 24X160ML,1.0,tm
2026-02,2026-07,731729,PNS LLS 140TK 24X160ML,1.0,tm
2026-03,2026-07,731729,PNS LLS 140TK 24X160ML,1.0,tm
2026-04,2026-07,731729,PNS LLS 140TK 24X160ML,1.0,tm
2026-05,2026-07,731729,PNS LLS 140TK 24X160ML,1.0,tm
2026-06,2026-07,731729,PNS LLS 140TK 24X160ML,1.0,tm
2026-03,2026-08,731729,PNS LLS 140TK 24X160ML,1.0,tm
2026-04,2026-08,731729,PNS LLS 140TK 24X160ML,1.0,tm
2026-05,2026-08,731729,PNS LLS 140TK 24X160ML,1.0,tm
2026-06,2026-08,731729,PNS LLS 140TK 24X160ML,1.0,tm
2026-07,2026-08,731729,PNS LLS 140TK 24X160ML,1.0,tm
2026-04,2026-09,731729,PNS LLS 140TK 24X160ML,1.0,tm
2026-05,2026-09,731729,PNS LLS 140TK 24X160ML,1.0,tm
2026-06,2026-09,731729,PNS LLS 140TK 24X160ML,1.0,tm
2026-07,2026-09,731729,PNS LLS 140TK 24X160ML,1.0,tm
2026-05,2026-10,731729,PNS LLS 140TK 24X160ML,1.0,tm
2026-06,2026-10,731729,PNS LLS 140TK 24X160ML,1.0,tm
2026-07,2026-10,731729,PNS LLS 140TK 24X160ML,1.0,tm
2026-06,2026-11,731729,PNS LLS 140TK 24X160ML,1.0,tm
2026-07,2026-11,731729,PNS LLS 140TK 24X160ML,1.0,tm
2026-07,2026-12,731729,PNS LLS 140TK 24X160ML,1.0,tm
2025-10,2025-11,732128,SP LOTION DM 170TK 48X100ML,2.0,tm
2025-10,2025-12,732128,SP LOTION DM 170TK 48X100ML,1.5,tm
2025-11,2025-12,732128,SP LOTION DM 170TK 48X100ML,3.13,tm
2025-10,2026-01,732128,SP LOTION DM 170TK 48X100ML,1.08,tm
2025-11,2026-01,732128,SP LOTION DM 170TK 48X100ML,0.5,tm
2025-12,2026-01,732128,SP LOTION DM 170TK 48X100ML,0.5,tm
2026-04,2026-05,732128,SP LOTION DM 170TK 48X100ML,0.258032667,ml
2026-04,2026-06,732128,SP LOTION DM 170TK 48X100ML,0.258032667,ml
2026-04,2026-07,732128,SP LOTION DM 170TK 48X100ML,0.258032667,ml
2026-04,2026-08,732128,SP LOTION DM 170TK 48X100ML,0.258032667,ml
2026-04,2026-09,732128,SP LOTION DM 170TK 48X100ML,0.258032667,ml
2026-04,2026-09,732128,SP LOTION DM 170TK 48X100ML,0.49157744,tm
2026-05,2026-09,732128,SP LOTION DM 170TK 48X100ML,0.589892927,tm
2026-06,2026-09,732128,SP LOTION DM 170TK 48X100ML,0.589892927,tm
2026-07,2026-09,732128,SP LOTION DM 170TK 48X100ML,0.589892927,tm
2026-05,2026-10,732128,SP LOTION DM 170TK 48X100ML,1.966309758,tm
2026-06,2026-10,732128,SP LOTION DM 170TK 48X100ML,1.966309758,tm
2026-07,2026-10,732128,SP LOTION DM 170TK 48X100ML,1.966309758,tm
2026-06,2026-11,732128,SP LOTION DM 170TK 48X100ML,1.57,tm
2026-07,2026-11,732128,SP LOTION DM 170TK 48X100ML,1.57,tm
2026-07,2026-12,732128,SP LOTION DM 170TK 48X100ML,0.757687446,tm
2025-11,2026-01,732337,PA SECRETS AL 135TK 48X100ML,0.5,tm
2025-12,2026-01,732337,PA SECRETS AL 135TK 48X100ML,0.5,tm
2025-11,2026-02,732337,PA SECRETS AL 135TK 48X100ML,1.0,tm
2025-12,2026-02,732337,PA SECRETS AL 135TK 48X100ML,1.0,tm
2026-01,2026-02,732337,PA SECRETS AL 135TK 48X100ML,1.0,tm
2025-11,2026-03,732337,PA SECRETS AL 135TK 48X100ML,1.0,tm
2025-12,2026-03,732337,PA SECRETS AL 135TK 48X100ML,1.0,tm
2026-01,2026-03,732337,PA SECRETS AL 135TK 48X100ML,1.0,tm
2026-02,2026-03,732337,PA SECRETS AL 135TK 48X100ML,1.0,tm
2025-11,2026-04,732337,PA SECRETS AL 135TK 48X100ML,1.0,tm
2025-12,2026-04,732337,PA SECRETS AL 135TK 48X100ML,0.8,tm
2026-01,2026-04,732337,PA SECRETS AL 135TK 48X100ML,0.8,tm
2026-02,2026-04,732337,PA SECRETS AL 135TK 48X100ML,1.0,tm
2026-03,2026-04,732337,PA SECRETS AL 135TK 48X100ML,0.5,tm
2025-12,2026-05,732337,PA SECRETS AL 135TK 48X100ML,1.0,tm
2026-01,2026-05,732337,PA SECRETS AL 135TK 48X100ML,1.0,tm
2026-02,2026-05,732337,PA SECRETS AL 135TK 48X100ML,1.0,tm
2026-03,2026-05,732337,PA SECRETS AL 135TK 48X100ML,0.6,tm
2026-04,2026-05,732337,PA SECRETS AL 135TK 48X100ML,0.6,tm
2026-01,2026-06,732337,PA SECRETS AL 135TK 48X100ML,2.0,tm
2026-02,2026-06,732337,PA SECRETS AL 135TK 48X100ML,2.504,tm
2026-03,2026-06,732337,PA SECRETS AL 135TK 48X100ML,1.8,tm
2026-04,2026-06,732337,PA SECRETS AL 135TK 48X100ML,1.8,tm
2026-05,2026-06,732337,PA SECRETS AL 135TK 48X100ML,0.3,tm
2026-02,2026-07,732337,PA SECRETS AL 135TK 48X100ML,0.5,tm
2026-03,2026-07,732337,PA SECRETS AL 135TK 48X100ML,0.5,tm
2026-04,2026-07,732337,PA SECRETS AL 135TK 48X100ML,0.3,tm
2026-05,2026-07,732337,PA SECRETS AL 135TK 48X100ML,0.6,tm
2026-06,2026-07,732337,PA SECRETS AL 135TK 48X100ML,1.5,tm
2026-03,2026-08,732337,PA SECRETS AL 135TK 48X100ML,0.8,tm
2026-04,2026-08,732337,PA SECRETS AL 135TK 48X100ML,0.3,tm
2026-05,2026-08,732337,PA SECRETS AL 135TK 48X100ML,0.3,tm
2026-06,2026-08,732337,PA SECRETS AL 135TK 48X100ML,0.3,tm
2026-07,2026-08,732337,PA SECRETS AL 135TK 48X100ML,0.3,tm
2026-04,2026-09,732337,PA SECRETS AL 135TK 48X100ML,1.0,tm
2026-05,2026-09,732337,PA SECRETS AL 135TK 48X100ML,0.6,tm
2026-06,2026-09,732337,PA SECRETS AL 135TK 48X100ML,1.5,tm
2026-07,2026-09,732337,PA SECRETS AL 135TK 48X100ML,1.5,tm
2026-05,2026-10,732337,PA SECRETS AL 135TK 48X100ML,0.3,tm
2026-06,2026-10,732337,PA SECRETS AL 135TK 48X100ML,0.3,tm
2026-07,2026-10,732337,PA SECRETS AL 135TK 48X100ML,0.3,tm
2026-06,2026-11,732337,PA SECRETS AL 135TK 48X100ML,0.6,tm
2026-07,2026-11,732337,PA SECRETS AL 135TK 48X100ML,0.6,tm
2026-07,2026-12,732337,PA SECRETS AL 135TK 48X100ML,0.3,tm
2026-01,2026-02,732965,PN SHMP NC (F W PA AV 250ML) 0TK 42X70ML,6.3,tm
2026-01,2026-03,732965,PN SHMP NC (F W PA AV 250ML) 0TK 42X70ML,2.5032,tm
2026-02,2026-03,732965,PN SHMP NC (F W PA AV 250ML) 0TK 42X70ML,5.9304,tm
2026-03,2026-04,732965,PN SHMP NC (F W PA AV 250ML) 0TK 42X70ML,1.2796,tm
2026-04,2026-05,732965,PN SHMP NC (F W PA AV 250ML) 0TK 42X70ML,0.392,tm
2026-03,2026-06,732965,PN SHMP NC (F W PA AV 250ML) 0TK 42X70ML,7.56,tm
2026-04,2026-06,732965,PN SHMP NC (F W PA AV 250ML) 0TK 42X70ML,7.56,tm
2026-05,2026-06,732965,PN SHMP NC (F W PA AV 250ML) 0TK 42X70ML,7.014,tm
2026-06,2026-07,732965,PN SHMP NC (F W PA AV 250ML) 0TK 42X70ML,3.584,tm
2026-07,2026-08,732965,PN SHMP NC (F W PA AV 250ML) 0TK 42X70ML,1.2684,tm
2026-01,2026-02,732992,PN SHMP NC (F W PA AV 150ML) 0TK 84X30ML,2.8,tm
2026-01,2026-03,732992,PN SHMP NC (F W PA AV 150ML) 0TK 84X30ML,1.080162277,tm
2026-02,2026-03,732992,PN SHMP NC (F W PA AV 150ML) 0TK 84X30ML,2.42,tm
2026-02,2026-04,732992,PN SHMP NC (F W PA AV 150ML) 0TK 84X30ML,0.966,tm
2026-03,2026-04,732992,PN SHMP NC (F W PA AV 150ML) 0TK 84X30ML,1.446,tm
2026-04,2026-05,732992,PN SHMP NC (F W PA AV 150ML) 0TK 84X30ML,0.84,tm
2026-03,2026-06,732992,PN SHMP NC (F W PA AV 150ML) 0TK 84X30ML,3.6,tm
2026-04,2026-06,732992,PN SHMP NC (F W PA AV 150ML) 0TK 84X30ML,3.6,tm
2026-05,2026-06,732992,PN SHMP NC (F W PA AV 150ML) 0TK 84X30ML,3.458,tm
2026-06,2026-07,732992,PN SHMP NC (F W PA AV 150ML) 0TK 84X30ML,1.94,tm
2026-07,2026-08,732992,PN SHMP NC (F W PA AV 150ML) 0TK 84X30ML,0.972,tm
2026-02,2026-03,733263,PA TOTAL CARE 60TK 96X75ML,4.5,tm
2026-02,2026-04,733263,PA TOTAL CARE 60TK 96X75ML,3.3,tm
2026-03,2026-04,733263,PA TOTAL CARE 60TK 96X75ML,2.8,tm
2026-02,2026-05,733263,PA TOTAL CARE 60TK 96X75ML,4.95,tm
2026-03,2026-05,733263,PA TOTAL CARE 60TK 96X75ML,3.5,tm
2026-04,2026-05,733263,PA TOTAL CARE 60TK 96X75ML,3.5,tm
2026-02,2026-06,733263,PA TOTAL CARE 60TK 96X75ML,3.3,tm
2026-03,2026-06,733263,PA TOTAL CARE 60TK 96X75ML,2.5,tm
2026-04,2026-06,733263,PA TOTAL CARE 60TK 96X75ML,2.5,tm
2026-05,2026-06,733263,PA TOTAL CARE 60TK 96X75ML,1.5,tm
2026-02,2026-07,733263,PA TOTAL CARE 60TK 96X75ML,4.95,tm
2026-03,2026-07,733263,PA TOTAL CARE 60TK 96X75ML,3.5,tm
2026-04,2026-07,733263,PA TOTAL CARE 60TK 96X75ML,3.5,tm
2026-05,2026-07,733263,PA TOTAL CARE 60TK 96X75ML,1.5,tm
2026-06,2026-07,733263,PA TOTAL CARE 60TK 96X75ML,1.5,tm
2026-03,2026-08,733263,PA TOTAL CARE 60TK 96X75ML,3.5,tm
2026-04,2026-08,733263,PA TOTAL CARE 60TK 96X75ML,3.0,tm
2026-05,2026-08,733263,PA TOTAL CARE 60TK 96X75ML,1.5,tm
2026-06,2026-08,733263,PA TOTAL CARE 60TK 96X75ML,1.5,tm
2026-07,2026-08,733263,PA TOTAL CARE 60TK 96X75ML,1.5,tm
2026-04,2026-09,733263,PA TOTAL CARE 60TK 96X75ML,3.5,tm
2026-05,2026-09,733263,PA TOTAL CARE 60TK 96X75ML,1.5,tm
2026-06,2026-09,733263,PA TOTAL CARE 60TK 96X75ML,1.5,tm
2026-07,2026-09,733263,PA TOTAL CARE 60TK 96X75ML,1.5,tm
2026-05,2026-10,733263,PA TOTAL CARE 60TK 96X75ML,2.0,tm
2026-06,2026-10,733263,PA TOTAL CARE 60TK 96X75ML,2.0,tm
2026-07,2026-10,733263,PA TOTAL CARE 60TK 96X75ML,2.0,tm
2026-06,2026-11,733263,PA TOTAL CARE 60TK 96X75ML,1.5,tm
2026-07,2026-11,733263,PA TOTAL CARE 60TK 96X75ML,1.5,tm
2026-07,2026-12,733263,PA TOTAL CARE 60TK 96X75ML,1.5,tm
2026-04,2026-05,734166,RAZE CONQUER 450TK 48X120ML,1.85896,tm
2026-04,2026-06,734166,RAZE CONQUER 450TK 48X120ML,0.31,tm
2026-05,2026-06,734166,RAZE CONQUER 450TK 48X120ML,0.883333333,tm
2026-04,2026-07,734166,RAZE CONQUER 450TK 48X120ML,0.31,tm
2026-05,2026-07,734166,RAZE CONQUER 450TK 48X120ML,0.9,tm
2026-06,2026-07,734166,RAZE CONQUER 450TK 48X120ML,0.9,tm
2026-04,2026-08,734166,RAZE CONQUER 450TK 48X120ML,0.8,tm
2026-05,2026-08,734166,RAZE CONQUER 450TK 48X120ML,0.883333333,tm
2026-06,2026-08,734166,RAZE CONQUER 450TK 48X120ML,0.883333333,tm
2026-07,2026-08,734166,RAZE CONQUER 450TK 48X120ML,1.0,tm
2026-04,2026-09,734166,RAZE CONQUER 450TK 48X120ML,0.9,tm
2026-05,2026-09,734166,RAZE CONQUER 450TK 48X120ML,0.9,tm
2026-06,2026-09,734166,RAZE CONQUER 450TK 48X120ML,0.9,tm
2026-07,2026-09,734166,RAZE CONQUER 450TK 48X120ML,0.7,tm
2026-05,2026-10,734166,RAZE CONQUER 450TK 48X120ML,0.883333333,tm
2026-06,2026-10,734166,RAZE CONQUER 450TK 48X120ML,0.883333333,tm
2026-07,2026-10,734166,RAZE CONQUER 450TK 48X120ML,0.7,tm
2026-06,2026-11,734166,RAZE CONQUER 450TK 48X120ML,0.883333333,tm
2026-07,2026-11,734166,RAZE CONQUER 450TK 48X120ML,0.7,tm
2026-07,2026-12,734166,RAZE CONQUER 450TK 48X120ML,0.7,tm
2026-04,2026-05,734169,RAZE DARE 450TK 48X120ML,1.61536,tm
2026-04,2026-06,734169,RAZE DARE 450TK 48X120ML,1.77,tm
2026-05,2026-06,734169,RAZE DARE 450TK 48X120ML,1.0,tm
2026-04,2026-07,734169,RAZE DARE 450TK 48X120ML,1.77,tm
2026-05,2026-07,734169,RAZE DARE 450TK 48X120ML,1.2,tm
2026-06,2026-07,734169,RAZE DARE 450TK 48X120ML,1.2,tm
2026-04,2026-08,734169,RAZE DARE 450TK 48X120ML,0.8,tm
2026-05,2026-08,734169,RAZE DARE 450TK 48X120ML,1.0,tm
2026-06,2026-08,734169,RAZE DARE 450TK 48X120ML,1.0,tm
2026-07,2026-08,734169,RAZE DARE 450TK 48X120ML,1.2,tm
2026-04,2026-09,734169,RAZE DARE 450TK 48X120ML,0.9,tm
2026-05,2026-09,734169,RAZE DARE 450TK 48X120ML,1.2,tm
2026-06,2026-09,734169,RAZE DARE 450TK 48X120ML,1.2,tm
2026-07,2026-09,734169,RAZE DARE 450TK 48X120ML,0.7,tm
2026-05,2026-10,734169,RAZE DARE 450TK 48X120ML,1.0,tm
2026-06,2026-10,734169,RAZE DARE 450TK 48X120ML,1.0,tm
2026-07,2026-10,734169,RAZE DARE 450TK 48X120ML,0.8,tm
2026-06,2026-11,734169,RAZE DARE 450TK 48X120ML,1.4,tm
2026-07,2026-11,734169,RAZE DARE 450TK 48X120ML,0.7,tm
2026-07,2026-12,734169,RAZE DARE 450TK 48X120ML,0.8,tm
2026-04,2026-05,734170,RAZE ASCEND 450TK 48X120ML,1.76968,tm
2026-04,2026-06,734170,RAZE ASCEND 450TK 48X120ML,1.81,tm
2026-05,2026-06,734170,RAZE ASCEND 450TK 48X120ML,1.0,tm
2026-04,2026-07,734170,RAZE ASCEND 450TK 48X120ML,1.81,tm
2026-05,2026-07,734170,RAZE ASCEND 450TK 48X120ML,1.2,tm
2026-06,2026-07,734170,RAZE ASCEND 450TK 48X120ML,1.2,tm
2026-04,2026-08,734170,RAZE ASCEND 450TK 48X120ML,0.8,tm
2026-05,2026-08,734170,RAZE ASCEND 450TK 48X120ML,1.0,tm
2026-06,2026-08,734170,RAZE ASCEND 450TK 48X120ML,1.0,tm
2026-07,2026-08,734170,RAZE ASCEND 450TK 48X120ML,1.0,tm
2026-04,2026-09,734170,RAZE ASCEND 450TK 48X120ML,0.9,tm
2026-05,2026-09,734170,RAZE ASCEND 450TK 48X120ML,1.2,tm
2026-06,2026-09,734170,RAZE ASCEND 450TK 48X120ML,1.2,tm
2026-07,2026-09,734170,RAZE ASCEND 450TK 48X120ML,0.8,tm
2026-05,2026-10,734170,RAZE ASCEND 450TK 48X120ML,1.0,tm
2026-06,2026-10,734170,RAZE ASCEND 450TK 48X120ML,1.0,tm
2026-07,2026-10,734170,RAZE ASCEND 450TK 48X120ML,0.8,tm
2026-06,2026-11,734170,RAZE ASCEND 450TK 48X120ML,1.4,tm
2026-07,2026-11,734170,RAZE ASCEND 450TK 48X120ML,0.8,tm
2026-07,2026-12,734170,RAZE ASCEND 450TK 48X120ML,0.8,tm
2026-02,2026-03,735347,PCNO 550TK 24X600ML,10.0,tm
2026-02,2026-04,735347,PCNO 550TK 24X600ML,8.0,tm
2026-03,2026-04,735347,PCNO 550TK 24X600ML,20.0,tm
2026-02,2026-05,735347,PCNO 550TK 24X600ML,7.0,tm
2026-03,2026-05,735347,PCNO 550TK 24X600ML,25.0,tm
2026-04,2026-05,735347,PCNO 550TK 24X600ML,25.0,tm
2026-02,2026-06,735347,PCNO 550TK 24X600ML,7.0,tm
2026-03,2026-06,735347,PCNO 550TK 24X600ML,12.0,tm
2026-04,2026-06,735347,PCNO 550TK 24X600ML,12.0,tm
2026-05,2026-06,735347,PCNO 550TK 24X600ML,15.0,tm
2026-02,2026-07,735347,PCNO 550TK 24X600ML,7.0,tm
2026-03,2026-07,735347,PCNO 550TK 24X600ML,12.0,tm
2026-04,2026-07,735347,PCNO 550TK 24X600ML,12.0,tm
2026-05,2026-07,735347,PCNO 550TK 24X600ML,12.0,tm
2026-06,2026-07,735347,PCNO 550TK 24X600ML,14.0,tm
2026-03,2026-08,735347,PCNO 550TK 24X600ML,16.0,tm
2026-04,2026-08,735347,PCNO 550TK 24X600ML,15.0,tm
2026-05,2026-08,735347,PCNO 550TK 24X600ML,20.0,tm
2026-06,2026-08,735347,PCNO 550TK 24X600ML,20.0,tm
2026-07,2026-08,735347,PCNO 550TK 24X600ML,20.0,tm
2026-04,2026-09,735347,PCNO 550TK 24X600ML,19.0,tm
2026-05,2026-09,735347,PCNO 550TK 24X600ML,25.0,tm
2026-06,2026-09,735347,PCNO 550TK 24X600ML,25.0,tm
2026-07,2026-09,735347,PCNO 550TK 24X600ML,25.0,tm
2026-05,2026-10,735347,PCNO 550TK 24X600ML,17.0,tm
2026-06,2026-10,735347,PCNO 550TK 24X600ML,17.0,tm
2026-07,2026-10,735347,PCNO 550TK 24X600ML,17.0,tm
2026-06,2026-11,735347,PCNO 550TK 24X600ML,18.0,tm
2026-07,2026-11,735347,PCNO 550TK 24X600ML,18.0,tm
2026-07,2026-12,735347,PCNO 550TK 24X600ML,15.0,tm
2026-07,2026-08,735715,PN SHMP AD SCHT 3TK 1152X5ML,8.0,tm
2026-07,2026-09,735715,PN SHMP AD SCHT 3TK 1152X5ML,12.0,tm
2026-07,2026-10,735715,PN SHMP AD SCHT 3TK 1152X5ML,12.0,tm
2026-07,2026-11,735715,PN SHMP AD SCHT 3TK 1152X5ML,12.0,tm
2026-07,2026-12,735715,PN SHMP AD SCHT 3TK 1152X5ML,12.0,tm
2026-07,2026-08,735726,PN SHMP AD 190TK 24X160ML,1.56,tm
2026-07,2026-09,735726,PN SHMP AD 190TK 24X160ML,0.92,tm
2026-07,2026-10,735726,PN SHMP AD 190TK 24X160ML,0.68,tm
2026-07,2026-11,735726,PN SHMP AD 190TK 24X160ML,0.92,tm
2026-07,2026-12,735726,PN SHMP AD 190TK 24X160ML,0.59,tm
2026-07,2026-08,735727,PN SHMP AD 350TK 24X320ML,2.25,tm
2026-07,2026-09,735727,PN SHMP AD 350TK 24X320ML,1.39,tm
2026-07,2026-10,735727,PN SHMP AD 350TK 24X320ML,1.17,tm
2026-07,2026-11,735727,PN SHMP AD 350TK 24X320ML,1.29,tm
2026-07,2026-12,735727,PN SHMP AD 350TK 24X320ML,0.99,tm
2025-05,2025-09,999030,PEARL CHLD (F W PAB 200ML) 0TK 84X9G,4.5,tm
2025-06,2025-09,999030,PEARL CHLD (F W PAB 200ML) 0TK 84X9G,4.5,tm
2025-07,2025-09,999030,PEARL CHLD (F W PAB 200ML) 0TK 84X9G,4.5,tm
2025-05,2025-09,999063,PA BELI MV 34ML (FR W BELI 400ML),4.59,tm
2025-06,2025-09,999063,PA BELI MV 34ML (FR W BELI 400ML),4.59,tm
2025-05,2025-10,999064,PA BELI MV CO (F NC 2X5ML) 130TK 96X100ML,10.0,tm
2025-06,2025-10,999064,PA BELI MV CO (F NC 2X5ML) 130TK 96X100ML,10.0,tm
2025-11,2026-02,999171,PNS NC 30ML CHILD (F W Aloe Vera 150ML),2.8,tm
2025-12,2026-02,999171,PNS NC 30ML CHILD (F W Aloe Vera 150ML),2.8,tm
2025-11,2026-03,999171,PNS NC 30ML CHILD (F W Aloe Vera 150ML),1.08,tm
2025-12,2026-03,999171,PNS NC 30ML CHILD (F W Aloe Vera 150ML),1.080162277,tm
2025-11,2026-02,999173,PNS NC 70ML CHILD (F W Aloe Vera 250ML),6.3,tm
2025-12,2026-02,999173,PNS NC 70ML CHILD (F W Aloe Vera 250ML),6.3,tm
2025-11,2026-03,999173,PNS NC 70ML CHILD (F W Aloe Vera 250ML),2.5284,tm
2025-12,2026-03,999173,PNS NC 70ML CHILD (F W Aloe Vera 250ML),2.529618706,tm
