parent_code,calculation_month,snop_month,fc_kl
702082,2026-03-01,2026-04-01,5.0
702082,2026-03-01,2026-05-01,5.0
702082,2026-03-01,2026-06-01,7.0
702082,2026-03-01,2026-07-01,5.0
702082,2026-03-01,2026-08-01,5.0
702082,2026-02-01,2026-04-01,5.5
702082,2026-02-01,2026-05-01,6.0
702082,2026-02-01,2026-06-01,8.5
702082,2026-02-01,2026-07-01,6.0
702082,2026-02-01,2027-03-01,5.0
702082,2026-01-01,2026-04-01,5.5
702082,2026-01-01,2026-05-01,6.0
702082,2026-01-01,2026-06-01,8.5
702082,2026-01-01,2027-02-01,5.0
702082,2026-01-01,2027-03-01,5.0
702082,2025-12-01,2025-04-01,5.0
702082,2025-12-01,2025-05-01,6.0
702082,2025-12-01,2026-01-01,5.0
702082,2025-12-01,2026-02-01,5.0
702082,2025-12-01,2026-03-01,5.0
702082,2025-11-01,2025-04-01,5.0
702082,2025-11-01,2025-12-01,5.0
702082,2025-11-01,2026-01-01,5.0
702082,2025-11-01,2026-02-01,5.0
702082,2025-11-01,2026-03-01,5.0
702082,2025-10-01,2025-11-01,5.0
702082,2025-10-01,2025-12-01,5.0
702082,2025-10-01,2026-01-01,5.0
702082,2025-10-01,2026-02-01,5.0
702082,2025-10-01,2026-03-01,5.0
702082,2025-09-01,2025-10-01,5.0
702082,2025-09-01,2025-11-01,5.0
702082,2025-09-01,2025-12-01,5.0
702082,2025-09-01,2026-01-01,5.0
702082,2025-09-01,2026-02-01,5.0
702082,2025-08-01,2025-09-01,5.0
702082,2025-08-01,2025-10-01,5.0
702082,2025-08-01,2025-11-01,5.0
702082,2025-08-01,2025-12-01,5.0
702082,2025-08-01,2026-01-01,5.0
702082,2025-07-01,2025-08-01,5.0
702082,2025-07-01,2025-09-01,5.0
702082,2025-07-01,2025-10-01,5.0
702082,2025-07-01,2025-11-01,5.0
702082,2025-07-01,2025-12-01,5.0
702082,2025-06-01,2025-07-01,5.0
702082,2025-06-01,2025-08-01,5.0
702082,2025-06-01,2025-09-01,5.0
702082,2025-06-01,2025-10-01,5.0
702082,2025-06-01,2025-11-01,5.0
702082,2025-05-01,2025-06-01,6.0
702082,2025-05-01,2025-07-01,5.0
702082,2025-05-01,2025-08-01,5.0
702082,2025-05-01,2025-09-01,5.0
702082,2025-05-01,2025-10-01,5.0
702082,2025-04-01,2025-05-01,5.0
702082,2025-04-01,2025-06-01,6.0
702082,2025-04-01,2025-07-01,5.0
702082,2025-04-01,2025-08-01,5.0
702082,2025-04-01,2025-09-01,5.0
703584,2026-03-01,2026-04-01,2.3
703584,2026-03-01,2026-05-01,2.95
703584,2026-03-01,2026-06-01,2.2
703584,2026-03-01,2026-07-01,2.2
703584,2026-03-01,2026-08-01,2.95
703584,2026-02-01,2026-04-01,2.3
703584,2026-02-01,2026-05-01,4.5
703584,2026-02-01,2026-06-01,2.2
703584,2026-02-01,2026-07-01,2.244041943445984
703584,2026-02-01,2027-03-01,2.244041943445984
703584,2026-01-01,2026-04-01,2.8
703584,2026-01-01,2026-05-01,3.6
703584,2026-01-01,2026-06-01,2.8
703584,2026-01-01,2027-02-01,1.496027962297322
703584,2026-01-01,2027-03-01,2.244041943445984
703584,2025-12-01,2025-04-01,2.3
703584,2025-12-01,2025-05-01,3.0
703584,2025-12-01,2026-01-01,1.496027962297323
703584,2025-12-01,2026-02-01,1.496027962297322
703584,2025-12-01,2026-03-01,2.244041943445984
703584,2025-11-01,2025-04-01,2.0
703584,2025-11-01,2025-12-01,2.2
703584,2025-11-01,2026-01-01,1.496027962297323
703584,2025-11-01,2026-02-01,1.496027962297322
703584,2025-11-01,2026-03-01,2.244041943445984
703584,2025-10-01,2025-11-01,2.2
703584,2025-10-01,2025-12-01,2.2
703584,2025-10-01,2026-01-01,1.496027962297323
703584,2025-10-01,2026-02-01,1.496027962297322
703584,2025-10-01,2026-03-01,1.496027962297322
703584,2025-09-01,2025-10-01,2.244041943445984
703584,2025-09-01,2025-11-01,2.2
703584,2025-09-01,2025-12-01,2.2
703584,2025-09-01,2026-01-01,1.496027962297323
703584,2025-09-01,2026-02-01,1.496027962297322
703584,2025-08-01,2025-09-01,2.244041943445984
703584,2025-08-01,2025-10-01,2.244041943445984
703584,2025-08-01,2025-11-01,1.496027962297323
703584,2025-08-01,2025-12-01,1.496027962297323
703584,2025-08-01,2026-01-01,1.496027962297323
703584,2025-07-01,2025-08-01,1.496027962297323
703584,2025-07-01,2025-09-01,2.244041943445984
703584,2025-07-01,2025-10-01,2.244041943445984
703584,2025-07-01,2025-11-01,1.496027962297323
703584,2025-07-01,2025-12-01,1.496027962297323
703584,2025-06-01,2025-07-01,1.496027962297323
703584,2025-06-01,2025-08-01,1.496027962297323
703584,2025-06-01,2025-09-01,2.244041943445984
703584,2025-06-01,2025-10-01,2.244041943445984
703584,2025-06-01,2025-11-01,1.496027962297323
703584,2025-05-01,2025-06-01,1.496027962297323
703584,2025-05-01,2025-07-01,1.496027962297322
703584,2025-05-01,2025-08-01,1.496027962297323
703584,2025-05-01,2025-09-01,2.244041943445984
703584,2025-05-01,2025-10-01,2.244041943445984
703584,2025-04-01,2025-05-01,2.992055924594645
703584,2025-04-01,2025-06-01,1.496027962297323
703584,2025-04-01,2025-07-01,1.496027962297322
703584,2025-04-01,2025-08-01,1.496027962297323
703584,2025-04-01,2025-09-01,2.244041943445984
706059,2026-03-01,2026-04-01,220.10794735
706059,2026-03-01,2026-05-01,370.12410495
706059,2026-03-01,2026-06-01,360.12711455
706059,2026-03-01,2026-07-01,190.14329115
706059,2026-03-01,2026-08-01,340.52203049999997
706059,2026-02-01,2026-04-01,280.1361345949206
706059,2026-02-01,2026-05-01,400.1318409215698
706059,2026-02-01,2026-06-01,300.1474319128755
706059,2026-02-01,2026-07-01,260.17333063613034
706059,2026-02-01,2027-03-01,320.48828827584856
706059,2026-01-01,2026-04-01,280.0134997192
706059,2026-01-01,2026-05-01,400.0134997192
706059,2026-01-01,2026-06-01,300.0134997192
706059,2026-01-01,2027-02-01,280.5576996551567
706059,2026-01-01,2027-03-01,290.4780282758486
706059,2025-12-01,2025-04-01,260.0
706059,2025-12-01,2025-05-01,395.0
706059,2025-12-01,2026-01-01,201.278
706059,2025-12-01,2026-02-01,280.58384465515667
706059,2025-12-01,2026-03-01,290.4780282758486
706059,2025-11-01,2025-04-01,220.171
706059,2025-11-01,2025-12-01,342.3517071527118
706059,2025-11-01,2026-01-01,201.00821335963082
706059,2025-11-01,2026-02-01,280.5576996551567
706059,2025-11-01,2026-03-01,290.4780282758486
706059,2025-10-01,2025-11-01,202.768
706059,2025-10-01,2025-12-01,342.0178
706059,2025-10-01,2026-01-01,190.8322
706059,2025-10-01,2026-02-01,280.228
706059,2025-10-01,2026-03-01,220.342
706059,2025-09-01,2025-10-01,273.058
706059,2025-09-01,2025-11-01,202.67
706059,2025-09-01,2025-12-01,341.54
706059,2025-09-01,2026-01-01,190.644
706059,2025-09-01,2026-02-01,280.0
706059,2025-08-01,2025-09-01,292.652
706059,2025-08-01,2025-10-01,302.426
706059,2025-08-01,2025-11-01,222.07
706059,2025-08-01,2025-12-01,341.34
706059,2025-08-01,2026-01-01,190.834
706059,2025-07-01,2025-08-01,351.1431
706059,2025-07-01,2025-09-01,282.7459
706059,2025-07-01,2025-10-01,302.4139
706059,2025-07-01,2025-11-01,222.2819
706059,2025-07-01,2025-12-01,341.46
706059,2025-06-01,2025-07-01,220.239
706059,2025-06-01,2025-08-01,361.13
706059,2025-06-01,2025-09-01,192.6518
706059,2025-06-01,2025-10-01,332.4248
706059,2025-06-01,2025-11-01,182.0704
706059,2025-05-01,2025-06-01,335.2413421507953
706059,2025-05-01,2025-07-01,220.23894878262095
706059,2025-05-01,2025-08-01,360.23944453652405
706059,2025-05-01,2025-09-01,191.98177369834966
706059,2025-05-01,2025-10-01,331.9817736983497
706059,2025-04-01,2025-05-01,190.2413421507953
706059,2025-04-01,2025-06-01,340.2413421507953
706059,2025-04-01,2025-07-01,220.23894878262095
706059,2025-04-01,2025-08-01,360.23944453652405
706059,2025-04-01,2025-09-01,190.69562237926442
706088,2026-03-01,2026-04-01,739.9999999999999
706088,2026-03-01,2026-05-01,940.0
706088,2026-03-01,2026-06-01,830.0
706088,2026-03-01,2026-07-01,450.0
706088,2026-03-01,2026-08-01,850.0
706088,2026-02-01,2026-04-01,780.0
706088,2026-02-01,2026-05-01,1000.0
706088,2026-02-01,2026-06-01,850.0
706088,2026-02-01,2026-07-01,520.0
706088,2026-02-01,2027-03-01,970.0
706088,2026-01-01,2026-04-01,779.998982448
706088,2026-01-01,2026-05-01,999.998982448
706088,2026-01-01,2026-06-01,849.998982448
706088,2026-01-01,2027-02-01,709.998982448
706088,2026-01-01,2027-03-01,899.9989824481
706088,2025-12-01,2025-04-01,719.998982448
706088,2025-12-01,2025-05-01,939.998982448
706088,2025-12-01,2026-01-01,699.998982448
706088,2025-12-01,2026-02-01,709.998982448
706088,2025-12-01,2026-03-01,899.998982448
706088,2025-11-01,2025-04-01,749.998982448
706088,2025-11-01,2025-12-01,814.99830408
706088,2025-11-01,2026-01-01,699.998982448
706088,2025-11-01,2026-02-01,709.998982448
706088,2025-11-01,2026-03-01,899.998982448
706088,2025-10-01,2025-11-01,700.0536711999998
706088,2025-10-01,2025-12-01,815.04830408
706088,2025-10-01,2026-01-01,590.028982448
706088,2025-10-01,2026-02-01,660.028982448
706088,2025-10-01,2026-03-01,940.028982448
706088,2025-09-01,2025-10-01,475.04879200000005
706088,2025-09-01,2025-11-01,675.0536712
706088,2025-09-01,2025-12-01,815.04830408
706088,2025-09-01,2026-01-01,590.028982448
706088,2025-09-01,2026-02-01,660.028982448
706088,2025-08-01,2025-09-01,947.0
706088,2025-08-01,2025-10-01,575.0
706088,2025-08-01,2025-11-01,750.0
706088,2025-08-01,2025-12-01,775.0
706088,2025-08-01,2026-01-01,590.0
706088,2025-07-01,2025-08-01,799.998
706088,2025-07-01,2025-09-01,920.0
706088,2025-07-01,2025-10-01,575.0
706088,2025-07-01,2025-11-01,750.0
706088,2025-07-01,2025-12-01,775.0
706088,2025-06-01,2025-07-01,750.0
706088,2025-06-01,2025-08-01,830.0
706088,2025-06-01,2025-09-01,875.0
706088,2025-06-01,2025-10-01,575.0
706088,2025-06-01,2025-11-01,775.0
706088,2025-05-01,2025-06-01,790.0
706088,2025-05-01,2025-07-01,700.0
706088,2025-05-01,2025-08-01,830.0
706088,2025-05-01,2025-09-01,875.0
706088,2025-05-01,2025-10-01,575.0
706088,2025-04-01,2025-05-01,1000.0
706088,2025-04-01,2025-06-01,790.0
706088,2025-04-01,2025-07-01,660.0
706088,2025-04-01,2025-08-01,875.0
706088,2025-04-01,2025-09-01,780.0
706090,2026-03-01,2026-04-01,190.0
706090,2026-03-01,2026-05-01,250.0
706090,2026-03-01,2026-06-01,220.0
706090,2026-03-01,2026-07-01,145.0
706090,2026-03-01,2026-08-01,180.0
706090,2026-02-01,2026-04-01,220.0
706090,2026-02-01,2026-05-01,234.2
706090,2026-02-01,2026-06-01,240.0
706090,2026-02-01,2026-07-01,150.0
706090,2026-02-01,2027-03-01,287.09
706090,2026-01-01,2026-04-01,242.997457056
706090,2026-01-01,2026-05-01,244.22
706090,2026-01-01,2026-06-01,247.0
706090,2026-01-01,2027-02-01,210.46093330532398
706090,2026-01-01,2027-03-01,285.310933305324
706090,2025-12-01,2025-04-01,220.460933305324
706090,2025-12-01,2025-05-01,230.12
706090,2025-12-01,2026-01-01,190.56267199420003
706090,2025-12-01,2026-02-01,210.460933305324
706090,2025-12-01,2026-03-01,285.310933305324
706090,2025-11-01,2025-04-01,210.460933305324
706090,2025-11-01,2025-12-01,211.02973665700014
706090,2025-11-01,2026-01-01,190.5626719942
706090,2025-11-01,2026-02-01,210.460933305324
706090,2025-11-01,2026-03-01,300.46093330532403
706090,2025-10-01,2025-11-01,261.10401573
706090,2025-10-01,2025-12-01,200.98778665700002
706090,2025-10-01,2026-01-01,180.5926719942
706090,2025-10-01,2026-02-01,210.490933305324
706090,2025-10-01,2026-03-01,240.490933305324
706090,2025-09-01,2025-10-01,180.9977643
706090,2025-09-01,2025-11-01,236.04669433
706090,2025-09-01,2025-12-01,200.98778665700002
706090,2025-09-01,2026-01-01,180.5926719942
706090,2025-09-01,2026-02-01,210.490933305324
706090,2025-08-01,2025-09-01,230.79295025
706090,2025-08-01,2025-10-01,215.9515403
706090,2025-08-01,2025-11-01,206.04669433
706090,2025-08-01,2025-12-01,230.9515403
706090,2025-08-01,2026-01-01,180.9515403
706090,2025-07-01,2025-08-01,275.741075
706090,2025-07-01,2025-09-01,230.79295025
706090,2025-07-01,2025-10-01,215.9515403
706090,2025-07-01,2025-11-01,206.04669433
706090,2025-07-01,2025-12-01,230.9515403
706090,2025-06-01,2025-07-01,225.7737
706090,2025-06-01,2025-08-01,210.741075
706090,2025-06-01,2025-09-01,230.79295025
706090,2025-06-01,2025-10-01,215.9515403
706090,2025-06-01,2025-11-01,206.04669433
706090,2025-05-01,2025-06-01,210.7302
706090,2025-05-01,2025-07-01,225.7737
706090,2025-05-01,2025-08-01,210.741075
706090,2025-05-01,2025-09-01,230.83741475
706090,2025-05-01,2025-10-01,215.741075
706090,2025-04-01,2025-05-01,300.8172
706090,2025-04-01,2025-06-01,210.7302
706090,2025-04-01,2025-07-01,225.7737
706090,2025-04-01,2025-08-01,210.741075
706090,2025-04-01,2025-09-01,230.83741475
707066,2026-03-01,2026-04-01,23.0
707066,2026-03-01,2026-05-01,12.01207091985483
707066,2026-03-01,2026-06-01,12.02068979973262
707066,2026-03-01,2026-07-01,13.69134418231586
707066,2026-03-01,2026-08-01,13.69134418231586
707066,2026-02-01,2026-04-01,23.0
707066,2026-02-01,2026-05-01,12.01207091985483
707066,2026-02-01,2026-06-01,12.02068979973262
707066,2026-02-01,2026-07-01,13.69134418231586
707066,2026-02-01,2027-03-01,13.71140002701196
707066,2026-01-01,2026-04-01,23.11460016799994
707066,2026-01-01,2026-05-01,11.70210016799996
707066,2026-01-01,2026-06-01,11.93990016799998
707066,2026-01-01,2027-02-01,13.02924470417113
707066,2026-01-01,2027-03-01,15.41450019501196
707066,2025-12-01,2025-04-01,21.4
707066,2025-12-01,2025-05-01,11.233100168
707066,2025-12-01,2026-01-01,7.506192767788233
707066,2025-12-01,2026-02-01,8.712418873977793
707066,2025-12-01,2026-03-01,10.54723079000924
707066,2025-11-01,2025-04-01,11.233100168
707066,2025-11-01,2025-12-01,8.973202269438417
707066,2025-11-01,2026-01-01,7.506192767788233
707066,2025-11-01,2026-02-01,8.712418873977793
707066,2025-11-01,2026-03-01,10.54723079000924
707066,2025-10-01,2025-11-01,7.723167131659535
707066,2025-10-01,2025-12-01,8.973202269438417
707066,2025-10-01,2026-01-01,7.506192767788233
707066,2025-10-01,2026-02-01,8.712418873977793
707066,2025-10-01,2026-03-01,10.54723079000924
707066,2025-09-01,2025-10-01,7.999760823641966
707066,2025-09-01,2025-11-01,7.723167131659535
707066,2025-09-01,2025-12-01,8.973202269438417
707066,2025-09-01,2026-01-01,7.506192767788233
707066,2025-09-01,2026-02-01,8.712418873977793
707066,2025-08-01,2025-09-01,9.641237598474488
707066,2025-08-01,2025-10-01,7.999760823641966
707066,2025-08-01,2025-11-01,7.723167131659535
707066,2025-08-01,2025-12-01,9.0
707066,2025-08-01,2026-01-01,7.5
707066,2025-07-01,2025-08-01,8.463904903055116
707066,2025-07-01,2025-09-01,9.641237598474488
707066,2025-07-01,2025-10-01,7.999760823641966
707066,2025-07-01,2025-11-01,7.723167131659535
707066,2025-07-01,2025-12-01,9.0
707066,2025-06-01,2025-07-01,10.0552805858125
707066,2025-06-01,2025-08-01,8.463904903055116
707066,2025-06-01,2025-09-01,9.641237598474488
707066,2025-06-01,2025-10-01,7.999760823641966
707066,2025-06-01,2025-11-01,7.723167131659535
707066,2025-05-01,2025-06-01,9.962468957268479
707066,2025-05-01,2025-07-01,10.0552805858125
707066,2025-05-01,2025-08-01,8.463904903055116
707066,2025-05-01,2025-09-01,9.641237598474488
707066,2025-05-01,2025-10-01,8.0
707066,2025-04-01,2025-05-01,10.080717846969
707066,2025-04-01,2025-06-01,9.962468957268479
707066,2025-04-01,2025-07-01,10.0552805858125
707066,2025-04-01,2025-08-01,8.463904903055116
707066,2025-04-01,2025-09-01,9.641237598474488
707719,2026-03-01,2026-04-01,74.97617779368422
707719,2026-03-01,2026-05-01,45.07571304
707719,2026-03-01,2026-06-01,80.06865632
707719,2026-03-01,2026-07-01,42.12086298
707719,2026-03-01,2026-08-01,65.3218904
707719,2026-02-01,2026-04-01,80.08519972036098
707719,2026-02-01,2026-05-01,100.86019673907522
707719,2026-02-01,2026-06-01,55.092270137187406
707719,2026-02-01,2026-07-01,45.108478831092945
707719,2026-02-01,2027-03-01,103.24302366183038
707719,2026-01-01,2026-04-01,80.0
707719,2026-01-01,2026-05-01,70.77768421052632
707719,2026-01-01,2026-06-01,85.0
707719,2026-01-01,2027-02-01,50.555876184416135
707719,2026-01-01,2027-03-01,105.487978082883
707719,2025-12-01,2025-04-01,75.0
707719,2025-12-01,2025-05-01,65.46105263157895
707719,2025-12-01,2026-01-01,86.94560766315792
707719,2025-12-01,2026-02-01,50.39688671073193
707719,2025-12-01,2026-03-01,105.487978082883
707719,2025-11-01,2025-04-01,55.130603605540806
707719,2025-11-01,2025-12-01,66.36243900000001
707719,2025-11-01,2026-01-01,85.78092104020526
707719,2025-11-01,2026-02-01,50.39688671073193
707719,2025-11-01,2026-03-01,106.50860966183038
707719,2025-10-01,2025-11-01,92.49612494736843
707719,2025-10-01,2025-12-01,61.46916
707719,2025-10-01,2026-01-01,85.71808
707719,2025-10-01,2026-02-01,55.1716
707719,2025-10-01,2026-03-01,95.264
707719,2025-09-01,2025-10-01,57.449600000000004
707719,2025-09-01,2025-11-01,91.70610526315791
707719,2025-09-01,2025-12-01,61.3584
707719,2025-09-01,2026-01-01,85.76
707719,2025-09-01,2026-02-01,55.0
707719,2025-08-01,2025-09-01,77.1184
707719,2025-08-01,2025-10-01,56.5904
707719,2025-08-01,2025-11-01,91.5392
707719,2025-08-01,2025-12-01,56.1184
707719,2025-08-01,2026-01-01,85.76
707719,2025-07-01,2025-08-01,55.93456
707719,2025-07-01,2025-09-01,87.25244
707719,2025-07-01,2025-10-01,56.98044
707719,2025-07-01,2025-11-01,91.87324
707719,2025-07-01,2025-12-01,56.02012
707719,2025-06-01,2025-07-01,95.2096
707719,2025-06-01,2025-08-01,55.9168
707719,2025-06-01,2025-09-01,97.1168
707719,2025-06-01,2025-10-01,56.592
707719,2025-06-01,2025-11-01,91.5392
707719,2025-05-01,2025-06-01,42.21313439885677
707719,2025-05-01,2025-07-01,95.21102076439465
707719,2025-05-01,2025-08-01,55.21145857523608
707719,2025-05-01,2025-09-01,96.75014660504193
707719,2025-05-01,2025-10-01,56.750146605041934
707719,2025-04-01,2025-05-01,95.21313439885677
707719,2025-04-01,2025-06-01,54.97503916076155
707719,2025-04-01,2025-07-01,95.21102076439465
707719,2025-04-01,2025-08-01,55.21145857523608
707719,2025-04-01,2025-09-01,90.84173186265572
707789,2026-03-01,2026-04-01,1.145703132557434
707789,2026-03-01,2026-05-01,1.266150953614714
707789,2026-03-01,2026-06-01,1.230017273394844
707789,2026-03-01,2026-07-01,1.217971788971759
707789,2026-03-01,2026-08-01,1.128472149857391
707789,2026-02-01,2026-04-01,1.077520314894171
707789,2026-02-01,2026-05-01,1.324741963566215
707789,2026-02-01,2026-06-01,1.324568398576795
707789,2026-02-01,2026-07-01,1.324234684249311
707789,2026-02-01,2027-03-01,1.883131362580209
707789,2026-01-01,2026-04-01,1.526965853588307
707789,2026-01-01,2026-05-01,1.486793949145605
707789,2026-01-01,2026-06-01,1.486880191969025
707789,2026-01-01,2027-02-01,1.887467618208
707789,2026-01-01,2027-03-01,2.435227454595045
707789,2025-12-01,2025-04-01,0.9736269848434591
707789,2025-12-01,2025-05-01,1.576130598614933
707789,2025-12-01,2026-01-01,1.49462444353167
707789,2025-12-01,2026-02-01,1.815499192661996
707789,2025-12-01,2026-03-01,1.604207144039038
707789,2025-11-01,2025-04-01,0.6875785868239839
707789,2025-11-01,2025-12-01,1.51595533957028
707789,2025-11-01,2026-01-01,1.580755592146055
707789,2025-11-01,2026-02-01,1.584045016724669
707789,2025-11-01,2026-03-01,1.573314280715763
707789,2025-10-01,2025-11-01,1.812610999834692
707789,2025-10-01,2025-12-01,1.718328170494888
707789,2025-10-01,2026-01-01,1.911076566259799
707789,2025-10-01,2026-02-01,1.926558636251449
707789,2025-10-01,2026-03-01,1.938708826101786
707789,2025-09-01,2025-10-01,1.674270600270658
707789,2025-09-01,2025-11-01,1.69382947972841
707789,2025-09-01,2025-12-01,1.869535721241695
707789,2025-09-01,2026-01-01,1.980384233818559
707789,2025-09-01,2026-02-01,1.884225058428531
707789,2025-08-01,2025-09-01,1.824937995210209
707789,2025-08-01,2025-10-01,1.678470600270658
707789,2025-08-01,2025-11-01,2.098029479728406
707789,2025-08-01,2025-12-01,1.9042
707789,2025-08-01,2026-01-01,2.0042
707789,2025-07-01,2025-08-01,1.740339033775379
707789,2025-07-01,2025-09-01,1.657345769344859
707789,2025-07-01,2025-10-01,1.668958433950498
707789,2025-07-01,2025-11-01,1.899130474544974
707789,2025-07-01,2025-12-01,1.738406739670414
707789,2025-06-01,2025-07-01,0.8896706494594412
707789,2025-06-01,2025-08-01,1.696716557498695
707789,2025-06-01,2025-09-01,1.781069305862296
707789,2025-06-01,2025-10-01,1.810061632484702
707789,2025-06-01,2025-11-01,1.810061632484702
707789,2025-05-01,2025-06-01,2.004919365905133
707789,2025-05-01,2025-07-01,1.862117742757338
707789,2025-05-01,2025-08-01,2.589148312827438
707789,2025-05-01,2025-09-01,1.820737995210209
707789,2025-05-01,2025-10-01,1.7042
707789,2025-04-01,2025-05-01,2.491769425899228
707789,2025-04-01,2025-06-01,2.004919365905133
707789,2025-04-01,2025-07-01,1.862117742757338
707789,2025-04-01,2025-08-01,2.589148312827438
707789,2025-04-01,2025-09-01,1.820737995210209
707905,2026-03-01,2026-04-01,120.0
707905,2026-03-01,2026-05-01,100.0
707905,2026-03-01,2026-06-01,100.0
707905,2026-03-01,2026-07-01,74.0
707905,2026-03-01,2026-08-01,80.0
707905,2026-02-01,2026-04-01,135.0
707905,2026-02-01,2026-05-01,110.0
707905,2026-02-01,2026-06-01,105.0
707905,2026-02-01,2026-07-01,80.0
707905,2026-02-01,2027-03-01,110.5
707905,2026-01-01,2026-04-01,120.0
707905,2026-01-01,2026-05-01,110.0
707905,2026-01-01,2026-06-01,105.0
707905,2026-01-01,2027-02-01,105.0
707905,2026-01-01,2027-03-01,115.0
707905,2025-12-01,2025-04-01,120.0
707905,2025-12-01,2025-05-01,100.0
707905,2025-12-01,2026-01-01,100.0
707905,2025-12-01,2026-02-01,105.0
707905,2025-12-01,2026-03-01,115.0
707905,2025-11-01,2025-04-01,105.0
707905,2025-11-01,2025-12-01,110.0
707905,2025-11-01,2026-01-01,100.0
707905,2025-11-01,2026-02-01,105.0
707905,2025-11-01,2026-03-01,115.0
707905,2025-10-01,2025-11-01,90.0
707905,2025-10-01,2025-12-01,110.0
707905,2025-10-01,2026-01-01,85.0
707905,2025-10-01,2026-02-01,105.0
707905,2025-10-01,2026-03-01,115.0
707905,2025-09-01,2025-10-01,100.0
707905,2025-09-01,2025-11-01,90.0
707905,2025-09-01,2025-12-01,110.0
707905,2025-09-01,2026-01-01,85.0
707905,2025-09-01,2026-02-01,105.0
707905,2025-08-01,2025-09-01,115.0
707905,2025-08-01,2025-10-01,115.0
707905,2025-08-01,2025-11-01,85.0
707905,2025-08-01,2025-12-01,120.0
707905,2025-08-01,2026-01-01,85.0
707905,2025-07-01,2025-08-01,90.0
707905,2025-07-01,2025-09-01,115.0
707905,2025-07-01,2025-10-01,115.0
707905,2025-07-01,2025-11-01,85.0
707905,2025-07-01,2025-12-01,120.0
707905,2025-06-01,2025-07-01,105.0
707905,2025-06-01,2025-08-01,90.0
707905,2025-06-01,2025-09-01,105.0
707905,2025-06-01,2025-10-01,115.0
707905,2025-06-01,2025-11-01,85.0
707905,2025-05-01,2025-06-01,100.0
707905,2025-05-01,2025-07-01,105.0
707905,2025-05-01,2025-08-01,90.0
707905,2025-05-01,2025-09-01,105.0
707905,2025-05-01,2025-10-01,115.0
707905,2025-04-01,2025-05-01,100.0
707905,2025-04-01,2025-06-01,85.0
707905,2025-04-01,2025-07-01,105.0
707905,2025-04-01,2025-08-01,90.0
707905,2025-04-01,2025-09-01,105.0
707936,2026-03-01,2026-04-01,0.9231381700618366
707936,2026-03-01,2026-05-01,1.043659835596241
707936,2026-03-01,2026-06-01,1.075074893351206
707936,2026-03-01,2026-07-01,1.094610353543389
707936,2026-03-01,2026-08-01,0.9387746965389928
707936,2026-02-01,2026-04-01,1.186647229280253
707936,2026-02-01,2026-05-01,1.226518898133506
707936,2026-02-01,2026-06-01,1.226721103981555
707936,2026-02-01,2026-07-01,1.226773768527189
707936,2026-02-01,2027-03-01,1.235171462333322
707936,2026-01-01,2026-04-01,0.9255905980465046
707936,2026-01-01,2026-05-01,1.27208612776484
707936,2026-01-01,2026-06-01,1.213481140487521
707936,2026-01-01,2027-02-01,1.827175443968
707936,2026-01-01,2027-03-01,2.395903627961943
707936,2025-12-01,2025-04-01,0.965726436872094
707936,2025-12-01,2025-05-01,1.200686322919726
707936,2025-12-01,2026-01-01,1.13198778920111
707936,2025-12-01,2026-02-01,1.104324205755617
707936,2025-12-01,2026-03-01,1.181170518487938
707936,2025-11-01,2025-04-01,1.017501797041635
707936,2025-11-01,2025-12-01,1.369886939569718
707936,2025-11-01,2026-01-01,1.430344468195499
707936,2025-11-01,2026-02-01,1.910228519965978
707936,2025-11-01,2026-03-01,1.87510860683842
707936,2025-10-01,2025-11-01,1.436330832547915
707936,2025-10-01,2025-12-01,1.518216366426721
707936,2025-10-01,2026-01-01,1.391884585236224
707936,2025-10-01,2026-02-01,1.456019616799268
707936,2025-10-01,2026-03-01,1.405553959745771
707936,2025-09-01,2025-10-01,1.883666678741081
707936,2025-09-01,2025-11-01,1.39914719232094
707936,2025-09-01,2025-12-01,1.550715642089951
707936,2025-09-01,2026-01-01,1.814696311910784
707936,2025-09-01,2026-02-01,1.521953113732738
707936,2025-08-01,2025-09-01,1.490929246841424
707936,2025-08-01,2025-10-01,1.531973433673689
707936,2025-08-01,2025-11-01,1.474959490914439
707936,2025-08-01,2025-12-01,1.586592214100259
707936,2025-08-01,2026-01-01,1.493798783207694
707936,2025-07-01,2025-08-01,1.547106311972607
707936,2025-07-01,2025-09-01,1.414301147129871
707936,2025-07-01,2025-10-01,1.466219290060528
707936,2025-07-01,2025-11-01,1.475118759183623
707936,2025-07-01,2025-12-01,1.563366849042134
707936,2025-06-01,2025-07-01,0.3553671428654966
707936,2025-06-01,2025-08-01,1.326648370460417
707936,2025-06-01,2025-09-01,1.326648370460417
707936,2025-06-01,2025-10-01,1.347042783585849
707936,2025-06-01,2025-11-01,1.326648370460417
707936,2025-05-01,2025-06-01,1.972544114300016
707936,2025-05-01,2025-07-01,1.832048438492374
707936,2025-05-01,2025-08-01,2.547338986479339
707936,2025-05-01,2025-09-01,1.79133688726325
707936,2025-05-01,2025-10-01,1.6028
707936,2025-04-01,2025-05-01,2.451532564767906
707936,2025-04-01,2025-06-01,1.972544114300016
707936,2025-04-01,2025-07-01,1.832048438492374
707936,2025-04-01,2025-08-01,2.547338986479339
707936,2025-04-01,2025-09-01,1.79133688726325
707989,2026-03-01,2026-04-01,34.0
707989,2026-03-01,2026-05-01,44.5
707989,2026-03-01,2026-06-01,34.0
707989,2026-03-01,2026-07-01,35.0
707989,2026-03-01,2026-08-01,38.0
707989,2026-02-01,2026-04-01,38.0
707989,2026-02-01,2026-05-01,44.5
707989,2026-02-01,2026-06-01,41.0
707989,2026-02-01,2026-07-01,35.0
707989,2026-02-01,2027-03-01,41.5
707989,2026-01-01,2026-04-01,40.0
707989,2026-01-01,2026-05-01,41.0
707989,2026-01-01,2026-06-01,38.0
707989,2026-01-01,2027-02-01,40.1
707989,2026-01-01,2027-03-01,45.0
707989,2025-12-01,2025-04-01,35.0
707989,2025-12-01,2025-05-01,39.0
707989,2025-12-01,2026-01-01,32.43
707989,2025-12-01,2026-02-01,40.1
707989,2025-12-01,2026-03-01,45.0
707989,2025-11-01,2025-04-01,37.0
707989,2025-11-01,2025-12-01,40.3515311353316
707989,2025-11-01,2026-01-01,37.0
707989,2025-11-01,2026-02-01,38.5
707989,2025-11-01,2026-03-01,47.0
707989,2025-10-01,2025-11-01,46.61980639904244
707989,2025-10-01,2025-12-01,48.6030301413316
707989,2025-10-01,2026-01-01,37.9708994036
707989,2025-10-01,2026-02-01,42.3108994036
707989,2025-10-01,2026-03-01,47.2708994036
707989,2025-09-01,2025-10-01,40.36809018672897
707989,2025-09-01,2025-11-01,46.34036305904244
707989,2025-09-01,2025-12-01,48.3515311353316
707989,2025-09-01,2026-01-01,37.82
707989,2025-09-01,2026-02-01,42.16
707989,2025-08-01,2025-09-01,38.0
707989,2025-08-01,2025-10-01,37.82
707989,2025-08-01,2025-11-01,40.3
707989,2025-08-01,2025-12-01,44.0
707989,2025-08-01,2026-01-01,37.82
707989,2025-07-01,2025-08-01,62.0
707989,2025-07-01,2025-09-01,33.0
707989,2025-07-01,2025-10-01,37.82
707989,2025-07-01,2025-11-01,40.3
707989,2025-07-01,2025-12-01,44.0
707989,2025-06-01,2025-07-01,35.0
707989,2025-06-01,2025-08-01,62.0
707989,2025-06-01,2025-09-01,35.0
707989,2025-06-01,2025-10-01,37.82
707989,2025-06-01,2025-11-01,40.3
707989,2025-05-01,2025-06-01,40.0
707989,2025-05-01,2025-07-01,37.82
707989,2025-05-01,2025-08-01,44.02
707989,2025-05-01,2025-09-01,46.5
707989,2025-05-01,2025-10-01,37.82
707989,2025-04-01,2025-05-01,46.0
707989,2025-04-01,2025-06-01,40.0
707989,2025-04-01,2025-07-01,37.82
707989,2025-04-01,2025-08-01,44.02
707989,2025-04-01,2025-09-01,46.5
710085,2026-03-01,2026-04-01,170.0
710085,2026-03-01,2026-05-01,200.0
710085,2026-03-01,2026-06-01,180.0
710085,2026-03-01,2026-07-01,140.0
710085,2026-03-01,2026-08-01,170.0
710085,2026-02-01,2026-04-01,180.0
710085,2026-02-01,2026-05-01,205.0
710085,2026-02-01,2026-06-01,190.072916666667
710085,2026-02-01,2026-07-01,150.75462962963
710085,2026-02-01,2027-03-01,210.0
710085,2026-01-01,2026-04-01,180.0
710085,2026-01-01,2026-05-01,205.0
710085,2026-01-01,2026-06-01,190.072916666667
710085,2026-01-01,2027-02-01,169.99999999999997
710085,2026-01-01,2027-03-01,240.0
710085,2025-12-01,2025-04-01,165.0
710085,2025-12-01,2025-05-01,190.0
710085,2025-12-01,2026-01-01,179.99999999999997
710085,2025-12-01,2026-02-01,170.0
710085,2025-12-01,2026-03-01,240.0
710085,2025-11-01,2025-04-01,180.0
710085,2025-11-01,2025-12-01,199.99999999999997
710085,2025-11-01,2026-01-01,180.0
710085,2025-11-01,2026-02-01,170.0
710085,2025-11-01,2026-03-01,240.0
710085,2025-10-01,2025-11-01,180.02486039370018
710085,2025-10-01,2025-12-01,200.0
710085,2025-10-01,2026-01-01,175.0
710085,2025-10-01,2026-02-01,170.0
710085,2025-10-01,2026-03-01,210.0
710085,2025-09-01,2025-10-01,175.0
710085,2025-09-01,2025-11-01,180.0
710085,2025-09-01,2025-12-01,200.0
710085,2025-09-01,2026-01-01,175.0
710085,2025-09-01,2026-02-01,170.0
710085,2025-08-01,2025-09-01,175.0
710085,2025-08-01,2025-10-01,170.0
710085,2025-08-01,2025-11-01,180.0
710085,2025-08-01,2025-12-01,180.0
710085,2025-08-01,2026-01-01,175.0
710085,2025-07-01,2025-08-01,175.0
710085,2025-07-01,2025-09-01,160.0
710085,2025-07-01,2025-10-01,170.0
710085,2025-07-01,2025-11-01,180.0
710085,2025-07-01,2025-12-01,180.0
710085,2025-06-01,2025-07-01,175.0
710085,2025-06-01,2025-08-01,175.0
710085,2025-06-01,2025-09-01,180.0
710085,2025-06-01,2025-10-01,170.0
710085,2025-06-01,2025-11-01,180.0
710085,2025-05-01,2025-06-01,175.0
710085,2025-05-01,2025-07-01,175.0
710085,2025-05-01,2025-08-01,175.0
710085,2025-05-01,2025-09-01,180.0
710085,2025-05-01,2025-10-01,170.0
710085,2025-04-01,2025-05-01,175.0
710085,2025-04-01,2025-06-01,175.0
710085,2025-04-01,2025-07-01,175.0
710085,2025-04-01,2025-08-01,175.0
710085,2025-04-01,2025-09-01,180.0
711198,2026-03-01,2026-04-01,0.8
711198,2026-03-01,2026-05-01,2.0279
711198,2026-02-01,2026-04-01,1.0
711198,2026-02-01,2026-05-01,2.014620000000034
711198,2026-02-01,2027-03-01,1.5
711198,2026-01-01,2026-04-01,1.0
711198,2026-01-01,2026-05-01,1.907095000000007
711198,2026-01-01,2027-02-01,3.0
711198,2026-01-01,2027-03-01,1.5
711198,2025-12-01,2025-04-01,1.0
711198,2025-12-01,2025-05-01,0.9422699999999935
711198,2025-12-01,2026-01-01,2.0
711198,2025-12-01,2026-02-01,3.0
711198,2025-12-01,2026-03-01,1.5
711198,2025-11-01,2025-04-01,1.5
711198,2025-11-01,2025-12-01,2.0
711198,2025-11-01,2026-01-01,2.0
711198,2025-11-01,2026-02-01,3.0
711198,2025-11-01,2026-03-01,1.5
711198,2025-10-01,2025-11-01,2.108783444414599
711198,2025-10-01,2025-12-01,1.848158068410616
711198,2025-10-01,2026-01-01,0.8553292748979354
711198,2025-10-01,2026-02-01,3.224504492534638
711198,2025-10-01,2026-03-01,1.486235231207335
711198,2025-09-01,2025-10-01,2.0
711198,2025-09-01,2025-11-01,3.0
711198,2025-09-01,2025-12-01,2.0
711198,2025-09-01,2026-01-01,2.0
711198,2025-09-01,2026-02-01,5.0
711198,2025-08-01,2025-09-01,2.0
711198,2025-08-01,2025-10-01,2.0
711198,2025-08-01,2025-11-01,4.5
711198,2025-08-01,2025-12-01,2.0
711198,2025-08-01,2026-01-01,2.0
711198,2025-07-01,2025-08-01,5.0
711198,2025-07-01,2025-09-01,2.0
711198,2025-07-01,2025-10-01,2.0
711198,2025-07-01,2025-11-01,4.5
711198,2025-07-01,2025-12-01,2.0
711198,2025-06-01,2025-07-01,2.0
711198,2025-06-01,2025-08-01,5.0
711198,2025-06-01,2025-09-01,2.0
711198,2025-06-01,2025-10-01,2.0
711198,2025-06-01,2025-11-01,4.5
711198,2025-05-01,2025-06-01,1.5
711198,2025-05-01,2025-07-01,2.0
711198,2025-05-01,2025-08-01,5.0
711198,2025-05-01,2025-09-01,2.0
711198,2025-05-01,2025-10-01,2.0
711198,2025-04-01,2025-05-01,2.239421487884489
711198,2025-04-01,2025-06-01,2.220363199996925
711198,2025-04-01,2025-07-01,1.440089778124606
711198,2025-04-01,2025-08-01,1.797126798365302
711198,2025-04-01,2025-09-01,1.915845520113127
711378,2026-03-01,2026-04-01,95.0
711378,2026-03-01,2026-05-01,95.0
711378,2026-03-01,2026-06-01,110.25
711378,2026-03-01,2026-07-01,80.245
711378,2026-03-01,2026-08-01,87.0
711378,2026-02-01,2026-04-01,90.0
711378,2026-02-01,2026-05-01,105.0
711378,2026-02-01,2026-06-01,110.25
711378,2026-02-01,2026-07-01,73.35
711378,2026-02-01,2027-03-01,144.45999999999998
711378,2026-01-01,2026-04-01,85.0967861224
711378,2026-01-01,2026-05-01,105.0
711378,2026-01-01,2026-06-01,90.0
711378,2026-01-01,2027-02-01,114.9967861224
711378,2026-01-01,2027-03-01,144.7067861224
711378,2025-12-01,2025-04-01,85.0967861224
711378,2025-12-01,2025-05-01,110.0
711378,2025-12-01,2026-01-01,84.99678612240001
711378,2025-12-01,2026-02-01,114.9967861224
711378,2025-12-01,2026-03-01,144.7067861224
711378,2025-11-01,2025-04-01,119.9967861224
711378,2025-11-01,2025-12-01,100.161310204
711378,2025-11-01,2026-01-01,84.99678612240001
711378,2025-11-01,2026-02-01,114.9967861224
711378,2025-11-01,2026-03-01,159.9967861224
711378,2025-10-01,2025-11-01,120.17923356
711378,2025-10-01,2025-12-01,80.161310204
711378,2025-10-01,2026-01-01,95.0967861224
711378,2025-10-01,2026-02-01,115.0967861224
711378,2025-10-01,2026-03-01,130.0967861224
711378,2025-09-01,2025-10-01,100.1629396
711378,2025-09-01,2025-11-01,120.17923356
711378,2025-09-01,2025-12-01,130.161310204
711378,2025-09-01,2026-01-01,95.0967861224
711378,2025-09-01,2026-02-01,115.0967861224
711378,2025-08-01,2025-09-01,106.0
711378,2025-08-01,2025-10-01,95.0
711378,2025-08-01,2025-11-01,110.0
711378,2025-08-01,2025-12-01,125.0
711378,2025-08-01,2026-01-01,95.0
711378,2025-07-01,2025-08-01,100.0
711378,2025-07-01,2025-09-01,110.0
711378,2025-07-01,2025-10-01,95.0
711378,2025-07-01,2025-11-01,110.0
711378,2025-07-01,2025-12-01,125.0
711378,2025-06-01,2025-07-01,105.0
711378,2025-06-01,2025-08-01,100.0
711378,2025-06-01,2025-09-01,110.0
711378,2025-06-01,2025-10-01,95.0
711378,2025-06-01,2025-11-01,110.0
711378,2025-05-01,2025-06-01,100.0
711378,2025-05-01,2025-07-01,105.0
711378,2025-05-01,2025-08-01,100.0
711378,2025-05-01,2025-09-01,110.0
711378,2025-05-01,2025-10-01,95.0
711378,2025-04-01,2025-05-01,125.0
711378,2025-04-01,2025-06-01,85.0
711378,2025-04-01,2025-07-01,105.0
711378,2025-04-01,2025-08-01,90.0
711378,2025-04-01,2025-09-01,110.0
711379,2026-03-01,2026-04-01,23.0
711379,2026-03-01,2026-05-01,28.5
711379,2026-03-01,2026-06-01,23.0
711379,2026-03-01,2026-07-01,23.5
711379,2026-03-01,2026-08-01,23.0
711379,2026-02-01,2026-04-01,26.0
711379,2026-02-01,2026-05-01,28.5
711379,2026-02-01,2026-06-01,26.0
711379,2026-02-01,2026-07-01,23.63636363636364
711379,2026-02-01,2027-03-01,25.0
711379,2026-01-01,2026-04-01,27.0
711379,2026-01-01,2026-05-01,27.0
711379,2026-01-01,2026-06-01,26.0
711379,2026-01-01,2027-02-01,21.4
711379,2026-01-01,2027-03-01,27.5
711379,2025-12-01,2025-04-01,20.5
711379,2025-12-01,2025-05-01,27.0
711379,2025-12-01,2026-01-01,32.66666666666667
711379,2025-12-01,2026-02-01,21.4
711379,2025-12-01,2026-03-01,27.5
711379,2025-11-01,2025-04-01,23.0
711379,2025-11-01,2025-12-01,26.085397150873
711379,2025-11-01,2026-01-01,23.0
711379,2025-11-01,2026-02-01,32.66666666666667
711379,2025-11-01,2026-03-01,28.0
711379,2025-10-01,2025-11-01,30.4073186914695
711379,2025-10-01,2025-12-01,30.294375854873
711379,2025-10-01,2026-01-01,23.3053872224
711379,2025-10-01,2026-02-01,25.9653872224
711379,2025-10-01,2026-03-01,29.0053872224
711379,2025-09-01,2025-10-01,25.29733651701683
711379,2025-09-01,2025-11-01,30.1751201314695
711379,2025-09-01,2025-12-01,30.085397150873
711379,2025-09-01,2026-01-01,23.18
711379,2025-09-01,2026-02-01,25.84
711379,2025-08-01,2025-09-01,31.0
711379,2025-08-01,2025-10-01,23.18
711379,2025-08-01,2025-11-01,24.7
711379,2025-08-01,2025-12-01,27.0
711379,2025-08-01,2026-01-01,23.18
711379,2025-07-01,2025-08-01,20.0
711379,2025-07-01,2025-09-01,28.0
711379,2025-07-01,2025-10-01,23.18
711379,2025-07-01,2025-11-01,24.7
711379,2025-07-01,2025-12-01,27.0
711379,2025-06-01,2025-07-01,24.0
711379,2025-06-01,2025-08-01,22.0
711379,2025-06-01,2025-09-01,29.0
711379,2025-06-01,2025-10-01,23.18
711379,2025-06-01,2025-11-01,24.7
711379,2025-05-01,2025-06-01,25.0
711379,2025-05-01,2025-07-01,23.18
711379,2025-05-01,2025-08-01,26.98
711379,2025-05-01,2025-09-01,28.5
711379,2025-05-01,2025-10-01,23.18
711379,2025-04-01,2025-05-01,31.0
711379,2025-04-01,2025-06-01,25.0
711379,2025-04-01,2025-07-01,23.18
711379,2025-04-01,2025-08-01,26.98
711379,2025-04-01,2025-09-01,28.5
711848,2026-03-01,2026-04-01,370.0
711848,2026-03-01,2026-05-01,470.0
711848,2026-03-01,2026-06-01,390.0
711848,2026-03-01,2026-07-01,240.0
711848,2026-03-01,2026-08-01,315.0
711848,2026-02-01,2026-04-01,385.0
711848,2026-02-01,2026-05-01,470.0
711848,2026-02-01,2026-06-01,404.21875
711848,2026-02-01,2026-07-01,240.993923611111
711848,2026-02-01,2027-03-01,500.0
711848,2026-01-01,2026-04-01,385.0
711848,2026-01-01,2026-05-01,470.0
711848,2026-01-01,2026-06-01,404.0
711848,2026-01-01,2027-02-01,380.0
711848,2026-01-01,2027-03-01,530.0
711848,2025-12-01,2025-04-01,370.0
711848,2025-12-01,2025-05-01,440.0
711848,2025-12-01,2026-01-01,360.0000000000001
711848,2025-12-01,2026-02-01,380.0
711848,2025-12-01,2026-03-01,530.0
711848,2025-11-01,2025-04-01,350.0
711848,2025-11-01,2025-12-01,399.9999999999999
711848,2025-11-01,2026-01-01,360.0
711848,2025-11-01,2026-02-01,380.0
711848,2025-11-01,2026-03-01,530.0
711848,2025-10-01,2025-11-01,420.24773496
711848,2025-10-01,2025-12-01,400.222961464
711848,2025-10-01,2026-01-01,360.1337768784
711848,2025-10-01,2026-02-01,380.1337768784
711848,2025-10-01,2026-03-01,400.1337768784
711848,2025-09-01,2025-10-01,385.23
711848,2025-09-01,2025-11-01,400.23773496000007
711848,2025-09-01,2025-12-01,400.2200000000001
711848,2025-09-01,2026-01-01,360.1337768784
711848,2025-09-01,2026-02-01,380.1337768784
711848,2025-08-01,2025-09-01,339.9954
711848,2025-08-01,2025-10-01,330.0
711848,2025-08-01,2025-11-01,400.0
711848,2025-08-01,2025-12-01,340.0
711848,2025-08-01,2026-01-01,360.0
711848,2025-07-01,2025-08-01,390.0
711848,2025-07-01,2025-09-01,339.9954
711848,2025-07-01,2025-10-01,330.0
711848,2025-07-01,2025-11-01,400.0
711848,2025-07-01,2025-12-01,340.0
711848,2025-06-01,2025-07-01,310.0
711848,2025-06-01,2025-08-01,410.0
711848,2025-06-01,2025-09-01,370.0
711848,2025-06-01,2025-10-01,330.0
711848,2025-06-01,2025-11-01,340.0
711848,2025-05-01,2025-06-01,320.0
711848,2025-05-01,2025-07-01,360.0
711848,2025-05-01,2025-08-01,410.0
711848,2025-05-01,2025-09-01,330.0
711848,2025-05-01,2025-10-01,330.0
711848,2025-04-01,2025-05-01,400.0
711848,2025-04-01,2025-06-01,335.0
711848,2025-04-01,2025-07-01,330.0
711848,2025-04-01,2025-08-01,340.0
711848,2025-04-01,2025-09-01,395.0
713088,2026-03-01,2026-04-01,40.0
713088,2026-03-01,2026-05-01,54.5
713088,2026-03-01,2026-06-01,42.0
713088,2026-03-01,2026-07-01,40.0
713088,2026-03-01,2026-08-01,50.0
713088,2026-02-01,2026-04-01,40.0
713088,2026-02-01,2026-05-01,54.5
713088,2026-02-01,2026-06-01,37.60416666666666
713088,2026-02-01,2026-07-01,19.4212962962963
713088,2026-02-01,2027-03-01,42.0
713088,2026-01-01,2026-04-01,40.0
713088,2026-01-01,2026-05-01,45.455
713088,2026-01-01,2026-06-01,38.00277481920001
713088,2026-01-01,2027-02-01,45.0
713088,2026-01-01,2027-03-01,42.0
713088,2025-12-01,2025-04-01,35.0
713088,2025-12-01,2025-05-01,45.455
713088,2025-12-01,2026-01-01,46.36
713088,2025-12-01,2026-02-01,45.0
713088,2025-12-01,2026-03-01,42.0
713088,2025-11-01,2025-04-01,40.0
713088,2025-11-01,2025-12-01,45.0
713088,2025-11-01,2026-01-01,50.0
713088,2025-11-01,2026-02-01,45.0
713088,2025-11-01,2026-03-01,42.0
713088,2025-10-01,2025-11-01,50.43106447999999
713088,2025-10-01,2025-12-01,55.387958032
713088,2025-10-01,2026-01-01,39.2327748192
713088,2025-10-01,2026-02-01,46.2327748192
713088,2025-10-01,2026-03-01,55.2327748192
713088,2025-09-01,2025-10-01,45.389876799999584
713088,2025-09-01,2025-11-01,50.43106448
713088,2025-09-01,2025-12-01,55.387958032
713088,2025-09-01,2026-01-01,39.2327748192
713088,2025-09-01,2026-02-01,46.2327748192
713088,2025-08-01,2025-09-01,45.004400000000004
713088,2025-08-01,2025-10-01,40.0
713088,2025-08-01,2025-11-01,45.0
713088,2025-08-01,2025-12-01,48.0
713088,2025-08-01,2026-01-01,39.0
713088,2025-07-01,2025-08-01,54.0
713088,2025-07-01,2025-09-01,40.0044
713088,2025-07-01,2025-10-01,40.0
713088,2025-07-01,2025-11-01,45.0
713088,2025-07-01,2025-12-01,48.0
713088,2025-06-01,2025-07-01,40.0
713088,2025-06-01,2025-08-01,40.0
713088,2025-06-01,2025-09-01,54.0
713088,2025-06-01,2025-10-01,40.0
713088,2025-06-01,2025-11-01,45.0
713088,2025-05-01,2025-06-01,32.0
713088,2025-05-01,2025-07-01,40.0
713088,2025-05-01,2025-08-01,40.0
713088,2025-05-01,2025-09-01,54.0
713088,2025-05-01,2025-10-01,40.0
713088,2025-04-01,2025-05-01,45.0
713088,2025-04-01,2025-06-01,37.0
713088,2025-04-01,2025-07-01,40.0
713088,2025-04-01,2025-08-01,43.0
713088,2025-04-01,2025-09-01,38.0
713680,2026-03-01,2026-04-01,12.4
713680,2026-03-01,2026-05-01,23.9
713680,2026-03-01,2026-06-01,29.2
713680,2026-03-01,2026-07-01,19.4
713680,2026-03-01,2026-08-01,14.9
713680,2026-02-01,2026-04-01,15.0
713680,2026-02-01,2026-05-01,27.755
713680,2026-02-01,2026-06-01,22.0
713680,2026-02-01,2026-07-01,23.58974358974359
713680,2026-02-01,2027-03-01,27.49
713680,2026-01-01,2026-04-01,15.0
713680,2026-01-01,2026-05-01,27.755
713680,2026-01-01,2026-06-01,22.0
713680,2026-01-01,2027-02-01,22.5
713680,2026-01-01,2027-03-01,27.495647480000002
713680,2025-12-01,2025-04-01,14.9983956816
713680,2025-12-01,2025-05-01,23.9983956816
713680,2025-12-01,2026-01-01,24.499999999999996
713680,2025-12-01,2026-02-01,22.5
713680,2025-12-01,2026-03-01,27.5
713680,2025-11-01,2025-04-01,18.5
713680,2025-11-01,2025-12-01,18.739999999999995
713680,2025-11-01,2026-01-01,24.5
713680,2025-11-01,2026-02-01,22.5
713680,2025-11-01,2026-03-01,27.5
713680,2025-10-01,2025-11-01,27.71689655172414
713680,2025-10-01,2025-12-01,27.24
713680,2025-10-01,2026-01-01,17.36
713680,2025-10-01,2026-02-01,22.32
713680,2025-10-01,2026-03-01,27.28
713680,2025-09-01,2025-10-01,21.737499999999994
713680,2025-09-01,2025-11-01,27.71689655172414
713680,2025-09-01,2025-12-01,27.24
713680,2025-09-01,2026-01-01,17.36
713680,2025-09-01,2026-02-01,22.32
713680,2025-08-01,2025-09-01,23.5
713680,2025-08-01,2025-10-01,18.6
713680,2025-08-01,2025-11-01,23.3
713680,2025-08-01,2025-12-01,26.0
713680,2025-08-01,2026-01-01,17.36
713680,2025-07-01,2025-08-01,10.0
713680,2025-07-01,2025-09-01,23.5
713680,2025-07-01,2025-10-01,18.6
713680,2025-07-01,2025-11-01,23.3
713680,2025-07-01,2025-12-01,26.0
713680,2025-06-01,2025-07-01,33.0
713680,2025-06-01,2025-08-01,11.0
713680,2025-06-01,2025-09-01,22.5
713680,2025-06-01,2025-10-01,18.6
713680,2025-06-01,2025-11-01,23.3
713680,2025-05-01,2025-06-01,21.5
713680,2025-05-01,2025-07-01,33.0
713680,2025-05-01,2025-08-01,20.5
713680,2025-05-01,2025-09-01,20.0
713680,2025-05-01,2025-10-01,18.6
713680,2025-04-01,2025-05-01,28.0
713680,2025-04-01,2025-06-01,21.5
713680,2025-04-01,2025-07-01,33.0
713680,2025-04-01,2025-08-01,20.5
713680,2025-04-01,2025-09-01,20.0
713681,2026-03-01,2026-04-01,7.5
713681,2026-03-01,2026-05-01,16.0
713681,2026-03-01,2026-06-01,19.3
713681,2026-03-01,2026-07-01,12.5
713681,2026-03-01,2026-08-01,9.0
713681,2026-02-01,2026-04-01,9.0
713681,2026-02-01,2026-05-01,17.745
713681,2026-02-01,2026-06-01,14.0
713681,2026-02-01,2026-07-01,15.38461538461539
713681,2026-02-01,2027-03-01,12.1
713681,2026-01-01,2026-04-01,9.0
713681,2026-01-01,2026-05-01,17.745
713681,2026-01-01,2026-06-01,14.0
713681,2026-01-01,2027-02-01,14.0
713681,2026-01-01,2027-03-01,17.5
713681,2025-12-01,2025-04-01,9.002245411764001
713681,2025-12-01,2025-05-01,17.0
713681,2025-12-01,2026-01-01,17.499188614799998
713681,2025-12-01,2026-02-01,14.0
713681,2025-12-01,2026-03-01,17.5
713681,2025-11-01,2025-04-01,10.0
713681,2025-11-01,2025-12-01,12.525000000000002
713681,2025-11-01,2026-01-01,17.5
713681,2025-11-01,2026-02-01,14.0
713681,2025-11-01,2026-03-01,17.5
713681,2025-10-01,2025-11-01,18.655603448275897
713681,2025-10-01,2025-12-01,17.025
713681,2025-10-01,2026-01-01,10.64
713681,2025-10-01,2026-02-01,13.68
713681,2025-10-01,2026-03-01,16.72
713681,2025-09-01,2025-10-01,13.04249999999997
713681,2025-09-01,2025-11-01,18.65560344827586
713681,2025-09-01,2025-12-01,17.025
713681,2025-09-01,2026-01-01,10.64
713681,2025-09-01,2026-02-01,13.68
713681,2025-08-01,2025-09-01,16.5
713681,2025-08-01,2025-10-01,11.4
713681,2025-08-01,2025-11-01,14.70368262
713681,2025-08-01,2025-12-01,16.0
713681,2025-08-01,2026-01-01,10.64
713681,2025-07-01,2025-08-01,25.0
713681,2025-07-01,2025-09-01,16.5
713681,2025-07-01,2025-10-01,11.4
713681,2025-07-01,2025-11-01,14.70368262
713681,2025-07-01,2025-12-01,16.0
713681,2025-06-01,2025-07-01,8.9952
713681,2025-06-01,2025-08-01,25.0
713681,2025-06-01,2025-09-01,15.5
713681,2025-06-01,2025-10-01,11.4
713681,2025-06-01,2025-11-01,14.70368262
713681,2025-05-01,2025-06-01,12.5
713681,2025-05-01,2025-07-01,11.0
713681,2025-05-01,2025-08-01,25.0
713681,2025-05-01,2025-09-01,13.0
713681,2025-05-01,2025-10-01,11.4
713681,2025-04-01,2025-05-01,17.0
713681,2025-04-01,2025-06-01,12.5
713681,2025-04-01,2025-07-01,11.0
713681,2025-04-01,2025-08-01,22.0
713681,2025-04-01,2025-09-01,13.0
715161,2026-03-01,2026-04-01,2.74
715161,2026-03-01,2026-05-01,3.3
715161,2026-03-01,2026-06-01,1.429174558269196
715161,2026-03-01,2026-07-01,3.131654872499983
715161,2026-03-01,2026-08-01,2.224720079999992
715161,2026-02-01,2026-04-01,2.53863352583111
715161,2026-02-01,2026-05-01,2.86627663967445
715161,2026-02-01,2026-06-01,1.64
715161,2026-02-01,2026-07-01,3.48
715161,2026-02-01,2027-03-01,2.62594763489298
715161,2026-01-01,2026-04-01,3.726973848507045
715161,2026-01-01,2026-05-01,2.65747099999998
715161,2026-01-01,2026-06-01,1.174129709762164
715161,2026-01-01,2027-02-01,1.752
715161,2026-01-01,2027-03-01,1.582
715161,2025-12-01,2025-04-01,3.726973848507045
715161,2025-12-01,2025-05-01,3.15747099999998
715161,2025-12-01,2026-01-01,1.645223743125849
715161,2025-12-01,2026-02-01,1.517439631226339
715161,2025-12-01,2026-03-01,1.969500644947763
715161,2025-11-01,2025-04-01,2.825947634892977
715161,2025-11-01,2025-12-01,1.98530180276813
715161,2025-11-01,2026-01-01,1.645223743125849
715161,2025-11-01,2026-02-01,1.517439631226339
715161,2025-11-01,2026-03-01,1.969500644947763
715161,2025-10-01,2025-11-01,2.521616296047941
715161,2025-10-01,2025-12-01,1.98530180276813
715161,2025-10-01,2026-01-01,1.645223743125849
715161,2025-10-01,2026-02-01,1.517439631226339
715161,2025-10-01,2026-03-01,1.969500644947763
715161,2025-09-01,2025-10-01,2.421917304746714
715161,2025-09-01,2025-11-01,2.521616296047941
715161,2025-09-01,2025-12-01,1.98530180276813
715161,2025-09-01,2026-01-01,1.645223743125849
715161,2025-09-01,2026-02-01,1.517439631226339
715161,2025-08-01,2025-09-01,2.19
715161,2025-08-01,2025-10-01,3.76
715161,2025-08-01,2025-11-01,3.52
715161,2025-08-01,2025-12-01,2.9
715161,2025-08-01,2026-01-01,2.21
715161,2025-07-01,2025-08-01,1.944112804271188
715161,2025-07-01,2025-09-01,1.922863067371557
715161,2025-07-01,2025-10-01,2.112494054596079
715161,2025-07-01,2025-11-01,2.084505268163479
715161,2025-07-01,2025-12-01,1.44470848457428
715161,2025-06-01,2025-07-01,1.720287303213918
715161,2025-06-01,2025-08-01,1.40028339283791
715161,2025-06-01,2025-09-01,2.038330690103629
715161,2025-06-01,2025-10-01,2.078275980184703
715161,2025-06-01,2025-11-01,2.193889194809207
715161,2025-05-01,2025-06-01,2.120137436017202
715161,2025-05-01,2025-07-01,1.661057297779721
715161,2025-05-01,2025-08-01,1.352062570807584
715161,2025-05-01,2025-09-01,2.143486243141841
715161,2025-05-01,2025-10-01,2.004940076971358
715161,2025-04-01,2025-05-01,2.98
715161,2025-04-01,2025-06-01,2.58
715161,2025-04-01,2025-07-01,2.29
715161,2025-04-01,2025-08-01,2.37
715161,2025-04-01,2025-09-01,2.32
715162,2026-03-01,2026-04-01,2.52
715162,2026-03-01,2026-05-01,2.67
715162,2026-03-01,2026-06-01,2.308925441730823
715162,2026-03-01,2026-07-01,2.814215911650003
715162,2026-03-01,2026-08-01,1.817928337499994
715162,2026-02-01,2026-04-01,2.52162443181166
715162,2026-02-01,2026-05-01,2.165769334445
715162,2026-02-01,2026-06-01,1.5
715162,2026-02-01,2026-07-01,3.13
715162,2026-02-01,2027-03-01,2.746824392204032
715162,2026-01-01,2026-04-01,3.274665499999971
715162,2026-01-01,2026-05-01,2.29596649999998
715162,2026-01-01,2026-06-01,1.160793441730863
715162,2026-01-01,2027-02-01,1.816
715162,2026-01-01,2027-03-01,1.54
715162,2025-12-01,2025-04-01,3.274665499999971
715162,2025-12-01,2025-05-01,2.795966499999982
715162,2025-12-01,2026-01-01,1.448109856625779
715162,2025-12-01,2026-02-01,1.335635530422418
715162,2025-12-01,2026-03-01,1.733535215800445
715162,2025-11-01,2025-04-01,2.746824392204032
715162,2025-11-01,2025-12-01,1.747443240457504
715162,2025-11-01,2026-01-01,1.448109856625779
715162,2025-11-01,2026-02-01,1.335635530422418
715162,2025-11-01,2026-03-01,1.733535215800445
715162,2025-10-01,2025-11-01,2.219502014964472
715162,2025-10-01,2025-12-01,1.747443240457504
715162,2025-10-01,2026-01-01,1.448109856625779
715162,2025-10-01,2026-02-01,1.335635530422418
715162,2025-10-01,2026-03-01,1.733535215800445
715162,2025-09-01,2025-10-01,2.131747937379469
715162,2025-09-01,2025-11-01,2.219502014964472
715162,2025-09-01,2025-12-01,1.747443240457504
715162,2025-09-01,2026-01-01,1.448109856625779
715162,2025-09-01,2026-02-01,1.335635530422418
715162,2025-08-01,2025-09-01,1.99
715162,2025-08-01,2025-10-01,3.17
715162,2025-08-01,2025-11-01,3.69
715162,2025-08-01,2025-12-01,2.78
715162,2025-08-01,2026-01-01,2.49
715162,2025-07-01,2025-08-01,1.189329071826352
715162,2025-07-01,2025-09-01,2.081677097120205
715162,2025-07-01,2025-10-01,2.079137901078863
715162,2025-07-01,2025-11-01,2.409906740969051
715162,2025-07-01,2025-12-01,1.517483861967657
715162,2025-06-01,2025-07-01,1.646106871543574
715162,2025-06-01,2025-08-01,1.147075283394049
715162,2025-06-01,2025-09-01,1.879546434148569
715162,2025-06-01,2025-10-01,1.774237455798051
715162,2025-06-01,2025-11-01,2.333700781631908
715162,2025-05-01,2025-06-01,2.002171917890792
715162,2025-05-01,2025-07-01,1.775315803141442
715162,2025-05-01,2025-08-01,1.441743237675094
715162,2025-05-01,2025-09-01,2.140936540407418
715162,2025-05-01,2025-10-01,1.760959035010468
715162,2025-04-01,2025-05-01,2.99
715162,2025-04-01,2025-06-01,2.83
715162,2025-04-01,2025-07-01,2.11
715162,2025-04-01,2025-08-01,2.04
715162,2025-04-01,2025-09-01,2.11
715164,2026-03-01,2026-04-01,0.7749412747520754
715164,2026-03-01,2026-05-01,0.8614050060915508
715164,2026-03-01,2026-06-01,0.706607999999998
715164,2026-03-01,2026-07-01,0.8706420000000116
715164,2026-03-01,2026-08-01,0.6590052000000017
715164,2026-02-01,2026-04-01,0.7749412747520755
715164,2026-02-01,2026-05-01,0.9571166734350566
715164,2026-02-01,2026-06-01,0.79
715164,2026-02-01,2026-07-01,0.97
715164,2026-02-01,2027-03-01,0.7289593529416233
715164,2026-01-01,2026-04-01,0.858440000000001
715164,2026-01-01,2026-05-01,0.8414399999999993
715164,2026-01-01,2026-06-01,0.7851199999999978
715164,2026-01-01,2027-02-01,0.514843638703339
715164,2026-01-01,2027-03-01,0.648959352941623
715164,2025-12-01,2025-04-01,0.8994200000000004
715164,2025-12-01,2025-05-01,0.8162599999999993
715164,2025-12-01,2026-01-01,3.95787607157994
715164,2025-12-01,2026-02-01,0.714843638703339
715164,2025-12-01,2026-03-01,0.728959352941623
715164,2025-11-01,2025-04-01,0.73
715164,2025-11-01,2025-12-01,8.83
715164,2025-11-01,2026-01-01,3.96
715164,2025-11-01,2026-02-01,0.71
715164,2025-11-01,2026-03-01,0.73
715164,2025-10-01,2025-11-01,13.63
715164,2025-10-01,2025-12-01,7.16
715164,2025-10-01,2026-01-01,2.47
715164,2025-10-01,2026-02-01,0.61
715164,2025-10-01,2026-03-01,0.65
715164,2025-09-01,2025-10-01,9.0152
715164,2025-09-01,2025-11-01,11.2754
715164,2025-09-01,2025-12-01,7.6528
715164,2025-09-01,2026-01-01,2.8578
715164,2025-09-01,2026-02-01,1.032988344701788
715164,2025-08-01,2025-09-01,4.550000000000001
715164,2025-08-01,2025-10-01,7.52
715164,2025-08-01,2025-11-01,10.309999999999999
715164,2025-08-01,2025-12-01,7.0
715164,2025-08-01,2026-01-01,2.47
715164,2025-07-01,2025-08-01,1.41
715164,2025-07-01,2025-09-01,5.03
715164,2025-07-01,2025-10-01,7.52
715164,2025-07-01,2025-11-01,10.309999999999999
715164,2025-07-01,2025-12-01,7.0
715164,2025-06-01,2025-07-01,1.0172
715164,2025-06-01,2025-08-01,1.4076
715164,2025-06-01,2025-09-01,5.03
715164,2025-06-01,2025-10-01,7.52
715164,2025-06-01,2025-11-01,10.280000000000001
715164,2025-05-01,2025-06-01,0.5509321428571431
715164,2025-05-01,2025-07-01,0.49021984414096
715164,2025-05-01,2025-08-01,0.82
715164,2025-05-01,2025-09-01,5.0
715164,2025-05-01,2025-10-01,7.5
715164,2025-04-01,2025-05-01,0.6144854242424211
715164,2025-04-01,2025-06-01,0.5509321428571431
715164,2025-04-01,2025-07-01,0.49021984414096
715164,2025-04-01,2025-08-01,0.82
715164,2025-04-01,2025-09-01,5.09
715166,2026-03-01,2026-04-01,0.781296508168793
715166,2026-03-01,2026-05-01,0.9571030237391993
715166,2026-03-01,2026-06-01,0.7774199999999982
715166,2026-03-01,2026-07-01,1.029617999999999
715166,2026-03-01,2026-08-01,0.885809925000001
715166,2026-02-01,2026-04-01,0.781296508168793
715166,2026-02-01,2026-05-01,1.06344780415467
715166,2026-02-01,2026-06-01,0.86
715166,2026-02-01,2026-07-01,1.14
715166,2026-02-01,2027-03-01,0.7167698452022442
715166,2026-01-01,2026-04-01,0.865479999999991
715166,2026-01-01,2026-05-01,0.9349
715166,2026-01-01,2026-06-01,0.863799999999998
715166,2026-01-01,2027-02-01,0.660885559440529
715166,2026-01-01,2027-03-01,0.676769845202244
715166,2025-12-01,2025-04-01,0.8661399999999911
715166,2025-12-01,2025-05-01,0.8580549999999982
715166,2025-12-01,2026-01-01,4.02212392842006
715166,2025-12-01,2026-02-01,0.730885559440529
715166,2025-12-01,2026-03-01,0.7167698452022442
715166,2025-11-01,2025-04-01,0.7167698452022442
715166,2025-11-01,2025-12-01,14.11
715166,2025-11-01,2026-01-01,4.022123928420058
715166,2025-11-01,2026-02-01,0.7308855594405288
715166,2025-11-01,2026-03-01,0.7167698452022442
715166,2025-10-01,2025-11-01,18.43
715166,2025-10-01,2025-12-01,13.53
715166,2025-10-01,2026-01-01,5.51
715166,2025-10-01,2026-02-01,0.84453
715166,2025-10-01,2026-03-01,0.9
715166,2025-09-01,2025-10-01,14.797
715166,2025-09-01,2025-11-01,15.3278
715166,2025-09-01,2025-12-01,14.4866
715166,2025-09-01,2026-01-01,2.5765
715166,2025-09-01,2026-02-01,0.8963527120689194
715166,2025-08-01,2025-09-01,9.690000000000001
715166,2025-08-01,2025-10-01,10.4
715166,2025-08-01,2025-11-01,14.870000000000001
715166,2025-08-01,2025-12-01,12.53
715166,2025-08-01,2026-01-01,2.51
715166,2025-07-01,2025-08-01,1.6
715166,2025-07-01,2025-09-01,10.71
715166,2025-07-01,2025-10-01,10.4
715166,2025-07-01,2025-11-01,14.870000000000001
715166,2025-07-01,2025-12-01,12.53
715166,2025-06-01,2025-07-01,1.2613
715166,2025-06-01,2025-08-01,1.6
715166,2025-06-01,2025-09-01,10.71
715166,2025-06-01,2025-10-01,10.4
715166,2025-06-01,2025-11-01,14.869999999999997
715166,2025-05-01,2025-06-01,0.9916778571428577
715166,2025-05-01,2025-07-01,0.72
715166,2025-05-01,2025-08-01,0.93
715166,2025-05-01,2025-09-01,10.7
715166,2025-05-01,2025-10-01,10.4
715166,2025-04-01,2025-05-01,0.8987995757575711
715166,2025-04-01,2025-06-01,0.9916778571428577
715166,2025-04-01,2025-07-01,0.72
715166,2025-04-01,2025-08-01,0.93
715166,2025-04-01,2025-09-01,10.65
715167,2026-03-01,2026-04-01,0.9995893151965852
715167,2026-03-01,2026-05-01,0.7083127413380249
715167,2026-03-01,2026-06-01,0.4078269670248227
715167,2026-03-01,2026-07-01,0.6346546062725166
715167,2026-03-01,2026-08-01,0.4140776262816787
715167,2026-02-01,2026-04-01,0.6774614571240104
715167,2026-02-01,2026-05-01,0.6434669518461492
715167,2026-02-01,2026-06-01,0.3568887168132933
715167,2026-02-01,2026-07-01,0.6970161612582809
715167,2026-02-01,2027-03-01,0.8594152483445253
715167,2026-01-01,2026-04-01,1.005403013039475
715167,2026-01-01,2026-05-01,0.7949820240055463
715167,2026-01-01,2026-06-01,0.8361191609855706
715167,2026-01-01,2027-02-01,0.6370022385681168
715167,2026-01-01,2027-03-01,0.7949820240055463
715167,2025-12-01,2025-04-01,0.9447069608541513
715167,2025-12-01,2025-05-01,0.5887194455560079
715167,2025-12-01,2026-01-01,1.385377256839125
715167,2025-12-01,2026-02-01,0.5834980205962581
715167,2025-12-01,2026-03-01,0.8566442138255775
715167,2025-11-01,2025-04-01,1.135830245147349
715167,2025-11-01,2025-12-01,2.05748678611113
715167,2025-11-01,2026-01-01,1.229727241602314
715167,2025-11-01,2026-02-01,1.169265426123479
715167,2025-11-01,2026-03-01,1.135830245147349
715167,2025-10-01,2025-11-01,2.94
715167,2025-10-01,2025-12-01,1.91
715167,2025-10-01,2026-01-01,1.23
715167,2025-10-01,2026-02-01,0.6930812859825822
715167,2025-10-01,2026-03-01,0.722192
715167,2025-09-01,2025-10-01,2.26
715167,2025-09-01,2025-11-01,2.94
715167,2025-09-01,2025-12-01,1.91
715167,2025-09-01,2026-01-01,1.23
715167,2025-09-01,2026-02-01,0.6930812859825822
715167,2025-08-01,2025-09-01,1.32
715167,2025-08-01,2025-10-01,2.26
715167,2025-08-01,2025-11-01,2.94
715167,2025-08-01,2025-12-01,1.91
715167,2025-08-01,2026-01-01,1.23
715167,2025-07-01,2025-08-01,0.82
715167,2025-07-01,2025-09-01,1.52
715167,2025-07-01,2025-10-01,2.26
715167,2025-07-01,2025-11-01,2.94
715167,2025-07-01,2025-12-01,1.91
715167,2025-06-01,2025-07-01,0.619
715167,2025-06-01,2025-08-01,0.8151999999999999
715167,2025-06-01,2025-09-01,1.5158
715167,2025-06-01,2025-10-01,2.2622
715167,2025-06-01,2025-11-01,2.9362
715167,2025-05-01,2025-06-01,0.64
715167,2025-05-01,2025-07-01,0.54
715167,2025-05-01,2025-08-01,0.71
715167,2025-05-01,2025-09-01,1.42
715167,2025-05-01,2025-10-01,2.0
715167,2025-04-01,2025-05-01,0.72
715167,2025-04-01,2025-06-01,0.64
715167,2025-04-01,2025-07-01,0.54
715167,2025-04-01,2025-08-01,0.71
715167,2025-04-01,2025-09-01,1.42
715169,2026-03-01,2026-04-01,1.399679875447383
715169,2026-03-01,2026-05-01,1.229834102102923
715169,2026-03-01,2026-06-01,0.7519567057520249
715169,2026-03-01,2026-07-01,1.669114886748279
715169,2026-03-01,2026-08-01,0.7543746593793431
715169,2026-02-01,2026-04-01,1.578708064114146
715169,2026-02-01,2026-05-01,1.341330987375329
715169,2026-02-01,2026-06-01,0.3731070029546014
715169,2026-02-01,2026-07-01,1.401010578284127
715169,2026-02-01,2027-03-01,1.29789416830806
715169,2026-01-01,2026-04-01,1.679322655636876
715169,2026-01-01,2026-05-01,1.450490066940693
715169,2026-01-01,2026-06-01,0.8069363394853788
715169,2026-01-01,2027-02-01,0.9843184545557252
715169,2026-01-01,2027-03-01,1.414362257193189
715169,2025-12-01,2025-04-01,1.685812734439456
715169,2025-12-01,2025-05-01,1.449014100860544
715169,2025-12-01,2026-01-01,1.737852768056371
715169,2025-12-01,2026-02-01,1.028829765882955
715169,2025-12-01,2026-03-01,1.429053126639264
715169,2025-11-01,2025-04-01,1.731139090312779
715169,2025-11-01,2025-12-01,3.386653200927107
715169,2025-11-01,2026-01-01,2.000272758397686
715169,2025-11-01,2026-02-01,1.697703909336649
715169,2025-11-01,2026-03-01,1.731139090312779
715169,2025-10-01,2025-11-01,4.31
715169,2025-10-01,2025-12-01,3.15
715169,2025-10-01,2026-01-01,2.0
715169,2025-10-01,2026-02-01,1.023529084868482
715169,2025-10-01,2026-03-01,0.996046
715169,2025-09-01,2025-10-01,3.49
715169,2025-09-01,2025-11-01,4.31
715169,2025-09-01,2025-12-01,3.15
715169,2025-09-01,2026-01-01,2.0
715169,2025-09-01,2026-02-01,1.023529084868482
715169,2025-08-01,2025-09-01,2.0
715169,2025-08-01,2025-10-01,3.49
715169,2025-08-01,2025-11-01,4.31
715169,2025-08-01,2025-12-01,3.15
715169,2025-08-01,2026-01-01,2.0
715169,2025-07-01,2025-08-01,1.35
715169,2025-07-01,2025-09-01,2.3
715169,2025-07-01,2025-10-01,3.49
715169,2025-07-01,2025-11-01,4.31
715169,2025-07-01,2025-12-01,3.15
715169,2025-06-01,2025-07-01,1.16
715169,2025-06-01,2025-08-01,1.3465
715169,2025-06-01,2025-09-01,2.2988
715169,2025-06-01,2025-10-01,3.4862
715169,2025-06-01,2025-11-01,4.3076
715169,2025-05-01,2025-06-01,1.14
715169,2025-05-01,2025-07-01,1.01
715169,2025-05-01,2025-08-01,1.18
715169,2025-05-01,2025-09-01,1.9
715169,2025-05-01,2025-10-01,3.0
715169,2025-04-01,2025-05-01,1.15
715169,2025-04-01,2025-06-01,1.14
715169,2025-04-01,2025-07-01,1.01
715169,2025-04-01,2025-08-01,1.18
715169,2025-04-01,2025-09-01,1.9
715677,2026-03-01,2026-04-01,3.5007778450906333
715677,2026-03-01,2026-05-01,1.271469169002781
715677,2026-03-01,2026-06-01,0.6077446874999977
715677,2026-03-01,2026-07-01,0.7453552499999996
715677,2026-03-01,2026-08-01,0.3682335937499973
715677,2026-02-01,2026-04-01,3.5007778450906306
715677,2026-02-01,2026-05-01,1.412743521114201
715677,2026-02-01,2026-06-01,0.68
715677,2026-02-01,2026-07-01,0.83
715677,2026-02-01,2027-03-01,1.76506366536661
715677,2026-01-01,2026-04-01,3.8779812499999498
715677,2026-01-01,2026-05-01,1.241999999999991
715677,2026-01-01,2026-06-01,0.6752718749999974
715677,2026-01-01,2027-02-01,0.5800266417872667
715677,2026-01-01,2027-03-01,1.65881366536661
715677,2025-12-01,2025-04-01,3.4942968749999395
715677,2025-12-01,2025-05-01,2.437499999999991
715677,2025-12-01,2026-01-01,0.466451938375566
715677,2025-12-01,2026-02-01,0.6487766417872667
715677,2025-12-01,2026-03-01,1.765063665366614
715677,2025-11-01,2025-04-01,1.7463136653666134
715677,2025-11-01,2025-12-01,0.5453076925848731
715677,2025-11-01,2026-01-01,0.466451938375566
715677,2025-11-01,2026-02-01,0.6487766417872667
715677,2025-11-01,2026-03-01,1.765063665366614
715677,2025-10-01,2025-11-01,0.66
715677,2025-10-01,2025-12-01,0.51
715677,2025-10-01,2026-01-01,0.6
715677,2025-10-01,2026-02-01,1.0
715677,2025-10-01,2026-03-01,0.65
715677,2025-09-01,2025-10-01,0.7
715677,2025-09-01,2025-11-01,0.66
715677,2025-09-01,2025-12-01,0.51
715677,2025-09-01,2026-01-01,0.6
715677,2025-09-01,2026-02-01,1.0
715677,2025-08-01,2025-09-01,0.64
715677,2025-08-01,2025-10-01,0.7
715677,2025-08-01,2025-11-01,0.66
715677,2025-08-01,2025-12-01,0.51
715677,2025-08-01,2026-01-01,0.47
715677,2025-07-01,2025-08-01,1.75
715677,2025-07-01,2025-09-01,0.9
715677,2025-07-01,2025-10-01,0.7
715677,2025-07-01,2025-11-01,0.66
715677,2025-07-01,2025-12-01,0.51
715677,2025-06-01,2025-07-01,1.433
715677,2025-06-01,2025-08-01,1.745375
715677,2025-06-01,2025-09-01,0.903125
715677,2025-06-01,2025-10-01,0.697625
715677,2025-06-01,2025-11-01,0.663125
715677,2025-05-01,2025-06-01,5.141624999999999
715677,2025-05-01,2025-07-01,2.0799999999999996
715677,2025-05-01,2025-08-01,1.52
715677,2025-05-01,2025-09-01,0.78
715677,2025-05-01,2025-10-01,0.67
715677,2025-04-01,2025-05-01,6.75
715677,2025-04-01,2025-06-01,0.83
715677,2025-04-01,2025-07-01,1.25
715677,2025-04-01,2025-08-01,1.52
715677,2025-04-01,2025-09-01,0.78
715678,2026-03-01,2026-04-01,1.510845031739307
715678,2026-03-01,2026-05-01,4.135453472181557
715678,2026-03-01,2026-06-01,3.666520687500004
715678,2026-03-01,2026-07-01,2.750253750000009
715678,2026-03-01,2026-08-01,1.512717187499999
715678,2026-02-01,2026-04-01,1.510845031739307
715678,2026-02-01,2026-05-01,4.594948302423952
715678,2026-02-01,2026-06-01,4.07
715678,2026-02-01,2026-07-01,3.06
715678,2026-02-01,2027-03-01,1.489934043807516
715678,2026-01-01,2026-04-01,1.67363625000001
715678,2026-01-01,2026-05-01,4.039604999999985
715678,2026-01-01,2026-06-01,4.073911875000005
715678,2026-01-01,2027-02-01,2.572471067386863
715678,2026-01-01,2027-03-01,1.441184043807516
715678,2025-12-01,2025-04-01,3.454359375000012
715678,2025-12-01,2025-05-01,2.943374999999984
715678,2025-12-01,2026-01-01,1.133548061624434
715678,2025-12-01,2026-02-01,2.606221067386863
715678,2025-12-01,2026-03-01,1.489934043807516
715678,2025-11-01,2025-04-01,1.493684043807516
715678,2025-11-01,2025-12-01,1.567130414997759
715678,2025-11-01,2026-01-01,1.133548061624434
715678,2025-11-01,2026-02-01,2.606221067386863
715678,2025-11-01,2026-03-01,1.489934043807516
715678,2025-10-01,2025-11-01,2.01
715678,2025-10-01,2025-12-01,1.48
715678,2025-10-01,2026-01-01,1.46
715678,2025-10-01,2026-02-01,4.03
715678,2025-10-01,2026-03-01,1.36
715678,2025-09-01,2025-10-01,1.69
715678,2025-09-01,2025-11-01,2.01
715678,2025-09-01,2025-12-01,1.48
715678,2025-09-01,2026-01-01,1.46
715678,2025-09-01,2026-02-01,4.03
715678,2025-08-01,2025-09-01,1.56
715678,2025-08-01,2025-10-01,1.69
715678,2025-08-01,2025-11-01,2.01
715678,2025-08-01,2025-12-01,1.48
715678,2025-08-01,2026-01-01,1.13
715678,2025-07-01,2025-08-01,4.02
715678,2025-07-01,2025-09-01,2.21
715678,2025-07-01,2025-10-01,1.69
715678,2025-07-01,2025-11-01,2.01
715678,2025-07-01,2025-12-01,1.48
715678,2025-06-01,2025-07-01,4.062175
715678,2025-06-01,2025-08-01,4.023000000000001
715678,2025-06-01,2025-09-01,2.209975
715678,2025-06-01,2025-10-01,1.6914
715678,2025-06-01,2025-11-01,2.0139
715678,2025-05-01,2025-06-01,7.618600000000043
715678,2025-05-01,2025-07-01,3.53
715678,2025-05-01,2025-08-01,3.5
715678,2025-05-01,2025-09-01,1.92
715678,2025-05-01,2025-10-01,1.41
715678,2025-04-01,2025-05-01,2.35
715678,2025-04-01,2025-06-01,10.0
715678,2025-04-01,2025-07-01,3.53
715678,2025-04-01,2025-08-01,3.5
715678,2025-04-01,2025-09-01,1.92
716306,2026-03-01,2026-04-01,7.24
716306,2026-03-01,2026-05-01,3.75
716306,2026-03-01,2026-06-01,2.430270236163995
716306,2026-03-01,2026-07-01,3.172662412919954
716306,2026-03-01,2026-08-01,1.626596800920001
716306,2026-02-01,2026-04-01,6.54
716306,2026-02-01,2026-05-01,4.64570546150342
716306,2026-02-01,2026-06-01,5.294764774660575
716306,2026-02-01,2026-07-01,3.53
716306,2026-02-01,2027-03-01,3.9299999999999997
716306,2026-01-01,2026-04-01,7.006643505000001
716306,2026-01-01,2026-05-01,2.488632505
716306,2026-01-01,2026-06-01,0.8775942261639834
716306,2026-01-01,2027-02-01,8.83
716306,2026-01-01,2027-03-01,3.885
716306,2025-12-01,2025-04-01,7.013643505000001
716306,2025-12-01,2025-05-01,2.488632505
716306,2025-12-01,2026-01-01,1.061478779984371
716306,2025-12-01,2026-02-01,8.83
716306,2025-12-01,2026-03-01,3.885
716306,2025-11-01,2025-04-01,3.93549880612356
716306,2025-11-01,2025-12-01,0.6339485173675138
716306,2025-11-01,2026-01-01,1.062780547821026
716306,2025-11-01,2026-02-01,8.73
716306,2025-11-01,2026-03-01,3.735
716306,2025-10-01,2025-11-01,0.7628138827089519
716306,2025-10-01,2025-12-01,0.6339485173675138
716306,2025-10-01,2026-01-01,1.062780547821026
716306,2025-10-01,2026-02-01,8.73
716306,2025-10-01,2026-03-01,3.735
716306,2025-09-01,2025-10-01,1.383736562843966
716306,2025-09-01,2025-11-01,0.7628138827089519
716306,2025-09-01,2025-12-01,0.6339485173675138
716306,2025-09-01,2026-01-01,1.062780547821026
716306,2025-09-01,2026-02-01,4.424603891240858
716306,2025-08-01,2025-09-01,1.34
716306,2025-08-01,2025-10-01,1.47
716306,2025-08-01,2025-11-01,0.8
716306,2025-08-01,2025-12-01,0.57
716306,2025-08-01,2026-01-01,1.06
716306,2025-07-01,2025-08-01,1.89
716306,2025-07-01,2025-09-01,1.54
716306,2025-07-01,2025-10-01,1.47
716306,2025-07-01,2025-11-01,0.8
716306,2025-07-01,2025-12-01,0.57
716306,2025-06-01,2025-07-01,2.1402
716306,2025-06-01,2025-08-01,1.8868
716306,2025-06-01,2025-09-01,1.5388
716306,2025-06-01,2025-10-01,1.471
716306,2025-06-01,2025-11-01,0.8008
716306,2025-05-01,2025-06-01,2.8
716306,2025-05-01,2025-07-01,1.86
716306,2025-05-01,2025-08-01,1.6399999999999992
716306,2025-05-01,2025-09-01,1.34
716306,2025-05-01,2025-10-01,1.26
716306,2025-04-01,2025-05-01,4.52
716306,2025-04-01,2025-06-01,2.8000000000000003
716306,2025-04-01,2025-07-01,1.150874074074071
716306,2025-04-01,2025-08-01,1.64
716306,2025-04-01,2025-09-01,1.34
716308,2026-03-01,2026-04-01,14.44
716308,2026-03-01,2026-05-01,6.029999999999999
716308,2026-03-01,2026-06-01,4.965929763835696
716308,2026-03-01,2026-07-01,7.085092243319973
716308,2026-03-01,2026-08-01,3.767238001800009
716308,2026-02-01,2026-04-01,13.44
716308,2026-02-01,2026-05-01,7.89692795954913
716308,2026-02-01,2026-06-01,8.60890180428676
716308,2026-02-01,2026-07-01,7.87
716308,2026-02-01,2027-03-01,8.48
716308,2026-01-01,2026-04-01,9.9169988724999
716308,2026-01-01,2026-05-01,5.495237504999978
716308,2026-01-01,2026-06-01,3.909893386336146
716308,2026-01-01,2027-02-01,20.445
716308,2026-01-01,2027-03-01,8.815000000000001
716308,2025-12-01,2025-04-01,9.9169988724999
716308,2025-12-01,2025-05-01,5.495237504999978
716308,2025-12-01,2026-01-01,2.14
716308,2025-12-01,2026-02-01,20.445
716308,2025-12-01,2026-03-01,8.81
716308,2025-11-01,2025-04-01,8.514226306810707
716308,2025-11-01,2025-12-01,1.291332977398612
716308,2025-11-01,2026-01-01,2.14485019136568
716308,2025-11-01,2026-02-01,20.37
716308,2025-11-01,2026-03-01,8.715
716308,2025-10-01,2025-11-01,1.553827630120465
716308,2025-10-01,2025-12-01,1.291332977398612
716308,2025-10-01,2026-01-01,2.164850191365683
716308,2025-10-01,2026-02-01,20.37
716308,2025-10-01,2026-03-01,8.715
716308,2025-09-01,2025-10-01,2.818627391152546
716308,2025-09-01,2025-11-01,1.553827630120465
716308,2025-09-01,2025-12-01,1.291332977398612
716308,2025-09-01,2026-01-01,2.164850191365683
716308,2025-09-01,2026-02-01,9.012777473495092
716308,2025-08-01,2025-09-01,3.640000000000001
716308,2025-08-01,2025-10-01,3.53
716308,2025-08-01,2025-11-01,1.96
716308,2025-08-01,2025-12-01,1.72
716308,2025-08-01,2026-01-01,2.78
716308,2025-07-01,2025-08-01,5.21
716308,2025-07-01,2025-09-01,4.19
716308,2025-07-01,2025-10-01,3.53
716308,2025-07-01,2025-11-01,1.96
716308,2025-07-01,2025-12-01,1.72
716308,2025-06-01,2025-07-01,6.7664
716308,2025-06-01,2025-08-01,5.209099999999999
716308,2025-06-01,2025-09-01,4.186
716308,2025-06-01,2025-10-01,3.5255
716308,2025-06-01,2025-11-01,1.9555
716308,2025-05-01,2025-06-01,8.4141
716308,2025-05-01,2025-07-01,5.89
716308,2025-05-01,2025-08-01,4.53
716308,2025-05-01,2025-09-01,3.64
716308,2025-05-01,2025-10-01,3.1
716308,2025-04-01,2025-05-01,10.200000000000001
716308,2025-04-01,2025-06-01,8.41
716308,2025-04-01,2025-07-01,5.89
716308,2025-04-01,2025-08-01,4.53
716308,2025-04-01,2025-09-01,3.64
716573,2026-03-01,2026-04-01,9.0
716573,2026-03-01,2026-05-01,6.752609080145132
716573,2026-03-01,2026-06-01,7.15
716573,2026-03-01,2026-07-01,7.15
716573,2026-03-01,2026-08-01,7.15
716573,2026-02-01,2026-04-01,9.0
716573,2026-02-01,2026-05-01,6.752609080145132
716573,2026-02-01,2026-06-01,7.15
716573,2026-02-01,2026-07-01,7.15
716573,2026-02-01,2027-03-01,14.72411735568407
716573,2026-01-01,2026-04-01,8.035208051199994
716573,2026-01-01,2026-05-01,7.3246080512
716573,2026-01-01,2026-06-01,7.0990480512
716573,2026-01-01,2027-02-01,7.339098846021732
716573,2026-01-01,2027-03-01,8.828925406884071
716573,2025-12-01,2025-04-01,7.15
716573,2025-12-01,2025-05-01,7.15
716573,2025-12-01,2026-01-01,7.15
716573,2025-12-01,2026-02-01,7.15
716573,2025-12-01,2026-03-01,7.15
716573,2025-11-01,2025-04-01,7.6
716573,2025-11-01,2025-12-01,7.6
716573,2025-11-01,2026-01-01,7.6
716573,2025-11-01,2026-02-01,7.6
716573,2025-11-01,2026-03-01,7.6
716573,2025-10-01,2025-11-01,7.6
716573,2025-10-01,2025-12-01,7.6
716573,2025-10-01,2026-01-01,7.6
716573,2025-10-01,2026-02-01,7.6
716573,2025-10-01,2026-03-01,7.6
716573,2025-09-01,2025-10-01,7.6
716573,2025-09-01,2025-11-01,7.6
716573,2025-09-01,2025-12-01,7.6
716573,2025-09-01,2026-01-01,7.6
716573,2025-09-01,2026-02-01,7.6
716573,2025-08-01,2025-09-01,6.021900760294757
716573,2025-08-01,2025-10-01,4.996637132320876
716573,2025-08-01,2025-11-01,4.823877178318157
716573,2025-08-01,2025-12-01,5.6
716573,2025-08-01,2026-01-01,4.7
716573,2025-07-01,2025-08-01,5.286540742324908
716573,2025-07-01,2025-09-01,6.021900760294757
716573,2025-07-01,2025-10-01,4.996637132320876
716573,2025-07-01,2025-11-01,4.823877178318157
716573,2025-07-01,2025-12-01,5.6
716573,2025-06-01,2025-07-01,6.280511312599785
716573,2025-06-01,2025-08-01,5.286540742324908
716573,2025-06-01,2025-09-01,6.021900760294757
716573,2025-06-01,2025-10-01,4.996637132320876
716573,2025-06-01,2025-11-01,4.823877178318157
716573,2025-05-01,2025-06-01,6.222541325781717
716573,2025-05-01,2025-07-01,6.280511312599785
716573,2025-05-01,2025-08-01,5.286540742324908
716573,2025-05-01,2025-09-01,6.021900760294757
716573,2025-05-01,2025-10-01,5.0
716573,2025-04-01,2025-05-01,6.296399383061027
716573,2025-04-01,2025-06-01,6.222541325781717
716573,2025-04-01,2025-07-01,6.280511312599785
716573,2025-04-01,2025-08-01,5.286540742324908
716573,2025-04-01,2025-09-01,6.021900760294757
716621,2025-12-01,2026-01-01,1.91277
716621,2025-11-01,2025-12-01,8.34291302505735
716621,2025-11-01,2026-01-01,1.91298381164518
716621,2025-10-01,2025-11-01,13.7740189956023
716621,2025-10-01,2025-12-01,5.64775284049568
716621,2025-10-01,2026-01-01,2.64550508156028
716621,2025-09-01,2025-10-01,9.209999999999999
716621,2025-09-01,2025-11-01,10.97
716621,2025-09-01,2025-12-01,6.028035
716621,2025-09-01,2026-01-01,2.36
716621,2025-08-01,2025-09-01,4.77
716621,2025-08-01,2025-10-01,7.51
716621,2025-08-01,2025-11-01,10.97
716621,2025-08-01,2025-12-01,6.028035
716621,2025-08-01,2026-01-01,2.36
716621,2025-07-01,2025-08-01,0.029
716621,2025-07-01,2025-09-01,4.77
716621,2025-07-01,2025-10-01,7.51
716621,2025-07-01,2025-11-01,10.97
716621,2025-07-01,2025-12-01,6.028035
716621,2025-06-01,2025-08-01,0.029
716621,2025-06-01,2025-09-01,4.77
716621,2025-06-01,2025-10-01,7.51
716621,2025-06-01,2025-11-01,10.97
716621,2025-05-01,2025-08-01,0.1889032000352741
716621,2025-05-01,2025-09-01,2.696835977868977
716621,2025-05-01,2025-10-01,8.07
716621,2025-04-01,2025-08-01,0.1889032000352741
716621,2025-04-01,2025-09-01,2.696835977868977
716622,2025-12-01,2026-01-01,5.90442
716622,2025-11-01,2025-12-01,10.04028049302647
716622,2025-11-01,2026-01-01,4.911786610019631
716622,2025-10-01,2025-11-01,17.1251436688849
716622,2025-10-01,2025-12-01,7.916057387800469
716622,2025-10-01,2026-01-01,2.40368026152482
716622,2025-09-01,2025-10-01,13.56
716622,2025-09-01,2025-11-01,12.3
716622,2025-09-01,2025-12-01,6.729550000000001
716622,2025-09-01,2026-01-01,2.05
716622,2025-08-01,2025-09-01,4.67
716622,2025-08-01,2025-10-01,12.5
716622,2025-08-01,2025-11-01,11.9
716622,2025-08-01,2025-12-01,6.52955
716622,2025-08-01,2026-01-01,2.05
716622,2025-07-01,2025-08-01,0.09
716622,2025-07-01,2025-09-01,4.67
716622,2025-07-01,2025-10-01,12.5
716622,2025-07-01,2025-11-01,11.9
716622,2025-07-01,2025-12-01,6.52955
716622,2025-06-01,2025-08-01,0.09
716622,2025-06-01,2025-09-01,4.67
716622,2025-06-01,2025-10-01,12.5
716622,2025-06-01,2025-11-01,11.9
716622,2025-05-01,2025-08-01,0.2426717669456202
716622,2025-05-01,2025-09-01,3.464451379276682
716622,2025-05-01,2025-10-01,10.37
716622,2025-04-01,2025-08-01,0.2426717669456202
716622,2025-04-01,2025-09-01,3.464451379276682
716624,2025-12-01,2026-01-01,2.18
716624,2025-11-01,2025-12-01,4.11680648191618
716624,2025-11-01,2026-01-01,1.37522957833518
716624,2025-10-01,2025-11-01,5.978409878060281
716624,2025-10-01,2025-12-01,2.68172901099041
716624,2025-10-01,2026-01-01,1.00820815691489
716624,2025-09-01,2025-10-01,5.87
716624,2025-09-01,2025-11-01,4.02
716624,2025-09-01,2025-12-01,2.9716
716624,2025-09-01,2026-01-01,0.9099999999999999
716624,2025-08-01,2025-09-01,1.87
716624,2025-08-01,2025-10-01,5.45
716624,2025-08-01,2025-11-01,4.02
716624,2025-08-01,2025-12-01,2.9716
716624,2025-08-01,2026-01-01,1.23
716624,2025-07-01,2025-09-01,1.92
716624,2025-07-01,2025-10-01,5.45
716624,2025-07-01,2025-11-01,4.02
716624,2025-07-01,2025-12-01,2.9716
716624,2025-06-01,2025-08-01,0.05
716624,2025-06-01,2025-09-01,1.87
716624,2025-06-01,2025-10-01,5.45
716624,2025-06-01,2025-11-01,4.02
716624,2025-05-01,2025-08-01,0.1241677044389789
716624,2025-05-01,2025-09-01,1.772653573671125
716624,2025-05-01,2025-10-01,5.31
716624,2025-04-01,2025-08-01,0.1241677044389789
716624,2025-04-01,2025-09-01,1.772653573671125
716653,2025-12-01,2026-01-01,0.48916
716653,2025-11-01,2025-12-01,4.4140775092139
716653,2025-11-01,2026-01-01,0.49
716653,2025-10-01,2025-11-01,4.648790882006571
716653,2025-10-01,2025-12-01,2.37062652739413
716653,2025-10-01,2026-01-01,0.6295445930987146
716653,2025-09-01,2025-10-01,4.48451946223342
716653,2025-09-01,2025-11-01,4.648790882006571
716653,2025-09-01,2025-12-01,2.650626527394126
716653,2025-09-01,2026-01-01,0.359544593098715
716653,2025-08-01,2025-09-01,1.06
716653,2025-08-01,2025-10-01,4.15
716653,2025-08-01,2025-11-01,3.42
716653,2025-08-01,2025-12-01,3.93
716653,2025-08-01,2026-01-01,2.46
716653,2025-07-01,2025-08-01,0.033
716653,2025-07-01,2025-09-01,1.06
716653,2025-07-01,2025-10-01,4.15
716653,2025-07-01,2025-11-01,3.42
716653,2025-07-01,2025-12-01,3.93
716653,2025-06-01,2025-08-01,0.033
716653,2025-06-01,2025-09-01,1.06
716653,2025-06-01,2025-10-01,4.15
716653,2025-06-01,2025-11-01,3.42
716653,2025-05-01,2025-08-01,0.2181254521707401
716653,2025-05-01,2025-09-01,1.951604543881913
716653,2025-05-01,2025-10-01,4.371873437608811
716653,2025-04-01,2025-08-01,0.2181254521707401
716653,2025-04-01,2025-09-01,1.951604543881913
716654,2025-12-01,2026-01-01,6.281354358362109
716654,2025-11-01,2025-12-01,17.6805457226438
716654,2025-11-01,2026-01-01,6.78575435836211
716654,2025-10-01,2025-11-01,31.2199376918854
716654,2025-10-01,2025-12-01,19.2054039799612
716654,2025-10-01,2026-01-01,5.30928690211471
716654,2025-09-01,2025-10-01,28.2326235945969
716654,2025-09-01,2025-11-01,29.0599376918854
716654,2025-09-01,2025-12-01,16.985403979961198
716654,2025-09-01,2026-01-01,5.46928690211471
716654,2025-08-01,2025-09-01,17.78
716654,2025-08-01,2025-10-01,24.340000000000003
716654,2025-08-01,2025-11-01,26.77
716654,2025-08-01,2025-12-01,13.009999999999998
716654,2025-08-01,2026-01-01,1.54
716654,2025-07-01,2025-08-01,2.07
716654,2025-07-01,2025-09-01,16.4928
716654,2025-07-01,2025-10-01,24.26
716654,2025-07-01,2025-11-01,24.98
716654,2025-07-01,2025-12-01,14.794749999999999
716654,2025-06-01,2025-08-01,4.97
716654,2025-06-01,2025-09-01,14.74
716654,2025-06-01,2025-10-01,24.26
716654,2025-06-01,2025-11-01,24.98
716654,2025-05-01,2025-08-01,1.108483833299491
716654,2025-05-01,2025-09-01,9.917788430272523
716654,2025-05-01,2025-10-01,22.21726524159805
716654,2025-04-01,2025-08-01,1.108483833299491
716654,2025-04-01,2025-09-01,9.917788430272523
716655,2025-12-01,2026-01-01,1.84
716655,2025-11-01,2025-12-01,11.1021764919233
716655,2025-11-01,2026-01-01,1.53901301047871
716655,2025-10-01,2025-11-01,13.0956457420827
716655,2025-10-01,2025-12-01,7.18172823450655
716655,2025-10-01,2026-01-01,1.77571679277007
716655,2025-09-01,2025-10-01,12.3309000875989
716655,2025-09-01,2025-11-01,12.9756457420827
716655,2025-09-01,2025-12-01,5.18172823450655
716655,2025-09-01,2026-01-01,0.96571679277007
716655,2025-08-01,2025-09-01,6.01
716655,2025-08-01,2025-10-01,11.79
716655,2025-08-01,2025-11-01,11.75
716655,2025-08-01,2025-12-01,4.760000000000001
716655,2025-07-01,2025-08-01,0.06
716655,2025-07-01,2025-09-01,6.01
716655,2025-07-01,2025-10-01,11.79
716655,2025-07-01,2025-11-01,11.75
716655,2025-07-01,2025-12-01,5.19
716655,2025-06-01,2025-08-01,0.06
716655,2025-06-01,2025-09-01,6.01
716655,2025-06-01,2025-10-01,11.79
716655,2025-06-01,2025-11-01,11.75
716655,2025-05-01,2025-08-01,0.5996220846171358
716655,2025-05-01,2025-09-01,5.364918093257364
716655,2025-05-01,2025-10-01,12.01818420662479
716655,2025-04-01,2025-08-01,0.5996220846171358
716655,2025-04-01,2025-09-01,5.364918093257364
716658,2025-12-01,2026-01-01,0.5599999999999999
716658,2025-11-01,2025-12-01,2.39906818840546
716658,2025-11-01,2026-01-01,0.560153240431681
716658,2025-10-01,2025-11-01,3.27006824006903
716658,2025-10-01,2025-12-01,1.73968811273722
716658,2025-10-01,2026-01-01,0.346687377300041
716658,2025-09-01,2025-10-01,2.69105602236776
716658,2025-09-01,2025-11-01,2.560068240069034
716658,2025-09-01,2025-12-01,1.459688112737221
716658,2025-09-01,2026-01-01,0.346687377300041
716658,2025-08-01,2025-09-01,0.91
716658,2025-08-01,2025-10-01,1.86
716658,2025-08-01,2025-11-01,2.34
716658,2025-08-01,2025-12-01,1.9
716658,2025-08-01,2026-01-01,0.46
716658,2025-07-01,2025-08-01,0.006
716658,2025-07-01,2025-09-01,0.91
716658,2025-07-01,2025-10-01,1.86
716658,2025-07-01,2025-11-01,1.8808
716658,2025-07-01,2025-12-01,1.9
716658,2025-06-01,2025-08-01,0.006
716658,2025-06-01,2025-09-01,0.91
716658,2025-06-01,2025-10-01,1.86
716658,2025-06-01,2025-11-01,2.34
716658,2025-05-01,2025-08-01,0.1239166953715196
716658,2025-05-01,2025-09-01,1.10870319507963
716658,2025-05-01,2025-10-01,2.483653803715443
716658,2025-04-01,2025-08-01,0.1239166953715196
716658,2025-04-01,2025-09-01,1.10870319507963
716659,2025-12-01,2026-01-01,3.2069703458917873
716659,2025-11-01,2025-12-01,7.211580181918089
716659,2025-11-01,2026-01-01,3.2069703458917873
716659,2025-10-01,2025-11-01,18.1461061676279
716659,2025-10-01,2025-12-01,9.49295575410755
716659,2025-10-01,2026-01-01,2.294645183501189
716659,2025-09-01,2025-10-01,14.6819430667468
716659,2025-09-01,2025-11-01,16.916106167627902
716659,2025-09-01,2025-12-01,7.0965557541075475
716659,2025-09-01,2026-01-01,0.7474451835011895
716659,2025-08-01,2025-09-01,5.7700000000000005
716659,2025-08-01,2025-10-01,13.850000000000001
716659,2025-08-01,2025-11-01,15.289200000000001
716659,2025-08-01,2025-12-01,7.18
716659,2025-08-01,2026-01-01,1.37
716659,2025-07-01,2025-09-01,5.7700000000000005
716659,2025-07-01,2025-10-01,13.850000000000001
716659,2025-07-01,2025-11-01,15.289200000000001
716659,2025-07-01,2025-12-01,8.5508
716659,2025-06-01,2025-09-01,5.7700000000000005
716659,2025-06-01,2025-10-01,13.850000000000001
716659,2025-06-01,2025-11-01,14.83
716659,2025-05-01,2025-08-01,0.5455373759832394
716659,2025-05-01,2025-09-01,4.881013248251842
716659,2025-05-01,2025-10-01,10.934168110822
716659,2025-04-01,2025-08-01,0.5455373759832394
716659,2025-04-01,2025-09-01,4.881013248251842
716660,2025-12-01,2026-01-01,2.86428
716660,2025-11-01,2025-12-01,9.430727466529827
716660,2025-11-01,2026-01-01,2.855558828257732
716660,2025-10-01,2025-11-01,10.4288032678301
716660,2025-10-01,2025-12-01,5.90730044880582
716660,2025-10-01,2026-01-01,1.452906843761252
716660,2025-09-01,2025-10-01,9.5481353742172
716660,2025-09-01,2025-11-01,10.72880326783009
716660,2025-09-01,2025-12-01,4.21730044880582
716660,2025-09-01,2026-01-01,0.19290684376125
716660,2025-08-01,2025-09-01,3.85
716660,2025-08-01,2025-10-01,8.25
716660,2025-08-01,2025-11-01,9.26
716660,2025-08-01,2025-12-01,4.82
716660,2025-08-01,2026-01-01,1.15
716660,2025-07-01,2025-08-01,0.044
716660,2025-07-01,2025-09-01,3.85
716660,2025-07-01,2025-10-01,8.25
716660,2025-07-01,2025-11-01,9.26
716660,2025-07-01,2025-12-01,4.82
716660,2025-06-01,2025-08-01,0.044
716660,2025-06-01,2025-09-01,3.85
716660,2025-06-01,2025-10-01,8.25
716660,2025-06-01,2025-11-01,9.26
716660,2025-05-01,2025-08-01,0.453315318204533
716660,2025-05-01,2025-09-01,4.055887224599261
716660,2025-05-01,2025-10-01,9.085767748773671
716660,2025-04-01,2025-08-01,0.453315318204533
716660,2025-04-01,2025-09-01,4.055887224599261
716662,2025-12-01,2026-01-01,1.7600000000000002
716662,2025-11-01,2025-12-01,6.815684774534629
716662,2025-11-01,2026-01-01,1.762950282524473
716662,2025-10-01,2025-11-01,12.8180779245783
716662,2025-10-01,2025-12-01,8.90750096768218
716662,2025-10-01,2026-01-01,2.515212469958441
716662,2025-09-01,2025-10-01,12.0372412268957
716662,2025-09-01,2025-11-01,12.068077924578299
716662,2025-09-01,2025-12-01,6.647500967682181
716662,2025-09-01,2026-01-01,1.295212469958441
716662,2025-08-01,2025-09-01,4.1499999999999995
716662,2025-08-01,2025-10-01,10.290000000000001
716662,2025-08-01,2025-11-01,12.74
716662,2025-08-01,2025-12-01,6.320000000000005
716662,2025-08-01,2026-01-01,0.84
716662,2025-07-01,2025-08-01,0.51
716662,2025-07-01,2025-09-01,4.1499999999999995
716662,2025-07-01,2025-10-01,10.2454
716662,2025-07-01,2025-11-01,12.656
716662,2025-07-01,2025-12-01,6.35
716662,2025-06-01,2025-08-01,1.01
716662,2025-06-01,2025-09-01,4.1499999999999995
716662,2025-06-01,2025-10-01,10.2454
716662,2025-06-01,2025-11-01,12.656
716662,2025-05-01,2025-08-01,0.4476981242589519
716662,2025-05-01,2025-09-01,4.005629260116139
716662,2025-05-01,2025-10-01,8.973182716810689
716662,2025-04-01,2025-08-01,0.4476981242589519
716662,2025-04-01,2025-09-01,4.005629260116139
716663,2025-12-01,2026-01-01,1.7
716663,2025-11-01,2025-12-01,4.81613966483103
716663,2025-11-01,2026-01-01,2.804469793010314
716663,2025-10-01,2025-11-01,7.986354822451251
716663,2025-10-01,2025-12-01,4.2861674843065
716663,2025-10-01,2026-01-01,0.9153766166136101
716663,2025-09-01,2025-10-01,7.85129151093954
716663,2025-09-01,2025-11-01,7.936354822451251
716663,2025-09-01,2025-12-01,2.9961674843065
716663,2025-09-01,2026-01-01,0.3153766166136101
716663,2025-08-01,2025-09-01,2.77
716663,2025-08-01,2025-10-01,7.07
716663,2025-08-01,2025-11-01,7.04
716663,2025-08-01,2025-12-01,3.53
716663,2025-08-01,2026-01-01,1.4
716663,2025-07-01,2025-08-01,0.12
716663,2025-07-01,2025-09-01,2.77
716663,2025-07-01,2025-10-01,7.07
716663,2025-07-01,2025-11-01,7.04
716663,2025-07-01,2025-12-01,3.53
716663,2025-06-01,2025-08-01,0.12
716663,2025-06-01,2025-09-01,2.77
716663,2025-06-01,2025-10-01,7.07
716663,2025-06-01,2025-11-01,7.04
716663,2025-05-01,2025-08-01,0.3624328780571216
716663,2025-05-01,2025-09-01,3.242746981745216
716663,2025-05-01,2025-10-01,7.264217250785347
716663,2025-04-01,2025-08-01,0.3624328780571216
716663,2025-04-01,2025-09-01,3.242746981745216
716830,2026-03-01,2026-04-01,0.5
716830,2026-03-01,2026-05-01,1.5
716830,2026-03-01,2026-06-01,0.49999999999999994
716830,2026-03-01,2026-07-01,1.5
716830,2026-03-01,2026-08-01,1.5
716830,2026-02-01,2026-04-01,1.0
716830,2026-02-01,2026-05-01,2.0
716830,2026-02-01,2026-06-01,1.0
716830,2026-02-01,2026-07-01,2.5
716830,2026-02-01,2027-03-01,2.0
716830,2026-01-01,2026-04-01,1.0
716830,2026-01-01,2026-05-01,2.0
716830,2026-01-01,2026-06-01,1.0
716830,2026-01-01,2027-02-01,2.5
716830,2026-01-01,2027-03-01,2.0
716830,2025-12-01,2025-04-01,1.4
716830,2025-12-01,2025-05-01,1.0
716830,2025-12-01,2026-01-01,8.5
716830,2025-12-01,2026-02-01,2.5
716830,2025-12-01,2026-03-01,2.0
716830,2025-11-01,2025-04-01,1.0
716830,2025-11-01,2025-12-01,14.499999999999996
716830,2025-11-01,2026-01-01,10.0
716830,2025-11-01,2026-02-01,2.5
716830,2025-11-01,2026-03-01,2.0
716830,2025-10-01,2025-11-01,24.0
716830,2025-10-01,2025-12-01,14.5
716830,2025-10-01,2026-01-01,3.0
716830,2025-10-01,2026-02-01,2.0
716830,2025-10-01,2026-03-01,2.0
716830,2025-09-01,2025-10-01,18.0
716830,2025-09-01,2025-11-01,25.5
716830,2025-09-01,2025-12-01,15.0
716830,2025-09-01,2026-01-01,5.0
716830,2025-09-01,2026-02-01,2.0
716830,2025-08-01,2025-09-01,7.0
716830,2025-08-01,2025-10-01,18.0
716830,2025-08-01,2025-11-01,25.5
716830,2025-08-01,2025-12-01,15.0
716830,2025-08-01,2026-01-01,5.0
716830,2025-07-01,2025-08-01,1.498883837618933
716830,2025-07-01,2025-09-01,7.0
716830,2025-07-01,2025-10-01,18.0
716830,2025-07-01,2025-11-01,25.5
716830,2025-07-01,2025-12-01,15.0
716830,2025-06-01,2025-07-01,1.330491057021045
716830,2025-06-01,2025-08-01,1.498883837618933
716830,2025-06-01,2025-09-01,7.0
716830,2025-06-01,2025-10-01,18.0
716830,2025-06-01,2025-11-01,25.5
716830,2025-05-01,2025-06-01,0.8891624107347931
716830,2025-05-01,2025-07-01,1.330491057021045
716830,2025-05-01,2025-08-01,1.498883837618933
716830,2025-05-01,2025-09-01,7.0
716830,2025-05-01,2025-10-01,18.0
716830,2025-04-01,2025-05-01,2.0
716830,2025-04-01,2025-06-01,0.8891624107347931
716830,2025-04-01,2025-07-01,1.330491057021045
716830,2025-04-01,2025-08-01,1.498883837618933
716830,2025-04-01,2025-09-01,7.0
716831,2026-03-01,2026-04-01,2.5
716831,2026-03-01,2026-05-01,4.5
716831,2026-03-01,2026-06-01,3.5
716831,2026-03-01,2026-07-01,4.0
716831,2026-03-01,2026-08-01,6.0
716831,2026-02-01,2026-04-01,3.5
716831,2026-02-01,2026-05-01,6.5
716831,2026-02-01,2026-06-01,5.5
716831,2026-02-01,2026-07-01,6.0
716831,2026-02-01,2027-03-01,6.0
716831,2026-01-01,2026-04-01,3.5
716831,2026-01-01,2026-05-01,6.5
716831,2026-01-01,2026-06-01,5.5
716831,2026-01-01,2027-02-01,7.5
716831,2026-01-01,2027-03-01,6.0
716831,2025-12-01,2025-04-01,4.6
716831,2025-12-01,2025-05-01,6.0
716831,2025-12-01,2026-01-01,44.0
716831,2025-12-01,2026-02-01,7.5
716831,2025-12-01,2026-03-01,6.0
716831,2025-11-01,2025-04-01,3.0
716831,2025-11-01,2025-12-01,45.2
716831,2025-11-01,2026-01-01,35.0
716831,2025-11-01,2026-02-01,7.5
716831,2025-11-01,2026-03-01,6.0
716831,2025-10-01,2025-11-01,56.0
716831,2025-10-01,2025-12-01,41.2
716831,2025-10-01,2026-01-01,22.0
716831,2025-10-01,2026-02-01,6.0
716831,2025-10-01,2026-03-01,6.0
716831,2025-09-01,2025-10-01,47.0
716831,2025-09-01,2025-11-01,50.0
716831,2025-09-01,2025-12-01,45.2
716831,2025-09-01,2026-01-01,20.0
716831,2025-09-01,2026-02-01,6.0
716831,2025-08-01,2025-09-01,23.0
716831,2025-08-01,2025-10-01,47.0
716831,2025-08-01,2025-11-01,50.0
716831,2025-08-01,2025-12-01,45.2
716831,2025-08-01,2026-01-01,20.0
716831,2025-07-01,2025-08-01,3.4
716831,2025-07-01,2025-09-01,23.0
716831,2025-07-01,2025-10-01,47.0
716831,2025-07-01,2025-11-01,50.0
716831,2025-07-01,2025-12-01,45.2
716831,2025-06-01,2025-07-01,3.7
716831,2025-06-01,2025-08-01,3.4
716831,2025-06-01,2025-09-01,23.0
716831,2025-06-01,2025-10-01,47.0
716831,2025-06-01,2025-11-01,50.0
716831,2025-05-01,2025-06-01,2.95047079537625
716831,2025-05-01,2025-07-01,3.7
716831,2025-05-01,2025-08-01,3.4
716831,2025-05-01,2025-09-01,23.0
716831,2025-05-01,2025-10-01,47.0
716831,2025-04-01,2025-05-01,8.0
716831,2025-04-01,2025-06-01,2.95047079537625
716831,2025-04-01,2025-07-01,3.7
716831,2025-04-01,2025-08-01,3.4
716831,2025-04-01,2025-09-01,23.0
717083,2026-03-01,2026-04-01,0.261
717083,2026-02-01,2027-03-01,1.053
717083,2026-01-01,2027-02-01,3.21
717083,2026-01-01,2027-03-01,0.546
717083,2025-12-01,2026-01-01,4.9
717083,2025-11-01,2026-02-01,4.9
717612,2026-03-01,2026-04-01,0.072
717612,2026-02-01,2027-03-01,0.1450999999999999
717612,2026-01-01,2027-02-01,0.2336314423253706
717612,2026-01-01,2027-03-01,0.27876855767463
717612,2025-12-01,2026-01-01,0.4317696191581721
717612,2025-12-01,2026-02-01,0.2336314423253706
717612,2025-12-01,2026-03-01,0.03349893851645735
717612,2025-11-01,2025-04-01,0.2020581733173445
717612,2025-11-01,2025-12-01,0.2597343805682222
717612,2025-11-01,2026-01-01,0.244077082470596
717612,2025-11-01,2026-02-01,0.3376453104397114
717612,2025-11-01,2026-03-01,0.2501748593368112
717612,2025-10-01,2025-11-01,0.289463038743661
717612,2025-10-01,2025-12-01,0.3233831662595367
717612,2025-10-01,2026-01-01,0.2180927149738649
717612,2025-10-01,2026-02-01,0.3216330359886462
717612,2025-10-01,2026-03-01,0.3178615338369648
717612,2025-09-01,2025-10-01,0.211532948025457
717612,2025-09-01,2025-11-01,0.2745135318994837
717612,2025-09-01,2025-12-01,0.305926360728518
717612,2025-09-01,2026-01-01,0.2260923152335076
717612,2025-09-01,2026-02-01,0.2481429288119677
717612,2025-08-01,2025-09-01,0.3138495905100762
717612,2025-08-01,2025-10-01,0.2424581545230072
717612,2025-08-01,2025-11-01,0.3314378395714891
717612,2025-08-01,2025-12-01,0.3314378395714891
717612,2025-08-01,2026-01-01,0.4295
717612,2025-07-01,2025-08-01,0.2535755874515898
717612,2025-07-01,2025-09-01,0.2321112469778784
717612,2025-07-01,2025-10-01,0.2332392581034941
717612,2025-07-01,2025-11-01,0.25263699403927
717612,2025-07-01,2025-12-01,0.290235790583672
717612,2025-06-01,2025-07-01,0.1662682158995352
717612,2025-06-01,2025-08-01,0.2241443146971403
717612,2025-06-01,2025-09-01,0.2268324808855179
717612,2025-06-01,2025-10-01,0.2653312055239619
717612,2025-06-01,2025-11-01,0.1979803663401691
717612,2025-05-01,2025-06-01,0.2755773518377685
717612,2025-05-01,2025-07-01,0.2755773518377685
717612,2025-05-01,2025-08-01,0.2755773518377685
717612,2025-05-01,2025-09-01,0.3138495905100762
717612,2025-05-01,2025-10-01,0.3757949824127156
717612,2025-04-01,2025-05-01,0.1882754466773413
717612,2025-04-01,2025-06-01,0.18585554951305
717612,2025-04-01,2025-07-01,0.2299151591223099
717612,2025-04-01,2025-08-01,0.2320110765051634
717612,2025-04-01,2025-09-01,0.225743999250638
717613,2026-03-01,2026-04-01,0.2373
717613,2026-02-01,2027-03-01,0.6521000000000018
717613,2026-01-01,2027-02-01,0.6824201617071263
717613,2026-01-01,2027-03-01,0.5912798382928742
717613,2025-12-01,2026-01-01,1.046616318266178
717613,2025-12-01,2026-02-01,0.6050836817338221
717613,2025-11-01,2025-04-01,0.6488909958568728
717613,2025-11-01,2025-12-01,0.5638183062188403
717613,2025-11-01,2026-01-01,0.5638183062188403
717613,2025-11-01,2026-02-01,0.6564480830510273
717613,2025-11-01,2026-03-01,0.6471994668314939
717613,2025-10-01,2025-11-01,0.634803665093551
717613,2025-10-01,2025-12-01,0.6497067277903733
717613,2025-10-01,2026-01-01,0.5214447092772383
717613,2025-10-01,2026-02-01,0.5177424806367277
717613,2025-10-01,2026-03-01,0.6293597800852412
717613,2025-09-01,2025-10-01,0.5728290541633866
717613,2025-09-01,2025-11-01,0.6150629432652082
717613,2025-09-01,2025-12-01,0.6418330525290942
717613,2025-09-01,2026-01-01,0.5335080675566342
717613,2025-09-01,2026-02-01,0.5728290541633866
717613,2025-08-01,2025-09-01,0.8610697379719296
717613,2025-08-01,2025-10-01,0.7173252908636244
717613,2025-08-01,2025-11-01,0.9421060044405917
717613,2025-08-01,2025-12-01,0.8771
717613,2025-08-01,2026-01-01,1.0471
717613,2025-07-01,2025-08-01,0.4777151597896439
717613,2025-07-01,2025-09-01,0.5105481796116506
717613,2025-07-01,2025-10-01,0.5418398422330096
717613,2025-07-01,2025-11-01,0.6340248323649254
717613,2025-07-01,2025-12-01,0.6181707226560997
717613,2025-06-01,2025-07-01,0.4408174986112823
717613,2025-06-01,2025-08-01,0.5107382099514564
717613,2025-06-01,2025-09-01,0.5107382099514564
717613,2025-06-01,2025-10-01,0.5891613914764278
717613,2025-06-01,2025-11-01,0.6112380090047662
717613,2025-05-01,2025-06-01,0.4099613175524239
717613,2025-05-01,2025-07-01,0.4099613175524239
717613,2025-05-01,2025-08-01,0.4099613175524239
717613,2025-05-01,2025-09-01,0.8610697379719296
717613,2025-05-01,2025-10-01,2.140389521001772
717613,2025-04-01,2025-05-01,0.3184076179619952
717613,2025-04-01,2025-06-01,0.2878492571877645
717613,2025-04-01,2025-07-01,0.4406339321425028
717613,2025-04-01,2025-08-01,0.4394957949263154
717613,2025-04-01,2025-09-01,0.4489368552932494
718019,2026-03-01,2026-04-01,0.1
718019,2026-03-01,2026-05-01,0.1
718019,2026-03-01,2026-06-01,0.1
718019,2026-03-01,2026-07-01,0.1
718019,2026-03-01,2026-08-01,0.1
718019,2026-02-01,2026-04-01,0.5
718019,2026-02-01,2026-05-01,0.5
718019,2026-02-01,2026-06-01,0.5
718019,2026-02-01,2026-07-01,1.025641025641026
718019,2026-02-01,2027-03-01,1.0
718019,2026-01-01,2026-04-01,0.5
718019,2026-01-01,2026-05-01,0.5
718019,2026-01-01,2026-06-01,0.5
718019,2026-01-01,2027-02-01,0.5
718019,2026-01-01,2027-03-01,1.0
718019,2025-12-01,2025-04-01,0.5
718019,2025-12-01,2025-05-01,1.0
718019,2025-12-01,2026-01-01,0.5
718019,2025-12-01,2026-02-01,0.5
718019,2025-12-01,2026-03-01,1.0
718019,2025-11-01,2025-04-01,1.2
718019,2025-11-01,2025-12-01,1.5
718019,2025-11-01,2026-01-01,0.5
718019,2025-11-01,2026-02-01,0.5
718019,2025-11-01,2026-03-01,1.0
718019,2025-10-01,2025-11-01,1.5
718019,2025-10-01,2025-12-01,1.5
718019,2025-10-01,2026-01-01,1.3
718019,2025-10-01,2026-02-01,0.5944
718019,2025-09-01,2025-10-01,1.3
718019,2025-09-01,2025-11-01,1.5
718019,2025-09-01,2025-12-01,1.5
718019,2025-09-01,2026-01-01,0.7000000000000001
718019,2025-06-01,2025-07-01,5.0
718019,2025-05-01,2025-07-01,5.0
718021,2026-03-01,2026-04-01,2.28
718021,2026-03-01,2026-05-01,2.12
718021,2026-03-01,2026-06-01,1.85
718021,2026-03-01,2026-07-01,1.867330357199991
718021,2026-03-01,2026-08-01,1.603798481249997
718021,2026-02-01,2026-04-01,2.27788630450204
718021,2026-02-01,2026-05-01,2.353414290248496
718021,2026-02-01,2026-06-01,2.06
718021,2026-02-01,2026-07-01,2.07
718021,2026-02-01,2027-03-01,2.755931629815609
718021,2026-01-01,2026-04-01,2.523325035000013
718021,2026-01-01,2026-05-01,2.068981740000019
718021,2026-01-01,2026-06-01,2.056792500000025
718021,2026-01-01,2027-02-01,2.773251295966007
718021,2026-01-01,2027-03-01,3.9
718021,2025-12-01,2025-04-01,2.902414812500014
718021,2025-12-01,2025-05-01,2.190189312500019
718021,2025-12-01,2026-01-01,3.32872279418524
718021,2025-12-01,2026-02-01,2.835751295966007
718021,2025-12-01,2026-03-01,2.755931629815609
718021,2025-11-01,2025-04-01,2.747931629815609
718021,2025-11-01,2025-12-01,7.72587025357926
718021,2025-11-01,2026-01-01,3.32872279418524
718021,2025-11-01,2026-02-01,2.835751295966007
718021,2025-11-01,2026-03-01,2.755931629815609
718021,2025-10-01,2025-11-01,8.565956529821063
718021,2025-10-01,2025-12-01,5.446960381042375
718021,2025-10-01,2026-01-01,3.33
718021,2025-10-01,2026-02-01,1.985245986989459
718021,2025-10-01,2026-03-01,2.35
718021,2025-09-01,2025-10-01,6.421169250086
718021,2025-09-01,2025-11-01,9.81595652982106
718021,2025-09-01,2025-12-01,6.44696038104238
718021,2025-09-01,2026-01-01,3.59
718021,2025-09-01,2026-02-01,1.985245986989459
718021,2025-08-01,2025-09-01,4.68
718021,2025-08-01,2025-10-01,5.08
718021,2025-08-01,2025-11-01,8.57
718021,2025-08-01,2025-12-01,5.45
718021,2025-08-01,2026-01-01,3.33
718021,2025-07-01,2025-08-01,1.48
718021,2025-07-01,2025-09-01,4.91
718021,2025-07-01,2025-10-01,5.09
718021,2025-07-01,2025-11-01,8.57
718021,2025-07-01,2025-12-01,5.45
718021,2025-06-01,2025-07-01,1.60155
718021,2025-06-01,2025-08-01,1.4819
718021,2025-06-01,2025-09-01,5.37595
718021,2025-06-01,2025-10-01,5.8559
718021,2025-06-01,2025-11-01,8.969999999999999
718021,2025-05-01,2025-06-01,1.710686955719568
718021,2025-05-01,2025-07-01,1.39
718021,2025-05-01,2025-08-01,1.29
718021,2025-05-01,2025-09-01,4.68
718021,2025-05-01,2025-10-01,5.0
718021,2025-04-01,2025-05-01,1.829301617647071
718021,2025-04-01,2025-06-01,1.710686955719568
718021,2025-04-01,2025-07-01,1.39
718021,2025-04-01,2025-08-01,1.29
718021,2025-04-01,2025-09-01,4.68
718033,2026-03-01,2026-04-01,1.15
718033,2026-03-01,2026-05-01,1.3599999999999999
718033,2026-03-01,2026-06-01,0.9589387499999952
718033,2026-03-01,2026-07-01,1.112788530000002
718033,2026-03-01,2026-08-01,0.8165622149999958
718033,2026-02-01,2026-04-01,1.15234283918348
718033,2026-02-01,2026-05-01,1.514908628161549
718033,2026-02-01,2026-06-01,1.07
718033,2026-02-01,2026-07-01,1.24
718033,2026-02-01,2027-03-01,1.60820744821572
718033,2026-01-01,2026-04-01,1.276505999999995
718033,2026-01-01,2026-05-01,1.331817479999992
718033,2026-01-01,2026-06-01,1.065487499999995
718033,2026-01-01,2027-02-01,1.453387782065322
718033,2026-01-01,2027-03-01,2.3
718033,2025-12-01,2025-04-01,1.550574999999994
718033,2025-12-01,2025-05-01,1.487309874999992
718033,2025-12-01,2026-01-01,2.021277205814759
718033,2025-12-01,2026-02-01,1.528387782065322
718033,2025-12-01,2026-03-01,1.60820744821572
718033,2025-11-01,2025-04-01,1.61320744821572
718033,2025-11-01,2025-12-01,4.0703877404208
718033,2025-11-01,2026-01-01,2.021277205814759
718033,2025-11-01,2026-02-01,1.528387782065322
718033,2025-11-01,2026-03-01,1.60820744821572
718033,2025-10-01,2025-11-01,4.901727181721426
718033,2025-10-01,2025-12-01,2.686255847830348
718033,2025-10-01,2026-01-01,2.02
718033,2025-10-01,2026-02-01,1.140686997434593
718033,2025-10-01,2026-03-01,1.35
718033,2025-09-01,2025-10-01,3.57954938245565
718033,2025-09-01,2025-11-01,5.60172718172143
718033,2025-09-01,2025-12-01,3.18625584783035
718033,2025-09-01,2026-01-01,2.02
718033,2025-09-01,2026-02-01,1.140686997434593
718033,2025-08-01,2025-09-01,2.0
718033,2025-08-01,2025-10-01,2.92
718033,2025-08-01,2025-11-01,4.9
718033,2025-08-01,2025-12-01,2.69
718033,2025-08-01,2026-01-01,2.02
718033,2025-07-01,2025-08-01,0.82
718033,2025-07-01,2025-09-01,2.1
718033,2025-07-01,2025-10-01,2.91
718033,2025-07-01,2025-11-01,4.9
718033,2025-07-01,2025-12-01,2.69
718033,2025-06-01,2025-07-01,0.7684
718033,2025-06-01,2025-08-01,0.8242999999999999
718033,2025-06-01,2025-09-01,2.3015
718033,2025-06-01,2025-10-01,3.3372
718033,2025-06-01,2025-11-01,5.14
718033,2025-05-01,2025-06-01,0.7817655442804479
718033,2025-05-01,2025-07-01,0.67
718033,2025-05-01,2025-08-01,0.71
718033,2025-05-01,2025-09-01,2.0
718033,2025-05-01,2025-10-01,3.0
718033,2025-04-01,2025-05-01,0.9978008823529481
718033,2025-04-01,2025-06-01,0.7817655442804479
718033,2025-04-01,2025-07-01,0.67
718033,2025-04-01,2025-08-01,0.71
718033,2025-04-01,2025-09-01,2.0
718035,2025-11-01,2025-04-01,0.064161801
718035,2025-11-01,2025-12-01,0.11881815
718035,2025-11-01,2026-01-01,0.106936335
718035,2025-11-01,2026-02-01,0.064161801
718035,2025-11-01,2026-03-01,0.064161801
718035,2025-10-01,2025-11-01,0.11881815
718035,2025-10-01,2025-12-01,0.106936335
718035,2025-10-01,2026-01-01,0.064161801
718035,2025-10-01,2026-02-01,0.064161801
718035,2025-10-01,2026-03-01,0.064161801
718035,2025-09-01,2025-10-01,0.1080165
718035,2025-09-01,2025-11-01,0.11881815
718035,2025-09-01,2025-12-01,0.106936335
718035,2025-09-01,2026-01-01,0.064161801
718035,2025-08-01,2025-10-01,1.046851891794104
718035,2025-08-01,2025-11-01,1.679249645188121
718035,2025-08-01,2025-12-01,1.27
718035,2025-08-01,2026-01-01,2.05
718035,2025-07-01,2025-08-01,1.912456544323772
718035,2025-07-01,2025-09-01,1.955234181657059
718035,2025-07-01,2025-10-01,1.046851891794104
718035,2025-07-01,2025-11-01,1.679249645188121
718035,2025-07-01,2025-12-01,1.27
718035,2025-06-01,2025-07-01,1.632471779633033
718035,2025-06-01,2025-08-01,1.912456544323772
718035,2025-06-01,2025-09-01,1.955234181657059
718035,2025-06-01,2025-10-01,1.046851891794104
718035,2025-06-01,2025-11-01,1.679249645188121
718035,2025-05-01,2025-06-01,2.37108287281661
718035,2025-05-01,2025-07-01,1.632471779633033
718035,2025-05-01,2025-08-01,1.912456544323772
718035,2025-05-01,2025-09-01,1.955234181657059
718035,2025-05-01,2025-10-01,1.05
718035,2025-04-01,2025-05-01,2.201124410021656
718035,2025-04-01,2025-06-01,2.37108287281661
718035,2025-04-01,2025-07-01,1.632471779633033
718035,2025-04-01,2025-08-01,1.912456544323772
718035,2025-04-01,2025-09-01,1.955234181657059
719462,2026-03-01,2026-04-01,0.4499000000000003
719462,2026-03-01,2026-05-01,0.6192999999999973
719462,2026-03-01,2026-06-01,0.5598999999999998
719462,2026-03-01,2026-07-01,0.9993500000000013
719462,2026-03-01,2026-08-01,2.6915
719462,2026-02-01,2026-04-01,0.7171693633078717
719462,2026-02-01,2026-05-01,0.6945499036102386
719462,2026-02-01,2026-06-01,0.7766846564596604
719462,2026-02-01,2026-07-01,0.9131214738463471
719462,2026-02-01,2027-03-01,2.7071864333242024
719462,2026-01-01,2026-04-01,0.84
719462,2026-01-01,2026-05-01,0.84
719462,2026-01-01,2026-06-01,0.9
719462,2026-01-01,2027-02-01,3.131717505544901
719462,2026-01-01,2027-03-01,2.702186433324202
719462,2025-12-01,2025-04-01,0.445
719462,2025-12-01,2025-05-01,0.615
719462,2025-12-01,2026-01-01,8.59
719462,2025-12-01,2026-02-01,3.131717505544901
719462,2025-12-01,2026-03-01,2.702186433324202
719462,2025-11-01,2025-04-01,1.06442125409702
719462,2025-11-01,2025-12-01,12.888552958010525
719462,2025-11-01,2026-01-01,6.5906214444140065
719462,2025-11-01,2026-02-01,3.131717505544901
719462,2025-11-01,2026-03-01,2.702186433324202
719462,2025-10-01,2025-11-01,15.94
719462,2025-10-01,2025-12-01,12.430000000000001
719462,2025-10-01,2026-01-01,6.210000000000001
719462,2025-10-01,2026-02-01,1.44
719462,2025-10-01,2026-03-01,2.14
719462,2025-09-01,2025-10-01,17.859455875000002
719462,2025-09-01,2025-11-01,13.847650715
719462,2025-09-01,2025-12-01,9.148552958010526
719462,2025-09-01,2026-01-01,5.517905
719462,2025-09-01,2026-02-01,1.31887977746656
719462,2025-08-01,2025-09-01,14.19
719462,2025-08-01,2025-10-01,12.489999999999998
719462,2025-08-01,2025-11-01,11.82
719462,2025-08-01,2025-12-01,7.65
719462,2025-08-01,2026-01-01,5.52225
719462,2025-07-01,2025-08-01,5.888
719462,2025-07-01,2025-09-01,15.02775
719462,2025-07-01,2025-10-01,14.92775
719462,2025-07-01,2025-11-01,13.905750000000001
719462,2025-07-01,2025-12-01,7.025750000000004
719462,2025-06-01,2025-07-01,1.31
719462,2025-06-01,2025-08-01,5.890000000000001
719462,2025-06-01,2025-09-01,14.18
719462,2025-06-01,2025-10-01,12.5
719462,2025-06-01,2025-11-01,11.809999999999999
719462,2025-05-01,2025-06-01,1.332089992854826
719462,2025-05-01,2025-07-01,1.318879777466561
719462,2025-05-01,2025-08-01,1.321616095225503
719462,2025-05-01,2025-09-01,10.93841628151207
719462,2025-05-01,2025-10-01,10.93841628151207
719462,2025-04-01,2025-05-01,1.332089992854826
719462,2025-04-01,2025-06-01,1.332089992854826
719462,2025-04-01,2025-07-01,1.318879777466561
719462,2025-04-01,2025-08-01,1.321616095225503
719462,2025-04-01,2025-09-01,10.938416281512069
719463,2026-03-01,2026-04-01,0.9388500000000011
719463,2026-03-01,2026-05-01,0.7144499999999989
719463,2026-03-01,2026-06-01,0.7320500000000003
719463,2026-03-01,2026-07-01,0.8266499999999979
719463,2026-03-01,2026-08-01,3.04149999999998
719463,2026-02-01,2026-04-01,0.7961087422256424
719463,2026-02-01,2026-05-01,0.7709995413436523
719463,2026-02-01,2026-06-01,0.8621749290963733
719463,2026-02-01,2026-07-01,1.0136294510547468
719463,2026-02-01,2027-03-01,2.665938293939961
719463,2026-01-01,2026-04-01,0.53
719463,2026-01-01,2026-05-01,0.53
719463,2026-01-01,2026-06-01,0.67
719463,2026-01-01,2027-02-01,3.085261342929954
719463,2026-01-01,2027-03-01,2.665938293939961
719463,2025-12-01,2025-04-01,0.94
719463,2025-12-01,2025-05-01,0.71
719463,2025-12-01,2026-01-01,8.39
719463,2025-12-01,2026-02-01,3.085261342929954
719463,2025-12-01,2026-03-01,2.665938293939961
719463,2025-11-01,2025-04-01,1.0
719463,2025-11-01,2025-12-01,12.579691469699831
719463,2025-11-01,2026-01-01,6.386460979799871
719463,2025-11-01,2026-02-01,3.085261342929954
719463,2025-11-01,2026-03-01,2.665938293939961
719463,2025-10-01,2025-11-01,15.12
719463,2025-10-01,2025-12-01,11.38
719463,2025-10-01,2026-01-01,5.52
719463,2025-10-01,2026-02-01,1.4045999999999998
719463,2025-10-01,2026-03-01,2.0046
719463,2025-09-01,2025-10-01,16.45
719463,2025-09-01,2025-11-01,14.809999999999999
719463,2025-09-01,2025-12-01,8.52
719463,2025-09-01,2026-01-01,3.71
719463,2025-09-01,2026-02-01,1.19474391310475
719463,2025-08-01,2025-09-01,13.95
719463,2025-08-01,2025-10-01,12.290000000000001
719463,2025-08-01,2025-11-01,11.629999999999999
719463,2025-08-01,2025-12-01,7.5200000000000005
719463,2025-08-01,2026-01-01,5.2
719463,2025-07-01,2025-08-01,5.743499999999999
719463,2025-07-01,2025-09-01,14.4195
719463,2025-07-01,2025-10-01,12.2325
719463,2025-07-01,2025-11-01,12.689499999999999
719463,2025-07-01,2025-12-01,8.12
719463,2025-06-01,2025-07-01,1.195
719463,2025-06-01,2025-08-01,5.803
719463,2025-06-01,2025-09-01,13.953
719463,2025-06-01,2025-10-01,12.288
719463,2025-06-01,2025-11-01,11.628
719463,2025-05-01,2025-06-01,1.206710753976518
719463,2025-05-01,2025-07-01,1.194743913104751
719463,2025-05-01,2025-08-01,1.197222682620117
719463,2025-05-01,2025-09-01,9.908868491748333
719463,2025-05-01,2025-10-01,9.908868491748333
719463,2025-04-01,2025-05-01,1.206710753976518
719463,2025-04-01,2025-06-01,1.206710753976518
719463,2025-04-01,2025-07-01,1.194743913104751
719463,2025-04-01,2025-08-01,1.197222682620117
719463,2025-04-01,2025-09-01,9.908868491748333
719513,2026-03-01,2026-04-01,5.556943468489947
719513,2026-03-01,2026-05-01,1.1744513816962439
719513,2026-03-01,2026-06-01,0.2516793178962604
719513,2026-03-01,2026-07-01,0.2563302500000015
719513,2026-03-01,2026-08-01,0.12092076702300285
719513,2026-02-01,2026-04-01,4.674425791528212
719513,2026-02-01,2026-05-01,0.6594998531143105
719513,2026-02-01,2026-06-01,0.2083714606185733
719513,2026-02-01,2026-07-01,0.07112283735890557
719513,2026-02-01,2027-03-01,4.524080057379997
719513,2026-01-01,2026-04-01,0.5117999999999978
719513,2026-01-01,2026-05-01,0.3389049999999999
719513,2026-01-01,2026-06-01,0.12363114883930887
719513,2026-01-01,2027-02-01,6.41332684469805
719513,2026-01-01,2027-03-01,5.3621873804182645
719513,2025-12-01,2025-04-01,0.191875
719513,2025-12-01,2026-01-01,1.5002654910525073
719513,2025-12-01,2026-02-01,6.3742744727328695
719513,2025-12-01,2026-03-01,2.702660036214592
719513,2025-11-01,2025-04-01,0.191875
719513,2025-11-01,2025-12-01,3.231524999999971
719513,2025-11-01,2026-02-01,6.18375
719513,2025-11-01,2026-03-01,2.645625
719513,2025-10-01,2025-11-01,5.07625
719513,2025-10-01,2025-12-01,1.5375
719513,2025-10-01,2026-02-01,6.18375
719513,2025-10-01,2026-03-01,2.645625
719513,2025-09-01,2025-10-01,4.28875
719513,2025-09-01,2025-11-01,3.9750000000000005
719513,2025-08-01,2025-09-01,2.99125
719513,2025-08-01,2025-10-01,3.54
719513,2025-08-01,2025-11-01,2.40375
719513,2025-07-01,2025-09-01,3.3062500000000004
719513,2025-07-01,2025-10-01,3.54
719513,2025-07-01,2025-11-01,2.40375
719513,2025-06-01,2025-09-01,3.3062500000000004
719513,2025-06-01,2025-10-01,3.54
719513,2025-06-01,2025-11-01,2.40625
719513,2025-05-01,2025-09-01,3.3
719513,2025-05-01,2025-10-01,3.5375
719535,2026-01-01,2027-02-01,0.008
719535,2025-12-01,2026-01-01,0.1797605000000134
719535,2025-11-01,2025-12-01,1.007700500000014
719535,2025-10-01,2025-11-01,2.25
719535,2025-10-01,2025-12-01,2.298
719535,2025-09-01,2025-10-01,6.75
719535,2025-08-01,2025-10-01,5.0
719535,2025-08-01,2025-11-01,1.75
719535,2025-07-01,2025-10-01,6.75
719535,2025-06-01,2025-10-01,6.75
719535,2025-05-01,2025-10-01,6.75
719578,2026-03-01,2026-04-01,1.444937472672067
719578,2026-03-01,2026-05-01,1.217301502262718
719578,2026-03-01,2026-06-01,1.739305416736322
719578,2026-03-01,2026-07-01,1.295610359705693
719578,2026-03-01,2026-08-01,1.347580952790374
719578,2026-02-01,2026-04-01,3.0
719578,2026-02-01,2026-05-01,1.5
719578,2026-02-01,2026-06-01,3.0
719578,2026-02-01,2026-07-01,0.998573680282149
719578,2026-02-01,2027-03-01,0.998573680282149
719578,2026-01-01,2026-04-01,1.384524607315706
719578,2026-01-01,2026-05-01,1.217154749747391
719578,2026-01-01,2026-06-01,2.054267852670623
719578,2026-01-01,2027-02-01,1.25918994918694
719578,2026-01-01,2027-03-01,1.467172352990666
719578,2025-12-01,2025-04-01,2.0
719578,2025-12-01,2025-05-01,4.0
719578,2025-12-01,2026-01-01,5.0
719578,2025-12-01,2026-02-01,1.0
719578,2025-12-01,2026-03-01,2.0
719578,2025-11-01,2025-04-01,2.0
719578,2025-11-01,2025-12-01,1.5
719578,2025-11-01,2026-01-01,2.0
719578,2025-11-01,2026-02-01,1.0
719578,2025-11-01,2026-03-01,1.0
719578,2025-10-01,2025-11-01,1.04851594
719578,2025-10-01,2025-12-01,1.543664346
719578,2025-10-01,2026-01-01,1.0261986076
719578,2025-10-01,2026-02-01,1.0261986076
719578,2025-10-01,2026-03-01,1.0261986076
719578,2025-09-01,2025-10-01,1.5
719578,2025-09-01,2025-11-01,1.0
719578,2025-09-01,2025-12-01,1.5
719578,2025-09-01,2026-01-01,1.0
719578,2025-09-01,2026-02-01,1.0
719578,2025-08-01,2025-09-01,1.0
719578,2025-08-01,2025-10-01,1.0
719578,2025-08-01,2025-11-01,1.0
719578,2025-08-01,2025-12-01,1.0
719578,2025-08-01,2026-01-01,1.0
719578,2025-07-01,2025-08-01,0.7126875245349001
719578,2025-07-01,2025-09-01,0.953464774823607
719578,2025-07-01,2025-10-01,1.64008817341614
719578,2025-07-01,2025-11-01,0.6655403781891337
719578,2025-07-01,2025-12-01,0.515967348915164
719578,2025-06-01,2025-07-01,0.8901942155115389
719578,2025-06-01,2025-08-01,0.8057509308393356
719578,2025-06-01,2025-09-01,0.8375042238890689
719578,2025-06-01,2025-10-01,1.040191920178579
719578,2025-06-01,2025-11-01,0.6775299502747623
719578,2025-05-01,2025-06-01,1.0
719578,2025-05-01,2025-07-01,1.0
719578,2025-05-01,2025-08-01,1.0
719578,2025-05-01,2025-09-01,1.0
719578,2025-05-01,2025-10-01,1.0
719578,2025-04-01,2025-05-01,0.8220969257036057
719578,2025-04-01,2025-06-01,0.8137394894864993
719578,2025-04-01,2025-07-01,0.8952293238987326
719578,2025-04-01,2025-08-01,0.7485092167061574
719578,2025-04-01,2025-09-01,1.173159203785947
719726,2025-11-01,2025-04-01,0.03884029380000002
719726,2025-11-01,2025-12-01,0.07192647000000002
719726,2025-11-01,2026-01-01,0.06473382300000002
719726,2025-11-01,2026-02-01,0.03884029380000002
719726,2025-11-01,2026-03-01,0.03884029380000002
719726,2025-10-01,2025-11-01,0.07192647000000002
719726,2025-10-01,2025-12-01,0.06473382300000002
719726,2025-10-01,2026-01-01,0.03884029380000002
719726,2025-10-01,2026-02-01,0.03884029380000002
719726,2025-10-01,2026-03-01,0.03884029380000002
719726,2025-09-01,2025-10-01,0.0653877
719726,2025-09-01,2025-11-01,0.07192647000000002
719726,2025-09-01,2025-12-01,0.06473382300000002
719726,2025-09-01,2026-01-01,0.03884029380000002
719726,2025-08-01,2025-10-01,0.68182104362207
719726,2025-08-01,2025-11-01,1.042310464396744
719726,2025-08-01,2025-12-01,0.81
719726,2025-08-01,2026-01-01,1.2
719726,2025-07-01,2025-08-01,1.146364071825202
719726,2025-07-01,2025-09-01,1.161284986799394
719726,2025-07-01,2025-10-01,0.68182104362207
719726,2025-07-01,2025-11-01,1.042310464396744
719726,2025-07-01,2025-12-01,0.81
719726,2025-06-01,2025-07-01,0.9775867521949546
719726,2025-06-01,2025-08-01,1.146364071825202
719726,2025-06-01,2025-09-01,1.161284986799394
719726,2025-06-01,2025-10-01,0.68182104362207
719726,2025-06-01,2025-11-01,1.042310464396744
719726,2025-05-01,2025-06-01,1.400420320688581
719726,2025-05-01,2025-07-01,0.9775867521949546
719726,2025-05-01,2025-08-01,1.146364071825202
719726,2025-05-01,2025-09-01,1.161284986799394
719726,2025-05-01,2025-10-01,0.68
719726,2025-04-01,2025-05-01,1.305080132988986
719726,2025-04-01,2025-06-01,1.400420320688581
719726,2025-04-01,2025-07-01,0.9775867521949546
719726,2025-04-01,2025-08-01,1.146364071825202
719726,2025-04-01,2025-09-01,1.161284986799394
719861,2026-03-01,2026-04-01,24.818666666666665
719861,2026-03-01,2026-05-01,45.45
719861,2026-03-01,2026-06-01,24.7
719861,2026-03-01,2026-07-01,38.766
719861,2026-03-01,2026-08-01,15.0
719861,2026-02-01,2026-04-01,25.0
719861,2026-02-01,2026-05-01,45.45
719861,2026-02-01,2026-06-01,24.366666666666667
719861,2026-02-01,2026-07-01,38.8262962962963
719861,2026-02-01,2027-03-01,53.88333333333333
719861,2026-01-01,2026-04-01,25.0
719861,2026-01-01,2026-05-01,44.5455
719861,2026-01-01,2026-06-01,9.666666666666666
719861,2026-01-01,2027-02-01,36.31
719861,2026-01-01,2027-03-01,53.29466666666667
719861,2025-12-01,2025-04-01,25.0
719861,2025-12-01,2025-05-01,44.5455
719861,2025-12-01,2026-01-01,13.636
719861,2025-12-01,2026-02-01,34.0
719861,2025-12-01,2026-03-01,53.29466666666667
719861,2025-11-01,2025-04-01,12.0
719861,2025-11-01,2025-12-01,35.0
719861,2025-11-01,2026-01-01,14.0
719861,2025-11-01,2026-02-01,34.0
719861,2025-11-01,2026-03-01,55.33333333333333
719861,2025-10-01,2025-11-01,8.0
719861,2025-10-01,2025-12-01,35.0
719861,2025-10-01,2026-01-01,13.0
719861,2025-10-01,2026-02-01,23.0
719861,2025-10-01,2026-03-01,40.0
719861,2025-09-01,2025-10-01,35.0
719861,2025-09-01,2025-11-01,12.0
719861,2025-09-01,2025-12-01,35.0
719861,2025-09-01,2026-01-01,13.0
719861,2025-09-01,2026-02-01,23.0
719861,2025-08-01,2025-09-01,12.0
719861,2025-08-01,2025-10-01,27.0
719861,2025-08-01,2025-11-01,11.0
719861,2025-08-01,2025-12-01,28.0
719861,2025-08-01,2026-01-01,13.0
719861,2025-07-01,2025-08-01,25.0
719861,2025-07-01,2025-09-01,12.0
719861,2025-07-01,2025-10-01,27.0
719861,2025-07-01,2025-11-01,11.0
719861,2025-07-01,2025-12-01,28.0
719861,2025-06-01,2025-07-01,25.0
719861,2025-06-01,2025-08-01,10.0
719861,2025-06-01,2025-09-01,30.0
719861,2025-06-01,2025-10-01,10.0
719861,2025-06-01,2025-11-01,26.0
719861,2025-05-01,2025-06-01,8.0
719861,2025-05-01,2025-07-01,25.0
719861,2025-05-01,2025-08-01,10.0
719861,2025-05-01,2025-09-01,30.0
719861,2025-05-01,2025-10-01,10.0
719861,2025-04-01,2025-05-01,28.0
719861,2025-04-01,2025-06-01,8.0
719861,2025-04-01,2025-07-01,22.0
719861,2025-04-01,2025-08-01,9.0
719861,2025-04-01,2025-09-01,24.0
720100,2026-03-01,2026-04-01,2.357725562758251
720100,2026-03-01,2026-05-01,2.213176783366467
720100,2026-03-01,2026-06-01,2.046514261059856
720100,2026-03-01,2026-07-01,2.374305317999999
720100,2026-03-01,2026-08-01,1.600275372299996
720100,2026-02-01,2026-04-01,2.357725562758251
720100,2026-02-01,2026-05-01,1.95908531485163
720100,2026-02-01,2026-06-01,1.5
720100,2026-02-01,2026-07-01,2.64
720100,2026-02-01,2027-03-01,2.34329578405386
720100,2026-01-01,2026-04-01,2.04291687499997
720100,2026-01-01,2026-05-01,1.32695980625
720100,2026-01-01,2026-06-01,0.8673373024867725
720100,2026-01-01,2027-02-01,2.603325840081354
720100,2026-01-01,2027-03-01,2.23
720100,2025-12-01,2025-04-01,2.04291687499997
720100,2025-12-01,2025-05-01,1.32695980625
720100,2025-12-01,2026-01-01,3.071616229624409
720100,2025-12-01,2026-02-01,2.603325840081354
720100,2025-12-01,2026-03-01,2.23
720100,2025-11-01,2025-04-01,2.633295784053864
720100,2025-11-01,2025-12-01,1.164942257645609
720100,2025-11-01,2026-01-01,3.071616229624409
720100,2025-11-01,2026-02-01,2.603325840081354
720100,2025-11-01,2026-03-01,2.23
720100,2025-10-01,2025-11-01,1.927831865794957
720100,2025-10-01,2025-12-01,1.164942257645609
720100,2025-10-01,2026-01-01,3.071616229624409
720100,2025-10-01,2026-02-01,2.603325840081354
720100,2025-10-01,2026-03-01,2.23
720100,2025-09-01,2025-10-01,1.631417263585758
720100,2025-09-01,2025-11-01,1.927831865794957
720100,2025-09-01,2025-12-01,1.164942257645609
720100,2025-09-01,2026-01-01,3.071616229624409
720100,2025-09-01,2026-02-01,2.603325840081354
720100,2025-08-01,2025-09-01,1.55
720100,2025-08-01,2025-10-01,1.91
720100,2025-08-01,2025-11-01,2.35
720100,2025-08-01,2025-12-01,1.46
720100,2025-08-01,2026-01-01,3.89
720100,2025-07-01,2025-08-01,1.078481442265139
720100,2025-07-01,2025-09-01,1.678547008246252
720100,2025-07-01,2025-10-01,1.625377815422445
720100,2025-07-01,2025-11-01,1.954859811638554
720100,2025-07-01,2025-12-01,1.223532239392982
720100,2025-06-01,2025-07-01,1.424622037139077
720100,2025-06-01,2025-08-01,1.197255737834922
720100,2025-06-01,2025-09-01,1.706648781772894
720100,2025-06-01,2025-10-01,1.670028477172046
720100,2025-06-01,2025-11-01,1.980558462506508
720100,2025-05-01,2025-06-01,2.24
720100,2025-05-01,2025-07-01,1.66
720100,2025-05-01,2025-08-01,1.75
720100,2025-05-01,2025-09-01,1.7
720100,2025-05-01,2025-10-01,1.68
720100,2025-04-01,2025-05-01,2.7
720100,2025-04-01,2025-06-01,2.24
720100,2025-04-01,2025-07-01,1.66
720100,2025-04-01,2025-08-01,1.75
720100,2025-04-01,2025-09-01,1.7
720101,2026-03-01,2026-04-01,1.53205711277543
720101,2026-03-01,2026-05-01,1.395332378570941
720101,2026-03-01,2026-06-01,1.045603063406489
720101,2026-03-01,2026-07-01,1.358887414499989
720101,2026-03-01,2026-08-01,0.9589268996999987
720101,2026-02-01,2026-04-01,1.53205711277543
720101,2026-02-01,2026-05-01,1.25036930952327
720101,2026-02-01,2026-06-01,0.8399999999999999
720101,2026-02-01,2026-07-01,1.51
720101,2026-02-01,2027-03-01,1.2083529150775
720101,2026-01-01,2026-04-01,1.12856124999997
720101,2026-01-01,2026-05-01,0.81978374999999
720101,2026-01-01,2026-06-01,0.5561649089046004
720101,2026-01-01,2027-02-01,1.574950267277359
720101,2026-01-01,2027-03-01,1.45
720101,2025-12-01,2025-04-01,1.12856124999997
720101,2025-12-01,2025-05-01,0.81978374999999
720101,2025-12-01,2026-01-01,1.858254824401566
720101,2025-12-01,2026-02-01,1.574950267277359
720101,2025-12-01,2026-03-01,1.45
720101,2025-11-01,2025-04-01,1.5683529150775
720101,2025-11-01,2025-12-01,0.7047623819476655
720101,2025-11-01,2026-01-01,1.858254824401566
720101,2025-11-01,2026-02-01,1.574950267277359
720101,2025-11-01,2026-03-01,1.45
720101,2025-10-01,2025-11-01,1.166292465412126
720101,2025-10-01,2025-12-01,0.7047623819476655
720101,2025-10-01,2026-01-01,1.858254824401566
720101,2025-10-01,2026-02-01,1.574950267277359
720101,2025-10-01,2026-03-01,1.45
720101,2025-09-01,2025-10-01,0.9869686751332644
720101,2025-09-01,2025-11-01,1.166292465412126
720101,2025-09-01,2025-12-01,0.7047623819476655
720101,2025-09-01,2026-01-01,1.858254824401566
720101,2025-09-01,2026-02-01,1.574950267277359
720101,2025-08-01,2025-09-01,1.01
720101,2025-08-01,2025-10-01,1.27
720101,2025-08-01,2025-11-01,1.4
720101,2025-08-01,2025-12-01,0.81
720101,2025-08-01,2026-01-01,2.09
720101,2025-07-01,2025-08-01,0.6872071239147751
720101,2025-07-01,2025-09-01,1.18050718479928
720101,2025-07-01,2025-10-01,1.090266733504966
720101,2025-07-01,2025-11-01,1.090266733504966
720101,2025-07-01,2025-12-01,0.7056450283414688
720101,2025-06-01,2025-07-01,0.8572840480124567
720101,2025-06-01,2025-08-01,1.36568411850075
720101,2025-06-01,2025-09-01,1.103478337319568
720101,2025-06-01,2025-10-01,1.035901981212534
720101,2025-06-01,2025-11-01,1.249294458097757
720101,2025-05-01,2025-06-01,1.67
720101,2025-05-01,2025-07-01,0.93
720101,2025-05-01,2025-08-01,1.14
720101,2025-05-01,2025-09-01,1.11
720101,2025-05-01,2025-10-01,1.09
720101,2025-04-01,2025-05-01,1.68
720101,2025-04-01,2025-06-01,1.67
720101,2025-04-01,2025-07-01,0.93
720101,2025-04-01,2025-08-01,1.14
720101,2025-04-01,2025-09-01,1.11
720181,2026-03-01,2026-04-01,0.1881703999999987
720181,2026-03-01,2026-05-01,0.1652879104695253
720181,2026-02-01,2026-04-01,0.1881703999999987
720181,2026-02-01,2026-05-01,0.1652879104695253
720181,2026-02-01,2027-03-01,0.2146596239863964
720181,2026-01-01,2026-04-01,0.07795962998774864
720181,2026-01-01,2026-05-01,0.07538492360917073
720181,2026-01-01,2026-06-01,0.07538492360917073
720181,2026-01-01,2027-02-01,0.153714285514053
720181,2026-01-01,2027-03-01,0.153714285514053
720181,2025-12-01,2025-04-01,0.1710639999999988
720181,2025-12-01,2025-05-01,0.1502617367904775
720181,2025-12-01,2026-01-01,0.149301848892267
720181,2025-12-01,2026-02-01,0.153714285514053
720181,2025-12-01,2026-03-01,0.153714285514053
720181,2025-11-01,2025-04-01,0.2146596239863964
720181,2025-11-01,2025-12-01,0.1659052057746151
720181,2025-11-01,2026-01-01,0.1793018488922666
720181,2025-11-01,2026-02-01,0.1737142855140532
720181,2025-11-01,2026-03-01,0.2146596239863964
720181,2025-10-01,2025-11-01,0.2151753673746151
720181,2025-10-01,2025-12-01,0.2102483512146151
720181,2025-10-01,2026-01-01,0.2059077361562666
720181,2025-10-01,2026-02-01,0.2043110558676532
720181,2025-10-01,2026-03-01,0.2452563943399964
720181,2025-09-01,2025-10-01,0.1659052057746151
720181,2025-09-01,2025-11-01,0.1659052057746151
720181,2025-09-01,2025-12-01,0.1659052057746151
720181,2025-09-01,2026-01-01,0.1793018488922666
720181,2025-09-01,2026-02-01,0.1737142855140532
720181,2025-08-01,2025-09-01,0.1717380280932123
720181,2025-08-01,2025-10-01,0.1659052057746151
720181,2025-08-01,2025-11-01,0.1851684757157762
720181,2025-08-01,2025-12-01,0.1851684757157762
720181,2025-08-01,2026-01-01,0.1851684757157762
720181,2025-07-01,2025-08-01,0.21
720181,2025-07-01,2025-09-01,0.1717380280932123
720181,2025-07-01,2025-10-01,0.1659052057746151
720181,2025-07-01,2025-11-01,0.1851684757157762
720181,2025-07-01,2025-12-01,0.1851684757157762
720181,2025-06-01,2025-07-01,0.23
720181,2025-06-01,2025-08-01,0.21
720181,2025-06-01,2025-09-01,0.1717380280932123
720181,2025-06-01,2025-10-01,0.1659052057746151
720181,2025-06-01,2025-11-01,0.1851684757157762
720181,2025-05-01,2025-06-01,0.35
720181,2025-05-01,2025-07-01,0.23
720181,2025-05-01,2025-08-01,0.24
720181,2025-05-01,2025-09-01,0.24
720181,2025-05-01,2025-10-01,0.23
720181,2025-04-01,2025-05-01,0.08829136884366187
720181,2025-04-01,2025-06-01,0.08430745514904522
720181,2025-04-01,2025-07-01,0.08034295778641787
720181,2025-04-01,2025-08-01,0.1084801361406054
720181,2025-04-01,2025-09-01,0.1084801361406054
720182,2026-03-01,2026-04-01,0.297384999999999
720182,2026-03-01,2026-05-01,0.3582554494134254
720182,2026-02-01,2026-04-01,0.297384999999999
720182,2026-02-01,2026-05-01,0.3582554494134254
720182,2026-02-01,2027-03-01,0.465266817420033
720182,2026-01-01,2026-04-01,0.2102173959815891
720182,2026-01-01,2026-05-01,0.1925284380026428
720182,2026-01-01,2026-06-01,0.2149135354450311
720182,2026-01-01,2027-02-01,0.321122223036578
720182,2026-01-01,2027-03-01,0.371122223036578
720182,2025-12-01,2025-04-01,0.270349999999999
720182,2025-12-01,2025-05-01,0.325686772194023
720182,2025-12-01,2026-01-01,0.316118621776469
720182,2025-12-01,2026-02-01,0.321122223036578
720182,2025-12-01,2026-03-01,0.371122223036578
720182,2025-11-01,2025-04-01,0.465266817420033
720182,2025-11-01,2025-12-01,0.3721870061729912
720182,2025-11-01,2026-01-01,0.3961186217764691
720182,2025-11-01,2026-02-01,0.3811222230365782
720182,2025-11-01,2026-03-01,0.465266817420033
720182,2025-10-01,2025-11-01,0.4005762461729911
720182,2025-10-01,2025-12-01,0.3977373221729912
720182,2025-10-01,2026-01-01,0.411448811376469
720182,2025-10-01,2026-02-01,0.3987519410765782
720182,2025-10-01,2026-03-01,0.482896535460033
720182,2025-09-01,2025-10-01,0.3721870061729912
720182,2025-09-01,2025-11-01,0.3721870061729912
720182,2025-09-01,2025-12-01,0.3721870061729912
720182,2025-09-01,2026-01-01,0.3961186217764691
720182,2025-09-01,2026-02-01,0.3811222230365782
720182,2025-08-01,2025-09-01,0.3876249585515994
720182,2025-08-01,2025-10-01,0.3721870061729912
720182,2025-08-01,2025-11-01,0.4245550670890725
720182,2025-08-01,2025-12-01,0.4245550670890725
720182,2025-08-01,2026-01-01,0.4245550670890725
720182,2025-07-01,2025-08-01,0.47
720182,2025-07-01,2025-09-01,0.3876249585515994
720182,2025-07-01,2025-10-01,0.3721870061729912
720182,2025-07-01,2025-11-01,0.4245550670890725
720182,2025-07-01,2025-12-01,0.4245550670890725
720182,2025-06-01,2025-07-01,0.49
720182,2025-06-01,2025-08-01,0.47
720182,2025-06-01,2025-09-01,0.3876249585515994
720182,2025-06-01,2025-10-01,0.3721870061729912
720182,2025-06-01,2025-11-01,0.4245550670890725
720182,2025-05-01,2025-06-01,0.61
720182,2025-05-01,2025-07-01,0.41
720182,2025-05-01,2025-08-01,0.42
720182,2025-05-01,2025-09-01,0.42
720182,2025-05-01,2025-10-01,0.41
720182,2025-04-01,2025-05-01,0.1838911201139384
720182,2025-04-01,2025-06-01,0.1741917666948239
720182,2025-04-01,2025-07-01,0.1848967477716763
720182,2025-04-01,2025-08-01,0.2350104683915907
720182,2025-04-01,2025-09-01,0.2350104683915907
720183,2026-03-01,2026-04-01,0.2017388999999997
720183,2026-03-01,2026-05-01,0.3539729651062571
720183,2026-02-01,2026-04-01,0.2017388999999997
720183,2026-02-01,2026-05-01,0.3539729651062571
720183,2026-02-01,2027-03-01,0.4597051494886456
720183,2026-01-01,2026-04-01,0.07496994695475016
720183,2026-01-01,2026-05-01,0.07496994695475016
720183,2026-01-01,2026-06-01,0.07496994695475016
720183,2026-01-01,2027-02-01,0.327070212858816
720183,2026-01-01,2027-03-01,0.377070212858816
720183,2025-12-01,2025-04-01,0.1833989999999998
720183,2025-12-01,2025-05-01,0.3217936046420519
720183,2025-12-01,2026-01-01,0.332203191030374
720183,2025-12-01,2026-02-01,0.327070212858816
720183,2025-12-01,2026-03-01,0.377070212858816
720183,2025-11-01,2025-04-01,0.4597051494886456
720183,2025-11-01,2025-12-01,0.3691164328432752
720183,2025-11-01,2026-01-01,0.3922031910303743
720183,2025-11-01,2026-02-01,0.3770702128588161
720183,2025-11-01,2026-03-01,0.4597051494886456
720183,2025-10-01,2025-11-01,0.4143132328432752
720183,2025-10-01,2025-12-01,0.4097935528432752
720183,2025-10-01,2026-01-01,0.4166094630303743
720183,2025-10-01,2026-02-01,0.4051374256588161
720183,2025-10-01,2026-03-01,0.4877723622886456
720183,2025-09-01,2025-10-01,0.3691164328432752
720183,2025-09-01,2025-11-01,0.3691164328432752
720183,2025-09-01,2025-12-01,0.3691164328432752
720183,2025-09-01,2026-01-01,0.3922031910303743
720183,2025-09-01,2026-02-01,0.3770702128588161
720183,2025-08-01,2025-09-01,0.3846758314535948
720183,2025-08-01,2025-10-01,0.3691164328432752
720183,2025-08-01,2025-11-01,0.4220204461493042
720183,2025-08-01,2025-12-01,0.4220204461493042
720183,2025-08-01,2026-01-01,0.4220204461493042
720183,2025-07-01,2025-08-01,0.43
720183,2025-07-01,2025-09-01,0.3846758314535948
720183,2025-07-01,2025-10-01,0.3691164328432752
720183,2025-07-01,2025-11-01,0.4220204461493042
720183,2025-07-01,2025-12-01,0.4220204461493042
720183,2025-06-01,2025-07-01,0.48
720183,2025-06-01,2025-08-01,0.43
720183,2025-06-01,2025-09-01,0.3846758314535948
720183,2025-06-01,2025-10-01,0.3691164328432752
720183,2025-06-01,2025-11-01,0.4220204461493042
720183,2025-05-01,2025-06-01,0.4
720183,2025-05-01,2025-07-01,0.27
720183,2025-05-01,2025-08-01,0.28
720183,2025-05-01,2025-09-01,0.28
720183,2025-05-01,2025-10-01,0.27
720183,2025-04-01,2025-05-01,0.1508568161127073
720183,2025-04-01,2025-06-01,0.1759892826105751
720183,2025-04-01,2025-07-01,0.1264912715707374
720183,2025-04-01,2025-08-01,0.1796551166316567
720183,2025-04-01,2025-09-01,0.1796551166316567
720359,2026-03-01,2026-04-01,1.2
720359,2026-03-01,2026-05-01,1.01
720359,2026-03-01,2026-06-01,0.47082198294523
720359,2026-03-01,2026-07-01,1.13
720359,2026-03-01,2026-08-01,1.17
720359,2026-02-01,2026-04-01,1.0
720359,2026-02-01,2026-05-01,0.9077718617553189
720359,2026-02-01,2026-06-01,0.02911012118991341
720359,2026-02-01,2026-07-01,0.6987690366369349
720359,2026-02-01,2027-03-01,1.5
720359,2026-01-01,2026-04-01,0.4700113000000002
720359,2026-01-01,2026-05-01,0.3838982
720359,2026-01-01,2026-06-01,0.2000078267962451
720359,2026-01-01,2027-02-01,0.8590794818471575
720359,2026-01-01,2027-03-01,0.9141001743018288
720359,2025-12-01,2025-04-01,0.4700113000000002
720359,2025-12-01,2025-05-01,0.3838982
720359,2025-12-01,2026-01-01,0.1403833175849822
720359,2025-12-01,2026-02-01,0.8590794818471575
720359,2025-12-01,2026-03-01,0.9141001743018288
720359,2025-11-01,2025-04-01,0.6398701220112801
720359,2025-11-01,2025-12-01,0.08585032247151542
720359,2025-11-01,2026-01-01,0.1403833175849822
720359,2025-11-01,2026-02-01,0.8590794818471575
720359,2025-11-01,2026-03-01,0.9141001743018288
720359,2025-10-01,2025-11-01,0.2320492896701376
720359,2025-10-01,2025-12-01,0.2057982215530487
720359,2025-10-01,2026-01-01,0.1978438175020326
720359,2025-10-01,2026-02-01,0.703644540368617
720359,2025-10-01,2026-03-01,1.076033437659991
720359,2025-09-01,2025-10-01,0.2452052055107536
720359,2025-09-01,2025-11-01,0.1107914733423541
720359,2025-09-01,2025-12-01,0.0917484848712097
720359,2025-09-01,2026-01-01,0.2405359344626679
720359,2025-09-01,2026-02-01,0.7421406364074222
720359,2025-08-01,2025-09-01,0.2500537082606116
720359,2025-08-01,2025-10-01,0.1751089140251495
720359,2025-08-01,2025-11-01,0.1335842053243261
720359,2025-08-01,2025-12-01,0.09786047860949233
720359,2025-08-01,2026-01-01,0.25239089011837
720359,2025-07-01,2025-08-01,0.3028168765446008
720359,2025-07-01,2025-09-01,0.1857167539371724
720359,2025-07-01,2025-10-01,0.1505955380144682
720359,2025-07-01,2025-11-01,0.1040798067092441
720359,2025-07-01,2025-12-01,0.3520498596936504
720359,2025-06-01,2025-07-01,0.3661028786294251
720359,2025-06-01,2025-08-01,0.44973264679409
720359,2025-06-01,2025-09-01,0.2071929335443522
720359,2025-06-01,2025-10-01,0.3661028786294251
720359,2025-06-01,2025-11-01,0.3661028786294251
720359,2025-05-01,2025-06-01,0.3686016459292821
720359,2025-05-01,2025-07-01,0.2853328665111068
720359,2025-05-01,2025-08-01,0.7182010679199045
720359,2025-05-01,2025-09-01,0.4198792779081469
720359,2025-05-01,2025-10-01,0.4110256363787095
720359,2025-04-01,2025-05-01,0.9
720359,2025-04-01,2025-06-01,0.6
720359,2025-04-01,2025-07-01,0.7821290821674113
720359,2025-04-01,2025-08-01,0.8626883630840179
720359,2025-04-01,2025-09-01,0.4691337020691602
720360,2026-03-01,2026-04-01,8.0
720360,2026-03-01,2026-05-01,6.84
720360,2026-03-01,2026-06-01,4.448117947971305
720360,2026-03-01,2026-07-01,3.59
720360,2026-03-01,2026-08-01,2.11
720360,2026-02-01,2026-04-01,8.47331335489876
720360,2026-02-01,2026-05-01,6.26606153202714
720360,2026-02-01,2026-06-01,5.474910297380603
720360,2026-02-01,2026-07-01,5.593144082546845
720360,2026-02-01,2027-03-01,6.590000000000001
720360,2026-01-01,2026-04-01,3.52
720360,2026-01-01,2026-05-01,8.66
720360,2026-01-01,2026-06-01,5.039325813552942
720360,2026-01-01,2027-02-01,7.2
720360,2026-01-01,2027-03-01,7.664492134418257
720360,2025-12-01,2025-04-01,3.52
720360,2025-12-01,2025-05-01,8.66
720360,2025-12-01,2026-01-01,1.17707759355307
720360,2025-12-01,2026-02-01,7.2
720360,2025-12-01,2026-03-01,7.664492134418257
720360,2025-11-01,2025-04-01,5.38014449409278
720360,2025-11-01,2025-12-01,0.719832617713663
720360,2025-11-01,2026-01-01,1.177077593553068
720360,2025-11-01,2026-02-01,7.20315794326009
720360,2025-11-01,2026-03-01,7.664492134418257
720360,2025-10-01,2025-11-01,0.661951903331533
720360,2025-10-01,2025-12-01,0.5683400118408362
720360,2025-10-01,2026-01-01,0.5107125583270662
720360,2025-10-01,2026-02-01,4.492070018147413
720360,2025-10-01,2026-03-01,6.817940100774703
720360,2025-09-01,2025-10-01,1.2500208312504397
720360,2025-09-01,2025-11-01,0.6398125333315327
720360,2025-09-01,2025-12-01,0.5484145788408361
720360,2025-09-01,2026-01-01,0.4987572985270662
720360,2025-09-01,2026-02-01,8.933112030478853
720360,2025-08-01,2025-09-01,0.9179
720360,2025-08-01,2025-10-01,1.250020831250444
720360,2025-08-01,2025-11-01,0.6398125333315327
720360,2025-08-01,2025-12-01,0.54
720360,2025-08-01,2026-01-01,0.54
720360,2025-07-01,2025-08-01,3.8209
720360,2025-07-01,2025-09-01,0.9179
720360,2025-07-01,2025-10-01,1.250020831250444
720360,2025-07-01,2025-11-01,0.6398125333315327
720360,2025-07-01,2025-12-01,0.54
720360,2025-06-01,2025-07-01,2.5162
720360,2025-06-01,2025-08-01,1.7609
720360,2025-06-01,2025-09-01,0.9179
720360,2025-06-01,2025-10-01,1.250020831250444
720360,2025-06-01,2025-11-01,0.6398125333315327
720360,2025-05-01,2025-06-01,4.0
720360,2025-05-01,2025-07-01,2.515652579017256
720360,2025-05-01,2025-08-01,1.760519317146282
720360,2025-05-01,2025-09-01,0.9197172660926263
720360,2025-05-01,2025-10-01,1.25
720360,2025-04-01,2025-05-01,13.9
720360,2025-04-01,2025-06-01,4.0
720360,2025-04-01,2025-07-01,2.515652579017256
720360,2025-04-01,2025-08-01,1.760519317146282
720360,2025-04-01,2025-09-01,0.9197172660926262
720361,2026-03-01,2026-04-01,5.54
720361,2026-03-01,2026-05-01,4.980000000000001
720361,2026-03-01,2026-06-01,2.981485069083661
720361,2026-03-01,2026-07-01,4.56
720361,2026-03-01,2026-08-01,1.0
720361,2026-02-01,2026-04-01,5.9374616258121335
720361,2026-02-01,2026-05-01,4.58739410621764
720361,2026-02-01,2026-06-01,1.677829337053823
720361,2026-02-01,2026-07-01,3.916086880816223
720361,2026-02-01,2027-03-01,6.1000000000000005
720361,2026-01-01,2026-04-01,3.68
720361,2026-01-01,2026-05-01,4.51
720361,2026-01-01,2026-06-01,3.136111127803655
720361,2026-01-01,2027-02-01,5.51
720361,2026-01-01,2027-03-01,5.868373941279941
720361,2025-12-01,2025-04-01,3.68
720361,2025-12-01,2025-05-01,4.51
720361,2025-12-01,2026-01-01,0.9012379888619476
720361,2025-12-01,2026-02-01,5.52
720361,2025-12-01,2026-03-01,5.86837394127994
720361,2025-11-01,2025-04-01,4.131861758895959
720361,2025-11-01,2025-12-01,0.5511450598148223
720361,2025-11-01,2026-01-01,0.9012379888619476
720361,2025-11-01,2026-02-01,5.51515007489267
720361,2025-11-01,2026-03-01,5.868373941279942
720361,2025-10-01,2025-11-01,0.4560899707857996
720361,2025-10-01,2025-12-01,0.3909369951532586
720361,2025-10-01,2026-01-01,0.3555388334297309
720361,2025-10-01,2026-02-01,3.19279481945361
720361,2025-10-01,2026-03-01,3.19279481945361
720361,2025-09-01,2025-10-01,0.261076580569632
720361,2025-09-01,2025-11-01,0.4560899707857996
720361,2025-09-01,2025-12-01,0.3909369951532586
720361,2025-09-01,2026-01-01,0.3555388334297309
720361,2025-09-01,2026-02-01,6.404747333113731
720361,2025-08-01,2025-09-01,0.6646
720361,2025-08-01,2025-10-01,0.8910765805696322
720361,2025-08-01,2025-11-01,0.4560899707857996
720361,2025-08-01,2025-12-01,0.39
720361,2025-08-01,2026-01-01,0.39
720361,2025-07-01,2025-08-01,2.722
720361,2025-07-01,2025-09-01,0.6646
720361,2025-07-01,2025-10-01,0.8910765805696322
720361,2025-07-01,2025-11-01,0.4560899707857996
720361,2025-07-01,2025-12-01,0.39
720361,2025-06-01,2025-07-01,1.789
720361,2025-06-01,2025-08-01,1.252
720361,2025-06-01,2025-09-01,0.6646
720361,2025-06-01,2025-10-01,0.8910765805696322
720361,2025-06-01,2025-11-01,0.4560899707857996
720361,2025-05-01,2025-06-01,3.710799999999995
720361,2025-05-01,2025-07-01,1.48328139337444
720361,2025-05-01,2025-08-01,1.254985112192254
720361,2025-05-01,2025-09-01,0.6556198873428788
720361,2025-05-01,2025-10-01,1.185913607090434
720361,2025-04-01,2025-05-01,10.6
720361,2025-04-01,2025-06-01,3.4
720361,2025-04-01,2025-07-01,1.793281393374441
720361,2025-04-01,2025-08-01,1.254985112192254
720361,2025-04-01,2025-09-01,0.6556198873428788
720704,2026-03-01,2026-04-01,0.1925000000000003
720704,2026-03-01,2026-05-01,0.18942
720704,2026-03-01,2026-06-01,0.4414300000000003
720704,2026-03-01,2026-07-01,0.1866699999999999
720704,2026-03-01,2026-08-01,0.9353399999999926
720704,2026-02-01,2026-04-01,0.2453263226543259
720704,2026-02-01,2026-05-01,0.2375887516537282
720704,2026-02-01,2026-06-01,0.2656850674050475
720704,2026-02-01,2026-07-01,0.3123568082749467
720704,2026-02-01,2027-03-01,0.7663246958009097
720704,2026-01-01,2026-04-01,0.17
720704,2026-01-01,2026-05-01,0.17
720704,2026-01-01,2026-06-01,0.17
720704,2026-01-01,2027-02-01,0.8640454784343945
720704,2026-01-01,2027-03-01,0.7363246958009096
720704,2025-12-01,2025-04-01,0.19
720704,2025-12-01,2025-05-01,0.19
720704,2025-12-01,2026-01-01,2.554415652669699
720704,2025-12-01,2026-02-01,0.8940454784343945
720704,2025-12-01,2026-03-01,0.7663246958009097
720704,2025-11-01,2025-04-01,0.5009689055394156
720704,2025-11-01,2025-12-01,2.83162347900455
720704,2025-11-01,2026-01-01,2.554415652669699
720704,2025-11-01,2026-02-01,0.8940454784343945
720704,2025-11-01,2026-03-01,0.7663246958009097
720704,2025-10-01,2025-11-01,4.3
720704,2025-10-01,2025-12-01,2.82
720704,2025-10-01,2026-01-01,1.9
720704,2025-10-01,2026-02-01,0.4
720704,2025-10-01,2026-03-01,0.6
720704,2025-09-01,2025-10-01,3.78
720704,2025-09-01,2025-11-01,3.63
720704,2025-09-01,2025-12-01,1.75
720704,2025-09-01,2026-01-01,0.75
720704,2025-09-01,2026-02-01,0.382218255463828
720704,2025-08-01,2025-09-01,3.9
720704,2025-08-01,2025-10-01,3.43
720704,2025-08-01,2025-11-01,3.25
720704,2025-08-01,2025-12-01,2.0952
720704,2025-08-01,2026-01-01,1.5152
720704,2025-07-01,2025-08-01,1.62
720704,2025-07-01,2025-09-01,3.9
720704,2025-07-01,2025-10-01,3.43
720704,2025-07-01,2025-11-01,3.25
720704,2025-07-01,2025-12-01,2.0952
720704,2025-06-01,2025-07-01,0.382218255463828
720704,2025-06-01,2025-08-01,1.62
720704,2025-06-01,2025-09-01,3.9
720704,2025-06-01,2025-10-01,3.43
720704,2025-06-01,2025-11-01,3.25
720704,2025-05-01,2025-06-01,0.3860466449548728
720704,2025-05-01,2025-07-01,0.382218255463828
720704,2025-05-01,2025-08-01,0.3830112546576033
720704,2025-05-01,2025-09-01,3.170010231476675
720704,2025-05-01,2025-10-01,3.170010231476675
720704,2025-04-01,2025-05-01,0.3860466449548728
720704,2025-04-01,2025-06-01,0.3860466449548728
720704,2025-04-01,2025-07-01,0.382218255463828
720704,2025-04-01,2025-08-01,0.3830112546576033
720704,2025-04-01,2025-09-01,3.170010231476675
720814,2026-03-01,2026-04-01,1.52819481896696
720814,2026-03-01,2026-05-01,1.891863201573816
720814,2026-03-01,2026-06-01,1.280342699999986
720814,2026-03-01,2026-07-01,1.538330332499984
720814,2026-03-01,2026-08-01,2.620011419999992
720814,2026-02-01,2026-04-01,1.52819481896696
720814,2026-02-01,2026-05-01,2.102070223970907
720814,2026-02-01,2026-06-01,1.42
720814,2026-02-01,2026-07-01,1.71
720814,2026-02-01,2027-03-01,1.870550795552586
720814,2026-01-01,2026-04-01,1.49
720814,2026-01-01,2026-05-01,1.65
720814,2026-01-01,2026-06-01,1.22
720814,2026-01-01,2027-02-01,1.330550795552586
720814,2026-01-01,2027-03-01,1.330550795552586
720814,2025-12-01,2025-04-01,1.923699374999999
720814,2025-12-01,2025-05-01,1.925015624999992
720814,2025-12-01,2026-01-01,2.963094210295771
720814,2025-12-01,2026-02-01,1.023478677795235
720814,2025-12-01,2026-03-01,1.696249452851324
720814,2025-11-01,2025-04-01,1.870550795552586
720814,2025-11-01,2025-12-01,2.473925269329582
720814,2025-11-01,2026-01-01,2.963094210295771
720814,2025-11-01,2026-02-01,1.023478677795235
720814,2025-11-01,2026-03-01,1.696249452851324
720814,2025-10-01,2025-11-01,2.173726259233146
720814,2025-10-01,2025-12-01,2.473925269329582
720814,2025-10-01,2026-01-01,2.963094210295771
720814,2025-10-01,2026-02-01,1.023478677795235
720814,2025-10-01,2026-03-01,1.696249452851324
720814,2025-09-01,2025-10-01,3.44
720814,2025-09-01,2025-11-01,3.850000000000001
720814,2025-09-01,2025-12-01,3.24
720814,2025-09-01,2026-01-01,3.88
720814,2025-09-01,2026-02-01,2.72279409541551
720814,2025-08-01,2025-09-01,2.64
720814,2025-08-01,2025-10-01,4.44
720814,2025-08-01,2025-11-01,2.85
720814,2025-08-01,2025-12-01,3.24
720814,2025-08-01,2026-01-01,3.88
720814,2025-07-01,2025-08-01,3.13
720814,2025-07-01,2025-09-01,4.76
720814,2025-07-01,2025-10-01,4.44
720814,2025-07-01,2025-11-01,2.85
720814,2025-07-01,2025-12-01,3.24
720814,2025-06-01,2025-07-01,1.44575
720814,2025-06-01,2025-08-01,3.12645
720814,2025-06-01,2025-09-01,4.7603
720814,2025-06-01,2025-10-01,4.4375
720814,2025-06-01,2025-11-01,2.84705
720814,2025-05-01,2025-06-01,1.102697115577045
720814,2025-05-01,2025-07-01,1.26
720814,2025-05-01,2025-08-01,2.72
720814,2025-05-01,2025-09-01,4.14
720814,2025-05-01,2025-10-01,3.86
720814,2025-04-01,2025-05-01,1.23642035987888
720814,2025-04-01,2025-06-01,1.102697115577045
720814,2025-04-01,2025-07-01,1.26
720814,2025-04-01,2025-08-01,2.72
720814,2025-04-01,2025-09-01,4.14
720821,2026-03-01,2026-04-01,0.3395988486593244
720821,2026-03-01,2026-05-01,0.4204140447941814
720821,2026-03-01,2026-06-01,0.284520599999997
720821,2026-03-01,2026-07-01,0.3418511849999964
720821,2026-03-01,2026-08-01,0.5822247599999982
720821,2026-02-01,2026-04-01,0.3395988486593244
720821,2026-02-01,2026-05-01,0.4671267164379793
720821,2026-02-01,2026-06-01,0.3155555555555555
720821,2026-02-01,2026-07-01,0.3799999999999999
720821,2026-02-01,2027-03-01,0.4156779545672414
720821,2026-01-01,2026-04-01,0.3311111111111111
720821,2026-01-01,2026-05-01,0.3666666666666666
720821,2026-01-01,2026-06-01,0.2711111111111111
720821,2026-01-01,2027-02-01,0.2956779545672414
720821,2026-01-01,2027-03-01,0.2956779545672414
720821,2025-12-01,2025-04-01,0.4274887499999998
720821,2025-12-01,2025-05-01,0.4277812499999981
720821,2025-12-01,2026-01-01,0.658465380065727
720821,2025-12-01,2026-02-01,0.2274397061767189
720821,2025-12-01,2026-03-01,0.3769443228558498
720821,2025-11-01,2025-04-01,0.4156779545672414
720821,2025-11-01,2025-12-01,0.5497611709621293
720821,2025-11-01,2026-01-01,0.658465380065727
720821,2025-11-01,2026-02-01,0.2274397061767189
720821,2025-11-01,2026-03-01,0.3769443228558498
720821,2025-10-01,2025-11-01,0.483050279829588
720821,2025-10-01,2025-12-01,0.5497611709621293
720821,2025-10-01,2026-01-01,0.658465380065727
720821,2025-10-01,2026-02-01,0.2274397061767189
720821,2025-10-01,2026-03-01,0.3769443228558498
720821,2025-09-01,2025-10-01,0.7644444444444444
720821,2025-09-01,2025-11-01,0.8555555555555556
720821,2025-09-01,2025-12-01,0.72
720821,2025-09-01,2026-01-01,0.8622222222222221
720821,2025-09-01,2026-02-01,0.60506535453678
720821,2025-08-01,2025-09-01,0.5866666666666666
720821,2025-08-01,2025-10-01,0.9866666666666667
720821,2025-08-01,2025-11-01,0.6333333333333333
720821,2025-08-01,2025-12-01,0.72
720821,2025-08-01,2026-01-01,0.8622222222222221
720821,2025-07-01,2025-08-01,0.6955555555555555
720821,2025-07-01,2025-09-01,1.057777777777778
720821,2025-07-01,2025-10-01,0.9866666666666667
720821,2025-07-01,2025-11-01,0.6333333333333333
720821,2025-07-01,2025-12-01,0.72
720821,2025-06-01,2025-07-01,0.3212777777777778
720821,2025-06-01,2025-08-01,0.6947666666666665
720821,2025-06-01,2025-09-01,1.057844444444444
720821,2025-06-01,2025-10-01,0.986111111111111
720821,2025-06-01,2025-11-01,0.6326777777777778
720821,2025-05-01,2025-06-01,0.2450438034615655
720821,2025-05-01,2025-07-01,0.28
720821,2025-05-01,2025-08-01,0.6044444444444445
720821,2025-05-01,2025-09-01,0.9199999999999999
720821,2025-05-01,2025-10-01,0.8577777777777778
720821,2025-04-01,2025-05-01,0.2747600799730844
720821,2025-04-01,2025-06-01,0.2450438034615655
720821,2025-04-01,2025-07-01,0.28
720821,2025-04-01,2025-08-01,0.6044444444444445
720821,2025-04-01,2025-09-01,0.9199999999999999
720824,2026-03-01,2026-04-01,0.3395988486593244
720824,2026-03-01,2026-05-01,0.4204140447941814
720824,2026-03-01,2026-06-01,0.284520599999997
720824,2026-03-01,2026-07-01,0.3418511849999964
720824,2026-03-01,2026-08-01,0.5822247599999982
720824,2026-02-01,2026-04-01,0.3395988486593244
720824,2026-02-01,2026-05-01,0.4671267164379793
720824,2026-02-01,2026-06-01,0.3155555555555555
720824,2026-02-01,2026-07-01,0.3799999999999999
720824,2026-02-01,2027-03-01,0.4156779545672414
720824,2026-01-01,2026-04-01,0.3311111111111111
720824,2026-01-01,2026-05-01,0.3666666666666666
720824,2026-01-01,2026-06-01,0.2711111111111111
720824,2026-01-01,2027-02-01,0.2956779545672414
720824,2026-01-01,2027-03-01,0.2956779545672414
720824,2025-12-01,2025-04-01,0.4274887499999998
720824,2025-12-01,2025-05-01,0.4277812499999981
720824,2025-12-01,2026-01-01,0.658465380065727
720824,2025-12-01,2026-02-01,0.2274397061767189
720824,2025-12-01,2026-03-01,0.3769443228558498
720824,2025-11-01,2025-04-01,0.4156779545672414
720824,2025-11-01,2025-12-01,0.5497611709621293
720824,2025-11-01,2026-01-01,0.658465380065727
720824,2025-11-01,2026-02-01,0.2274397061767189
720824,2025-11-01,2026-03-01,0.3769443228558498
720824,2025-10-01,2025-11-01,0.483050279829588
720824,2025-10-01,2025-12-01,0.5497611709621293
720824,2025-10-01,2026-01-01,0.658465380065727
720824,2025-10-01,2026-02-01,0.2274397061767189
720824,2025-10-01,2026-03-01,0.3769443228558498
720824,2025-09-01,2025-10-01,0.7644444444444444
720824,2025-09-01,2025-11-01,0.8555555555555556
720824,2025-09-01,2025-12-01,0.72
720824,2025-09-01,2026-01-01,0.8622222222222221
720824,2025-09-01,2026-02-01,0.60506535453678
720824,2025-08-01,2025-09-01,0.5866666666666666
720824,2025-08-01,2025-10-01,0.9866666666666667
720824,2025-08-01,2025-11-01,0.6333333333333333
720824,2025-08-01,2025-12-01,0.72
720824,2025-08-01,2026-01-01,0.8622222222222221
720824,2025-07-01,2025-08-01,0.6955555555555555
720824,2025-07-01,2025-09-01,1.057777777777778
720824,2025-07-01,2025-10-01,0.9866666666666667
720824,2025-07-01,2025-11-01,0.6333333333333333
720824,2025-07-01,2025-12-01,0.72
720824,2025-06-01,2025-07-01,0.3212777777777778
720824,2025-06-01,2025-08-01,0.6947666666666665
720824,2025-06-01,2025-09-01,1.057844444444444
720824,2025-06-01,2025-10-01,0.986111111111111
720824,2025-06-01,2025-11-01,0.6326777777777778
720824,2025-05-01,2025-06-01,0.2450438034615655
720824,2025-05-01,2025-07-01,0.28
720824,2025-05-01,2025-08-01,0.6044444444444445
720824,2025-05-01,2025-09-01,0.9199999999999999
720824,2025-05-01,2025-10-01,0.8577777777777778
720824,2025-04-01,2025-05-01,0.2747600799730844
720824,2025-04-01,2025-06-01,0.2450438034615655
720824,2025-04-01,2025-07-01,0.28
720824,2025-04-01,2025-08-01,0.6044444444444445
720824,2025-04-01,2025-09-01,0.9199999999999999
720825,2026-03-01,2026-04-01,0.3395988486593244
720825,2026-03-01,2026-05-01,0.4204140447941814
720825,2026-03-01,2026-06-01,0.284520599999997
720825,2026-03-01,2026-07-01,0.3418511849999964
720825,2026-03-01,2026-08-01,0.5822247599999982
720825,2026-02-01,2026-04-01,0.3395988486593244
720825,2026-02-01,2026-05-01,0.4671267164379793
720825,2026-02-01,2026-06-01,0.3155555555555555
720825,2026-02-01,2026-07-01,0.3799999999999999
720825,2026-02-01,2027-03-01,0.4156779545672414
720825,2026-01-01,2026-04-01,0.3311111111111111
720825,2026-01-01,2026-05-01,0.3666666666666666
720825,2026-01-01,2026-06-01,0.2711111111111111
720825,2026-01-01,2027-02-01,0.2956779545672414
720825,2026-01-01,2027-03-01,0.2956779545672414
720825,2025-12-01,2025-04-01,0.4274887499999998
720825,2025-12-01,2025-05-01,0.4277812499999981
720825,2025-12-01,2026-01-01,0.658465380065727
720825,2025-12-01,2026-02-01,0.2274397061767189
720825,2025-12-01,2026-03-01,0.3769443228558498
720825,2025-11-01,2025-04-01,0.4156779545672414
720825,2025-11-01,2025-12-01,0.5497611709621293
720825,2025-11-01,2026-01-01,0.658465380065727
720825,2025-11-01,2026-02-01,0.2274397061767189
720825,2025-11-01,2026-03-01,0.3769443228558498
720825,2025-10-01,2025-11-01,0.483050279829588
720825,2025-10-01,2025-12-01,0.5497611709621293
720825,2025-10-01,2026-01-01,0.658465380065727
720825,2025-10-01,2026-02-01,0.2274397061767189
720825,2025-10-01,2026-03-01,0.3769443228558498
720825,2025-09-01,2025-10-01,0.7644444444444444
720825,2025-09-01,2025-11-01,0.8555555555555556
720825,2025-09-01,2025-12-01,0.72
720825,2025-09-01,2026-01-01,0.8622222222222221
720825,2025-09-01,2026-02-01,0.60506535453678
720825,2025-08-01,2025-09-01,0.5866666666666666
720825,2025-08-01,2025-10-01,0.9866666666666667
720825,2025-08-01,2025-11-01,0.6333333333333333
720825,2025-08-01,2025-12-01,0.72
720825,2025-08-01,2026-01-01,0.8622222222222221
720825,2025-07-01,2025-08-01,0.6955555555555555
720825,2025-07-01,2025-09-01,1.057777777777778
720825,2025-07-01,2025-10-01,0.9866666666666667
720825,2025-07-01,2025-11-01,0.6333333333333333
720825,2025-07-01,2025-12-01,0.72
720825,2025-06-01,2025-07-01,0.3212777777777778
720825,2025-06-01,2025-08-01,0.6947666666666665
720825,2025-06-01,2025-09-01,1.057844444444444
720825,2025-06-01,2025-10-01,0.986111111111111
720825,2025-06-01,2025-11-01,0.6326777777777778
720825,2025-05-01,2025-06-01,0.2450438034615655
720825,2025-05-01,2025-07-01,0.28
720825,2025-05-01,2025-08-01,0.6044444444444445
720825,2025-05-01,2025-09-01,0.9199999999999999
720825,2025-05-01,2025-10-01,0.8577777777777778
720825,2025-04-01,2025-05-01,0.2747600799730844
720825,2025-04-01,2025-06-01,0.2450438034615655
720825,2025-04-01,2025-07-01,0.28
720825,2025-04-01,2025-08-01,0.6044444444444445
720825,2025-04-01,2025-09-01,0.9199999999999999
720826,2026-03-01,2026-04-01,0.1697994243296622
720826,2026-03-01,2026-05-01,0.2102070223970907
720826,2026-03-01,2026-06-01,0.1422602999999985
720826,2026-03-01,2026-07-01,0.1709255924999982
720826,2026-03-01,2026-08-01,0.2911123799999991
720826,2026-02-01,2026-04-01,0.1697994243296622
720826,2026-02-01,2026-05-01,0.2335633582189897
720826,2026-02-01,2026-06-01,0.1577777777777778
720826,2026-02-01,2026-07-01,0.19
720826,2026-02-01,2027-03-01,0.2078389772836207
720826,2026-01-01,2026-04-01,0.1655555555555555
720826,2026-01-01,2026-05-01,0.1833333333333333
720826,2026-01-01,2026-06-01,0.1355555555555555
720826,2026-01-01,2027-02-01,0.1478389772836207
720826,2026-01-01,2027-03-01,0.1478389772836207
720826,2025-12-01,2025-04-01,0.2137443749999999
720826,2025-12-01,2025-05-01,0.2138906249999991
720826,2025-12-01,2026-01-01,0.3292326900328635
720826,2025-12-01,2026-02-01,0.1137198530883595
720826,2025-12-01,2026-03-01,0.1884721614279249
720826,2025-11-01,2025-04-01,0.2078389772836207
720826,2025-11-01,2025-12-01,0.2748805854810646
720826,2025-11-01,2026-01-01,0.3292326900328635
720826,2025-11-01,2026-02-01,0.1137198530883595
720826,2025-11-01,2026-03-01,0.1884721614279249
720826,2025-10-01,2025-11-01,0.241525139914794
720826,2025-10-01,2025-12-01,0.2748805854810646
720826,2025-10-01,2026-01-01,0.3292326900328635
720826,2025-10-01,2026-02-01,0.1137198530883595
720826,2025-10-01,2026-03-01,0.1884721614279249
720826,2025-09-01,2025-10-01,0.3822222222222222
720826,2025-09-01,2025-11-01,0.4277777777777778
720826,2025-09-01,2025-12-01,0.36
720826,2025-09-01,2026-01-01,0.4311111111111111
720826,2025-09-01,2026-02-01,0.30253267726839
720826,2025-08-01,2025-09-01,0.2933333333333333
720826,2025-08-01,2025-10-01,0.4933333333333333
720826,2025-08-01,2025-11-01,0.3166666666666667
720826,2025-08-01,2025-12-01,0.36
720826,2025-08-01,2026-01-01,0.4311111111111111
720826,2025-07-01,2025-08-01,0.3477777777777777
720826,2025-07-01,2025-09-01,0.5288888888888889
720826,2025-07-01,2025-10-01,0.4933333333333333
720826,2025-07-01,2025-11-01,0.3166666666666667
720826,2025-07-01,2025-12-01,0.36
720826,2025-06-01,2025-07-01,0.1606388888888889
720826,2025-06-01,2025-08-01,0.3473833333333333
720826,2025-06-01,2025-09-01,0.5289222222222222
720826,2025-06-01,2025-10-01,0.4930555555555555
720826,2025-06-01,2025-11-01,0.3163388888888889
720826,2025-05-01,2025-06-01,0.1225219017307828
720826,2025-05-01,2025-07-01,0.14
720826,2025-05-01,2025-08-01,0.3022222222222222
720826,2025-05-01,2025-09-01,0.46
720826,2025-05-01,2025-10-01,0.4288888888888889
720826,2025-04-01,2025-05-01,0.1373800399865422
720826,2025-04-01,2025-06-01,0.1225219017307828
720826,2025-04-01,2025-07-01,0.14
720826,2025-04-01,2025-08-01,0.3022222222222222
720826,2025-04-01,2025-09-01,0.46
720827,2026-03-01,2026-04-01,0.3395988486593244
720827,2026-03-01,2026-05-01,0.4204140447941814
720827,2026-03-01,2026-06-01,0.284520599999997
720827,2026-03-01,2026-07-01,0.3418511849999964
720827,2026-03-01,2026-08-01,0.5822247599999982
720827,2026-02-01,2026-04-01,0.3395988486593244
720827,2026-02-01,2026-05-01,0.4671267164379793
720827,2026-02-01,2026-06-01,0.3155555555555555
720827,2026-02-01,2026-07-01,0.3799999999999999
720827,2026-02-01,2027-03-01,0.4156779545672414
720827,2026-01-01,2026-04-01,0.3311111111111111
720827,2026-01-01,2026-05-01,0.3666666666666666
720827,2026-01-01,2026-06-01,0.2711111111111111
720827,2026-01-01,2027-02-01,0.2956779545672414
720827,2026-01-01,2027-03-01,0.2956779545672414
720827,2025-12-01,2025-04-01,0.4274887499999998
720827,2025-12-01,2025-05-01,0.4277812499999981
720827,2025-12-01,2026-01-01,0.658465380065727
720827,2025-12-01,2026-02-01,0.2274397061767189
720827,2025-12-01,2026-03-01,0.3769443228558498
720827,2025-11-01,2025-04-01,0.4156779545672414
720827,2025-11-01,2025-12-01,0.5497611709621293
720827,2025-11-01,2026-01-01,0.658465380065727
720827,2025-11-01,2026-02-01,0.2274397061767189
720827,2025-11-01,2026-03-01,0.3769443228558498
720827,2025-10-01,2025-11-01,0.483050279829588
720827,2025-10-01,2025-12-01,0.5497611709621293
720827,2025-10-01,2026-01-01,0.658465380065727
720827,2025-10-01,2026-02-01,0.2274397061767189
720827,2025-10-01,2026-03-01,0.3769443228558498
720827,2025-09-01,2025-10-01,0.7644444444444444
720827,2025-09-01,2025-11-01,0.8555555555555556
720827,2025-09-01,2025-12-01,0.72
720827,2025-09-01,2026-01-01,0.8622222222222221
720827,2025-09-01,2026-02-01,0.60506535453678
720827,2025-08-01,2025-09-01,0.5866666666666666
720827,2025-08-01,2025-10-01,0.9866666666666667
720827,2025-08-01,2025-11-01,0.6333333333333333
720827,2025-08-01,2025-12-01,0.72
720827,2025-08-01,2026-01-01,0.8622222222222221
720827,2025-07-01,2025-08-01,0.6955555555555555
720827,2025-07-01,2025-09-01,1.057777777777778
720827,2025-07-01,2025-10-01,0.9866666666666667
720827,2025-07-01,2025-11-01,0.6333333333333333
720827,2025-07-01,2025-12-01,0.72
720827,2025-06-01,2025-07-01,0.3212777777777778
720827,2025-06-01,2025-08-01,0.6947666666666665
720827,2025-06-01,2025-09-01,1.057844444444444
720827,2025-06-01,2025-10-01,0.986111111111111
720827,2025-06-01,2025-11-01,0.6326777777777778
720827,2025-05-01,2025-06-01,0.2450438034615655
720827,2025-05-01,2025-07-01,0.28
720827,2025-05-01,2025-08-01,0.6044444444444445
720827,2025-05-01,2025-09-01,0.9199999999999999
720827,2025-05-01,2025-10-01,0.8577777777777778
720827,2025-04-01,2025-05-01,0.2747600799730844
720827,2025-04-01,2025-06-01,0.2450438034615655
720827,2025-04-01,2025-07-01,0.28
720827,2025-04-01,2025-08-01,0.6044444444444445
720827,2025-04-01,2025-09-01,0.9199999999999999
721129,2026-03-01,2026-04-01,2.0
721129,2026-03-01,2026-05-01,3.0
721129,2026-03-01,2026-06-01,1.5
721129,2026-03-01,2026-07-01,2.0
721129,2026-03-01,2026-08-01,2.0
721129,2026-02-01,2026-04-01,2.0
721129,2026-02-01,2026-05-01,3.0
721129,2026-02-01,2026-06-01,1.8
721129,2026-02-01,2026-07-01,1.8
721129,2026-02-01,2027-03-01,2.0
721129,2026-01-01,2026-04-01,2.0
721129,2026-01-01,2026-05-01,3.0
721129,2026-01-01,2026-06-01,1.9
721129,2026-01-01,2027-02-01,2.5
721129,2026-01-01,2027-03-01,2.0
721129,2025-12-01,2025-04-01,1.613680701477641
721129,2025-12-01,2025-05-01,2.094208921621962
721129,2025-12-01,2026-01-01,2.036580013745072
721129,2025-12-01,2026-02-01,2.642005727990021
721129,2025-12-01,2026-03-01,1.429147565911218
721129,2025-11-01,2025-04-01,1.0
721129,2025-11-01,2025-12-01,1.5
721129,2025-11-01,2026-01-01,0.75
721129,2025-11-01,2026-02-01,2.5
721129,2025-11-01,2026-03-01,2.0
721129,2025-10-01,2025-11-01,2.5
721129,2025-10-01,2025-12-01,1.5
721129,2025-10-01,2026-01-01,0.75
721129,2025-10-01,2026-02-01,2.0
721129,2025-10-01,2026-03-01,1.0
721129,2025-09-01,2025-10-01,2.0
721129,2025-09-01,2025-11-01,2.5
721129,2025-09-01,2025-12-01,1.5
721129,2025-09-01,2026-01-01,0.75
721129,2025-09-01,2026-02-01,2.0
721129,2025-08-01,2025-09-01,2.002875
721129,2025-08-01,2025-10-01,0.752875
721129,2025-08-01,2025-11-01,1.752875
721129,2025-08-01,2025-12-01,0.752875
721129,2025-08-01,2026-01-01,0.752875
721129,2025-07-01,2025-08-01,2.0042
721129,2025-07-01,2025-09-01,2.002875
721129,2025-07-01,2025-10-01,0.752875
721129,2025-07-01,2025-11-01,1.752875
721129,2025-07-01,2025-12-01,0.752875
721129,2025-06-01,2025-07-01,1.99755
721129,2025-06-01,2025-08-01,2.0042
721129,2025-06-01,2025-09-01,2.002875
721129,2025-06-01,2025-10-01,0.752875
721129,2025-06-01,2025-11-01,1.752875
721129,2025-05-01,2025-06-01,1.39
721129,2025-05-01,2025-07-01,0.75
721129,2025-05-01,2025-08-01,2.0
721129,2025-05-01,2025-09-01,0.75
721129,2025-05-01,2025-10-01,0.75
721129,2025-04-01,2025-05-01,2.0
721129,2025-04-01,2025-06-01,1.39
721129,2025-04-01,2025-07-01,0.75
721129,2025-04-01,2025-08-01,2.0
721129,2025-04-01,2025-09-01,0.75
721172,2025-08-01,2025-09-01,0.3
721172,2025-08-01,2025-10-01,0.4
721172,2025-08-01,2025-11-01,0.5
721172,2025-08-01,2025-12-01,0.4
721172,2025-08-01,2026-01-01,0.4
721172,2025-07-01,2025-08-01,0.5
721172,2025-07-01,2025-09-01,0.3
721172,2025-07-01,2025-10-01,0.4
721172,2025-07-01,2025-11-01,0.5
721172,2025-07-01,2025-12-01,0.4
721172,2025-06-01,2025-07-01,0.3
721172,2025-06-01,2025-08-01,0.5
721172,2025-06-01,2025-09-01,0.3
721172,2025-06-01,2025-10-01,0.4
721172,2025-06-01,2025-11-01,0.5
721172,2025-05-01,2025-06-01,0.4
721172,2025-05-01,2025-07-01,0.3
721172,2025-05-01,2025-08-01,0.5
721172,2025-05-01,2025-09-01,0.3
721172,2025-05-01,2025-10-01,0.4
721172,2025-04-01,2025-05-01,0.88
721172,2025-04-01,2025-06-01,0.4
721172,2025-04-01,2025-07-01,0.3
721172,2025-04-01,2025-08-01,0.5
721172,2025-04-01,2025-09-01,0.3
721530,2026-01-01,2027-02-01,0.03
721530,2025-12-01,2026-01-01,0.04807499999999823
721530,2025-10-01,2025-11-01,0.1560900000000139
721530,2025-09-01,2025-10-01,0.8071199999999935
721530,2025-07-01,2025-08-01,7.5
721530,2025-04-01,2025-05-01,2.5
721530,2025-04-01,2025-06-01,2.5
721530,2025-04-01,2025-07-01,2.5
722024,2026-03-01,2026-04-01,6.2
722024,2026-03-01,2026-05-01,8.3
722024,2026-03-01,2026-06-01,6.0
722024,2026-03-01,2026-07-01,6.0
722024,2026-03-01,2026-08-01,6.5
722024,2026-02-01,2026-04-01,5.720000000000001
722024,2026-02-01,2026-05-01,8.8
722024,2026-02-01,2026-06-01,5.2
722024,2026-02-01,2026-07-01,7.0
722024,2026-02-01,2027-03-01,7.0
722024,2026-01-01,2026-04-01,5.19814495472
722024,2026-01-01,2026-05-01,8.0
722024,2026-01-01,2026-06-01,5.298144954720001
722024,2026-01-01,2027-02-01,6.5
722024,2026-01-01,2027-03-01,7.0
722024,2025-12-01,2025-04-01,5.19814495472
722024,2025-12-01,2025-05-01,8.0
722024,2025-12-01,2026-01-01,5.5
722024,2025-12-01,2026-02-01,6.5
722024,2025-12-01,2026-03-01,7.0
722024,2025-11-01,2025-04-01,6.395528573050925
722024,2025-11-01,2025-12-01,7.50474378050368
722024,2025-11-01,2026-01-01,5.928884864694834
722024,2025-11-01,2026-02-01,5.896075873161159
722024,2025-11-01,2026-03-01,6.30404378514673
722024,2025-10-01,2025-11-01,9.75955752
722024,2025-10-01,2025-12-01,9.533601768
722024,2025-10-01,2026-01-01,7.220161060800001
722024,2025-10-01,2026-02-01,8.09814495472
722024,2025-10-01,2026-03-01,9.09814495472
722024,2025-09-01,2025-10-01,8.054143199999995
722024,2025-09-01,2025-11-01,9.759557520000001
722024,2025-09-01,2025-12-01,9.533601768
722024,2025-09-01,2026-01-01,7.220161060800001
722024,2025-09-01,2026-02-01,8.09814495472
722024,2025-08-01,2025-09-01,12.0
722024,2025-08-01,2025-10-01,6.0
722024,2025-08-01,2025-11-01,8.0
722024,2025-08-01,2025-12-01,8.0
722024,2025-08-01,2026-01-01,6.0
722024,2025-07-01,2025-08-01,9.1
722024,2025-07-01,2025-09-01,6.6
722024,2025-07-01,2025-10-01,6.0
722024,2025-07-01,2025-11-01,8.0
722024,2025-07-01,2025-12-01,8.0
722024,2025-06-01,2025-07-01,5.922272600265866
722024,2025-06-01,2025-08-01,6.290120478385494
722024,2025-06-01,2025-09-01,6.731778626821325
722024,2025-06-01,2025-10-01,6.364374654088627
722024,2025-06-01,2025-11-01,6.199984877381191
722024,2025-05-01,2025-06-01,7.0
722024,2025-05-01,2025-07-01,8.0
722024,2025-05-01,2025-08-01,8.0
722024,2025-05-01,2025-09-01,6.0
722024,2025-05-01,2025-10-01,6.0
722024,2025-04-01,2025-05-01,10.0
722024,2025-04-01,2025-06-01,7.0
722024,2025-04-01,2025-07-01,8.0
722024,2025-04-01,2025-08-01,8.0
722024,2025-04-01,2025-09-01,6.0
723420,2026-03-01,2026-04-01,0.05525
723420,2026-03-01,2026-05-01,0.0223125
723420,2026-02-01,2026-04-01,0.04730602431249512
723420,2026-02-01,2026-05-01,0.0860625
723420,2026-02-01,2027-03-01,0.05256897568750487
723420,2026-01-01,2026-04-01,0.01753124999999998
723420,2026-01-01,2027-02-01,0.1657499999999999
723420,2026-01-01,2027-03-01,0.3564687500000001
723420,2025-12-01,2026-01-01,0.41032397246249996
723420,2025-12-01,2026-02-01,0.3744130275374952
723420,2025-11-01,2026-01-01,1.0876429999999941
723420,2025-10-01,2025-11-01,2.0216075663528077
723420,2025-10-01,2025-12-01,0.1323434336471868
723420,2025-09-01,2025-10-01,1.4156961757206894
723420,2025-09-01,2025-11-01,1.1994209776969034
723420,2025-09-01,2025-12-01,0.1539023465824075
723420,2025-08-01,2025-09-01,3.325625
723420,2025-07-01,2025-09-01,3.325625
723527,2026-03-01,2026-04-01,0.8
723527,2026-03-01,2026-05-01,0.8
723527,2026-03-01,2026-06-01,0.8
723527,2026-03-01,2026-07-01,0.8
723527,2026-03-01,2026-08-01,0.8
723527,2026-02-01,2026-04-01,0.8
723527,2026-02-01,2026-05-01,1.18351586
723527,2026-02-01,2026-06-01,0.8
723527,2026-02-01,2026-07-01,1.0
723527,2026-02-01,2027-03-01,1.352589555
723527,2026-01-01,2026-04-01,0.6468702292524913
723527,2026-01-01,2026-05-01,0.6751062274537303
723527,2026-01-01,2026-06-01,0.5924716369192088
723527,2026-01-01,2027-02-01,1.15872057254197
723527,2026-01-01,2027-03-01,0.6490918307549648
723527,2025-12-01,2025-04-01,1.5
723527,2025-12-01,2025-05-01,1.88351586
723527,2025-12-01,2026-01-01,0.743924255
723527,2025-12-01,2026-02-01,1.256075745
723527,2025-12-01,2026-03-01,1.352589555
723527,2025-11-01,2025-04-01,0.831902370356987
723527,2025-11-01,2025-12-01,0.91648414
723527,2025-11-01,2026-01-01,0.743924255
723527,2025-11-01,2026-02-01,1.256075745
723527,2025-11-01,2026-03-01,1.352589555
723527,2025-10-01,2025-11-01,1.143536368
723527,2025-10-01,2025-12-01,1.307494922808248
723527,2025-10-01,2026-01-01,0.8627004636530089
723527,2025-10-01,2026-02-01,1.023598232235013
723527,2025-10-01,2026-03-01,1.023598232235013
723527,2025-09-01,2025-10-01,0.7162809462955162
723527,2025-09-01,2025-11-01,1.075236147428105
723527,2025-09-01,2025-12-01,0.6284054750581199
723527,2025-09-01,2026-01-01,1.164131806533633
723527,2025-09-01,2026-02-01,0.859896329580032
723527,2025-08-01,2025-09-01,1.18351586
723527,2025-08-01,2025-10-01,0.743924255
723527,2025-08-01,2025-11-01,0.743924255
723527,2025-08-01,2025-12-01,1.18
723527,2025-08-01,2026-01-01,0.74
723527,2025-07-01,2025-08-01,1.249661319947175
723527,2025-07-01,2025-09-01,0.7002724446568698
723527,2025-07-01,2025-10-01,0.6417667739473176
723527,2025-07-01,2025-11-01,1.032751307182245
723527,2025-07-01,2025-12-01,0.6313525465550492
723527,2025-06-01,2025-07-01,1.18351586
723527,2025-06-01,2025-08-01,0.845368472
723527,2025-06-01,2025-09-01,1.18351586
723527,2025-06-01,2025-10-01,0.743924255
723527,2025-06-01,2025-11-01,0.743924255
723527,2025-05-01,2025-06-01,0.845368472
723527,2025-05-01,2025-07-01,1.18351586
723527,2025-05-01,2025-08-01,0.845368472
723527,2025-05-01,2025-09-01,1.38351586
723527,2025-05-01,2025-10-01,1.0
723527,2025-04-01,2025-05-01,1.18351586
723527,2025-04-01,2025-06-01,0.845368472
723527,2025-04-01,2025-07-01,1.18351586
723527,2025-04-01,2025-08-01,0.845368472
723527,2025-04-01,2025-09-01,1.18351586
723532,2026-03-01,2026-04-01,20.0
723532,2026-03-01,2026-05-01,26.0
723532,2026-03-01,2026-06-01,18.2
723532,2026-03-01,2026-07-01,16.0
723532,2026-03-01,2026-08-01,14.0
723532,2026-02-01,2026-04-01,20.600000000000005
723532,2026-02-01,2026-05-01,37.6
723532,2026-02-01,2026-06-01,15.1
723532,2026-02-01,2026-07-01,18.7
723532,2026-02-01,2027-03-01,15.68292683
723532,2026-01-01,2026-04-01,20.6
723532,2026-01-01,2026-05-01,37.6
723532,2026-01-01,2026-06-01,15.1
723532,2026-01-01,2027-02-01,19.98
723532,2026-01-01,2027-03-01,15.682926830000001
723532,2025-12-01,2025-04-01,22.3
723532,2025-12-01,2025-05-01,39.3
723532,2025-12-01,2026-01-01,16.475609756
723532,2025-12-01,2026-02-01,19.975609756
723532,2025-12-01,2026-03-01,15.68292683
723532,2025-11-01,2025-04-01,9.66771709579626
723532,2025-11-01,2025-12-01,39.77312
723532,2025-11-01,2026-01-01,16.475609756
723532,2025-11-01,2026-02-01,19.975609756
723532,2025-11-01,2026-03-01,15.68292683
723532,2025-10-01,2025-11-01,16.785395872
723532,2025-10-01,2025-12-01,12.17542126535784
723532,2025-10-01,2026-01-01,14.50304441879603
723532,2025-10-01,2026-02-01,15.97920824376426
723532,2025-10-01,2026-03-01,9.97920824376426
723532,2025-09-01,2025-10-01,11.59782671676152
723532,2025-09-01,2025-11-01,11.397106410315565
723532,2025-09-01,2025-12-01,12.17542126535784
723532,2025-09-01,2026-01-01,14.50304441879603
723532,2025-09-01,2026-02-01,9.97920824376426
723532,2025-08-01,2025-09-01,25.8972696
723532,2025-08-01,2025-10-01,10.975609756
723532,2025-08-01,2025-11-01,10.975609756
723532,2025-08-01,2025-12-01,14.1
723532,2025-08-01,2026-01-01,10.0
723532,2025-07-01,2025-08-01,13.926829268
723532,2025-07-01,2025-09-01,25.8972696
723532,2025-07-01,2025-10-01,10.975609756
723532,2025-07-01,2025-11-01,10.975609756
723532,2025-07-01,2025-12-01,14.1
723532,2025-06-01,2025-07-01,18.09756098
723532,2025-06-01,2025-08-01,13.926829268
723532,2025-06-01,2025-09-01,18.49756098
723532,2025-06-01,2025-10-01,10.975609756
723532,2025-06-01,2025-11-01,10.975609756
723532,2025-05-01,2025-06-01,12.8
723532,2025-05-01,2025-07-01,18.09756098
723532,2025-05-01,2025-08-01,14.426829268
723532,2025-05-01,2025-09-01,18.19756098
723532,2025-05-01,2025-10-01,12.975609756
723532,2025-04-01,2025-05-01,18.0
723532,2025-04-01,2025-06-01,8.8
723532,2025-04-01,2025-07-01,16.09756098
723532,2025-04-01,2025-08-01,11.926829268
723532,2025-04-01,2025-09-01,15.09756098
723533,2026-03-01,2026-04-01,2.5
723533,2026-03-01,2026-05-01,3.0
723533,2026-03-01,2026-06-01,2.5
723533,2026-03-01,2026-07-01,2.6
723533,2026-03-01,2026-08-01,2.5
723533,2026-02-01,2026-04-01,1.5
723533,2026-02-01,2026-05-01,1.543915529
723533,2026-02-01,2026-06-01,2.0
723533,2026-02-01,2026-07-01,1.543915529
723533,2026-02-01,2027-03-01,2.2644748900000002
723533,2026-01-01,2026-04-01,2.17995012246981
723533,2026-01-01,2026-05-01,1.816410404637738
723533,2026-01-01,2026-06-01,0.7515831344322168
723533,2026-01-01,2027-02-01,3.5144611890000004
723533,2026-01-01,2027-03-01,2.88847489
723533,2025-12-01,2025-04-01,2.392
723533,2025-12-01,2025-05-01,2.435915529
723533,2025-12-01,2026-01-01,1.75
723533,2025-12-01,2026-02-01,3.706381188999999
723533,2025-12-01,2026-03-01,2.88847489
723533,2025-11-01,2025-04-01,1.87243303012162
723533,2025-11-01,2025-12-01,1.723115529
723533,2025-11-01,2026-01-01,1.7529675314
723533,2025-11-01,2026-02-01,3.514461189
723533,2025-11-01,2026-03-01,2.88847489
723533,2025-10-01,2025-11-01,1.4881888
723533,2025-10-01,2025-12-01,1.444744990246527
723533,2025-10-01,2026-01-01,1.125406668865166
723533,2025-10-01,2026-02-01,1.07439717732162
723533,2025-10-01,2026-03-01,1.07439717732162
723533,2025-09-01,2025-10-01,0.9940727748022846
723533,2025-09-01,2025-11-01,0.986652295736943
723533,2025-09-01,2025-12-01,1.444744990246527
723533,2025-09-01,2026-01-01,1.125406668865166
723533,2025-09-01,2026-02-01,1.07439717732162
723533,2025-08-01,2025-09-01,1.543915529
723533,2025-08-01,2025-10-01,0.970461189
723533,2025-08-01,2025-11-01,0.970461189
723533,2025-08-01,2025-12-01,1.5
723533,2025-08-01,2026-01-01,1.0
723533,2025-07-01,2025-08-01,1.102796806
723533,2025-07-01,2025-09-01,1.543915529
723533,2025-07-01,2025-10-01,0.970461189
723533,2025-07-01,2025-11-01,0.970461189
723533,2025-07-01,2025-12-01,1.5
723533,2025-06-01,2025-07-01,2.543915529
723533,2025-06-01,2025-08-01,1.102796806
723533,2025-06-01,2025-09-01,1.543915529
723533,2025-06-01,2025-10-01,0.970461189
723533,2025-06-01,2025-11-01,0.970461189
723533,2025-05-01,2025-06-01,1.602796806
723533,2025-05-01,2025-07-01,2.003915529
723533,2025-05-01,2025-08-01,1.602796806
723533,2025-05-01,2025-09-01,2.043915529
723533,2025-05-01,2025-10-01,1.470461189
723533,2025-04-01,2025-05-01,1.543915529
723533,2025-04-01,2025-06-01,1.102796806
723533,2025-04-01,2025-07-01,1.543915529
723533,2025-04-01,2025-08-01,1.102796806
723533,2025-04-01,2025-09-01,1.543915529
723534,2026-03-01,2026-04-01,3.0
723534,2026-03-01,2026-05-01,4.0
723534,2026-03-01,2026-06-01,3.0
723534,2026-03-01,2026-07-01,3.5
723534,2026-03-01,2026-08-01,3.0
723534,2026-02-01,2026-04-01,2.0
723534,2026-02-01,2026-05-01,5.699153540999999
723534,2026-02-01,2026-06-01,2.0
723534,2026-02-01,2026-07-01,3.3
723534,2026-02-01,2027-03-01,2.92
723534,2026-01-01,2026-04-01,1.9999999999999996
723534,2026-01-01,2026-05-01,5.699153541000001
723534,2026-01-01,2026-06-01,2.0
723534,2026-01-01,2027-02-01,4.63
723534,2026-01-01,2027-03-01,2.975
723534,2025-12-01,2025-04-01,2.544
723534,2025-12-01,2025-05-01,6.243153541
723534,2025-12-01,2026-01-01,2.833753654
723534,2025-12-01,2026-02-01,4.6337536539999995
723534,2025-12-01,2026-03-01,2.970461189
723534,2025-11-01,2025-04-01,1.799019909494241
723534,2025-11-01,2025-12-01,9.96992
723534,2025-11-01,2026-01-01,2.8337536540000006
723534,2025-11-01,2026-02-01,4.633753654
723534,2025-11-01,2026-03-01,2.970461189
723534,2025-10-01,2025-11-01,2.49649474214414
723534,2025-10-01,2025-12-01,2.24477052022807
723534,2025-10-01,2026-01-01,2.375233433633559
723534,2025-10-01,2026-02-01,2.044178242298241
723534,2025-10-01,2026-03-01,2.044178242298241
723534,2025-09-01,2025-10-01,1.726372584139092
723534,2025-09-01,2025-11-01,1.696494742144135
723534,2025-09-01,2025-12-01,2.2447705202280694
723534,2025-09-01,2026-01-01,2.375233433633559
723534,2025-09-01,2026-02-01,2.044178242298241
723534,2025-08-01,2025-09-01,6.11267005
723534,2025-08-01,2025-10-01,1.633753654
723534,2025-08-01,2025-11-01,1.633753654
723534,2025-08-01,2025-12-01,2.6
723534,2025-08-01,2026-01-01,1.63
723534,2025-07-01,2025-08-01,1.856538243
723534,2025-07-01,2025-09-01,6.11267005
723534,2025-07-01,2025-10-01,1.633753654
723534,2025-07-01,2025-11-01,1.633753654
723534,2025-07-01,2025-12-01,2.6
723534,2025-06-01,2025-07-01,3.599153541
723534,2025-06-01,2025-08-01,1.856538243
723534,2025-06-01,2025-09-01,3.799153541
723534,2025-06-01,2025-10-01,1.633753654
723534,2025-06-01,2025-11-01,1.633753654
723534,2025-05-01,2025-06-01,2.356538243
723534,2025-05-01,2025-07-01,4.009153541
723534,2025-05-01,2025-08-01,2.856538243
723534,2025-05-01,2025-09-01,3.009153541
723534,2025-05-01,2025-10-01,2.033753654
723534,2025-04-01,2025-05-01,2.599153541
723534,2025-04-01,2025-06-01,1.856538243
723534,2025-04-01,2025-07-01,2.599153541
723534,2025-04-01,2025-08-01,1.856538243
723534,2025-04-01,2025-09-01,2.599153541
723535,2026-03-01,2026-04-01,0.7929333333333334
723535,2026-03-01,2026-05-01,0.09333333333333334
723535,2026-03-01,2026-06-01,0.06333333333333334
723535,2026-03-01,2026-07-01,0.06333333333333334
723535,2026-03-01,2026-08-01,0.06333333333333334
723535,2026-02-01,2026-04-01,0.5330462937493515
723535,2026-02-01,2026-05-01,0.17666666666666667
723535,2026-02-01,2026-06-01,0.16666666666666669
723535,2026-02-01,2026-07-01,0.23675213675213672
723535,2026-02-01,2027-03-01,0.9101537062506485
723535,2026-01-01,2026-04-01,0.3600377683774263
723535,2026-01-01,2026-05-01,0.18666666666666665
723535,2026-01-01,2026-06-01,0.15166666666666667
723535,2026-01-01,2027-02-01,0.7932751920385919
723535,2026-01-01,2027-03-01,0.9734870395839819
723535,2025-12-01,2025-04-01,0.27565314809725017
723535,2025-12-01,2025-05-01,0.2452533333333339
723535,2025-12-01,2026-01-01,0.6707188847192237
723535,2025-12-01,2026-02-01,0.733275192038592
723535,2025-12-01,2026-03-01,0.8579061084782602
723535,2025-11-01,2025-04-01,0.20992801980342093
723535,2025-11-01,2025-12-01,1.06400747359011
723535,2025-11-01,2026-01-01,0.5011788847192372
723535,2025-11-01,2026-02-01,0.696798582303238
723535,2025-11-01,2026-03-01,0.8011537062506497
723535,2025-10-01,2025-11-01,1.9782779941571542
723535,2025-10-01,2025-12-01,0.7573873990306518
723535,2025-10-01,2026-01-01,0.5134411000192795
723535,2025-10-01,2026-02-01,0.6947401734595755
723535,2025-10-01,2026-03-01,0.208
723535,2025-09-01,2025-10-01,3.273141982780589
723535,2025-09-01,2025-11-01,0.5024179941571599
723535,2025-09-01,2025-12-01,0.4413873990306518
723535,2025-09-01,2026-01-01,0.35644110001927953
723535,2025-09-01,2026-02-01,0.6714715240123241
723535,2025-08-01,2025-09-01,1.0
723535,2025-07-01,2025-08-01,3.333333333333333
723535,2025-07-01,2025-09-01,1.0
723535,2025-06-01,2025-07-01,5.946666666666667
723535,2025-06-01,2025-08-01,3.333333333333333
723535,2025-06-01,2025-10-01,1.0
723535,2025-05-01,2025-06-01,5.219106666666677
723535,2025-05-01,2025-07-01,7.103333461145004
723535,2025-05-01,2025-08-01,3.93643421920104
723535,2025-05-01,2025-09-01,0.2579295982358728
723535,2025-05-01,2025-10-01,1.2371827214180868
723535,2025-04-01,2025-05-01,7.0600000000000005
723535,2025-04-01,2025-06-01,2.666666666666667
723535,2025-04-01,2025-07-01,5.28
723535,2025-04-01,2025-08-01,2.933333333333333
723536,2026-03-01,2026-04-01,550.256104962406
723536,2026-03-01,2026-05-01,580.0
723536,2026-03-01,2026-06-01,500.0
723536,2026-03-01,2026-07-01,450.0
723536,2026-03-01,2026-08-01,530.0
723536,2026-02-01,2026-04-01,607.6812030075188
723536,2026-02-01,2026-05-01,675.0
723536,2026-02-01,2026-06-01,506.22857142857146
723536,2026-02-01,2026-07-01,447.0
723536,2026-02-01,2027-03-01,630.4493122352932
723536,2026-01-01,2026-04-01,623.9443609022557
723536,2026-01-01,2026-05-01,675.0
723536,2026-01-01,2026-06-01,506.22857142857146
723536,2026-01-01,2027-02-01,583.3041022033971
723536,2026-01-01,2027-03-01,630.7691853179999
723536,2025-12-01,2025-04-01,551.5338345864661
723536,2025-12-01,2025-05-01,625.0
723536,2025-12-01,2026-01-01,591.5654224742252
723536,2025-12-01,2026-02-01,568.95
723536,2025-12-01,2026-03-01,621.17
723536,2025-11-01,2025-04-01,373.003543436203
723536,2025-11-01,2025-12-01,404.8788157142857
723536,2025-11-01,2026-01-01,433.44960257025417
723536,2025-11-01,2026-02-01,488.945824759788
723536,2025-11-01,2026-03-01,431.165465318
723536,2025-10-01,2025-11-01,328.9433712322
723536,2025-10-01,2025-12-01,313.83198473898
723536,2025-10-01,2026-01-01,408.727967983788
723536,2025-10-01,2026-02-01,488.945824759788
723536,2025-10-01,2026-03-01,426.165465318
723536,2025-09-01,2025-10-01,480.75567937242863
723536,2025-09-01,2025-11-01,331.47316664000004
723536,2025-09-01,2025-12-01,313.834611206
723536,2025-09-01,2026-01-01,401.3459152925714
723536,2025-09-01,2026-02-01,488.94740064
723536,2025-08-01,2025-09-01,698.1762792142856
723536,2025-08-01,2025-10-01,468.3962792142857
723536,2025-08-01,2025-11-01,453.6819935
723536,2025-08-01,2025-12-01,264.0
723536,2025-08-01,2026-01-01,362.0
723536,2025-07-01,2025-08-01,678.0
723536,2025-07-01,2025-09-01,683.4619935
723536,2025-07-01,2025-10-01,453.6819935
723536,2025-07-01,2025-11-01,453.6819935
723536,2025-07-01,2025-12-01,264.0
723536,2025-06-01,2025-07-01,523.0
723536,2025-06-01,2025-08-01,678.0
723536,2025-06-01,2025-09-01,683.4619935
723536,2025-06-01,2025-10-01,453.6819935
723536,2025-06-01,2025-11-01,453.6819935
723536,2025-05-01,2025-06-01,330.706793384
723536,2025-05-01,2025-07-01,385.93237225
723536,2025-05-01,2025-08-01,348.195522091
723536,2025-05-01,2025-09-01,333.458671931
723536,2025-05-01,2025-10-01,353.684250801
723536,2025-04-01,2025-05-01,348.924858054
723536,2025-04-01,2025-06-01,258.706793384
723536,2025-04-01,2025-07-01,342.93237225
723536,2025-04-01,2025-08-01,308.195522091
723536,2025-04-01,2025-09-01,263.458671931
723538,2026-03-01,2026-04-01,12.0
723538,2026-03-01,2026-05-01,13.0
723538,2026-03-01,2026-06-01,12.0
723538,2026-03-01,2026-07-01,12.0
723538,2026-03-01,2026-08-01,13.0
723538,2026-02-01,2026-04-01,17.1
723538,2026-02-01,2026-05-01,14.6
723538,2026-02-01,2026-06-01,19.6
723538,2026-02-01,2026-07-01,12.6
723538,2026-02-01,2027-03-01,12.9
723538,2026-01-01,2026-04-01,7.928802352610959
723538,2026-01-01,2026-05-01,8.08901999460763
723538,2026-01-01,2026-06-01,6.220464114089127
723538,2026-01-01,2027-02-01,17.992669837
723538,2026-01-01,2027-03-01,12.89576334
723538,2025-12-01,2025-04-01,19.2
723538,2025-12-01,2025-05-01,16.7
723538,2025-12-01,2026-01-01,11.492669837
723538,2025-12-01,2026-02-01,17.992669837
723538,2025-12-01,2026-03-01,12.89576334
723538,2025-11-01,2025-04-01,7.051851459092171
723538,2025-11-01,2025-12-01,4.533792923
723538,2025-11-01,2026-01-01,11.492669837
723538,2025-11-01,2026-02-01,17.992669837
723538,2025-11-01,2026-03-01,12.89576334
723538,2025-10-01,2025-11-01,15.2745004997153
723538,2025-10-01,2025-12-01,11.7287080764194
723538,2025-10-01,2026-01-01,10.42845475962916
723538,2025-10-01,2026-02-01,10.74158185816417
723538,2025-10-01,2026-03-01,7.741581858164172
723538,2025-09-01,2025-10-01,10.23579422355414
723538,2025-09-01,2025-11-01,10.1593868430501
723538,2025-09-01,2025-12-01,11.7287080764194
723538,2025-09-01,2026-01-01,10.42845475962916
723538,2025-09-01,2026-02-01,7.741581858164172
723538,2025-08-01,2025-09-01,8.933792923
723538,2025-08-01,2025-10-01,9.992669837000001
723538,2025-08-01,2025-11-01,9.992669837000001
723538,2025-08-01,2025-12-01,12.5
723538,2025-08-01,2026-01-01,9.0
723538,2025-07-01,2025-08-01,10.809852088
723538,2025-07-01,2025-09-01,8.933792923
723538,2025-07-01,2025-10-01,9.992669837000001
723538,2025-07-01,2025-11-01,9.992669837000001
723538,2025-07-01,2025-12-01,12.5
723538,2025-06-01,2025-07-01,15.533792923
723538,2025-06-01,2025-08-01,10.809852088
723538,2025-06-01,2025-09-01,14.933792923
723538,2025-06-01,2025-10-01,9.992669837000001
723538,2025-06-01,2025-11-01,9.992669837000001
723538,2025-05-01,2025-06-01,10.5
723538,2025-05-01,2025-07-01,14.533792923
723538,2025-05-01,2025-08-01,12.809852088
723538,2025-05-01,2025-09-01,15.033792923
723538,2025-05-01,2025-10-01,11.292669837
723538,2025-04-01,2025-05-01,18.4
723538,2025-04-01,2025-06-01,6.8
723538,2025-04-01,2025-07-01,14.533792923
723538,2025-04-01,2025-08-01,10.809852088
723538,2025-04-01,2025-09-01,13.533792923
723540,2026-03-01,2026-04-01,1.5
723540,2026-03-01,2026-05-01,2.5
723540,2026-03-01,2026-06-01,1.5
723540,2026-03-01,2026-07-01,2.0
723540,2026-03-01,2026-08-01,1.5
723540,2026-02-01,2026-04-01,1.492648021
723540,2026-02-01,2026-05-01,2.374667307
723540,2026-02-01,2026-06-01,1.492648021
723540,2026-02-01,2026-07-01,2.0
723540,2026-02-01,2027-03-01,2.7139054930000004
723540,2026-01-01,2026-04-01,1.492648021
723540,2026-01-01,2026-05-01,2.374667307
723540,2026-01-01,2026-06-01,1.492648021
723540,2026-01-01,2027-02-01,1.492648021
723540,2026-01-01,2027-03-01,2.713905493
723540,2025-12-01,2025-04-01,1.828648021
723540,2025-12-01,2025-05-01,2.710667307
723540,2025-12-01,2026-01-01,2.0926480210000005
723540,2025-12-01,2026-02-01,1.492648021
723540,2025-12-01,2026-03-01,2.713905493
723540,2025-11-01,2025-04-01,1.608333948825273
723540,2025-11-01,2025-12-01,1.98816
723540,2025-11-01,2026-01-01,2.092648021
723540,2025-11-01,2026-02-01,1.492648021
723540,2025-11-01,2026-03-01,2.713905493
723540,2025-10-01,2025-11-01,2.29997022549787
723540,2025-10-01,2025-12-01,2.050891985416178
723540,2025-10-01,2026-01-01,2.170086950040368
723540,2025-10-01,2026-02-01,1.867624657161273
723540,2025-10-01,2026-03-01,1.867624657161273
723540,2025-09-01,2025-10-01,1.577267548822187
723540,2025-09-01,2025-11-01,1.54997022549787
723540,2025-09-01,2025-12-01,2.050891985416178
723540,2025-09-01,2026-01-01,2.170086950040368
723540,2025-09-01,2026-02-01,1.867624657161273
723540,2025-08-01,2025-09-01,1.409134712966468
723540,2025-08-01,2025-10-01,1.394463117682784
723540,2025-08-01,2025-11-01,1.610613849720499
723540,2025-08-01,2025-12-01,1.322761372243677
723540,2025-08-01,2026-01-01,1.707650177535216
723540,2025-07-01,2025-08-01,1.755506863750084
723540,2025-07-01,2025-09-01,1.420802748327327
723540,2025-07-01,2025-10-01,1.480978342720012
723540,2025-07-01,2025-11-01,1.62569261314843
723540,2025-07-01,2025-12-01,1.534441104260051
723540,2025-06-01,2025-07-01,1.241943663848864
723540,2025-06-01,2025-08-01,1.312094085959004
723540,2025-06-01,2025-09-01,1.456794922759954
723540,2025-06-01,2025-10-01,1.751859582548379
723540,2025-06-01,2025-11-01,1.704388456660626
723540,2025-05-01,2025-06-01,2.096190933
723540,2025-05-01,2025-07-01,2.874667307
723540,2025-05-01,2025-08-01,1.996190933
723540,2025-05-01,2025-09-01,2.874667307
723540,2025-05-01,2025-10-01,1.492648021
723540,2025-04-01,2025-05-01,2.374667307
723540,2025-04-01,2025-06-01,1.696190933
723540,2025-04-01,2025-07-01,2.374667307
723540,2025-04-01,2025-08-01,1.696190933
723540,2025-04-01,2025-09-01,2.374667307
723541,2026-03-01,2026-04-01,5.5
723541,2026-03-01,2026-05-01,6.0
723541,2026-03-01,2026-06-01,5.0
723541,2026-03-01,2026-07-01,4.498416051
723541,2026-03-01,2026-08-01,4.0
723541,2026-02-01,2026-04-01,5.0
723541,2026-02-01,2026-05-01,6.0
723541,2026-02-01,2026-06-01,4.0
723541,2026-02-01,2026-07-01,4.0
723541,2026-02-01,2027-03-01,8.623020063
723541,2026-01-01,2026-04-01,5.0
723541,2026-01-01,2026-05-01,6.0
723541,2026-01-01,2026-06-01,4.0
723541,2026-01-01,2027-02-01,5.498768039
723541,2026-01-01,2027-03-01,8.623020063
723541,2025-12-01,2025-04-01,3.0
723541,2025-12-01,2025-05-01,4.0
723541,2025-12-01,2026-01-01,7.5
723541,2025-12-01,2026-02-01,5.5
723541,2025-12-01,2026-03-01,8.62
723541,2025-11-01,2025-04-01,3.394790724124893
723541,2025-11-01,2025-12-01,5.0
723541,2025-11-01,2026-01-01,5.498064062
723541,2025-11-01,2026-02-01,3.498768039
723541,2025-11-01,2026-03-01,5.623020063
723541,2025-10-01,2025-11-01,3.498768039
723541,2025-10-01,2025-12-01,2.68655403
723541,2025-10-01,2026-01-01,5.498064062
723541,2025-10-01,2026-02-01,3.498768039
723541,2025-10-01,2026-03-01,5.623020063
723541,2025-09-01,2025-10-01,4.373460049
723541,2025-09-01,2025-11-01,3.498768039
723541,2025-09-01,2025-12-01,2.68655403
723541,2025-09-01,2026-01-01,5.498064062
723541,2025-09-01,2026-02-01,3.498768039
723541,2025-08-01,2025-09-01,3.015947099774719
723541,2025-08-01,2025-10-01,2.185768355678493
723541,2025-08-01,2025-11-01,2.892429466997898
723541,2025-08-01,2025-12-01,3.015947099774719
723541,2025-08-01,2026-01-01,3.015947099774719
723541,2025-07-01,2025-08-01,3.623724041
723541,2025-07-01,2025-09-01,2.749032031
723541,2025-07-01,2025-10-01,4.37
723541,2025-07-01,2025-11-01,4.37
723541,2025-07-01,2025-12-01,2.7
723541,2025-06-01,2025-07-01,4.498416051
723541,2025-06-01,2025-08-01,3.623724041
723541,2025-06-01,2025-09-01,2.749032031
723541,2025-06-01,2025-10-01,4.37
723541,2025-06-01,2025-11-01,4.37
723541,2025-05-01,2025-06-01,2.873988032
723541,2025-05-01,2025-07-01,5.598416051000001
723541,2025-05-01,2025-08-01,3.623724041
723541,2025-05-01,2025-09-01,2.749032031
723541,2025-05-01,2025-10-01,4.373460049
723541,2025-04-01,2025-05-01,1.817901542346276
723541,2025-04-01,2025-06-01,3.667347374535356
723541,2025-04-01,2025-07-01,3.427924739008319
723541,2025-04-01,2025-08-01,3.427924739008319
723541,2025-04-01,2025-09-01,3.427924739008319
723542,2026-03-01,2026-04-01,6.0
723542,2026-03-01,2026-05-01,7.0
723542,2026-03-01,2026-06-01,6.5
723542,2026-03-01,2026-07-01,6.0
723542,2026-03-01,2026-08-01,6.0
723542,2026-02-01,2026-04-01,6.0
723542,2026-02-01,2026-05-01,7.0
723542,2026-02-01,2026-06-01,5.0
723542,2026-02-01,2026-07-01,5.0
723542,2026-02-01,2027-03-01,6.741563748
723542,2026-01-01,2026-04-01,6.0
723542,2026-01-01,2026-05-01,7.0
723542,2026-01-01,2026-06-01,5.0
723542,2026-01-01,2027-02-01,5.439195221
723542,2026-01-01,2027-03-01,6.741563748
723542,2025-12-01,2025-04-01,4.0
723542,2025-12-01,2025-05-01,5.0
723542,2025-12-01,2026-01-01,6.55
723542,2025-12-01,2026-02-01,5.44
723542,2025-12-01,2026-03-01,6.74
723542,2025-11-01,2025-04-01,4.397965872952289
723542,2025-11-01,2025-12-01,5.0
723542,2025-11-01,2026-01-01,8.547306776
723542,2025-11-01,2026-02-01,5.439195221
723542,2025-11-01,2026-03-01,8.741563748
723542,2025-10-01,2025-11-01,5.439195221
723542,2025-10-01,2025-12-01,4.176524902
723542,2025-10-01,2026-01-01,8.547306776
723542,2025-10-01,2026-02-01,5.439195221
723542,2025-10-01,2026-03-01,8.741563748
723542,2025-09-01,2025-10-01,6.798994026
723542,2025-09-01,2025-11-01,5.439195221
723542,2025-09-01,2025-12-01,4.176524902
723542,2025-09-01,2026-01-01,8.547306776
723542,2025-09-01,2026-02-01,5.439195221
723542,2025-08-01,2025-09-01,3.939253468168581
723542,2025-08-01,2025-10-01,2.784056336134444
723542,2025-08-01,2025-11-01,4.178290242242795
723542,2025-08-01,2025-12-01,3.15540291046582
723542,2025-08-01,2026-01-01,3.049786906790677
723542,2025-07-01,2025-08-01,5.633452193
723542,2025-07-01,2025-09-01,4.273653388
723542,2025-07-01,2025-10-01,6.8
723542,2025-07-01,2025-11-01,6.8
723542,2025-07-01,2025-12-01,4.2
723542,2025-06-01,2025-07-01,6.993250999
723542,2025-06-01,2025-08-01,5.633452193
723542,2025-06-01,2025-09-01,4.273653388
723542,2025-06-01,2025-10-01,6.8
723542,2025-06-01,2025-11-01,6.8
723542,2025-05-01,2025-06-01,4.46791036
723542,2025-05-01,2025-07-01,6.993250999
723542,2025-05-01,2025-08-01,5.633452193
723542,2025-05-01,2025-09-01,4.273653388
723542,2025-05-01,2025-10-01,6.798994026
723542,2025-04-01,2025-05-01,2.513871470238167
723542,2025-04-01,2025-06-01,4.607732222917901
723542,2025-04-01,2025-07-01,3.237667388291295
723542,2025-04-01,2025-08-01,3.237667388291295
723542,2025-04-01,2025-09-01,3.237667388291295
723543,2026-03-01,2026-04-01,1.5
723543,2026-03-01,2026-05-01,2.0
723543,2026-03-01,2026-06-01,1.5
723543,2026-03-01,2026-07-01,2.0
723543,2026-03-01,2026-08-01,1.5
723543,2026-02-01,2026-04-01,1.463850953
723543,2026-02-01,2026-05-01,2.328853789
723543,2026-02-01,2026-06-01,1.463850953
723543,2026-02-01,2026-07-01,2.0
723543,2026-02-01,2027-03-01,2.661547188
723543,2026-01-01,2026-04-01,2.512330701359494
723543,2026-01-01,2026-05-01,1.694868533395647
723543,2026-01-01,2026-06-01,1.098223534969635
723543,2026-01-01,2027-02-01,1.3027113188527
723543,2026-01-01,2027-03-01,1.740347514610873
723543,2025-12-01,2025-04-01,1.963850953
723543,2025-12-01,2025-05-01,2.828853789
723543,2025-12-01,2026-01-01,2.063850953
723543,2025-12-01,2026-02-01,1.463850953
723543,2025-12-01,2026-03-01,2.661547188
723543,2025-11-01,2025-04-01,1.6207948165487
723543,2025-11-01,2025-12-01,1.49136
723543,2025-11-01,2026-01-01,2.063850953
723543,2025-11-01,2026-02-01,1.463850953
723543,2025-11-01,2026-03-01,2.661547188
723543,2025-10-01,2025-11-01,2.25006726287462
723543,2025-10-01,2025-12-01,2.011324936755108
723543,2025-10-01,2026-01-01,2.128220320676294
723543,2025-10-01,2026-02-01,1.8315933132047
723543,2025-10-01,2026-03-01,1.8315933132047
723543,2025-09-01,2025-10-01,0.9768113457454852
723543,2025-09-01,2025-11-01,0.9251605609047898
723543,2025-09-01,2025-12-01,0.9198783761433859
723543,2025-09-01,2026-01-01,1.275572672796841
723543,2025-09-01,2026-02-01,1.097813262296758
723543,2025-08-01,2025-09-01,1.318649573910097
723543,2025-08-01,2025-10-01,1.487509173190595
723543,2025-08-01,2025-11-01,0.9669393015473192
723543,2025-08-01,2025-12-01,1.188184791596279
723543,2025-08-01,2026-01-01,1.009650678985405
723543,2025-07-01,2025-08-01,1.000010997053897
723543,2025-07-01,2025-09-01,1.063878276768661
723543,2025-07-01,2025-10-01,1.110839139736538
723543,2025-07-01,2025-11-01,0.7499162208202508
723543,2025-07-01,2025-12-01,1.110839139736538
723543,2025-06-01,2025-07-01,0.9806092926127629
723543,2025-06-01,2025-08-01,0.9596313670642512
723543,2025-06-01,2025-09-01,0.6560464096558857
723543,2025-06-01,2025-10-01,1.159243264082053
723543,2025-06-01,2025-11-01,0.9271102026345044
723543,2025-05-01,2025-06-01,1.663466992
723543,2025-05-01,2025-07-01,2.928853789
723543,2025-05-01,2025-08-01,2.163466992
723543,2025-05-01,2025-09-01,2.828853789
723543,2025-05-01,2025-10-01,1.463850953
723543,2025-04-01,2025-05-01,2.325096229435758
723543,2025-04-01,2025-06-01,2.067036600026726
723543,2025-04-01,2025-07-01,1.156104542390124
723543,2025-04-01,2025-08-01,1.107478288983949
723543,2025-04-01,2025-09-01,1.363562928111504
723546,2026-03-01,2026-04-01,0.8
723546,2026-03-01,2026-05-01,0.8
723546,2026-03-01,2026-06-01,0.8
723546,2026-03-01,2026-07-01,0.8
723546,2026-03-01,2026-08-01,0.8
723546,2026-02-01,2026-04-01,0.8
723546,2026-02-01,2026-05-01,1.189624329
723546,2026-02-01,2026-06-01,0.8
723546,2026-02-01,2026-07-01,1.0
723546,2026-02-01,2027-03-01,1.359570662
723546,2026-01-01,2026-04-01,1.044079716318664
723546,2026-01-01,2026-05-01,1.109078635884291
723546,2026-01-01,2026-06-01,0.6876277092859393
723546,2026-01-01,2027-02-01,0.6939233243703661
723546,2026-01-01,2027-03-01,0.569348505572804
723546,2025-12-01,2025-04-01,1.6
723546,2025-12-01,2025-05-01,1.989624329
723546,2025-12-01,2026-01-01,0.747763864
723546,2025-12-01,2026-02-01,0.8522361360000001
723546,2025-12-01,2026-03-01,1.359570662
723546,2025-11-01,2025-04-01,0.8774683087795411
723546,2025-11-01,2025-12-01,0.6896243289999999
723546,2025-11-01,2026-01-01,0.747763864
723546,2025-11-01,2026-02-01,0.8522361360000001
723546,2025-11-01,2026-03-01,1.359570662
723546,2025-10-01,2025-11-01,1.150702644
723546,2025-10-01,2025-12-01,0.9132110256779062
723546,2025-10-01,2026-01-01,0.8671531111400117
723546,2025-10-01,2026-02-01,0.6278490617564592
723546,2025-10-01,2026-03-01,0.6278490617564592
723546,2025-09-01,2025-10-01,0.5090964755050266
723546,2025-09-01,2025-11-01,0.8779653666076678
723546,2025-09-01,2025-12-01,0.5660309123397691
723546,2025-09-01,2026-01-01,0.9444239981361371
723546,2025-09-01,2026-02-01,0.711804147771876
723546,2025-08-01,2025-09-01,1.189624329
723546,2025-08-01,2025-10-01,0.747763864
723546,2025-08-01,2025-11-01,0.747763864
723546,2025-08-01,2025-12-01,1.18
723546,2025-08-01,2026-01-01,0.74
723546,2025-07-01,2025-08-01,1.18690069881927
723546,2025-07-01,2025-09-01,0.7171536671526382
723546,2025-07-01,2025-10-01,0.5896739120431819
723546,2025-07-01,2025-11-01,1.269926272148141
723546,2025-07-01,2025-12-01,0.6990304660826538
723546,2025-06-01,2025-07-01,1.189624329
723546,2025-06-01,2025-08-01,0.849731664
723546,2025-06-01,2025-09-01,1.189624329
723546,2025-06-01,2025-10-01,0.747763864
723546,2025-06-01,2025-11-01,0.747763864
723546,2025-05-01,2025-06-01,0.849731664
723546,2025-05-01,2025-07-01,1.189624329
723546,2025-05-01,2025-08-01,0.849731664
723546,2025-05-01,2025-09-01,1.389624329
723546,2025-05-01,2025-10-01,1.0
723546,2025-04-01,2025-05-01,1.189624329
723546,2025-04-01,2025-06-01,0.849731664
723546,2025-04-01,2025-07-01,1.189624329
723546,2025-04-01,2025-08-01,0.849731664
723546,2025-04-01,2025-09-01,1.189624329
724058,2026-03-01,2026-04-01,0.6828386213764557
724058,2026-03-01,2026-05-01,0.4474223725600023
724058,2026-03-01,2026-06-01,0.4277866229025475
724058,2026-03-01,2026-07-01,0.5079236177809113
724058,2026-03-01,2026-08-01,0.4290497706977384
724058,2026-02-01,2026-04-01,0.7778433325115088
724058,2026-02-01,2026-05-01,0.7573874988195588
724058,2026-02-01,2026-06-01,0.58
724058,2026-02-01,2026-07-01,0.62
724058,2026-02-01,2027-03-01,0.742434146752386
724058,2026-01-01,2026-04-01,0.8616547499999989
724058,2026-01-01,2026-05-01,0.6658499999999964
724058,2026-01-01,2026-06-01,0.5782314999999979
724058,2026-01-01,2027-02-01,0.8306391520566053
724058,2026-01-01,2027-03-01,0.7024341467523859
724058,2025-12-01,2025-04-01,1.024153124999999
724058,2025-12-01,2025-05-01,0.7385937499999963
724058,2025-12-01,2026-01-01,0.8798389024239819
724058,2025-12-01,2026-02-01,0.8681391520566053
724058,2025-12-01,2026-03-01,0.742434146752386
724058,2025-11-01,2025-04-01,0.747434146752386
724058,2025-11-01,2025-12-01,1.85
724058,2025-11-01,2026-01-01,0.8798389024239819
724058,2025-11-01,2026-02-01,0.8681391520566053
724058,2025-11-01,2026-03-01,0.742434146752386
724058,2025-10-01,2025-11-01,1.85
724058,2025-10-01,2025-12-01,0.9000000000000001
724058,2025-10-01,2026-01-01,0.88
724058,2025-10-01,2026-02-01,0.3899303263876242
724058,2025-10-01,2026-03-01,0.46
724058,2025-09-01,2025-10-01,1.59
724058,2025-09-01,2025-11-01,1.95
724058,2025-09-01,2025-12-01,0.9000000000000001
724058,2025-09-01,2026-01-01,0.88
724058,2025-09-01,2026-02-01,0.3899303263876242
724058,2025-08-01,2025-09-01,0.9700000000000001
724058,2025-08-01,2025-10-01,1.41
724058,2025-08-01,2025-11-01,1.85
724058,2025-08-01,2025-12-01,0.9
724058,2025-08-01,2026-01-01,0.78
724058,2025-07-01,2025-08-01,0.38
724058,2025-07-01,2025-09-01,1.12
724058,2025-07-01,2025-10-01,1.41
724058,2025-07-01,2025-11-01,1.85
724058,2025-07-01,2025-12-01,0.9
724058,2025-06-01,2025-07-01,0.3557
724058,2025-06-01,2025-08-01,0.37525
724058,2025-06-01,2025-09-01,1.1192
724058,2025-06-01,2025-10-01,1.41425
724058,2025-06-01,2025-11-01,1.85
724058,2025-05-01,2025-06-01,0.49
724058,2025-05-01,2025-07-01,0.31
724058,2025-05-01,2025-08-01,0.33
724058,2025-05-01,2025-09-01,0.97
724058,2025-05-01,2025-10-01,1.24
724058,2025-04-01,2025-05-01,0.62
724058,2025-04-01,2025-06-01,0.49
724058,2025-04-01,2025-07-01,0.31
724058,2025-04-01,2025-08-01,0.33
724058,2025-04-01,2025-09-01,0.97
724059,2026-03-01,2026-04-01,0.8477917440679567
724059,2026-03-01,2026-05-01,0.5676296725371733
724059,2026-03-01,2026-06-01,0.508949291769858
724059,2026-03-01,2026-07-01,0.6575680274301782
724059,2026-03-01,2026-08-01,0.5073123510793306
724059,2026-02-01,2026-04-01,0.7756165183025875
724059,2026-02-01,2026-05-01,0.7536201827632534
724059,2026-02-01,2026-06-01,0.58
724059,2026-02-01,2026-07-01,0.69
724059,2026-02-01,2027-03-01,0.9123656376108734
724059,2026-01-01,2026-04-01,0.8591879999999837
724059,2026-01-01,2026-05-01,0.6625379999999955
724059,2026-01-01,2026-06-01,0.5773459999999971
724059,2026-01-01,2027-02-01,0.6916606323066542
724059,2026-01-01,2027-03-01,0.8423656376108735
724059,2025-12-01,2025-04-01,1.056349999999981
724059,2025-12-01,2025-05-01,0.7701437499999952
724059,2025-12-01,2026-01-01,0.6201610975760181
724059,2025-12-01,2026-02-01,0.7866606323066542
724059,2025-12-01,2026-03-01,0.9123656376108735
724059,2025-11-01,2025-04-01,0.9223656376108734
724059,2025-11-01,2025-12-01,1.4
724059,2025-11-01,2026-01-01,0.6201610975760181
724059,2025-11-01,2026-02-01,0.7866606323066542
724059,2025-11-01,2026-03-01,0.9123656376108735
724059,2025-10-01,2025-11-01,1.9
724059,2025-10-01,2025-12-01,0.84
724059,2025-10-01,2026-01-01,0.62
724059,2025-10-01,2026-02-01,0.3836247347986223
724059,2025-10-01,2026-03-01,0.46
724059,2025-09-01,2025-10-01,1.5
724059,2025-09-01,2025-11-01,1.92
724059,2025-09-01,2025-12-01,0.84
724059,2025-09-01,2026-01-01,0.47
724059,2025-09-01,2026-02-01,0.3836247347986223
724059,2025-08-01,2025-09-01,0.79
724059,2025-08-01,2025-10-01,1.4
724059,2025-08-01,2025-11-01,1.8
724059,2025-08-01,2025-12-01,0.84
724059,2025-08-01,2026-01-01,0.37
724059,2025-07-01,2025-08-01,0.37
724059,2025-07-01,2025-09-01,0.91
724059,2025-07-01,2025-10-01,1.4
724059,2025-07-01,2025-11-01,1.8
724059,2025-07-01,2025-12-01,0.84
724059,2025-06-01,2025-07-01,0.261
724059,2025-06-01,2025-08-01,0.3748
724059,2025-06-01,2025-09-01,0.9105
724059,2025-06-01,2025-10-01,1.3972
724059,2025-06-01,2025-11-01,1.8
724059,2025-05-01,2025-06-01,0.41
724059,2025-05-01,2025-07-01,0.23
724059,2025-05-01,2025-08-01,0.32
724059,2025-05-01,2025-09-01,0.79
724059,2025-05-01,2025-10-01,1.2
724059,2025-04-01,2025-05-01,0.59
724059,2025-04-01,2025-06-01,0.41
724059,2025-04-01,2025-07-01,0.23
724059,2025-04-01,2025-08-01,0.32
724059,2025-04-01,2025-09-01,0.79
724060,2026-03-01,2026-04-01,0.3165700645706843
724060,2026-03-01,2026-05-01,0.4108012464874709
724060,2026-03-01,2026-06-01,0.1635480000000004
724060,2026-03-01,2026-07-01,0.2051370000000009
724060,2026-03-01,2026-08-01,0.2548170000000007
724060,2026-02-01,2026-04-01,0.3165700645706843
724060,2026-02-01,2026-05-01,0.4564458294305231
724060,2026-02-01,2026-06-01,0.18
724060,2026-02-01,2026-07-01,0.23
724060,2026-02-01,2027-03-01,0.3775024833026437
724060,2026-01-01,2026-04-01,0.3506800000000007
724060,2026-01-01,2026-05-01,0.4012799999999995
724060,2026-01-01,2026-06-01,0.1817200000000004
724060,2026-01-01,2027-02-01,0.221105133025264
724060,2026-01-01,2027-03-01,0.3175024833026437
724060,2025-12-01,2025-04-01,0.3747400000000007
724060,2025-12-01,2025-05-01,0.3911199999999996
724060,2025-12-01,2026-01-01,0.5223307363107663
724060,2025-12-01,2026-02-01,0.341105133025264
724060,2025-12-01,2026-03-01,0.3775024833026437
724060,2025-11-01,2025-04-01,0.3575024833026437
724060,2025-11-01,2025-12-01,1.8
724060,2025-11-01,2026-01-01,0.5223307363107663
724060,2025-11-01,2026-02-01,0.341105133025264
724060,2025-11-01,2026-03-01,0.3775024833026437
724060,2025-10-01,2025-11-01,3.16
724060,2025-10-01,2025-12-01,1.07
724060,2025-10-01,2026-01-01,0.42
724060,2025-10-01,2026-02-01,0.1818092498250147
724060,2025-10-01,2026-03-01,0.15
724060,2025-09-01,2025-10-01,2.31
724060,2025-09-01,2025-11-01,3.395
724060,2025-09-01,2025-12-01,1.22
724060,2025-09-01,2026-01-01,0.51
724060,2025-09-01,2026-02-01,0.1818092498250147
724060,2025-08-01,2025-09-01,1.08
724060,2025-08-01,2025-10-01,2.3
724060,2025-08-01,2025-11-01,3.16
724060,2025-08-01,2025-12-01,1.07
724060,2025-08-01,2026-01-01,0.52
724060,2025-07-01,2025-08-01,0.48
724060,2025-07-01,2025-09-01,1.24
724060,2025-07-01,2025-10-01,2.3
724060,2025-07-01,2025-11-01,3.16
724060,2025-07-01,2025-12-01,1.07
724060,2025-06-01,2025-07-01,0.2402
724060,2025-06-01,2025-08-01,0.482
724060,2025-06-01,2025-09-01,1.2416
724060,2025-06-01,2025-10-01,2.303
724060,2025-06-01,2025-11-01,3.162
724060,2025-05-01,2025-06-01,0.22
724060,2025-05-01,2025-07-01,0.21
724060,2025-05-01,2025-08-01,0.4199999999999999
724060,2025-05-01,2025-09-01,1.08
724060,2025-05-01,2025-10-01,2.1
724060,2025-04-01,2025-05-01,0.31
724060,2025-04-01,2025-06-01,0.22
724060,2025-04-01,2025-07-01,0.21
724060,2025-04-01,2025-08-01,0.4199999999999999
724060,2025-04-01,2025-09-01,1.08
724061,2026-03-01,2026-04-01,0.2451729891546482
724061,2026-03-01,2026-05-01,0.2754235629859173
724061,2026-03-01,2026-06-01,0.1884959999999986
724061,2026-03-01,2026-07-01,0.2159009999999995
724061,2026-03-01,2026-08-01,0.1754324999999998
724061,2026-02-01,2026-04-01,0.2451729891546482
724061,2026-02-01,2026-05-01,0.3060261810954636
724061,2026-02-01,2026-06-01,0.21
724061,2026-02-01,2026-07-01,0.24
724061,2026-02-01,2027-03-01,0.1843942467904499
724061,2026-01-01,2026-04-01,0.2715900000000002
724061,2026-01-01,2026-05-01,0.2690399999999991
724061,2026-01-01,2026-06-01,0.2094399999999984
724061,2026-01-01,2027-02-01,0.1607915970678296
724061,2026-01-01,2027-03-01,0.1543942467904499
724061,2025-12-01,2025-04-01,0.2792450000000002
724061,2025-12-01,2025-05-01,0.2554099999999992
724061,2025-12-01,2026-01-01,0.4776692636892336
724061,2025-12-01,2026-02-01,0.2207915970678296
724061,2025-12-01,2026-03-01,0.1843942467904499
724061,2025-11-01,2025-04-01,0.1743942467904498
724061,2025-11-01,2025-12-01,1.9
724061,2025-11-01,2026-01-01,0.4776692636892336
724061,2025-11-01,2026-02-01,0.2207915970678296
724061,2025-11-01,2026-03-01,0.1843942467904499
724061,2025-10-01,2025-11-01,2.25
724061,2025-10-01,2025-12-01,1.17
724061,2025-10-01,2026-01-01,0.48
724061,2025-10-01,2026-02-01,0.1344910605291952
724061,2025-10-01,2026-03-01,0.11
724061,2025-09-01,2025-10-01,1.95
724061,2025-09-01,2025-11-01,2.81
724061,2025-09-01,2025-12-01,1.17
724061,2025-09-01,2026-01-01,0.48
724061,2025-09-01,2026-02-01,0.1344910605291952
724061,2025-08-01,2025-09-01,1.09
724061,2025-08-01,2025-10-01,1.84
724061,2025-08-01,2025-11-01,2.25
724061,2025-08-01,2025-12-01,1.17
724061,2025-08-01,2026-01-01,0.48
724061,2025-07-01,2025-08-01,0.27
724061,2025-07-01,2025-09-01,1.25
724061,2025-07-01,2025-10-01,1.84
724061,2025-07-01,2025-11-01,2.25
724061,2025-07-01,2025-12-01,1.17
724061,2025-06-01,2025-07-01,0.1615
724061,2025-06-01,2025-08-01,0.2711
724061,2025-06-01,2025-09-01,1.2509
724061,2025-06-01,2025-10-01,1.8423
724061,2025-06-01,2025-11-01,2.2523
724061,2025-05-01,2025-06-01,0.19
724061,2025-05-01,2025-07-01,0.14
724061,2025-05-01,2025-08-01,0.23
724061,2025-05-01,2025-09-01,1.09
724061,2025-05-01,2025-10-01,1.5
724061,2025-04-01,2025-05-01,0.23
724061,2025-04-01,2025-06-01,0.19
724061,2025-04-01,2025-07-01,0.14
724061,2025-04-01,2025-08-01,0.23
724061,2025-04-01,2025-09-01,1.09
724119,2026-03-01,2026-04-01,15.0
724119,2026-03-01,2026-05-01,18.0
724119,2026-03-01,2026-06-01,13.0
724119,2026-03-01,2026-07-01,12.0
724119,2026-03-01,2026-08-01,12.0
724119,2026-02-01,2026-04-01,15.0
724119,2026-02-01,2026-05-01,18.0
724119,2026-02-01,2026-06-01,13.0
724119,2026-02-01,2026-07-01,13.0
724119,2026-02-01,2027-03-01,12.28823286
724119,2026-01-01,2026-04-01,15.0
724119,2026-01-01,2026-05-01,18.0
724119,2026-01-01,2026-06-01,13.0
724119,2026-01-01,2027-02-01,12.64601156
724119,2026-01-01,2027-03-01,12.28823286
724119,2025-12-01,2025-04-01,13.0
724119,2025-12-01,2025-05-01,14.0
724119,2025-12-01,2026-01-01,12.02
724119,2025-12-01,2026-02-01,12.65
724119,2025-12-01,2026-03-01,12.29
724119,2025-11-01,2025-04-01,12.12449805353175
724119,2025-11-01,2025-12-01,16.0
724119,2025-11-01,2026-01-01,12.01516102
724119,2025-11-01,2026-02-01,9.64601156
724119,2025-11-01,2026-03-01,12.28823286
724119,2025-10-01,2025-11-01,7.64601156
724119,2025-10-01,2025-12-01,5.87104459
724119,2025-10-01,2026-01-01,12.01516102
724119,2025-10-01,2026-02-01,7.64601156
724119,2025-10-01,2026-03-01,12.28823286
724119,2025-09-01,2025-10-01,9.557514449
724119,2025-09-01,2025-11-01,7.64601156
724119,2025-09-01,2025-12-01,5.87104459
724119,2025-09-01,2026-01-01,12.01516102
724119,2025-09-01,2026-02-01,7.64601156
724119,2025-08-01,2025-09-01,6.007580511
724119,2025-08-01,2025-10-01,9.557514449
724119,2025-08-01,2025-11-01,9.557514449
724119,2025-08-01,2025-12-01,5.87104459
724119,2025-08-01,2026-01-01,12.01516102
724119,2025-07-01,2025-08-01,8.11
724119,2025-07-01,2025-09-01,6.007580511
724119,2025-07-01,2025-10-01,9.557514449
724119,2025-07-01,2025-11-01,9.557514449
724119,2025-07-01,2025-12-01,5.87104459
724119,2025-06-01,2025-07-01,19.759999999999998
724119,2025-06-01,2025-08-01,20.509999999999998
724119,2025-06-01,2025-09-01,6.007580511
724119,2025-06-01,2025-10-01,9.557514449
724119,2025-06-01,2025-11-01,9.557514449
724119,2025-05-01,2025-06-01,8.280652352
724119,2025-05-01,2025-07-01,21.130586291
724119,2025-05-01,2025-08-01,10.919083401
724119,2025-05-01,2025-09-01,10.007580511
724119,2025-05-01,2025-10-01,11.557514449
724119,2025-04-01,2025-05-01,10.92287366
724119,2025-04-01,2025-06-01,6.280652352
724119,2025-04-01,2025-07-01,19.830586291
724119,2025-04-01,2025-08-01,7.919083401
724119,2025-04-01,2025-09-01,6.007580511
724120,2026-03-01,2026-04-01,0.33
724120,2026-03-01,2026-05-01,0.33
724120,2026-03-01,2026-06-01,0.33
724120,2026-03-01,2026-07-01,0.33
724120,2026-03-01,2026-08-01,0.33
724120,2026-02-01,2026-04-01,0.33
724120,2026-02-01,2026-05-01,0.33
724120,2026-02-01,2026-06-01,0.33
724120,2026-02-01,2026-07-01,0.3267904093244411
724120,2026-02-01,2027-03-01,0.33
724120,2026-01-01,2026-04-01,0.33
724120,2026-01-01,2026-05-01,0.3267904093244411
724120,2026-01-01,2026-06-01,0.1518186736772202
724120,2026-01-01,2027-02-01,0.33
724120,2026-01-01,2027-03-01,0.33
724120,2025-12-01,2025-04-01,0.3267904093244411
724120,2025-12-01,2025-05-01,0.3267904093244411
724120,2025-12-01,2026-01-01,0.3734774933804074
724120,2025-12-01,2026-02-01,0.4019101484209243
724120,2025-12-01,2026-03-01,0.3267904093244411
724120,2025-11-01,2025-04-01,0.3267904093244411
724120,2025-11-01,2025-12-01,0.3309494551631833
724120,2025-11-01,2026-01-01,0.3734774933804074
724120,2025-11-01,2026-02-01,0.4019101484209243
724120,2025-11-01,2026-03-01,0.3267904093244411
724120,2025-10-01,2025-11-01,0.28
724120,2025-10-01,2025-12-01,0.3
724120,2025-10-01,2026-01-01,0.37
724120,2025-10-01,2026-02-01,0.2908074706843375
724120,2025-10-01,2026-03-01,0.5978399999999999
724120,2025-09-01,2025-10-01,0.35
724120,2025-09-01,2025-11-01,0.28
724120,2025-09-01,2025-12-01,0.3
724120,2025-09-01,2026-01-01,0.37
724120,2025-09-01,2026-02-01,0.2116913993515908
724120,2025-08-01,2025-09-01,0.28
724120,2025-08-01,2025-10-01,0.35
724120,2025-08-01,2025-11-01,0.28
724120,2025-08-01,2025-12-01,0.3
724120,2025-08-01,2026-01-01,0.37
724120,2025-07-01,2025-08-01,0.36
724120,2025-07-01,2025-09-01,0.32
724120,2025-07-01,2025-10-01,0.35
724120,2025-07-01,2025-11-01,0.28
724120,2025-07-01,2025-12-01,0.3
724120,2025-06-01,2025-07-01,0.2363
724120,2025-06-01,2025-08-01,0.3641
724120,2025-06-01,2025-09-01,0.3163
724120,2025-06-01,2025-10-01,0.3542
724120,2025-06-01,2025-11-01,0.2835
724120,2025-05-01,2025-06-01,0.34
724120,2025-05-01,2025-07-01,0.21
724120,2025-05-01,2025-08-01,0.3
724120,2025-05-01,2025-09-01,0.28
724120,2025-05-01,2025-10-01,0.37
724120,2025-04-01,2025-05-01,0.41
724120,2025-04-01,2025-06-01,0.34
724120,2025-04-01,2025-07-01,0.21
724120,2025-04-01,2025-08-01,0.3
724120,2025-04-01,2025-09-01,0.28
724121,2026-03-01,2026-04-01,0.67
724121,2026-03-01,2026-05-01,0.67
724121,2026-03-01,2026-06-01,0.67
724121,2026-03-01,2026-07-01,0.67
724121,2026-03-01,2026-08-01,0.67
724121,2026-02-01,2026-04-01,0.67
724121,2026-02-01,2026-05-01,0.67
724121,2026-02-01,2026-06-01,0.67
724121,2026-02-01,2026-07-01,0.667868534098646
724121,2026-02-01,2027-03-01,0.67
724121,2026-01-01,2026-04-01,0.67
724121,2026-01-01,2026-05-01,0.667868534098646
724121,2026-01-01,2026-06-01,0.2935223828996953
724121,2026-01-01,2027-02-01,0.67
724121,2026-01-01,2027-03-01,0.67
724121,2025-12-01,2025-04-01,0.7928685340986457
724121,2025-12-01,2025-05-01,0.667868534098646
724121,2025-12-01,2026-01-01,0.5565225066195928
724121,2025-12-01,2026-02-01,0.7177487950021626
724121,2025-12-01,2026-03-01,0.7928685340986457
724121,2025-11-01,2025-04-01,0.7928685340986457
724121,2025-11-01,2025-12-01,0.6550077191725256
724121,2025-11-01,2026-01-01,0.5565225066195928
724121,2025-11-01,2026-02-01,0.7177487950021626
724121,2025-11-01,2026-03-01,0.7928685340986457
724121,2025-10-01,2025-11-01,0.88
724121,2025-10-01,2025-12-01,0.6
724121,2025-10-01,2026-01-01,0.56
724121,2025-10-01,2026-02-01,0.3915593658140412
724121,2025-10-01,2026-03-01,0.70336
724121,2025-09-01,2025-10-01,0.66
724121,2025-09-01,2025-11-01,0.88
724121,2025-09-01,2025-12-01,0.6
724121,2025-09-01,2026-01-01,0.56
724121,2025-09-01,2026-02-01,0.4283086006484096
724121,2025-08-01,2025-09-01,0.47
724121,2025-08-01,2025-10-01,0.66
724121,2025-08-01,2025-11-01,0.88
724121,2025-08-01,2025-12-01,0.6
724121,2025-08-01,2026-01-01,0.56
724121,2025-07-01,2025-08-01,0.56
724121,2025-07-01,2025-09-01,0.54
724121,2025-07-01,2025-10-01,0.66
724121,2025-07-01,2025-11-01,0.88
724121,2025-07-01,2025-12-01,0.6
724121,2025-06-01,2025-07-01,0.4398
724121,2025-06-01,2025-08-01,0.5571999999999999
724121,2025-06-01,2025-09-01,0.5432
724121,2025-06-01,2025-10-01,0.6592
724121,2025-06-01,2025-11-01,0.8814000000000001
724121,2025-05-01,2025-06-01,0.59
724121,2025-05-01,2025-07-01,0.38
724121,2025-05-01,2025-08-01,0.49
724121,2025-05-01,2025-09-01,0.47
724121,2025-05-01,2025-10-01,0.51
724121,2025-04-01,2025-05-01,0.69
724121,2025-04-01,2025-06-01,0.59
724121,2025-04-01,2025-07-01,0.38
724121,2025-04-01,2025-08-01,0.49
724121,2025-04-01,2025-09-01,0.47
724950,2026-03-01,2026-04-01,0.5
724950,2026-03-01,2026-05-01,0.8
724950,2026-03-01,2026-06-01,0.5
724950,2026-03-01,2026-07-01,0.5
724950,2026-03-01,2026-08-01,0.5
724950,2026-02-01,2026-04-01,1.32
724950,2026-02-01,2026-05-01,1.65
724950,2026-02-01,2026-06-01,1.3
724950,2026-02-01,2026-07-01,1.0
724950,2026-02-01,2027-03-01,1.0
724950,2026-01-01,2026-04-01,1.2
724950,2026-01-01,2026-05-01,1.5
724950,2026-01-01,2026-06-01,1.2
724950,2026-01-01,2027-02-01,0.5
724950,2026-01-01,2027-03-01,1.0
724950,2025-12-01,2025-04-01,1.2
724950,2025-12-01,2025-05-01,1.5
724950,2025-12-01,2026-01-01,0.5
724950,2025-12-01,2026-02-01,0.5
724950,2025-12-01,2026-03-01,1.0
724950,2025-11-01,2025-04-01,1.0
724950,2025-11-01,2025-12-01,2.0
724950,2025-11-01,2026-01-01,0.5
724950,2025-11-01,2026-02-01,0.5
724950,2025-11-01,2026-03-01,1.0
725248,2026-03-01,2026-04-01,1.5
725248,2026-03-01,2026-05-01,2.0
725248,2026-03-01,2026-06-01,1.5
725248,2026-03-01,2026-07-01,1.0
725248,2026-03-01,2026-08-01,1.0
725248,2026-02-01,2026-04-01,1.0
725248,2026-02-01,2026-05-01,1.0
725248,2026-02-01,2026-06-01,1.0
725248,2026-02-01,2026-07-01,1.0
725248,2026-02-01,2027-03-01,2.181718011
725248,2026-01-01,2026-04-01,1.0
725248,2026-01-01,2026-05-01,1.0
725248,2026-01-01,2026-06-01,1.0
725248,2026-01-01,2027-02-01,2.0
725248,2026-01-01,2027-03-01,2.181718011
725248,2025-12-01,2025-04-01,1.0
725248,2025-12-01,2025-05-01,1.0
725248,2025-12-01,2026-01-01,2.02
725248,2025-12-01,2026-02-01,2.0
725248,2025-12-01,2026-03-01,2.18
725248,2025-11-01,2025-04-01,2.079233851818679
725248,2025-11-01,2025-12-01,3.431265272
725248,2025-11-01,2026-01-01,2.022124278
725248,2025-11-01,2026-02-01,2.46862454
725248,2025-11-01,2026-03-01,2.181718011
725248,2025-10-01,2025-11-01,4.46862454
725248,2025-10-01,2025-12-01,3.431265272
725248,2025-10-01,2026-01-01,7.022124278
725248,2025-10-01,2026-02-01,4.46862454
725248,2025-10-01,2026-03-01,7.181718011
725248,2025-09-01,2025-10-01,5.585780675
725248,2025-09-01,2025-11-01,4.46862454
725248,2025-09-01,2025-12-01,3.431265272
725248,2025-09-01,2026-01-01,7.022124278
725248,2025-09-01,2026-02-01,4.46862454
725248,2025-08-01,2025-09-01,3.511062139
725248,2025-08-01,2025-10-01,5.585780675
725248,2025-08-01,2025-11-01,5.585780675
725248,2025-08-01,2025-12-01,3.431265272
725248,2025-08-01,2026-01-01,7.022124278
725248,2025-07-01,2025-08-01,4.628218274
725248,2025-07-01,2025-09-01,3.511062139
725248,2025-07-01,2025-10-01,5.585780675
725248,2025-07-01,2025-11-01,5.585780675
725248,2025-07-01,2025-12-01,3.431265272
725248,2025-06-01,2025-07-01,5.745374409
725248,2025-06-01,2025-08-01,4.628218274
725248,2025-06-01,2025-09-01,3.511062139
725248,2025-06-01,2025-10-01,5.585780675
725248,2025-06-01,2025-11-01,5.585780675
725248,2025-05-01,2025-06-01,3.670655872
725248,2025-05-01,2025-07-01,5.745374409
725248,2025-05-01,2025-08-01,4.628218274
725248,2025-05-01,2025-09-01,3.511062139
725248,2025-05-01,2025-10-01,5.585780675
725248,2025-04-01,2025-05-01,6.383749343
725248,2025-04-01,2025-06-01,3.670655872
725248,2025-04-01,2025-07-01,5.745374409
725248,2025-04-01,2025-08-01,4.628218274
725248,2025-04-01,2025-09-01,3.511062139
725314,2026-03-01,2026-04-01,0.7
725314,2026-03-01,2026-05-01,0.8
725314,2026-03-01,2026-06-01,0.7
725314,2026-03-01,2026-07-01,0.6
725314,2026-03-01,2026-08-01,0.7
725314,2026-02-01,2026-04-01,0.7
725314,2026-02-01,2026-05-01,1.226275143
725314,2026-02-01,2026-06-01,0.7
725314,2026-02-01,2026-07-01,0.6
725314,2026-02-01,2027-03-01,1.401457306
725314,2026-01-01,2026-04-01,0.9
725314,2026-01-01,2026-05-01,1.226275143
725314,2026-01-01,2026-06-01,0.9
725314,2026-01-01,2027-02-01,0.718801518
725314,2026-01-01,2027-03-01,1.617457306
725314,2025-12-01,2025-04-01,1.5
725314,2025-12-01,2025-05-01,2.026275143
725314,2025-12-01,2026-01-01,0.9682951756
725314,2025-12-01,2026-02-01,0.718801518
725314,2025-12-01,2026-03-01,1.617457306
725314,2025-11-01,2025-04-01,0.8827550836451343
725314,2025-11-01,2025-12-01,0.6262751430000001
725314,2025-11-01,2026-01-01,0.9682951756
725314,2025-11-01,2026-02-01,0.718801518
725314,2025-11-01,2026-03-01,1.617457306
725314,2025-10-01,2025-11-01,1.17885346
725314,2025-10-01,2025-12-01,1.147507642895853
725314,2025-10-01,2026-01-01,0.8938689960620292
725314,2025-10-01,2026-02-01,0.8533540388851343
725314,2025-10-01,2026-03-01,0.8533540388851343
725314,2025-09-01,2025-10-01,0.7895553294713706
725314,2025-09-01,2025-11-01,0.7836615167226646
725314,2025-09-01,2025-12-01,1.147507642895853
725314,2025-09-01,2026-01-01,0.8938689960620292
725314,2025-09-01,2026-02-01,0.8533540388851343
725314,2025-08-01,2025-09-01,1.226275143
725314,2025-08-01,2025-10-01,0.770801518
725314,2025-08-01,2025-11-01,0.7708015179999999
725314,2025-08-01,2025-12-01,1.2
725314,2025-08-01,2026-01-01,0.77
725314,2025-07-01,2025-08-01,0.875910816
725314,2025-07-01,2025-09-01,1.226275143
725314,2025-07-01,2025-10-01,0.770801518
725314,2025-07-01,2025-11-01,0.7708015179999999
725314,2025-07-01,2025-12-01,1.2
725314,2025-06-01,2025-07-01,1.226275143
725314,2025-06-01,2025-08-01,0.875910816
725314,2025-06-01,2025-09-01,1.226275143
725314,2025-06-01,2025-10-01,0.770801518
725314,2025-06-01,2025-11-01,0.7708015179999999
725314,2025-05-01,2025-06-01,0.875910816
725314,2025-05-01,2025-07-01,1.226275143
725314,2025-05-01,2025-08-01,0.875910816
725314,2025-05-01,2025-09-01,1.226275143
725314,2025-05-01,2025-10-01,1.0
725314,2025-04-01,2025-05-01,1.226275143
725314,2025-04-01,2025-06-01,0.875910816
725314,2025-04-01,2025-07-01,1.226275143
725314,2025-04-01,2025-08-01,0.875910816
725314,2025-04-01,2025-09-01,1.226275143
725315,2026-03-01,2026-04-01,1.5
725315,2026-03-01,2026-05-01,2.0
725315,2026-03-01,2026-06-01,1.5
725315,2026-03-01,2026-07-01,1.2
725315,2026-03-01,2026-08-01,1.4
725315,2026-02-01,2026-04-01,1.208516951
725315,2026-02-01,2026-05-01,1.922640604
725315,2026-02-01,2026-06-01,1.208516951
725315,2026-02-01,2026-07-01,1.2
725315,2026-02-01,2027-03-01,5.897303547
725315,2026-01-01,2026-04-01,1.208516951
725315,2026-01-01,2026-05-01,1.922640604
725315,2026-01-01,2026-06-01,1.208516951
725315,2026-01-01,2027-02-01,1.208516951
725315,2026-01-01,2027-03-01,2.697303547
725315,2025-12-01,2025-04-01,1.496516951
725315,2025-12-01,2025-05-01,2.210640604
725315,2025-12-01,2026-01-01,1.208516951
725315,2025-12-01,2026-02-01,1.208516951
725315,2025-12-01,2026-03-01,2.697303547
725315,2025-11-01,2025-04-01,1.395834765797549
725315,2025-11-01,2025-12-01,0.99488
725315,2025-11-01,2026-01-01,1.208516951
725315,2025-11-01,2026-02-01,1.208516951
725315,2025-11-01,2026-03-01,2.697303547
725315,2025-10-01,2025-11-01,1.8549276619176
725315,2025-10-01,2025-12-01,1.660497112145284
725315,2025-10-01,2026-01-01,1.757002875005101
725315,2025-10-01,2026-02-01,1.512115397957549
725315,2025-10-01,2026-03-01,1.512115397957549
725315,2025-09-01,2025-10-01,1.277028838812787
725315,2025-09-01,2025-11-01,1.254927661917604
725315,2025-09-01,2025-12-01,1.660497112145284
725315,2025-09-01,2026-01-01,1.757002875005101
725315,2025-09-01,2026-02-01,1.512115397957549
725315,2025-08-01,2025-09-01,0.922640604
725315,2025-08-01,2025-10-01,1.208516951
725315,2025-08-01,2025-11-01,1.208516951
725315,2025-08-01,2025-12-01,1.9
725315,2025-08-01,2026-01-01,1.2
725315,2025-07-01,2025-08-01,1.373314717
725315,2025-07-01,2025-09-01,0.922640604
725315,2025-07-01,2025-10-01,1.208516951
725315,2025-07-01,2025-11-01,1.208516951
725315,2025-07-01,2025-12-01,1.9
725315,2025-06-01,2025-07-01,1.922640604
725315,2025-06-01,2025-08-01,1.373314717
725315,2025-06-01,2025-09-01,1.922640604
725315,2025-06-01,2025-10-01,1.208516951
725315,2025-06-01,2025-11-01,1.208516951
725315,2025-05-01,2025-06-01,1.373314717
725315,2025-05-01,2025-07-01,1.922640604
725315,2025-05-01,2025-08-01,1.573314717
725315,2025-05-01,2025-09-01,2.022640604
725315,2025-05-01,2025-10-01,1.308516951
725315,2025-04-01,2025-05-01,1.922640604
725315,2025-04-01,2025-06-01,1.373314717
725315,2025-04-01,2025-07-01,1.922640604
725315,2025-04-01,2025-08-01,1.373314717
725315,2025-04-01,2025-09-01,1.922640604
725947,2026-03-01,2026-04-01,1.8
725947,2026-03-01,2026-05-01,1.7
725947,2026-03-01,2026-06-01,3.2
725947,2026-03-01,2026-07-01,1.2
725947,2026-03-01,2026-08-01,1.2
725947,2026-02-01,2026-04-01,2.0
725947,2026-02-01,2026-05-01,2.0
725947,2026-02-01,2026-06-01,3.6472
725947,2026-02-01,2026-07-01,1.2
725947,2026-02-01,2027-03-01,3.90459999999996
725947,2026-01-01,2026-04-01,1.65
725947,2026-01-01,2026-05-01,1.8
725947,2026-01-01,2026-06-01,3.34413194032
725947,2026-01-01,2027-02-01,3.90459999999996
725947,2026-01-01,2027-03-01,2.30348583989335
725947,2025-12-01,2025-04-01,1.65
725947,2025-12-01,2025-05-01,1.8
725947,2025-12-01,2026-01-01,1.22743892345162
725947,2025-12-01,2026-02-01,3.90459999999996
725947,2025-12-01,2026-03-01,2.30348583989335
725947,2025-11-01,2025-04-01,2.20935389957335
725947,2025-11-01,2025-12-01,3.90459999999996
725947,2025-11-01,2026-01-01,1.22743892345162
725947,2025-11-01,2026-02-01,3.90459999999996
725947,2025-11-01,2026-03-01,2.30348583989335
725947,2025-10-01,2025-11-01,3.07364870059149
725947,2025-10-01,2025-12-01,1.97126003743603
725947,2025-10-01,2026-01-01,1.427438923451621
725947,2025-10-01,2026-02-01,1.90070749485072
725947,2025-10-01,2026-03-01,2.30348583989335
725947,2025-09-01,2025-10-01,3.80109559769656
725947,2025-09-01,2025-11-01,1.34345441228672
725947,2025-09-01,2025-12-01,1.97126003743603
725947,2025-09-01,2026-01-01,1.427438923451621
725947,2025-09-01,2026-02-01,1.90070749485072
725947,2025-08-01,2025-09-01,1.7
725947,2025-08-01,2025-10-01,2.10109559769656
725947,2025-08-01,2025-11-01,1.743454412286723
725947,2025-08-01,2025-12-01,2.35
725947,2025-08-01,2026-01-01,1.42
725947,2025-07-01,2025-08-01,1.62
725947,2025-07-01,2025-09-01,2.2
725947,2025-07-01,2025-10-01,2.10109559769656
725947,2025-07-01,2025-11-01,1.743454412286723
725947,2025-07-01,2025-12-01,2.35
725947,2025-06-01,2025-07-01,1.9
725947,2025-06-01,2025-08-01,1.62
725947,2025-06-01,2025-09-01,2.2
725947,2025-06-01,2025-10-01,2.10109559769656
725947,2025-06-01,2025-11-01,1.743454412286723
725947,2025-05-01,2025-06-01,3.4
725947,2025-05-01,2025-07-01,1.62
725947,2025-05-01,2025-08-01,1.62
725947,2025-05-01,2025-09-01,1.89
725947,2025-05-01,2025-10-01,1.6
725947,2025-04-01,2025-05-01,1.75
725947,2025-04-01,2025-06-01,3.19
725947,2025-04-01,2025-07-01,1.625468465970975
725947,2025-04-01,2025-08-01,1.570052609425465
725947,2025-04-01,2025-09-01,1.888799590904004
725948,2026-03-01,2026-04-01,1.4
725948,2026-03-01,2026-05-01,1.2
725948,2026-03-01,2026-06-01,2.6
725948,2026-03-01,2026-07-01,1.15
725948,2026-03-01,2026-08-01,1.0
725948,2026-02-01,2026-04-01,1.4
725948,2026-02-01,2026-05-01,1.4
725948,2026-02-01,2026-06-01,2.8688
725948,2026-02-01,2026-07-01,1.15
725948,2026-02-01,2027-03-01,2.47239999999998
725948,2026-01-01,2026-04-01,1.25
725948,2026-01-01,2026-05-01,1.1
725948,2026-01-01,2026-06-01,1.94847508576
725948,2026-01-01,2027-02-01,2.47239999999998
725948,2026-01-01,2027-03-01,1.90686150796195
725948,2025-12-01,2025-04-01,1.25
725948,2025-12-01,2025-05-01,1.1
725948,2025-12-01,2026-01-01,0.7799887986257501
725948,2025-12-01,2026-02-01,2.47239999999998
725948,2025-12-01,2026-03-01,1.90686150796195
725948,2025-11-01,2025-04-01,1.76838642220195
725948,2025-11-01,2025-12-01,2.47239999999998
725948,2025-11-01,2026-01-01,0.7799887986257501
725948,2025-11-01,2026-02-01,2.47239999999998
725948,2025-11-01,2026-03-01,1.90686150796195
725948,2025-10-01,2025-11-01,2.66124557344082
725948,2025-10-01,2025-12-01,1.76763483581874
725948,2025-10-01,2026-01-01,1.279988798625747
725948,2025-10-01,2026-02-01,1.70437015756169
725948,2025-10-01,2026-03-01,1.90686150796195
725948,2025-09-01,2025-10-01,2.93570726348492
725948,2025-09-01,2025-11-01,1.16336084296028
725948,2025-09-01,2025-12-01,1.76763483581874
725948,2025-09-01,2026-01-01,1.279988798625747
725948,2025-09-01,2026-02-01,1.70437015756169
725948,2025-08-01,2025-09-01,1.5
725948,2025-08-01,2025-10-01,1.43570726348492
725948,2025-08-01,2025-11-01,1.563360842960279
725948,2025-08-01,2025-12-01,2.0
725948,2025-08-01,2026-01-01,1.28
725948,2025-07-01,2025-08-01,1.62
725948,2025-07-01,2025-09-01,1.5
725948,2025-07-01,2025-10-01,1.43570726348492
725948,2025-07-01,2025-11-01,1.563360842960279
725948,2025-07-01,2025-12-01,2.0
725948,2025-06-01,2025-07-01,1.7
725948,2025-06-01,2025-08-01,1.62
725948,2025-06-01,2025-09-01,1.5
725948,2025-06-01,2025-10-01,1.43570726348492
725948,2025-06-01,2025-11-01,1.563360842960279
725948,2025-05-01,2025-06-01,2.89
725948,2025-05-01,2025-07-01,1.62
725948,2025-05-01,2025-08-01,1.62
725948,2025-05-01,2025-09-01,1.69
725948,2025-05-01,2025-10-01,1.44
725948,2025-04-01,2025-05-01,1.5
725948,2025-04-01,2025-06-01,2.49
725948,2025-04-01,2025-07-01,1.457562488159753
725948,2025-04-01,2025-08-01,1.407870922041472
725948,2025-04-01,2025-09-01,1.693692304088243
725949,2026-03-01,2026-04-01,1.6
725949,2026-03-01,2026-05-01,1.3
725949,2026-03-01,2026-06-01,2.8
725949,2026-03-01,2026-07-01,1.15
725949,2026-03-01,2026-08-01,1.0
725949,2026-02-01,2026-04-01,1.6
725949,2026-02-01,2026-05-01,1.6
725949,2026-02-01,2026-06-01,2.98
725949,2026-02-01,2026-07-01,1.15
725949,2026-02-01,2027-03-01,3.67359999999996
725949,2026-01-01,2026-04-01,1.3
725949,2026-01-01,2026-05-01,1.4
725949,2026-01-01,2026-06-01,2.70601239424
725949,2026-01-01,2027-02-01,3.67359999999996
725949,2026-01-01,2027-03-01,2.30046185316445
725949,2025-12-01,2025-04-01,1.3
725949,2025-12-01,2025-05-01,1.4
725949,2025-12-01,2026-01-01,1.12517121214515
725949,2025-12-01,2026-02-01,3.67359999999996
725949,2025-12-01,2026-03-01,2.30046185316445
725949,2025-11-01,2025-04-01,2.24444945892445
725949,2025-11-01,2025-12-01,3.67359999999996
725949,2025-11-01,2026-01-01,1.12517121214515
725949,2025-11-01,2026-02-01,3.67359999999996
725949,2025-11-01,2026-03-01,2.30046185316445
725949,2025-10-01,2025-11-01,3.0681061259677
725949,2025-10-01,2025-12-01,1.96812838073153
725949,2025-10-01,2026-01-01,1.425171212145147
725949,2025-10-01,2026-02-01,1.89768792196003
725949,2025-10-01,2026-03-01,2.30046185316445
725949,2025-09-01,2025-10-01,3.29855200544194
725949,2025-09-01,2025-11-01,1.34068466065805
725949,2025-09-01,2025-12-01,1.96812838073153
725949,2025-09-01,2026-01-01,1.425171212145147
725949,2025-09-01,2026-02-01,1.89768792196003
725949,2025-08-01,2025-09-01,1.55
725949,2025-08-01,2025-10-01,1.59855200544194
725949,2025-08-01,2025-11-01,1.740684660658048
725949,2025-08-01,2025-12-01,2.25
725949,2025-08-01,2026-01-01,1.42
725949,2025-07-01,2025-08-01,1.32
725949,2025-07-01,2025-09-01,2.3
725949,2025-07-01,2025-10-01,1.59855200544194
725949,2025-07-01,2025-11-01,1.740684660658048
725949,2025-07-01,2025-12-01,2.25
725949,2025-06-01,2025-07-01,1.9
725949,2025-06-01,2025-08-01,1.32
725949,2025-06-01,2025-09-01,2.3
725949,2025-06-01,2025-10-01,1.59855200544194
725949,2025-06-01,2025-11-01,1.740684660658048
725949,2025-05-01,2025-06-01,2.48
725949,2025-05-01,2025-07-01,1.46
725949,2025-05-01,2025-08-01,1.32
725949,2025-05-01,2025-09-01,1.89
725949,2025-05-01,2025-10-01,1.6
725949,2025-04-01,2025-05-01,1.75
725949,2025-04-01,2025-06-01,2.915
725949,2025-04-01,2025-07-01,1.622886153580554
725949,2025-04-01,2025-08-01,1.56755833384165
725949,2025-04-01,2025-09-01,1.885798935592182
726121,2026-03-01,2026-04-01,2.5
726121,2026-03-01,2026-05-01,4.5
726121,2026-03-01,2026-06-01,2.5
726121,2026-03-01,2026-07-01,2.0
726121,2026-03-01,2026-08-01,3.5
726121,2026-02-01,2026-04-01,3.850000000000001
726121,2026-02-01,2026-05-01,6.050000000000001
726121,2026-02-01,2026-06-01,3.5
726121,2026-02-01,2026-07-01,4.0
726121,2026-02-01,2027-03-01,6.0
726121,2026-01-01,2026-04-01,3.6501351744
726121,2026-01-01,2026-05-01,5.3001351744
726121,2026-01-01,2026-06-01,3.6501351744
726121,2026-01-01,2027-02-01,4.0
726121,2026-01-01,2027-03-01,6.0
726121,2025-12-01,2025-04-01,5.2001351744
726121,2025-12-01,2025-05-01,8.0
726121,2025-12-01,2026-01-01,4.0
726121,2025-12-01,2026-02-01,4.0
726121,2025-12-01,2026-03-01,6.0
726121,2025-11-01,2025-04-01,4.0
726121,2025-11-01,2025-12-01,6.0
726121,2025-11-01,2026-01-01,4.0
726121,2025-11-01,2026-02-01,4.0
726121,2025-11-01,2026-03-01,6.0
726121,2025-10-01,2025-11-01,6.0338976
726121,2025-10-01,2025-12-01,6.03050784
726121,2025-10-01,2026-01-01,4.018304704
726121,2025-10-01,2026-02-01,4.0201351744
726121,2025-10-01,2026-03-01,6.0201351744
726121,2025-09-01,2025-10-01,6.030816
726121,2025-09-01,2025-11-01,6.0338976
726121,2025-09-01,2025-12-01,6.03050784
726121,2025-09-01,2026-01-01,4.018304704
726121,2025-09-01,2026-02-01,4.0201351744
726121,2025-08-01,2025-09-01,5.0
726121,2025-08-01,2025-10-01,6.0
726121,2025-08-01,2025-11-01,6.0
726121,2025-08-01,2025-12-01,6.0
726121,2025-08-01,2026-01-01,4.002
726121,2025-07-01,2025-08-01,8.0
726121,2025-07-01,2025-09-01,3.0
726121,2025-07-01,2025-10-01,6.0
726121,2025-07-01,2025-11-01,6.0
726121,2025-07-01,2025-12-01,6.0
726121,2025-06-01,2025-07-01,4.0
726121,2025-06-01,2025-08-01,8.0
726121,2025-06-01,2025-09-01,3.0
726121,2025-06-01,2025-10-01,6.0
726121,2025-06-01,2025-11-01,6.0
726121,2025-05-01,2025-06-01,4.0
726121,2025-05-01,2025-07-01,4.0
726121,2025-05-01,2025-08-01,8.0
726121,2025-05-01,2025-09-01,3.0
726121,2025-05-01,2025-10-01,6.0
726121,2025-04-01,2025-05-01,6.0
726121,2025-04-01,2025-06-01,4.0
726121,2025-04-01,2025-07-01,4.0
726121,2025-04-01,2025-08-01,8.0
726121,2025-04-01,2025-09-01,3.0
726286,2026-03-01,2026-04-01,0.9606696066960674
726286,2026-02-01,2027-03-01,3.143789984343855
726286,2026-01-01,2027-02-01,3.122486298371924
726286,2026-01-01,2027-03-01,3.122486298371924
726286,2025-12-01,2026-01-01,0.5
726286,2025-12-01,2026-02-01,3.160516179721923
726286,2025-12-01,2026-03-01,3.160516179721923
726286,2025-11-01,2025-04-01,1.0
726286,2025-11-01,2025-12-01,1.0
726286,2025-11-01,2026-01-01,1.0
726286,2025-11-01,2026-02-01,1.0
726286,2025-11-01,2026-03-01,1.0
726286,2025-10-01,2025-11-01,1.0
726286,2025-10-01,2025-12-01,1.0
726286,2025-10-01,2026-01-01,1.0
726286,2025-10-01,2026-02-01,1.0
726286,2025-10-01,2026-03-01,1.5
726286,2025-09-01,2025-10-01,1.5
726286,2025-09-01,2025-11-01,1.0
726286,2025-09-01,2025-12-01,1.0
726286,2025-09-01,2026-01-01,1.0
726286,2025-09-01,2026-02-01,1.0
726286,2025-08-01,2025-09-01,3.0
726286,2025-08-01,2025-10-01,1.5
726286,2025-08-01,2025-11-01,1.0
726286,2025-08-01,2025-12-01,1.0
726286,2025-08-01,2026-01-01,1.0
726286,2025-07-01,2025-08-01,1.0
726286,2025-07-01,2025-09-01,1.0
726286,2025-07-01,2025-10-01,1.5
726286,2025-07-01,2025-11-01,1.0
726286,2025-07-01,2025-12-01,1.0
726286,2025-06-01,2025-07-01,1.0
726286,2025-06-01,2025-08-01,1.0
726286,2025-06-01,2025-09-01,1.0
726286,2025-06-01,2025-10-01,1.5
726286,2025-06-01,2025-11-01,1.0
726286,2025-05-01,2025-06-01,1.5
726286,2025-05-01,2025-07-01,1.0
726286,2025-05-01,2025-08-01,1.0
726286,2025-05-01,2025-09-01,1.0
726286,2025-05-01,2025-10-01,1.5
726286,2025-04-01,2025-05-01,1.0
726286,2025-04-01,2025-06-01,1.5
726286,2025-04-01,2025-07-01,1.0
726286,2025-04-01,2025-08-01,1.0
726286,2025-04-01,2025-09-01,1.0
726657,2026-03-01,2026-04-01,0.4379380514681928
726657,2026-03-01,2026-05-01,0.6091926655984561
726657,2026-03-01,2026-06-01,0.5635109249999949
726657,2026-03-01,2026-07-01,0.5881025249999927
726657,2026-03-01,2026-08-01,0.8883668925000009
726657,2026-02-01,2026-04-01,0.4379380514681928
726657,2026-02-01,2026-05-01,0.6768807395538401
726657,2026-02-01,2026-06-01,0.63
726657,2026-02-01,2026-07-01,0.65
726657,2026-02-01,2027-03-01,0.4273929071006715
726657,2026-01-01,2026-04-01,0.3878765999999992
726657,2026-01-01,2026-05-01,0.5362334999999984
726657,2026-01-01,2026-06-01,0.4641198749999977
726657,2026-01-01,2027-02-01,0.3542792898262948
726657,2026-01-01,2027-03-01,0.3598929071006715
726657,2025-12-01,2025-04-01,0.4715381249999992
726657,2025-12-01,2025-05-01,0.5143612499999985
726657,2025-12-01,2026-01-01,0.6341537668625363
726657,2025-12-01,2026-02-01,0.4082792898262947
726657,2025-12-01,2026-03-01,0.4273929071006715
726657,2025-11-01,2025-04-01,0.4273929071006715
726657,2025-11-01,2025-12-01,1.048854170416466
726657,2025-11-01,2026-01-01,0.6341537668625363
726657,2025-11-01,2026-02-01,0.4082792898262947
726657,2025-11-01,2026-03-01,0.4273929071006715
726657,2025-10-01,2025-11-01,0.95
726657,2025-10-01,2025-12-01,0.73
726657,2025-10-01,2026-01-01,0.5580631390681166
726657,2025-10-01,2026-02-01,0.6512457142309253
726657,2025-10-01,2026-03-01,0.763038
726657,2025-09-01,2025-10-01,0.72
726657,2025-09-01,2025-11-01,0.95
726657,2025-09-01,2025-12-01,0.73
726657,2025-09-01,2026-01-01,0.5580631390681166
726657,2025-09-01,2026-02-01,0.6512457142309253
726657,2025-08-01,2025-09-01,0.61
726657,2025-08-01,2025-10-01,1.33
726657,2025-08-01,2025-11-01,1.33
726657,2025-08-01,2025-12-01,0.73
726657,2025-08-01,2026-01-01,0.63
726657,2025-07-01,2025-08-01,1.2
726657,2025-07-01,2025-09-01,0.98
726657,2025-07-01,2025-10-01,1.33
726657,2025-07-01,2025-11-01,1.33
726657,2025-07-01,2025-12-01,0.73
726657,2025-06-01,2025-07-01,0.8781
726657,2025-06-01,2025-08-01,1.198865
726657,2025-06-01,2025-09-01,0.97746
726657,2025-06-01,2025-10-01,1.325345
726657,2025-06-01,2025-11-01,1.334845
726657,2025-05-01,2025-06-01,0.47
726657,2025-05-01,2025-07-01,1.2
726657,2025-05-01,2025-08-01,1.16
726657,2025-05-01,2025-09-01,0.58
726657,2025-05-01,2025-10-01,0.79
726657,2025-04-01,2025-05-01,0.47
726657,2025-04-01,2025-06-01,0.47
726657,2025-04-01,2025-07-01,1.2
726657,2025-04-01,2025-08-01,1.16
726657,2025-04-01,2025-09-01,0.58
726658,2026-03-01,2026-04-01,0.3501486264042916
726658,2026-03-01,2026-05-01,0.5489568137169527
726658,2026-03-01,2026-06-01,0.417707887499998
726658,2026-03-01,2026-07-01,0.4783019624999978
726658,2026-03-01,2026-08-01,0.6144546600000013
726658,2026-02-01,2026-04-01,0.3501486264042916
726658,2026-02-01,2026-05-01,0.6099520152410586
726658,2026-02-01,2026-06-01,0.46
726658,2026-02-01,2026-07-01,0.53
726658,2026-02-01,2027-03-01,0.2747434511993252
726658,2026-01-01,2026-04-01,0.4851252000000001
726658,2026-01-01,2026-05-01,0.5950732499999947
726658,2026-01-01,2026-06-01,0.6261232499999944
726658,2026-01-01,2027-02-01,0.239857068473702
726658,2026-01-01,2027-03-01,0.2117434511993252
726658,2025-12-01,2025-04-01,0.5728387500000002
726658,2025-12-01,2025-05-01,0.5633943749999956
726658,2025-12-01,2026-01-01,0.5580631390681166
726658,2025-12-01,2026-02-01,0.293857068473702
726658,2025-12-01,2026-03-01,0.2747434511993252
726658,2025-11-01,2025-04-01,0.2792434511993252
726658,2025-11-01,2025-12-01,0.7773096662653227
726658,2025-11-01,2026-01-01,0.5580631390681166
726658,2025-11-01,2026-02-01,0.293857068473702
726658,2025-11-01,2026-03-01,0.2747434511993252
726658,2025-10-01,2025-11-01,1.33
726658,2025-10-01,2025-12-01,0.99
726658,2025-10-01,2026-01-01,0.6341537668625363
726658,2025-10-01,2026-02-01,0.8144790013893061
726658,2025-10-01,2026-03-01,0.9486300000000001
726658,2025-09-01,2025-10-01,1.33
726658,2025-09-01,2025-11-01,1.33
726658,2025-09-01,2025-12-01,0.99
726658,2025-09-01,2026-01-01,0.6341537668625363
726658,2025-09-01,2026-02-01,0.8144790013893061
726658,2025-08-01,2025-09-01,0.39
726658,2025-08-01,2025-10-01,0.72
726658,2025-08-01,2025-11-01,0.95
726658,2025-08-01,2025-12-01,0.99
726658,2025-08-01,2026-01-01,0.56
726658,2025-07-01,2025-08-01,0.88
726658,2025-07-01,2025-09-01,0.62
726658,2025-07-01,2025-10-01,0.72
726658,2025-07-01,2025-11-01,0.95
726658,2025-07-01,2025-12-01,0.99
726658,2025-06-01,2025-07-01,0.797335
726658,2025-06-01,2025-08-01,0.878865
726658,2025-06-01,2025-09-01,0.62134
726658,2025-06-01,2025-10-01,0.72349
726658,2025-06-01,2025-11-01,0.9499150000000001
726658,2025-05-01,2025-06-01,0.66
726658,2025-05-01,2025-07-01,1.3
726658,2025-05-01,2025-08-01,1.59
726658,2025-05-01,2025-09-01,0.92
726658,2025-05-01,2025-10-01,0.99
726658,2025-04-01,2025-05-01,0.66
726658,2025-04-01,2025-06-01,0.66
726658,2025-04-01,2025-07-01,1.3
726658,2025-04-01,2025-08-01,1.59
726658,2025-04-01,2025-09-01,0.92
726677,2026-03-01,2026-04-01,0.6677142012776961
726677,2026-03-01,2026-05-01,0.7434178882167597
726677,2026-03-01,2026-06-01,0.6633900000000083
726677,2026-03-01,2026-07-01,0.3046781249999992
726677,2026-03-01,2026-08-01,0.1684462500000009
726677,2026-02-01,2026-04-01,0.7194030093723583
726677,2026-02-01,2026-05-01,0.711210937500003
726677,2026-02-01,2026-06-01,0.4538671875000012
726677,2026-02-01,2026-07-01,0.4538671875000012
726677,2026-02-01,2027-03-01,0.7344030093723584
726677,2026-01-01,2026-04-01,0.711210937500003
726677,2026-01-01,2026-05-01,0.4538671875000012
726677,2026-01-01,2026-06-01,0.4538671875000012
726677,2026-01-01,2027-02-01,0.7344030093723584
726677,2026-01-01,2027-03-01,0.7194030093723583
726677,2025-12-01,2025-04-01,0.767460937500003
726677,2025-12-01,2025-05-01,0.5101171875000011
726677,2025-12-01,2026-01-01,0.99
726677,2025-12-01,2026-02-01,0.7831530093723583
726677,2025-12-01,2026-03-01,0.7831530093723583
726677,2025-11-01,2025-04-01,0.7756530093723584
726677,2025-11-01,2025-12-01,1.253342838626053
726677,2025-11-01,2026-01-01,0.99
726677,2025-11-01,2026-02-01,0.7831530093723583
726677,2025-11-01,2026-03-01,0.7831530093723583
726677,2025-10-01,2025-11-01,1.78
726677,2025-10-01,2025-12-01,1.23
726677,2025-10-01,2026-01-01,0.99
726677,2025-10-01,2026-02-01,1.11
726677,2025-10-01,2026-03-01,1.35974
726677,2025-09-01,2025-10-01,1.64
726677,2025-09-01,2025-11-01,1.78
726677,2025-09-01,2025-12-01,1.23
726677,2025-09-01,2026-01-01,0.99
726677,2025-09-01,2026-02-01,1.11
726677,2025-08-01,2025-09-01,0.7299999999999999
726677,2025-08-01,2025-10-01,1.64
726677,2025-08-01,2025-11-01,1.78
726677,2025-08-01,2025-12-01,1.23
726677,2025-08-01,2026-01-01,0.99
726677,2025-07-01,2025-08-01,2.06
726677,2025-07-01,2025-09-01,1.41
726677,2025-07-01,2025-10-01,1.64
726677,2025-07-01,2025-11-01,1.78
726677,2025-07-01,2025-12-01,1.23
726677,2025-06-01,2025-07-01,2.580425
726677,2025-06-01,2025-08-01,2.059125
726677,2025-06-01,2025-09-01,1.4128
726677,2025-06-01,2025-10-01,1.638875
726677,2025-06-01,2025-11-01,1.781025
726677,2025-05-01,2025-06-01,4.55
726677,2025-05-01,2025-07-01,2.3875
726677,2025-05-01,2025-08-01,1.659249999999993
726677,2025-05-01,2025-09-01,1.2
726677,2025-05-01,2025-10-01,1.43
726677,2025-04-01,2025-05-01,3.6950000000000003
726677,2025-04-01,2025-06-01,6.026
726677,2025-04-01,2025-07-01,0.71
726677,2025-04-01,2025-08-01,1.79
726677,2025-04-01,2025-09-01,1.23
726985,2026-03-01,2026-04-01,0.1
726985,2026-03-01,2026-05-01,1.5
726985,2026-03-01,2026-06-01,0.1
726985,2026-03-01,2026-07-01,0.1
726985,2026-03-01,2026-08-01,1.5
726985,2026-02-01,2026-04-01,1.7
726985,2026-02-01,2026-05-01,0.2
726985,2026-02-01,2026-06-01,0.1
726985,2026-02-01,2026-07-01,0.1
726985,2026-02-01,2027-03-01,0.352190563238485
726985,2026-01-01,2026-04-01,0.1
726985,2026-01-01,2026-05-01,0.2
726985,2026-01-01,2026-06-01,1.7
726985,2026-01-01,2027-02-01,0.2760952816192425
726985,2026-01-01,2027-03-01,0.352190563238485
726985,2025-12-01,2025-04-01,0.1
726985,2025-12-01,2025-05-01,1.0
726985,2025-12-01,2026-01-01,0.2760952816192425
726985,2025-12-01,2026-02-01,0.2760952816192425
726985,2025-12-01,2026-03-01,0.352190563238485
726985,2025-11-01,2025-04-01,0.352190563238485
726985,2025-11-01,2025-12-01,0.2070714612144319
726985,2025-11-01,2026-01-01,0.2760952816192425
726985,2025-11-01,2026-02-01,0.2760952816192425
726985,2025-11-01,2026-03-01,0.352190563238485
726985,2025-10-01,2025-11-01,0.2115205212144319
726985,2025-10-01,2025-12-01,1.8
726985,2025-10-01,2026-01-01,1.656571689715455
726985,2025-10-01,2026-02-01,0.2760952816192425
726985,2025-10-01,2026-03-01,0.552190563238485
726985,2025-09-01,2025-10-01,0.7
726985,2025-09-01,2025-11-01,0.2070714612144319
726985,2025-09-01,2025-12-01,1.8
726985,2025-09-01,2026-01-01,1.656571689715455
726985,2025-09-01,2026-02-01,0.2760952816192425
726985,2025-08-01,2025-09-01,0.7
726985,2025-08-01,2025-10-01,1.0
726985,2025-08-01,2025-11-01,0.2070714612144319
726985,2025-08-01,2025-12-01,0.4
726985,2025-08-01,2026-01-01,1.7
726985,2025-07-01,2025-08-01,0.4
726985,2025-07-01,2025-09-01,0.2
726985,2025-07-01,2025-10-01,1.0
726985,2025-07-01,2025-11-01,0.2070714612144319
726985,2025-07-01,2025-12-01,0.4
726985,2025-06-01,2025-07-01,1.2
726985,2025-06-01,2025-08-01,0.4
726985,2025-06-01,2025-09-01,0.2
726985,2025-06-01,2025-10-01,1.0
726985,2025-06-01,2025-11-01,0.2070714612144319
726985,2025-05-01,2025-06-01,0.6
726985,2025-05-01,2025-07-01,0.21
726985,2025-05-01,2025-08-01,1.5
726985,2025-05-01,2025-09-01,0.2
726985,2025-05-01,2025-10-01,1.0
726985,2025-04-01,2025-05-01,0.5
726985,2025-04-01,2025-06-01,0.6
726985,2025-04-01,2025-07-01,0.3
726985,2025-04-01,2025-08-01,1.4
726985,2025-04-01,2025-09-01,0.3
726986,2026-03-01,2026-04-01,1.4
726986,2026-03-01,2026-05-01,8.0
726986,2026-03-01,2026-06-01,0.9
726986,2026-03-01,2026-07-01,0.9
726986,2026-03-01,2026-08-01,8.0
726986,2026-02-01,2026-04-01,8.3
726986,2026-02-01,2026-05-01,1.8
726986,2026-02-01,2026-06-01,1.1
726986,2026-02-01,2026-07-01,0.9
726986,2026-02-01,2027-03-01,2.64780943676152
726986,2026-01-01,2026-04-01,1.0964066464
726986,2026-01-01,2026-05-01,1.7964066464
726986,2026-01-01,2026-06-01,8.2964066464
726986,2026-01-01,2027-02-01,1.723904718380758
726986,2026-01-01,2027-03-01,2.64780943676152
726986,2025-12-01,2025-04-01,0.8964066464
726986,2025-12-01,2025-05-01,7.1464066464
726986,2025-12-01,2026-01-01,1.723904718380758
726986,2025-12-01,2026-02-01,1.723904718380758
726986,2025-12-01,2026-03-01,2.64780943676152
726986,2025-11-01,2025-04-01,2.64780943676152
726986,2025-11-01,2025-12-01,1.292928538785568
726986,2025-11-01,2026-01-01,1.723904718380758
726986,2025-11-01,2026-02-01,1.723904718380758
726986,2025-11-01,2026-03-01,2.64780943676152
726986,2025-10-01,2025-11-01,1.304792698785568
726986,2025-10-01,2025-12-01,7.710677744
726986,2025-10-01,2026-01-01,10.34983495668455
726986,2025-10-01,2026-02-01,1.730311364780758
726986,2025-10-01,2026-03-01,3.454216083161515
726986,2025-09-01,2025-10-01,4.8
726986,2025-09-01,2025-11-01,1.292928538785568
726986,2025-09-01,2025-12-01,7.7
726986,2025-09-01,2026-01-01,10.34342831028455
726986,2025-09-01,2026-02-01,1.723904718380758
726986,2025-08-01,2025-09-01,3.3
726986,2025-08-01,2025-10-01,5.0
726986,2025-08-01,2025-11-01,1.292928538785568
726986,2025-08-01,2025-12-01,2.6
726986,2025-08-01,2026-01-01,10.3
726986,2025-07-01,2025-08-01,5.1
726986,2025-07-01,2025-09-01,1.3
726986,2025-07-01,2025-10-01,5.0
726986,2025-07-01,2025-11-01,1.292928538785568
726986,2025-07-01,2025-12-01,2.6
726986,2025-06-01,2025-07-01,8.8
726986,2025-06-01,2025-08-01,5.1
726986,2025-06-01,2025-09-01,1.3
726986,2025-06-01,2025-10-01,5.0
726986,2025-06-01,2025-11-01,1.292928538785568
726986,2025-05-01,2025-06-01,6.4
726986,2025-05-01,2025-07-01,1.3
726986,2025-05-01,2025-08-01,10.5
726986,2025-05-01,2025-09-01,2.8
726986,2025-05-01,2025-10-01,5.0
726986,2025-04-01,2025-05-01,4.5
726986,2025-04-01,2025-06-01,6.4
726986,2025-04-01,2025-07-01,3.2
726986,2025-04-01,2025-08-01,8.6
726986,2025-04-01,2025-09-01,3.2
727423,2025-08-01,2025-09-01,2.42
727423,2025-08-01,2025-10-01,0.35
727423,2025-08-01,2025-11-01,0.35
727423,2025-08-01,2025-12-01,0.35
727423,2025-08-01,2026-01-01,0.35
727423,2025-07-01,2025-08-01,0.35
727423,2025-07-01,2025-09-01,0.35
727423,2025-07-01,2025-10-01,0.35
727423,2025-07-01,2025-11-01,0.35
727423,2025-07-01,2025-12-01,0.35
727423,2025-06-01,2025-07-01,0.35
727423,2025-06-01,2025-08-01,0.35
727423,2025-06-01,2025-09-01,0.35
727423,2025-06-01,2025-10-01,0.35
727423,2025-06-01,2025-11-01,0.35
727423,2025-05-01,2025-06-01,0.35
727423,2025-05-01,2025-08-01,7.14
727423,2025-05-01,2025-09-01,2.68
727423,2025-05-01,2025-10-01,4.046404144183644
727425,2025-08-01,2025-09-01,5.68
727425,2025-08-01,2025-10-01,0.6
727425,2025-08-01,2025-11-01,0.6
727425,2025-08-01,2025-12-01,0.6
727425,2025-08-01,2026-01-01,0.6
727425,2025-07-01,2025-08-01,0.6
727425,2025-07-01,2025-09-01,0.6
727425,2025-07-01,2025-10-01,0.6
727425,2025-07-01,2025-11-01,0.6
727425,2025-07-01,2025-12-01,0.6
727425,2025-06-01,2025-07-01,0.6
727425,2025-06-01,2025-08-01,0.6
727425,2025-06-01,2025-09-01,0.6
727425,2025-06-01,2025-10-01,0.6
727425,2025-06-01,2025-11-01,0.6
727425,2025-05-01,2025-06-01,0.6
727425,2025-05-01,2025-08-01,4.86
727425,2025-05-01,2025-09-01,1.82
727425,2025-05-01,2025-10-01,2.620861382934449
727975,2026-03-01,2026-04-01,2.2
727975,2026-03-01,2026-05-01,3.0
727975,2026-03-01,2026-06-01,2.3
727975,2026-03-01,2026-07-01,2.5
727975,2026-03-01,2026-08-01,3.0
727975,2026-02-01,2026-04-01,3.0
727975,2026-02-01,2026-05-01,3.8
727975,2026-02-01,2026-06-01,2.7
727975,2026-02-01,2026-07-01,3.0
727975,2026-02-01,2027-03-01,4.0
727975,2026-01-01,2026-04-01,3.0
727975,2026-01-01,2026-05-01,3.8
727975,2026-01-01,2026-06-01,2.7
727975,2026-01-01,2027-02-01,3.0
727975,2026-01-01,2027-03-01,4.0
727975,2025-12-01,2025-04-01,2.2
727975,2025-12-01,2025-05-01,3.0
727975,2025-12-01,2026-01-01,3.0
727975,2025-12-01,2026-02-01,3.0
727975,2025-12-01,2026-03-01,4.0
727975,2025-11-01,2025-04-01,3.0
727975,2025-11-01,2025-12-01,2.5
727975,2025-11-01,2026-01-01,3.0
727975,2025-11-01,2026-02-01,3.0
727975,2025-11-01,2026-03-01,4.0
727975,2025-10-01,2025-11-01,2.5
727975,2025-10-01,2025-12-01,2.5
727975,2025-10-01,2026-01-01,3.0
727975,2025-10-01,2026-02-01,3.0
727975,2025-10-01,2026-03-01,4.0
727975,2025-09-01,2025-10-01,2.5
727975,2025-09-01,2025-11-01,2.5
727975,2025-09-01,2025-12-01,2.5
727975,2025-09-01,2026-01-01,3.0
727975,2025-09-01,2026-02-01,3.0
727975,2025-08-01,2025-09-01,2.5
727975,2025-08-01,2025-10-01,3.0
727975,2025-08-01,2025-11-01,3.0
727975,2025-08-01,2025-12-01,4.0
727975,2025-08-01,2026-01-01,3.0
727975,2025-07-01,2025-08-01,8.0
727975,2025-07-01,2025-09-01,4.0
727975,2025-07-01,2025-10-01,3.0
727975,2025-07-01,2025-11-01,3.0
727975,2025-07-01,2025-12-01,4.0
727975,2025-06-01,2025-07-01,4.0
727975,2025-06-01,2025-08-01,8.0
727975,2025-06-01,2025-09-01,4.0
727975,2025-06-01,2025-10-01,3.0
727975,2025-06-01,2025-11-01,3.0
727975,2025-05-01,2025-06-01,4.0
727975,2025-05-01,2025-07-01,4.0
727975,2025-05-01,2025-08-01,8.0
727975,2025-05-01,2025-09-01,4.0
727975,2025-05-01,2025-10-01,3.0
727975,2025-04-01,2025-05-01,4.0
727975,2025-04-01,2025-06-01,3.0
727975,2025-04-01,2025-07-01,3.0
727975,2025-04-01,2025-08-01,3.0
727975,2025-04-01,2025-09-01,4.0
728926,2026-03-01,2026-04-01,0.06212799999999989
728926,2026-03-01,2026-05-01,0.06837600000000008
728926,2026-03-01,2026-06-01,0.04637599999999995
728926,2026-03-01,2026-07-01,0.07972799999999942
728926,2026-03-01,2026-08-01,0.2564799999999998
728926,2026-02-01,2026-04-01,0.04911137181216167
728926,2026-02-01,2026-05-01,0.04756240339237743
728926,2026-02-01,2026-06-01,0.05318694703891957
728926,2026-02-01,2026-07-01,0.06253006682395854
728926,2026-02-01,2027-03-01,0.1405505769349282
728926,2026-01-01,2026-04-01,0.06212799999999989
728926,2026-01-01,2026-05-01,0.06837600000000008
728926,2026-01-01,2026-06-01,0.06837600000000008
728926,2026-01-01,2027-02-01,0.1639756730907495
728926,2026-01-01,2027-03-01,0.1405505769349282
728926,2025-12-01,2025-04-01,0.06212799999999989
728926,2025-12-01,2025-05-01,0.06837600000000008
728926,2025-12-01,2026-01-01,0.4685019231164272
728926,2025-12-01,2026-02-01,0.1639756730907495
728926,2025-12-01,2026-03-01,0.1405505769349282
728926,2025-11-01,2025-04-01,0.14
728926,2025-11-01,2025-12-01,0.7027528846746409
728926,2025-11-01,2026-01-01,0.4685019231164272
728926,2025-11-01,2026-02-01,0.1639756730907495
728926,2025-11-01,2026-03-01,0.1405505769349282
728926,2025-10-01,2025-11-01,1.2
728926,2025-10-01,2025-12-01,0.83
728926,2025-10-01,2026-01-01,0.52
728926,2025-10-01,2026-02-01,0.2
728926,2025-10-01,2026-03-01,0.2
728926,2025-09-01,2025-10-01,1.15
728926,2025-09-01,2025-11-01,0.99
728926,2025-09-01,2025-12-01,0.63
728926,2025-09-01,2026-01-01,0.42
728926,2025-09-01,2026-02-01,0.1528873021855312
728926,2025-08-01,2025-09-01,1.07
728926,2025-08-01,2025-10-01,0.99
728926,2025-08-01,2025-11-01,0.89
728926,2025-08-01,2025-12-01,0.58
728926,2025-08-01,2026-01-01,0.42
728926,2025-07-01,2025-08-01,0.45
728926,2025-07-01,2025-09-01,1.07
728926,2025-07-01,2025-10-01,0.99
728926,2025-07-01,2025-11-01,0.89
728926,2025-07-01,2025-12-01,0.58
728926,2025-06-01,2025-07-01,0.1528873021855312
728926,2025-06-01,2025-08-01,0.45
728926,2025-06-01,2025-09-01,1.07
728926,2025-06-01,2025-10-01,0.99
728926,2025-06-01,2025-11-01,0.89
728926,2025-05-01,2025-06-01,0.1544186579819491
728926,2025-05-01,2025-07-01,0.1528873021855312
728926,2025-05-01,2025-08-01,0.1532045018630413
728926,2025-05-01,2025-09-01,1.26800409259067
728926,2025-05-01,2025-10-01,1.26800409259067
728926,2025-04-01,2025-05-01,0.1544186579819491
728926,2025-04-01,2025-06-01,0.1544186579819491
728926,2025-04-01,2025-07-01,0.1528873021855312
728926,2025-04-01,2025-08-01,0.1532045018630413
728926,2025-04-01,2025-09-01,1.26800409259067
729651,2025-05-01,2025-06-01,0.2273499999999999
729651,2025-04-01,2025-05-01,0.8675
730379,2026-03-01,2026-04-01,1.6
730379,2026-03-01,2026-05-01,3.0
730379,2026-03-01,2026-06-01,1.5000000000000004
730379,2026-03-01,2026-07-01,1.6
730379,2026-03-01,2026-08-01,2.5
730379,2026-02-01,2026-04-01,1.8
730379,2026-02-01,2026-05-01,5.0
730379,2026-02-01,2026-06-01,2.0
730379,2026-02-01,2026-07-01,2.5
730379,2026-02-01,2027-03-01,2.0
730379,2026-01-01,2026-04-01,1.8
730379,2026-01-01,2026-05-01,5.0
730379,2026-01-01,2026-06-01,2.0
730379,2026-01-01,2027-02-01,4.5
730379,2026-01-01,2027-03-01,7.38
730379,2025-12-01,2025-04-01,1.8
730379,2025-12-01,2025-05-01,5.0
730379,2025-12-01,2026-01-01,2.1
730379,2025-12-01,2026-02-01,4.5
730379,2025-12-01,2026-03-01,3.0
730379,2025-11-01,2025-04-01,1.8
730379,2025-11-01,2025-12-01,1.8
730379,2025-11-01,2026-01-01,2.1
730379,2025-11-01,2026-02-01,4.5
730379,2025-11-01,2026-03-01,3.0
730379,2025-10-01,2025-11-01,4.5
730379,2025-10-01,2025-12-01,3.9
730379,2025-10-01,2026-01-01,4.3
730379,2025-10-01,2026-02-01,3.9
730379,2025-10-01,2026-03-01,4.3
730379,2025-09-01,2025-10-01,8.8
730379,2025-09-01,2025-11-01,7.8
730379,2025-09-01,2025-12-01,1.7
730379,2025-09-01,2026-01-01,7.5
730379,2025-09-01,2026-02-01,7.9
730380,2026-03-01,2026-04-01,2.0
730380,2026-03-01,2026-05-01,2.0
730380,2026-03-01,2026-06-01,1.0
730380,2026-03-01,2026-07-01,2.0
730380,2026-03-01,2026-08-01,2.0
730380,2026-02-01,2026-04-01,1.2
730380,2026-02-01,2026-05-01,4.0
730380,2026-02-01,2026-06-01,2.2
730380,2026-02-01,2026-07-01,2.3
730380,2026-02-01,2027-03-01,3.0
730380,2026-01-01,2026-04-01,1.2
730380,2026-01-01,2026-05-01,4.0
730380,2026-01-01,2026-06-01,2.2
730380,2026-01-01,2027-02-01,3.5
730380,2026-01-01,2027-03-01,3.95
730380,2025-12-01,2025-04-01,1.2
730380,2025-12-01,2025-05-01,4.0
730380,2025-12-01,2026-01-01,2.4
730380,2025-12-01,2026-02-01,3.5
730380,2025-12-01,2026-03-01,4.0
730380,2025-11-01,2025-04-01,1.2
730380,2025-11-01,2025-12-01,1.2
730380,2025-11-01,2026-01-01,2.4
730380,2025-11-01,2026-02-01,3.5
730380,2025-11-01,2026-03-01,4.0
730380,2025-10-01,2025-11-01,5.5
730380,2025-10-01,2025-12-01,3.2
730380,2025-10-01,2026-01-01,5.3
730380,2025-10-01,2026-02-01,3.2
730380,2025-10-01,2026-03-01,5.3
730380,2025-09-01,2025-10-01,7.0
730380,2025-09-01,2025-11-01,8.7
730380,2025-09-01,2025-12-01,1.3
730380,2025-09-01,2026-01-01,8.5
730380,2025-09-01,2026-02-01,6.4
730768,2026-01-01,2027-02-01,0.10400000000000001
730768,2025-11-01,2025-12-01,0.23830000000003346
730768,2025-10-01,2025-11-01,0.46884000000003245
730768,2025-09-01,2025-10-01,2.619339999999994
730768,2025-08-01,2025-09-01,5.4
730768,2025-07-01,2025-08-01,12.4
731494,2026-01-01,2027-02-01,0.2686
731494,2025-12-01,2026-01-01,0.2785279999999594
731494,2025-11-01,2025-12-01,0.2812479999999593
731494,2025-10-01,2025-11-01,0.3362939999999588
731494,2025-09-01,2025-10-01,0.9186799999999647
731494,2025-08-01,2025-09-01,2.125
731494,2025-07-01,2025-08-01,4.590000000000001
731495,2026-03-01,2026-04-01,0.6
731495,2026-03-01,2026-05-01,0.8
731495,2026-03-01,2026-06-01,0.5
731495,2026-03-01,2026-07-01,0.5
731495,2026-03-01,2026-08-01,0.5
731495,2026-02-01,2026-04-01,1.1
731495,2026-02-01,2026-05-01,1.1
731495,2026-02-01,2026-06-01,1.0
731495,2026-02-01,2026-07-01,1.0
731495,2026-02-01,2027-03-01,1.5
731495,2026-01-01,2026-04-01,0.85
731495,2026-01-01,2026-05-01,1.2
731495,2026-01-01,2026-06-01,0.85
731495,2026-01-01,2027-02-01,2.55
731495,2026-01-01,2027-03-01,1.5
731495,2025-12-01,2025-04-01,1.2
731495,2025-12-01,2025-05-01,1.5000000000000004
731495,2025-12-01,2026-01-01,1.05
731495,2025-12-01,2026-02-01,2.55
731495,2025-12-01,2026-03-01,1.5
731495,2025-11-01,2025-04-01,1.05
731495,2025-11-01,2025-12-01,3.16
731495,2025-11-01,2026-01-01,1.05
731495,2025-11-01,2026-02-01,2.55
731495,2025-11-01,2026-03-01,1.4999999999999998
731495,2025-10-01,2025-11-01,4.6
731495,2025-10-01,2025-12-01,3.16
731495,2025-10-01,2026-01-01,1.05
731495,2025-10-01,2026-02-01,2.55
731495,2025-10-01,2026-03-01,1.5
731495,2025-09-01,2025-10-01,10.0
731495,2025-08-01,2025-09-01,10.0
731495,2025-07-01,2025-09-01,10.0
731594,2026-03-01,2026-04-01,2.55915
731594,2026-02-01,2027-03-01,4.05
731594,2026-01-01,2027-02-01,0.07604999999999999
731594,2026-01-01,2027-03-01,4.5
731594,2025-12-01,2026-01-01,0.3279600000000083
731594,2025-11-01,2025-12-01,3.231522000000002
731594,2025-10-01,2025-12-01,4.5
731594,2025-09-01,2025-10-01,2.925
731594,2025-09-01,2025-11-01,1.575
731594,2025-08-01,2025-10-01,2.7
731594,2025-08-01,2025-11-01,1.8
731671,2026-03-01,2026-04-01,88.54285714285714
731671,2026-03-01,2026-05-01,90.0
731671,2026-03-01,2026-06-01,89.42857142857143
731671,2026-03-01,2026-07-01,65.0
731671,2026-03-01,2026-08-01,89.42857142857143
731671,2026-02-01,2026-04-01,80.0
731671,2026-02-01,2026-05-01,100.0
731671,2026-02-01,2026-06-01,100.0
731671,2026-02-01,2026-07-01,80.0
731671,2026-02-01,2027-03-01,100.0
731671,2026-01-01,2026-04-01,80.0
731671,2026-01-01,2026-05-01,100.0
731671,2026-01-01,2026-06-01,100.0
731671,2026-01-01,2027-02-01,80.0
731671,2026-01-01,2027-03-01,100.0
731671,2025-12-01,2025-04-01,80.0
731671,2025-12-01,2025-05-01,100.0
731671,2025-12-01,2026-01-01,70.0
731671,2025-12-01,2026-02-01,80.0
731671,2025-12-01,2026-03-01,100.0
731671,2025-11-01,2025-04-01,255.0
731671,2025-11-01,2025-12-01,170.0
731671,2025-11-01,2026-01-01,230.0
731671,2025-11-01,2026-02-01,190.0
731671,2025-11-01,2026-03-01,260.0
731671,2025-10-01,2025-11-01,250.0
731671,2025-10-01,2025-12-01,170.0
731671,2025-10-01,2026-01-01,230.0
731671,2025-10-01,2026-02-01,190.0
731671,2025-10-01,2026-03-01,260.0
731671,2025-09-01,2025-10-01,116.3868250209119
731671,2025-09-01,2025-11-01,143.8384822181534
731671,2025-09-01,2025-12-01,109.8684097261812
731671,2025-09-01,2026-01-01,132.7306398284342
731671,2025-09-01,2026-02-01,125.8042337310137
731728,2026-03-01,2026-04-01,2.5
731728,2026-03-01,2026-05-01,3.0
731728,2026-03-01,2026-06-01,2.0
731728,2026-03-01,2026-07-01,2.5
731728,2026-03-01,2026-08-01,1.5
731728,2026-02-01,2026-04-01,1.5
731728,2026-02-01,2026-05-01,4.5
731728,2026-02-01,2026-06-01,1.5
731728,2026-02-01,2026-07-01,2.3
731728,2026-02-01,2027-03-01,1.71132125606883
731728,2026-01-01,2026-04-01,1.5
731728,2026-01-01,2026-05-01,4.5
731728,2026-01-01,2026-06-01,1.5
731728,2026-01-01,2027-02-01,4.70159427077824
731728,2026-01-01,2027-03-01,1.711321256068834
731728,2025-12-01,2025-04-01,2.044
731728,2025-12-01,2025-05-01,5.044
731728,2025-12-01,2026-01-01,3.48368
731728,2025-12-01,2026-02-01,4.70159427077824
731728,2025-12-01,2026-03-01,1.711321256068834
731728,2025-11-01,2025-04-01,6.083297352018288
731728,2025-11-01,2025-12-01,5.48368
731728,2025-11-01,2026-01-01,2.82486988246887
731728,2025-11-01,2026-02-01,4.701594270778241
731728,2025-11-01,2026-03-01,1.711321256068834
731728,2025-10-01,2025-11-01,2.607371273007836
731728,2025-10-01,2025-12-01,6.4214478545347
731728,2025-10-01,2026-01-01,3.337606791398743
731728,2025-10-01,2026-02-01,6.083297352018287
731728,2025-10-01,2026-03-01,6.083297352018287
731728,2025-09-01,2025-10-01,1.518654836682207
731728,2025-09-01,2025-11-01,1.64408204669998
731728,2025-09-01,2025-12-01,4.101594270778241
731728,2025-09-01,2026-01-01,1.524869882468874
731728,2025-09-01,2026-02-01,3.70159427077824
731729,2026-03-01,2026-04-01,1.0
731729,2026-03-01,2026-05-01,1.5
731729,2026-03-01,2026-06-01,1.0
731729,2026-03-01,2026-07-01,1.0
731729,2026-03-01,2026-08-01,1.0
731729,2026-02-01,2026-04-01,1.0
731729,2026-02-01,2026-05-01,1.0
731729,2026-02-01,2026-06-01,1.5
731729,2026-02-01,2026-07-01,1.0
731729,2026-02-01,2027-03-01,2.33408198692496
731729,2026-01-01,2026-04-01,0.81
731729,2026-01-01,2026-05-01,0.808
731729,2026-01-01,2026-06-01,1.308
731729,2026-01-01,2027-02-01,2.67679760077871
731729,2026-01-01,2027-03-01,1.13408198692496
731729,2025-12-01,2025-04-01,1.0
731729,2025-12-01,2025-05-01,1.0
731729,2025-12-01,2026-01-01,1.627791813560535
731729,2025-12-01,2026-02-01,2.67679760077871
731729,2025-12-01,2026-03-01,1.13408198692496
731729,2025-11-01,2025-04-01,7.063852514161103
731729,2025-11-01,2025-12-01,1.8208
731729,2025-11-01,2026-01-01,1.627791813560535
731729,2025-11-01,2026-02-01,2.67679760077871
731729,2025-11-01,2026-03-01,1.13408198692496
731729,2025-10-01,2025-11-01,1.538461538556213
731729,2025-10-01,2025-12-01,5.600291454687606
731729,2025-10-01,2026-01-01,2.356717680781517
731729,2025-10-01,2026-02-01,7.863852514161103
731729,2025-10-01,2026-03-01,7.863852514161103
731729,2025-09-01,2025-10-01,1.361369772652977
731729,2025-09-01,2025-11-01,1.361369772652977
731729,2025-09-01,2025-12-01,3.676797600778714
731729,2025-09-01,2026-01-01,2.227791813560535
731729,2025-09-01,2026-02-01,3.27679760077871
732128,2025-12-01,2026-01-01,0.5
732128,2025-11-01,2025-12-01,3.13
732128,2025-11-01,2026-01-01,0.5
732128,2025-10-01,2025-11-01,2.0
732128,2025-10-01,2025-12-01,1.5
732128,2025-10-01,2026-01-01,1.08
732337,2026-03-01,2026-04-01,0.5
732337,2026-03-01,2026-05-01,0.6
732337,2026-03-01,2026-06-01,1.8
732337,2026-03-01,2026-07-01,0.5
732337,2026-03-01,2026-08-01,0.8
732337,2026-02-01,2026-04-01,1.0
732337,2026-02-01,2026-05-01,1.0
732337,2026-02-01,2026-06-01,2.504
732337,2026-02-01,2026-07-01,0.5
732337,2026-02-01,2027-03-01,1.0
732337,2026-01-01,2026-04-01,0.8
732337,2026-01-01,2026-05-01,1.0
732337,2026-01-01,2026-06-01,2.0
732337,2026-01-01,2027-02-01,1.0
732337,2026-01-01,2027-03-01,1.0
732337,2025-12-01,2025-04-01,0.8
732337,2025-12-01,2025-05-01,1.0
732337,2025-12-01,2026-01-01,0.5
732337,2025-12-01,2026-02-01,1.0
732337,2025-12-01,2026-03-01,1.0
732337,2025-11-01,2025-04-01,1.0
732337,2025-11-01,2026-01-01,0.5
732337,2025-11-01,2026-02-01,1.0
732337,2025-11-01,2026-03-01,1.0
732965,2026-03-01,2026-04-01,1.2796
732965,2026-03-01,2026-06-01,7.56
732965,2026-02-01,2027-03-01,5.9304
732965,2026-01-01,2027-02-01,6.3
732965,2026-01-01,2027-03-01,2.5032
732992,2026-03-01,2026-04-01,1.446
732992,2026-03-01,2026-06-01,3.6
732992,2026-02-01,2026-04-01,0.9660000000000001
732992,2026-02-01,2027-03-01,2.42
732992,2026-01-01,2027-02-01,2.8
732992,2026-01-01,2027-03-01,1.08016227704
733263,2026-03-01,2026-04-01,2.8
733263,2026-03-01,2026-05-01,3.5
733263,2026-03-01,2026-06-01,2.5
733263,2026-03-01,2026-07-01,3.5
733263,2026-03-01,2026-08-01,3.5
733263,2026-02-01,2026-04-01,3.3
733263,2026-02-01,2026-05-01,4.95
733263,2026-02-01,2026-06-01,3.3
733263,2026-02-01,2026-07-01,4.95
733263,2026-02-01,2027-03-01,4.5
735347,2026-03-01,2026-04-01,20.0
735347,2026-03-01,2026-05-01,25.0
735347,2026-03-01,2026-06-01,12.0
735347,2026-03-01,2026-07-01,12.0
735347,2026-03-01,2026-08-01,16.0
735347,2026-02-01,2026-04-01,8.0
735347,2026-02-01,2026-05-01,7.0
735347,2026-02-01,2026-06-01,7.0
735347,2026-02-01,2026-07-01,7.0
735347,2026-02-01,2027-03-01,10.0
999030,2025-07-01,2025-09-01,4.5
999030,2025-06-01,2025-09-01,4.5
999030,2025-05-01,2025-09-01,4.5
999063,2025-06-01,2025-09-01,4.590000000000001
999063,2025-05-01,2025-09-01,4.590000000000001
999064,2025-06-01,2025-10-01,10.0
999064,2025-05-01,2025-10-01,10.0
999171,2025-12-01,2026-02-01,2.8
999171,2025-12-01,2026-03-01,1.08016227704
999171,2025-11-01,2026-02-01,2.8
999171,2025-11-01,2026-03-01,1.08
999173,2025-12-01,2026-02-01,6.3
999173,2025-12-01,2026-03-01,2.5296187056
999173,2025-11-01,2026-02-01,6.3
999173,2025-11-01,2026-03-01,2.5284
